Student_ID,Assignment_ID,Subject,Submitted,Submission_Delay,Score
STU0001,ASSIGN0001,Mathematics,Yes,2,96
STU0001,ASSIGN0002,Physics,Yes,4,100
STU0001,ASSIGN0003,Mathematics,No,11,2
STU0001,ASSIGN0004,Biology,Yes,3,54
STU0001,ASSIGN0005,Mathematics,Yes,0,73
STU0002,ASSIGN0006,Biology,Yes,0,54
STU0002,ASSIGN0007,Biology,Yes,3,52
STU0002,ASSIGN0008,Mathematics,No,12,28
STU0002,ASSIGN0009,Biology,No,12,6
STU0002,ASSIGN0010,Chemistry,Yes,2,64
STU0003,ASSIGN0011,Biology,No,8,24
STU0003,ASSIGN0012,Chemistry,Yes,1,52
STU0003,ASSIGN0013,Chemistry,No,11,39
STU0003,ASSIGN0014,Physics,Yes,5,59
STU0003,ASSIGN0015,Mathematics,Yes,5,70
STU0004,ASSIGN0016,Biology,No,8,33
STU0004,ASSIGN0017,Chemistry,No,14,38
STU0004,ASSIGN0018,Biology,No,9,31
STU0004,ASSIGN0019,Chemistry,No,11,32
STU0004,ASSIGN0020,Biology,No,13,33
STU0005,ASSIGN0021,Chemistry,No,13,5
STU0005,ASSIGN0022,Biology,No,6,17
STU0005,ASSIGN0023,Biology,Yes,2,62
STU0005,ASSIGN0024,Biology,Yes,1,78
STU0005,ASSIGN0025,Chemistry,Yes,1,47
STU0006,ASSIGN0026,Mathematics,No,13,9
STU0006,ASSIGN0027,Chemistry,Yes,5,58
STU0006,ASSIGN0028,Physics,No,13,4
STU0006,ASSIGN0029,Chemistry,Yes,0,86
STU0006,ASSIGN0030,Chemistry,No,14,13
STU0007,ASSIGN0031,Biology,No,12,4
STU0007,ASSIGN0032,Mathematics,No,9,3
STU0007,ASSIGN0033,Mathematics,No,15,25
STU0007,ASSIGN0034,Biology,No,6,19
STU0007,ASSIGN0035,Chemistry,Yes,0,70
STU0008,ASSIGN0036,Mathematics,No,7,32
STU0008,ASSIGN0037,Mathematics,No,7,2
STU0008,ASSIGN0038,Mathematics,No,10,24
STU0008,ASSIGN0039,Mathematics,Yes,5,70
STU0008,ASSIGN0040,Biology,Yes,3,98
STU0009,ASSIGN0041,Chemistry,No,13,14
STU0009,ASSIGN0042,Biology,No,13,5
STU0009,ASSIGN0043,Physics,No,11,0
STU0009,ASSIGN0044,Mathematics,Yes,4,66
STU0009,ASSIGN0045,Mathematics,Yes,5,73
STU0010,ASSIGN0046,Chemistry,No,11,28
STU0010,ASSIGN0047,Biology,No,15,34
STU0010,ASSIGN0048,Chemistry,No,7,33
STU0010,ASSIGN0049,Physics,Yes,3,88
STU0010,ASSIGN0050,Biology,Yes,1,67
STU0011,ASSIGN0051,Mathematics,Yes,2,56
STU0011,ASSIGN0052,Chemistry,No,8,29
STU0011,ASSIGN0053,Biology,No,15,35
STU0011,ASSIGN0054,Chemistry,Yes,3,93
STU0011,ASSIGN0055,Biology,Yes,1,82
STU0012,ASSIGN0056,Physics,No,6,22
STU0012,ASSIGN0057,Mathematics,No,12,6
STU0012,ASSIGN0058,Mathematics,Yes,1,52
STU0012,ASSIGN0059,Chemistry,Yes,2,69
STU0012,ASSIGN0060,Biology,No,14,16
STU0013,ASSIGN0061,Biology,Yes,3,66
STU0013,ASSIGN0062,Mathematics,Yes,0,73
STU0013,ASSIGN0063,Biology,Yes,5,62
STU0013,ASSIGN0064,Physics,Yes,2,68
STU0013,ASSIGN0065,Mathematics,Yes,4,100
STU0014,ASSIGN0066,Physics,Yes,1,79
STU0014,ASSIGN0067,Physics,No,6,30
STU0014,ASSIGN0068,Biology,No,10,24
STU0014,ASSIGN0069,Chemistry,Yes,5,57
STU0014,ASSIGN0070,Mathematics,Yes,4,56
STU0015,ASSIGN0071,Biology,No,10,24
STU0015,ASSIGN0072,Mathematics,No,6,5
STU0015,ASSIGN0073,Mathematics,Yes,3,93
STU0015,ASSIGN0074,Mathematics,No,7,8
STU0015,ASSIGN0075,Chemistry,No,7,1
STU0016,ASSIGN0076,Chemistry,No,8,24
STU0016,ASSIGN0077,Chemistry,Yes,5,76
STU0016,ASSIGN0078,Biology,No,9,4
STU0016,ASSIGN0079,Physics,Yes,3,43
STU0016,ASSIGN0080,Physics,Yes,2,46
STU0017,ASSIGN0081,Biology,Yes,2,62
STU0017,ASSIGN0082,Chemistry,No,11,10
STU0017,ASSIGN0083,Physics,Yes,2,72
STU0017,ASSIGN0084,Physics,No,12,23
STU0017,ASSIGN0085,Biology,Yes,1,53
STU0018,ASSIGN0086,Chemistry,Yes,4,51
STU0018,ASSIGN0087,Mathematics,No,6,28
STU0018,ASSIGN0088,Biology,Yes,2,58
STU0018,ASSIGN0089,Physics,No,14,28
STU0018,ASSIGN0090,Physics,Yes,3,60
STU0019,ASSIGN0091,Mathematics,Yes,5,85
STU0019,ASSIGN0092,Mathematics,No,6,19
STU0019,ASSIGN0093,Chemistry,No,12,36
STU0019,ASSIGN0094,Biology,No,9,24
STU0019,ASSIGN0095,Chemistry,Yes,1,71
STU0020,ASSIGN0096,Chemistry,No,14,16
STU0020,ASSIGN0097,Mathematics,No,15,28
STU0020,ASSIGN0098,Physics,Yes,3,92
STU0020,ASSIGN0099,Mathematics,Yes,1,59
STU0020,ASSIGN0100,Physics,Yes,0,63
STU0021,ASSIGN0101,Chemistry,No,9,30
STU0021,ASSIGN0102,Physics,No,9,3
STU0021,ASSIGN0103,Biology,No,11,40
STU0021,ASSIGN0104,Biology,Yes,2,54
STU0021,ASSIGN0105,Mathematics,No,12,19
STU0022,ASSIGN0106,Physics,Yes,1,71
STU0022,ASSIGN0107,Mathematics,No,10,1
STU0022,ASSIGN0108,Physics,No,14,25
STU0022,ASSIGN0109,Chemistry,No,14,15
STU0022,ASSIGN0110,Mathematics,Yes,0,94
STU0023,ASSIGN0111,Physics,No,9,38
STU0023,ASSIGN0112,Physics,No,10,12
STU0023,ASSIGN0113,Biology,Yes,2,67
STU0023,ASSIGN0114,Chemistry,No,10,3
STU0023,ASSIGN0115,Biology,No,7,21
STU0024,ASSIGN0116,Chemistry,Yes,0,71
STU0024,ASSIGN0117,Mathematics,No,12,5
STU0024,ASSIGN0118,Physics,Yes,4,84
STU0024,ASSIGN0119,Mathematics,Yes,3,54
STU0024,ASSIGN0120,Biology,Yes,4,47
STU0025,ASSIGN0121,Chemistry,No,12,34
STU0025,ASSIGN0122,Physics,Yes,1,45
STU0025,ASSIGN0123,Physics,Yes,2,79
STU0025,ASSIGN0124,Biology,Yes,2,76
STU0025,ASSIGN0125,Physics,Yes,4,79
STU0026,ASSIGN0126,Chemistry,No,10,4
STU0026,ASSIGN0127,Chemistry,No,12,4
STU0026,ASSIGN0128,Biology,No,13,24
STU0026,ASSIGN0129,Mathematics,No,12,36
STU0026,ASSIGN0130,Physics,No,8,18
STU0027,ASSIGN0131,Mathematics,Yes,0,66
STU0027,ASSIGN0132,Biology,Yes,3,74
STU0027,ASSIGN0133,Mathematics,No,13,21
STU0027,ASSIGN0134,Physics,Yes,5,68
STU0027,ASSIGN0135,Physics,Yes,4,82
STU0028,ASSIGN0136,Mathematics,Yes,1,100
STU0028,ASSIGN0137,Physics,No,13,18
STU0028,ASSIGN0138,Biology,Yes,4,84
STU0028,ASSIGN0139,Physics,No,8,31
STU0028,ASSIGN0140,Mathematics,Yes,2,66
STU0029,ASSIGN0141,Biology,No,8,34
STU0029,ASSIGN0142,Biology,No,6,27
STU0029,ASSIGN0143,Chemistry,No,14,8
STU0029,ASSIGN0144,Mathematics,Yes,1,54
STU0029,ASSIGN0145,Biology,Yes,3,66
STU0030,ASSIGN0146,Biology,Yes,4,42
STU0030,ASSIGN0147,Chemistry,Yes,3,69
STU0030,ASSIGN0148,Mathematics,No,8,30
STU0030,ASSIGN0149,Physics,Yes,1,70
STU0030,ASSIGN0150,Physics,No,14,40
STU0031,ASSIGN0151,Mathematics,Yes,0,79
STU0031,ASSIGN0152,Physics,Yes,4,69
STU0031,ASSIGN0153,Biology,No,8,17
STU0031,ASSIGN0154,Physics,No,10,7
STU0031,ASSIGN0155,Biology,No,15,7
STU0032,ASSIGN0156,Biology,Yes,4,79
STU0032,ASSIGN0157,Chemistry,No,10,26
STU0032,ASSIGN0158,Biology,No,12,25
STU0032,ASSIGN0159,Mathematics,No,15,20
STU0032,ASSIGN0160,Chemistry,No,7,31
STU0033,ASSIGN0161,Mathematics,No,9,3
STU0033,ASSIGN0162,Mathematics,Yes,4,87
STU0033,ASSIGN0163,Chemistry,Yes,5,76
STU0033,ASSIGN0164,Biology,No,13,26
STU0033,ASSIGN0165,Biology,No,9,19
STU0034,ASSIGN0166,Mathematics,Yes,4,95
STU0034,ASSIGN0167,Physics,No,12,9
STU0034,ASSIGN0168,Physics,Yes,1,44
STU0034,ASSIGN0169,Mathematics,Yes,0,80
STU0034,ASSIGN0170,Physics,Yes,2,73
STU0035,ASSIGN0171,Chemistry,Yes,2,100
STU0035,ASSIGN0172,Chemistry,Yes,4,92
STU0035,ASSIGN0173,Physics,Yes,2,66
STU0035,ASSIGN0174,Chemistry,No,10,5
STU0035,ASSIGN0175,Physics,Yes,3,95
STU0036,ASSIGN0176,Chemistry,No,8,16
STU0036,ASSIGN0177,Chemistry,No,8,27
STU0036,ASSIGN0178,Biology,No,8,27
STU0036,ASSIGN0179,Biology,Yes,0,73
STU0036,ASSIGN0180,Chemistry,No,9,11
STU0037,ASSIGN0181,Mathematics,Yes,2,59
STU0037,ASSIGN0182,Physics,Yes,2,47
STU0037,ASSIGN0183,Physics,No,9,38
STU0037,ASSIGN0184,Chemistry,Yes,5,86
STU0037,ASSIGN0185,Chemistry,Yes,1,98
STU0038,ASSIGN0186,Chemistry,Yes,1,64
STU0038,ASSIGN0187,Physics,Yes,2,60
STU0038,ASSIGN0188,Mathematics,Yes,2,68
STU0038,ASSIGN0189,Biology,Yes,1,99
STU0038,ASSIGN0190,Mathematics,No,13,9
STU0039,ASSIGN0191,Chemistry,No,14,6
STU0039,ASSIGN0192,Physics,No,15,0
STU0039,ASSIGN0193,Physics,No,14,15
STU0039,ASSIGN0194,Chemistry,Yes,3,57
STU0039,ASSIGN0195,Biology,Yes,5,40
STU0040,ASSIGN0196,Physics,No,9,31
STU0040,ASSIGN0197,Chemistry,Yes,3,68
STU0040,ASSIGN0198,Biology,No,6,23
STU0040,ASSIGN0199,Chemistry,No,9,12
STU0040,ASSIGN0200,Biology,No,12,30
STU0041,ASSIGN0201,Physics,No,13,40
STU0041,ASSIGN0202,Chemistry,Yes,3,52
STU0041,ASSIGN0203,Mathematics,No,7,25
STU0041,ASSIGN0204,Chemistry,No,14,18
STU0041,ASSIGN0205,Biology,No,11,40
STU0042,ASSIGN0206,Biology,Yes,3,57
STU0042,ASSIGN0207,Physics,Yes,5,52
STU0042,ASSIGN0208,Mathematics,No,7,16
STU0042,ASSIGN0209,Physics,Yes,0,58
STU0042,ASSIGN0210,Physics,Yes,2,73
STU0043,ASSIGN0211,Mathematics,Yes,3,96
STU0043,ASSIGN0212,Physics,No,8,10
STU0043,ASSIGN0213,Chemistry,Yes,5,59
STU0043,ASSIGN0214,Biology,Yes,1,72
STU0043,ASSIGN0215,Mathematics,No,7,19
STU0044,ASSIGN0216,Chemistry,Yes,4,64
STU0044,ASSIGN0217,Physics,Yes,3,89
STU0044,ASSIGN0218,Chemistry,No,8,3
STU0044,ASSIGN0219,Physics,No,9,13
STU0044,ASSIGN0220,Physics,No,7,24
STU0045,ASSIGN0221,Mathematics,No,6,15
STU0045,ASSIGN0222,Physics,No,13,14
STU0045,ASSIGN0223,Physics,No,14,0
STU0045,ASSIGN0224,Biology,No,6,18
STU0045,ASSIGN0225,Physics,Yes,2,47
STU0046,ASSIGN0226,Chemistry,No,13,4
STU0046,ASSIGN0227,Physics,No,12,21
STU0046,ASSIGN0228,Mathematics,Yes,4,83
STU0046,ASSIGN0229,Chemistry,Yes,0,99
STU0046,ASSIGN0230,Mathematics,Yes,0,41
STU0047,ASSIGN0231,Biology,Yes,0,46
STU0047,ASSIGN0232,Mathematics,Yes,4,64
STU0047,ASSIGN0233,Mathematics,Yes,0,100
STU0047,ASSIGN0234,Biology,Yes,5,79
STU0047,ASSIGN0235,Chemistry,Yes,2,60
STU0048,ASSIGN0236,Physics,Yes,3,83
STU0048,ASSIGN0237,Chemistry,No,13,1
STU0048,ASSIGN0238,Chemistry,No,13,26
STU0048,ASSIGN0239,Biology,Yes,1,79
STU0048,ASSIGN0240,Chemistry,Yes,3,48
STU0049,ASSIGN0241,Chemistry,No,15,1
STU0049,ASSIGN0242,Biology,Yes,5,77
STU0049,ASSIGN0243,Physics,No,12,23
STU0049,ASSIGN0244,Chemistry,Yes,1,58
STU0049,ASSIGN0245,Mathematics,No,8,1
STU0050,ASSIGN0246,Physics,Yes,0,84
STU0050,ASSIGN0247,Mathematics,Yes,0,52
STU0050,ASSIGN0248,Physics,Yes,2,65
STU0050,ASSIGN0249,Mathematics,Yes,5,41
STU0050,ASSIGN0250,Chemistry,Yes,1,87
STU0051,ASSIGN0251,Mathematics,Yes,4,94
STU0051,ASSIGN0252,Biology,Yes,2,58
STU0051,ASSIGN0253,Physics,No,12,40
STU0051,ASSIGN0254,Chemistry,No,15,40
STU0051,ASSIGN0255,Chemistry,Yes,0,84
STU0052,ASSIGN0256,Chemistry,No,7,22
STU0052,ASSIGN0257,Physics,No,9,35
STU0052,ASSIGN0258,Physics,No,13,28
STU0052,ASSIGN0259,Biology,No,7,32
STU0052,ASSIGN0260,Mathematics,Yes,5,50
STU0053,ASSIGN0261,Mathematics,No,9,28
STU0053,ASSIGN0262,Physics,Yes,5,76
STU0053,ASSIGN0263,Chemistry,No,10,39
STU0053,ASSIGN0264,Chemistry,Yes,3,50
STU0053,ASSIGN0265,Biology,No,10,28
STU0054,ASSIGN0266,Chemistry,No,9,39
STU0054,ASSIGN0267,Physics,Yes,5,78
STU0054,ASSIGN0268,Physics,Yes,1,88
STU0054,ASSIGN0269,Chemistry,Yes,1,75
STU0054,ASSIGN0270,Mathematics,No,9,19
STU0055,ASSIGN0271,Biology,No,7,7
STU0055,ASSIGN0272,Chemistry,No,6,5
STU0055,ASSIGN0273,Physics,No,10,16
STU0055,ASSIGN0274,Mathematics,No,11,9
STU0055,ASSIGN0275,Mathematics,No,13,40
STU0056,ASSIGN0276,Chemistry,Yes,0,40
STU0056,ASSIGN0277,Chemistry,No,14,5
STU0056,ASSIGN0278,Biology,No,11,30
STU0056,ASSIGN0279,Mathematics,Yes,2,55
STU0056,ASSIGN0280,Physics,No,8,23
STU0057,ASSIGN0281,Biology,No,6,23
STU0057,ASSIGN0282,Chemistry,No,10,33
STU0057,ASSIGN0283,Biology,No,15,14
STU0057,ASSIGN0284,Mathematics,No,15,16
STU0057,ASSIGN0285,Biology,No,7,36
STU0058,ASSIGN0286,Chemistry,No,12,27
STU0058,ASSIGN0287,Physics,Yes,4,57
STU0058,ASSIGN0288,Chemistry,No,8,27
STU0058,ASSIGN0289,Chemistry,Yes,5,73
STU0058,ASSIGN0290,Biology,No,13,11
STU0059,ASSIGN0291,Biology,Yes,0,46
STU0059,ASSIGN0292,Mathematics,No,14,32
STU0059,ASSIGN0293,Biology,No,14,1
STU0059,ASSIGN0294,Physics,Yes,0,60
STU0059,ASSIGN0295,Mathematics,Yes,4,98
STU0060,ASSIGN0296,Mathematics,No,9,19
STU0060,ASSIGN0297,Chemistry,Yes,2,46
STU0060,ASSIGN0298,Chemistry,No,15,18
STU0060,ASSIGN0299,Mathematics,No,12,32
STU0060,ASSIGN0300,Mathematics,Yes,3,42
STU0061,ASSIGN0301,Biology,Yes,1,72
STU0061,ASSIGN0302,Biology,No,13,33
STU0061,ASSIGN0303,Biology,No,8,18
STU0061,ASSIGN0304,Physics,No,15,24
STU0061,ASSIGN0305,Physics,Yes,0,96
STU0062,ASSIGN0306,Mathematics,Yes,1,65
STU0062,ASSIGN0307,Biology,Yes,4,89
STU0062,ASSIGN0308,Mathematics,No,15,7
STU0062,ASSIGN0309,Physics,Yes,3,66
STU0062,ASSIGN0310,Mathematics,No,10,8
STU0063,ASSIGN0311,Chemistry,Yes,2,79
STU0063,ASSIGN0312,Chemistry,Yes,0,74
STU0063,ASSIGN0313,Chemistry,No,12,6
STU0063,ASSIGN0314,Chemistry,Yes,2,63
STU0063,ASSIGN0315,Mathematics,Yes,5,71
STU0064,ASSIGN0316,Physics,Yes,5,94
STU0064,ASSIGN0317,Mathematics,Yes,4,95
STU0064,ASSIGN0318,Chemistry,No,12,7
STU0064,ASSIGN0319,Chemistry,No,11,23
STU0064,ASSIGN0320,Physics,No,14,28
STU0065,ASSIGN0321,Biology,No,15,6
STU0065,ASSIGN0322,Mathematics,No,6,8
STU0065,ASSIGN0323,Mathematics,Yes,0,82
STU0065,ASSIGN0324,Mathematics,No,13,4
STU0065,ASSIGN0325,Biology,No,12,19
STU0066,ASSIGN0326,Biology,No,15,13
STU0066,ASSIGN0327,Mathematics,Yes,3,55
STU0066,ASSIGN0328,Chemistry,No,9,22
STU0066,ASSIGN0329,Mathematics,Yes,4,46
STU0066,ASSIGN0330,Chemistry,Yes,2,40
STU0067,ASSIGN0331,Mathematics,No,7,22
STU0067,ASSIGN0332,Biology,Yes,4,77
STU0067,ASSIGN0333,Physics,Yes,5,94
STU0067,ASSIGN0334,Mathematics,No,15,23
STU0067,ASSIGN0335,Mathematics,Yes,1,60
STU0068,ASSIGN0336,Chemistry,No,9,16
STU0068,ASSIGN0337,Mathematics,Yes,1,69
STU0068,ASSIGN0338,Mathematics,Yes,4,75
STU0068,ASSIGN0339,Biology,No,8,22
STU0068,ASSIGN0340,Chemistry,Yes,4,77
STU0069,ASSIGN0341,Physics,No,6,22
STU0069,ASSIGN0342,Chemistry,No,14,28
STU0069,ASSIGN0343,Chemistry,Yes,1,93
STU0069,ASSIGN0344,Physics,No,12,33
STU0069,ASSIGN0345,Mathematics,No,13,16
STU0070,ASSIGN0346,Mathematics,No,7,2
STU0070,ASSIGN0347,Mathematics,No,10,23
STU0070,ASSIGN0348,Mathematics,No,12,9
STU0070,ASSIGN0349,Chemistry,Yes,1,91
STU0070,ASSIGN0350,Mathematics,No,11,8
STU0071,ASSIGN0351,Physics,No,6,19
STU0071,ASSIGN0352,Physics,No,12,37
STU0071,ASSIGN0353,Mathematics,No,12,25
STU0071,ASSIGN0354,Mathematics,No,10,4
STU0071,ASSIGN0355,Chemistry,No,14,36
STU0072,ASSIGN0356,Physics,No,11,8
STU0072,ASSIGN0357,Mathematics,No,11,25
STU0072,ASSIGN0358,Mathematics,Yes,5,63
STU0072,ASSIGN0359,Chemistry,No,10,11
STU0072,ASSIGN0360,Biology,No,11,36
STU0073,ASSIGN0361,Biology,Yes,0,43
STU0073,ASSIGN0362,Chemistry,No,12,27
STU0073,ASSIGN0363,Physics,Yes,5,44
STU0073,ASSIGN0364,Physics,No,9,22
STU0073,ASSIGN0365,Physics,No,9,17
STU0074,ASSIGN0366,Biology,No,12,17
STU0074,ASSIGN0367,Mathematics,Yes,1,82
STU0074,ASSIGN0368,Biology,Yes,4,97
STU0074,ASSIGN0369,Mathematics,Yes,4,81
STU0074,ASSIGN0370,Chemistry,No,15,38
STU0075,ASSIGN0371,Chemistry,Yes,1,62
STU0075,ASSIGN0372,Physics,No,14,22
STU0075,ASSIGN0373,Chemistry,No,12,16
STU0075,ASSIGN0374,Mathematics,Yes,1,90
STU0075,ASSIGN0375,Physics,Yes,2,95
STU0076,ASSIGN0376,Mathematics,No,10,39
STU0076,ASSIGN0377,Mathematics,No,7,10
STU0076,ASSIGN0378,Physics,Yes,0,91
STU0076,ASSIGN0379,Biology,Yes,3,93
STU0076,ASSIGN0380,Physics,No,8,37
STU0077,ASSIGN0381,Chemistry,No,9,1
STU0077,ASSIGN0382,Physics,No,13,38
STU0077,ASSIGN0383,Chemistry,Yes,1,47
STU0077,ASSIGN0384,Physics,No,11,33
STU0077,ASSIGN0385,Biology,No,7,36
STU0078,ASSIGN0386,Biology,No,13,34
STU0078,ASSIGN0387,Chemistry,Yes,3,87
STU0078,ASSIGN0388,Mathematics,Yes,1,51
STU0078,ASSIGN0389,Physics,Yes,4,58
STU0078,ASSIGN0390,Physics,Yes,5,87
STU0079,ASSIGN0391,Mathematics,Yes,1,84
STU0079,ASSIGN0392,Biology,No,14,40
STU0079,ASSIGN0393,Physics,Yes,0,63
STU0079,ASSIGN0394,Chemistry,No,12,37
STU0079,ASSIGN0395,Chemistry,No,15,19
STU0080,ASSIGN0396,Biology,No,10,7
STU0080,ASSIGN0397,Physics,No,10,27
STU0080,ASSIGN0398,Physics,Yes,2,87
STU0080,ASSIGN0399,Biology,Yes,0,67
STU0080,ASSIGN0400,Chemistry,Yes,2,56
STU0081,ASSIGN0401,Physics,Yes,2,93
STU0081,ASSIGN0402,Physics,No,8,27
STU0081,ASSIGN0403,Biology,No,6,34
STU0081,ASSIGN0404,Mathematics,Yes,5,90
STU0081,ASSIGN0405,Mathematics,No,10,18
STU0082,ASSIGN0406,Biology,No,9,32
STU0082,ASSIGN0407,Mathematics,No,8,0
STU0082,ASSIGN0408,Mathematics,No,9,15
STU0082,ASSIGN0409,Chemistry,No,7,10
STU0082,ASSIGN0410,Chemistry,No,15,19
STU0083,ASSIGN0411,Mathematics,No,8,14
STU0083,ASSIGN0412,Physics,No,12,24
STU0083,ASSIGN0413,Chemistry,Yes,3,92
STU0083,ASSIGN0414,Chemistry,Yes,3,73
STU0083,ASSIGN0415,Chemistry,Yes,4,50
STU0084,ASSIGN0416,Biology,No,14,11
STU0084,ASSIGN0417,Biology,No,12,20
STU0084,ASSIGN0418,Biology,Yes,4,80
STU0084,ASSIGN0419,Physics,Yes,3,96
STU0084,ASSIGN0420,Physics,No,7,13
STU0085,ASSIGN0421,Physics,No,9,0
STU0085,ASSIGN0422,Mathematics,No,11,30
STU0085,ASSIGN0423,Mathematics,Yes,2,51
STU0085,ASSIGN0424,Physics,Yes,4,48
STU0085,ASSIGN0425,Biology,No,11,5
STU0086,ASSIGN0426,Mathematics,No,15,25
STU0086,ASSIGN0427,Physics,No,14,29
STU0086,ASSIGN0428,Physics,No,15,19
STU0086,ASSIGN0429,Chemistry,No,13,8
STU0086,ASSIGN0430,Biology,Yes,3,67
STU0087,ASSIGN0431,Biology,No,12,40
STU0087,ASSIGN0432,Biology,No,15,6
STU0087,ASSIGN0433,Biology,No,10,3
STU0087,ASSIGN0434,Physics,No,10,23
STU0087,ASSIGN0435,Biology,Yes,1,59
STU0088,ASSIGN0436,Biology,Yes,0,95
STU0088,ASSIGN0437,Physics,Yes,1,58
STU0088,ASSIGN0438,Biology,Yes,4,67
STU0088,ASSIGN0439,Mathematics,Yes,5,48
STU0088,ASSIGN0440,Physics,No,11,28
STU0089,ASSIGN0441,Physics,No,12,9
STU0089,ASSIGN0442,Chemistry,No,13,36
STU0089,ASSIGN0443,Physics,Yes,2,96
STU0089,ASSIGN0444,Physics,No,8,25
STU0089,ASSIGN0445,Biology,No,9,23
STU0090,ASSIGN0446,Mathematics,Yes,1,78
STU0090,ASSIGN0447,Mathematics,Yes,3,64
STU0090,ASSIGN0448,Biology,No,13,5
STU0090,ASSIGN0449,Physics,No,8,6
STU0090,ASSIGN0450,Biology,Yes,4,88
STU0091,ASSIGN0451,Chemistry,Yes,4,98
STU0091,ASSIGN0452,Biology,No,9,16
STU0091,ASSIGN0453,Chemistry,Yes,4,45
STU0091,ASSIGN0454,Biology,No,13,24
STU0091,ASSIGN0455,Chemistry,Yes,4,74
STU0092,ASSIGN0456,Biology,No,13,9
STU0092,ASSIGN0457,Physics,Yes,3,71
STU0092,ASSIGN0458,Biology,No,6,4
STU0092,ASSIGN0459,Mathematics,No,12,27
STU0092,ASSIGN0460,Biology,No,11,13
STU0093,ASSIGN0461,Chemistry,No,15,29
STU0093,ASSIGN0462,Physics,No,10,38
STU0093,ASSIGN0463,Biology,Yes,1,70
STU0093,ASSIGN0464,Mathematics,Yes,3,70
STU0093,ASSIGN0465,Biology,No,7,39
STU0094,ASSIGN0466,Physics,Yes,5,73
STU0094,ASSIGN0467,Biology,Yes,4,94
STU0094,ASSIGN0468,Chemistry,No,6,11
STU0094,ASSIGN0469,Mathematics,Yes,5,68
STU0094,ASSIGN0470,Mathematics,Yes,1,42
STU0095,ASSIGN0471,Mathematics,Yes,3,47
STU0095,ASSIGN0472,Mathematics,Yes,0,49
STU0095,ASSIGN0473,Biology,Yes,5,62
STU0095,ASSIGN0474,Physics,No,9,28
STU0095,ASSIGN0475,Chemistry,Yes,2,84
STU0096,ASSIGN0476,Mathematics,Yes,5,86
STU0096,ASSIGN0477,Physics,Yes,3,52
STU0096,ASSIGN0478,Physics,No,12,15
STU0096,ASSIGN0479,Biology,Yes,5,77
STU0096,ASSIGN0480,Chemistry,Yes,5,48
STU0097,ASSIGN0481,Physics,Yes,4,77
STU0097,ASSIGN0482,Chemistry,Yes,0,93
STU0097,ASSIGN0483,Biology,No,14,21
STU0097,ASSIGN0484,Chemistry,No,7,36
STU0097,ASSIGN0485,Mathematics,Yes,4,98
STU0098,ASSIGN0486,Biology,No,8,27
STU0098,ASSIGN0487,Physics,No,12,20
STU0098,ASSIGN0488,Biology,No,7,17
STU0098,ASSIGN0489,Physics,No,8,32
STU0098,ASSIGN0490,Physics,No,14,10
STU0099,ASSIGN0491,Mathematics,Yes,5,70
STU0099,ASSIGN0492,Chemistry,Yes,1,45
STU0099,ASSIGN0493,Mathematics,Yes,4,52
STU0099,ASSIGN0494,Physics,Yes,5,98
STU0099,ASSIGN0495,Biology,Yes,1,82
STU0100,ASSIGN0496,Biology,Yes,2,76
STU0100,ASSIGN0497,Biology,No,13,13
STU0100,ASSIGN0498,Biology,No,8,25
STU0100,ASSIGN0499,Mathematics,Yes,4,85
STU0100,ASSIGN0500,Mathematics,Yes,1,95
STU0101,ASSIGN0501,Mathematics,Yes,3,65
STU0101,ASSIGN0502,Biology,Yes,3,51
STU0101,ASSIGN0503,Biology,No,14,0
STU0101,ASSIGN0504,Chemistry,No,14,7
STU0101,ASSIGN0505,Chemistry,No,12,0
STU0102,ASSIGN0506,Physics,No,11,4
STU0102,ASSIGN0507,Biology,No,7,6
STU0102,ASSIGN0508,Chemistry,Yes,4,96
STU0102,ASSIGN0509,Chemistry,Yes,0,79
STU0102,ASSIGN0510,Chemistry,Yes,5,67
STU0103,ASSIGN0511,Mathematics,No,8,30
STU0103,ASSIGN0512,Biology,Yes,2,41
STU0103,ASSIGN0513,Physics,Yes,2,66
STU0103,ASSIGN0514,Biology,Yes,2,79
STU0103,ASSIGN0515,Biology,No,10,8
STU0104,ASSIGN0516,Chemistry,No,7,21
STU0104,ASSIGN0517,Chemistry,No,7,9
STU0104,ASSIGN0518,Chemistry,Yes,2,42
STU0104,ASSIGN0519,Mathematics,Yes,4,79
STU0104,ASSIGN0520,Biology,No,14,33
STU0105,ASSIGN0521,Physics,Yes,5,66
STU0105,ASSIGN0522,Biology,Yes,0,83
STU0105,ASSIGN0523,Physics,Yes,3,91
STU0105,ASSIGN0524,Chemistry,No,10,11
STU0105,ASSIGN0525,Physics,Yes,2,98
STU0106,ASSIGN0526,Chemistry,Yes,3,89
STU0106,ASSIGN0527,Chemistry,No,10,13
STU0106,ASSIGN0528,Biology,No,8,9
STU0106,ASSIGN0529,Mathematics,No,6,20
STU0106,ASSIGN0530,Mathematics,No,14,23
STU0107,ASSIGN0531,Mathematics,Yes,4,46
STU0107,ASSIGN0532,Physics,Yes,2,59
STU0107,ASSIGN0533,Biology,Yes,0,96
STU0107,ASSIGN0534,Biology,No,9,30
STU0107,ASSIGN0535,Mathematics,No,6,29
STU0108,ASSIGN0536,Biology,No,10,18
STU0108,ASSIGN0537,Chemistry,No,8,39
STU0108,ASSIGN0538,Mathematics,No,9,18
STU0108,ASSIGN0539,Chemistry,No,14,34
STU0108,ASSIGN0540,Biology,No,14,8
STU0109,ASSIGN0541,Mathematics,No,15,4
STU0109,ASSIGN0542,Mathematics,Yes,0,87
STU0109,ASSIGN0543,Biology,No,7,6
STU0109,ASSIGN0544,Mathematics,Yes,5,73
STU0109,ASSIGN0545,Biology,Yes,5,70
STU0110,ASSIGN0546,Physics,Yes,3,81
STU0110,ASSIGN0547,Biology,Yes,3,59
STU0110,ASSIGN0548,Chemistry,No,11,31
STU0110,ASSIGN0549,Biology,No,6,16
STU0110,ASSIGN0550,Mathematics,Yes,1,94
STU0111,ASSIGN0551,Physics,Yes,2,83
STU0111,ASSIGN0552,Biology,Yes,1,48
STU0111,ASSIGN0553,Mathematics,Yes,4,95
STU0111,ASSIGN0554,Physics,Yes,0,74
STU0111,ASSIGN0555,Biology,Yes,5,48
STU0112,ASSIGN0556,Mathematics,No,10,21
STU0112,ASSIGN0557,Physics,Yes,3,72
STU0112,ASSIGN0558,Chemistry,No,11,14
STU0112,ASSIGN0559,Chemistry,No,15,3
STU0112,ASSIGN0560,Physics,No,13,36
STU0113,ASSIGN0561,Mathematics,No,8,23
STU0113,ASSIGN0562,Physics,Yes,3,73
STU0113,ASSIGN0563,Physics,Yes,1,93
STU0113,ASSIGN0564,Biology,No,14,16
STU0113,ASSIGN0565,Biology,Yes,3,47
STU0114,ASSIGN0566,Chemistry,Yes,3,57
STU0114,ASSIGN0567,Biology,No,13,8
STU0114,ASSIGN0568,Chemistry,Yes,4,72
STU0114,ASSIGN0569,Mathematics,No,10,12
STU0114,ASSIGN0570,Mathematics,No,15,20
STU0115,ASSIGN0571,Physics,Yes,1,51
STU0115,ASSIGN0572,Biology,No,14,26
STU0115,ASSIGN0573,Physics,Yes,3,63
STU0115,ASSIGN0574,Biology,No,6,12
STU0115,ASSIGN0575,Chemistry,Yes,2,75
STU0116,ASSIGN0576,Physics,Yes,2,56
STU0116,ASSIGN0577,Mathematics,No,6,4
STU0116,ASSIGN0578,Physics,Yes,5,51
STU0116,ASSIGN0579,Chemistry,No,11,21
STU0116,ASSIGN0580,Physics,Yes,3,55
STU0117,ASSIGN0581,Chemistry,No,11,37
STU0117,ASSIGN0582,Physics,No,10,40
STU0117,ASSIGN0583,Physics,No,8,35
STU0117,ASSIGN0584,Chemistry,Yes,2,96
STU0117,ASSIGN0585,Physics,Yes,5,95
STU0118,ASSIGN0586,Mathematics,Yes,1,72
STU0118,ASSIGN0587,Biology,No,7,8
STU0118,ASSIGN0588,Physics,No,9,1
STU0118,ASSIGN0589,Physics,Yes,1,61
STU0118,ASSIGN0590,Mathematics,No,6,39
STU0119,ASSIGN0591,Mathematics,Yes,5,53
STU0119,ASSIGN0592,Mathematics,Yes,5,87
STU0119,ASSIGN0593,Mathematics,No,15,28
STU0119,ASSIGN0594,Chemistry,Yes,0,51
STU0119,ASSIGN0595,Biology,No,9,37
STU0120,ASSIGN0596,Chemistry,No,13,37
STU0120,ASSIGN0597,Biology,No,7,10
STU0120,ASSIGN0598,Chemistry,Yes,2,84
STU0120,ASSIGN0599,Mathematics,Yes,5,49
STU0120,ASSIGN0600,Chemistry,Yes,2,75
STU0121,ASSIGN0601,Physics,No,10,9
STU0121,ASSIGN0602,Chemistry,No,9,26
STU0121,ASSIGN0603,Physics,No,12,11
STU0121,ASSIGN0604,Mathematics,No,6,22
STU0121,ASSIGN0605,Mathematics,Yes,3,63
STU0122,ASSIGN0606,Biology,No,14,1
STU0122,ASSIGN0607,Physics,Yes,0,78
STU0122,ASSIGN0608,Mathematics,No,15,34
STU0122,ASSIGN0609,Mathematics,No,14,10
STU0122,ASSIGN0610,Mathematics,Yes,4,60
STU0123,ASSIGN0611,Mathematics,No,11,19
STU0123,ASSIGN0612,Mathematics,No,12,4
STU0123,ASSIGN0613,Biology,Yes,0,48
STU0123,ASSIGN0614,Physics,Yes,0,71
STU0123,ASSIGN0615,Mathematics,No,13,36
STU0124,ASSIGN0616,Biology,Yes,5,58
STU0124,ASSIGN0617,Physics,No,6,4
STU0124,ASSIGN0618,Mathematics,Yes,1,55
STU0124,ASSIGN0619,Physics,Yes,3,74
STU0124,ASSIGN0620,Mathematics,Yes,0,84
STU0125,ASSIGN0621,Biology,Yes,1,52
STU0125,ASSIGN0622,Mathematics,Yes,0,77
STU0125,ASSIGN0623,Physics,No,12,18
STU0125,ASSIGN0624,Chemistry,Yes,1,81
STU0125,ASSIGN0625,Biology,Yes,0,86
STU0126,ASSIGN0626,Mathematics,No,12,21
STU0126,ASSIGN0627,Physics,Yes,4,61
STU0126,ASSIGN0628,Mathematics,No,6,10
STU0126,ASSIGN0629,Biology,No,11,30
STU0126,ASSIGN0630,Biology,Yes,4,75
STU0127,ASSIGN0631,Chemistry,Yes,1,74
STU0127,ASSIGN0632,Biology,Yes,2,63
STU0127,ASSIGN0633,Mathematics,Yes,3,80
STU0127,ASSIGN0634,Physics,Yes,2,81
STU0127,ASSIGN0635,Biology,Yes,2,41
STU0128,ASSIGN0636,Biology,No,12,12
STU0128,ASSIGN0637,Chemistry,Yes,0,64
STU0128,ASSIGN0638,Physics,Yes,5,71
STU0128,ASSIGN0639,Biology,No,9,24
STU0128,ASSIGN0640,Chemistry,Yes,5,100
STU0129,ASSIGN0641,Physics,No,12,10
STU0129,ASSIGN0642,Mathematics,No,13,30
STU0129,ASSIGN0643,Biology,Yes,0,67
STU0129,ASSIGN0644,Biology,No,9,24
STU0129,ASSIGN0645,Physics,No,7,22
STU0130,ASSIGN0646,Physics,Yes,1,62
STU0130,ASSIGN0647,Physics,Yes,2,74
STU0130,ASSIGN0648,Biology,No,7,40
STU0130,ASSIGN0649,Physics,No,13,0
STU0130,ASSIGN0650,Biology,Yes,5,49
STU0131,ASSIGN0651,Mathematics,No,9,7
STU0131,ASSIGN0652,Biology,No,11,10
STU0131,ASSIGN0653,Mathematics,Yes,3,73
STU0131,ASSIGN0654,Mathematics,Yes,2,84
STU0131,ASSIGN0655,Chemistry,Yes,5,53
STU0132,ASSIGN0656,Biology,No,10,14
STU0132,ASSIGN0657,Mathematics,No,13,19
STU0132,ASSIGN0658,Physics,No,13,20
STU0132,ASSIGN0659,Biology,Yes,0,67
STU0132,ASSIGN0660,Chemistry,No,12,4
STU0133,ASSIGN0661,Biology,No,13,37
STU0133,ASSIGN0662,Mathematics,No,12,21
STU0133,ASSIGN0663,Physics,No,8,28
STU0133,ASSIGN0664,Mathematics,No,7,18
STU0133,ASSIGN0665,Physics,No,8,30
STU0134,ASSIGN0666,Mathematics,Yes,3,43
STU0134,ASSIGN0667,Chemistry,No,6,7
STU0134,ASSIGN0668,Physics,Yes,2,89
STU0134,ASSIGN0669,Chemistry,Yes,5,78
STU0134,ASSIGN0670,Chemistry,No,14,8
STU0135,ASSIGN0671,Physics,No,7,35
STU0135,ASSIGN0672,Mathematics,Yes,0,72
STU0135,ASSIGN0673,Mathematics,Yes,2,69
STU0135,ASSIGN0674,Biology,No,13,22
STU0135,ASSIGN0675,Mathematics,Yes,4,64
STU0136,ASSIGN0676,Biology,No,6,33
STU0136,ASSIGN0677,Biology,No,13,1
STU0136,ASSIGN0678,Biology,No,8,17
STU0136,ASSIGN0679,Chemistry,Yes,0,55
STU0136,ASSIGN0680,Chemistry,Yes,0,79
STU0137,ASSIGN0681,Chemistry,No,10,32
STU0137,ASSIGN0682,Mathematics,Yes,4,60
STU0137,ASSIGN0683,Mathematics,Yes,3,67
STU0137,ASSIGN0684,Mathematics,No,11,40
STU0137,ASSIGN0685,Chemistry,No,9,10
STU0138,ASSIGN0686,Mathematics,Yes,2,86
STU0138,ASSIGN0687,Chemistry,Yes,1,47
STU0138,ASSIGN0688,Chemistry,Yes,5,83
STU0138,ASSIGN0689,Chemistry,No,12,34
STU0138,ASSIGN0690,Chemistry,No,10,34
STU0139,ASSIGN0691,Physics,Yes,1,53
STU0139,ASSIGN0692,Physics,No,10,39
STU0139,ASSIGN0693,Chemistry,No,14,14
STU0139,ASSIGN0694,Physics,Yes,4,80
STU0139,ASSIGN0695,Physics,No,8,35
STU0140,ASSIGN0696,Physics,No,6,40
STU0140,ASSIGN0697,Mathematics,Yes,0,87
STU0140,ASSIGN0698,Physics,Yes,4,67
STU0140,ASSIGN0699,Biology,Yes,1,70
STU0140,ASSIGN0700,Physics,Yes,2,87
STU0141,ASSIGN0701,Biology,Yes,4,61
STU0141,ASSIGN0702,Mathematics,No,14,40
STU0141,ASSIGN0703,Mathematics,Yes,5,63
STU0141,ASSIGN0704,Physics,Yes,5,61
STU0141,ASSIGN0705,Physics,No,13,29
STU0142,ASSIGN0706,Mathematics,Yes,1,51
STU0142,ASSIGN0707,Biology,No,12,17
STU0142,ASSIGN0708,Biology,No,6,30
STU0142,ASSIGN0709,Biology,No,13,38
STU0142,ASSIGN0710,Biology,No,14,7
STU0143,ASSIGN0711,Biology,No,7,13
STU0143,ASSIGN0712,Biology,No,15,27
STU0143,ASSIGN0713,Physics,Yes,4,75
STU0143,ASSIGN0714,Biology,Yes,4,75
STU0143,ASSIGN0715,Mathematics,No,12,22
STU0144,ASSIGN0716,Mathematics,No,8,5
STU0144,ASSIGN0717,Physics,Yes,2,65
STU0144,ASSIGN0718,Biology,Yes,1,73
STU0144,ASSIGN0719,Mathematics,No,7,29
STU0144,ASSIGN0720,Physics,Yes,0,82
STU0145,ASSIGN0721,Biology,Yes,5,55
STU0145,ASSIGN0722,Mathematics,Yes,1,40
STU0145,ASSIGN0723,Biology,No,11,29
STU0145,ASSIGN0724,Mathematics,Yes,0,87
STU0145,ASSIGN0725,Biology,Yes,4,73
STU0146,ASSIGN0726,Chemistry,Yes,3,67
STU0146,ASSIGN0727,Chemistry,Yes,2,56
STU0146,ASSIGN0728,Mathematics,Yes,2,46
STU0146,ASSIGN0729,Chemistry,No,11,1
STU0146,ASSIGN0730,Biology,Yes,5,44
STU0147,ASSIGN0731,Chemistry,No,7,14
STU0147,ASSIGN0732,Mathematics,No,15,5
STU0147,ASSIGN0733,Biology,Yes,0,93
STU0147,ASSIGN0734,Chemistry,Yes,1,51
STU0147,ASSIGN0735,Physics,Yes,4,86
STU0148,ASSIGN0736,Mathematics,Yes,2,100
STU0148,ASSIGN0737,Biology,Yes,0,96
STU0148,ASSIGN0738,Mathematics,No,7,22
STU0148,ASSIGN0739,Mathematics,Yes,2,94
STU0148,ASSIGN0740,Physics,Yes,3,52
STU0149,ASSIGN0741,Biology,Yes,1,58
STU0149,ASSIGN0742,Mathematics,Yes,3,49
STU0149,ASSIGN0743,Chemistry,No,13,6
STU0149,ASSIGN0744,Biology,Yes,0,94
STU0149,ASSIGN0745,Physics,No,13,38
STU0150,ASSIGN0746,Chemistry,No,11,26
STU0150,ASSIGN0747,Chemistry,No,15,2
STU0150,ASSIGN0748,Physics,No,11,7
STU0150,ASSIGN0749,Biology,No,7,7
STU0150,ASSIGN0750,Physics,Yes,1,88
STU0151,ASSIGN0751,Physics,Yes,2,44
STU0151,ASSIGN0752,Biology,No,7,33
STU0151,ASSIGN0753,Physics,No,7,13
STU0151,ASSIGN0754,Biology,No,10,8
STU0151,ASSIGN0755,Chemistry,Yes,0,44
STU0152,ASSIGN0756,Physics,Yes,0,45
STU0152,ASSIGN0757,Physics,No,13,4
STU0152,ASSIGN0758,Physics,No,7,36
STU0152,ASSIGN0759,Mathematics,Yes,1,63
STU0152,ASSIGN0760,Chemistry,No,12,15
STU0153,ASSIGN0761,Biology,No,12,30
STU0153,ASSIGN0762,Mathematics,Yes,1,91
STU0153,ASSIGN0763,Physics,No,7,23
STU0153,ASSIGN0764,Mathematics,No,9,21
STU0153,ASSIGN0765,Mathematics,Yes,3,61
STU0154,ASSIGN0766,Mathematics,No,12,37
STU0154,ASSIGN0767,Biology,No,8,37
STU0154,ASSIGN0768,Biology,Yes,0,74
STU0154,ASSIGN0769,Physics,No,11,23
STU0154,ASSIGN0770,Biology,Yes,1,53
STU0155,ASSIGN0771,Chemistry,Yes,1,67
STU0155,ASSIGN0772,Mathematics,Yes,2,89
STU0155,ASSIGN0773,Biology,No,13,8
STU0155,ASSIGN0774,Chemistry,Yes,0,68
STU0155,ASSIGN0775,Physics,Yes,2,66
STU0156,ASSIGN0776,Physics,Yes,2,54
STU0156,ASSIGN0777,Biology,Yes,4,59
STU0156,ASSIGN0778,Chemistry,No,7,6
STU0156,ASSIGN0779,Chemistry,No,6,15
STU0156,ASSIGN0780,Biology,No,12,9
STU0157,ASSIGN0781,Mathematics,No,9,12
STU0157,ASSIGN0782,Biology,Yes,2,72
STU0157,ASSIGN0783,Chemistry,Yes,3,75
STU0157,ASSIGN0784,Biology,No,6,17
STU0157,ASSIGN0785,Mathematics,No,7,10
STU0158,ASSIGN0786,Biology,No,13,15
STU0158,ASSIGN0787,Biology,No,6,19
STU0158,ASSIGN0788,Chemistry,No,10,3
STU0158,ASSIGN0789,Biology,No,9,1
STU0158,ASSIGN0790,Mathematics,Yes,0,91
STU0159,ASSIGN0791,Physics,Yes,0,51
STU0159,ASSIGN0792,Mathematics,Yes,3,63
STU0159,ASSIGN0793,Physics,Yes,0,96
STU0159,ASSIGN0794,Mathematics,Yes,3,94
STU0159,ASSIGN0795,Mathematics,Yes,5,60
STU0160,ASSIGN0796,Chemistry,Yes,1,87
STU0160,ASSIGN0797,Biology,No,14,11
STU0160,ASSIGN0798,Biology,No,14,20
STU0160,ASSIGN0799,Physics,Yes,0,52
STU0160,ASSIGN0800,Physics,No,6,3
STU0161,ASSIGN0801,Physics,No,13,26
STU0161,ASSIGN0802,Biology,No,12,26
STU0161,ASSIGN0803,Chemistry,No,7,33
STU0161,ASSIGN0804,Chemistry,Yes,3,82
STU0161,ASSIGN0805,Biology,Yes,1,61
STU0162,ASSIGN0806,Biology,No,7,6
STU0162,ASSIGN0807,Chemistry,No,12,33
STU0162,ASSIGN0808,Mathematics,Yes,5,40
STU0162,ASSIGN0809,Chemistry,No,9,40
STU0162,ASSIGN0810,Biology,Yes,4,66
STU0163,ASSIGN0811,Chemistry,No,13,1
STU0163,ASSIGN0812,Chemistry,Yes,1,55
STU0163,ASSIGN0813,Biology,Yes,5,61
STU0163,ASSIGN0814,Biology,Yes,5,49
STU0163,ASSIGN0815,Mathematics,Yes,5,58
STU0164,ASSIGN0816,Chemistry,No,13,40
STU0164,ASSIGN0817,Physics,No,15,39
STU0164,ASSIGN0818,Chemistry,Yes,5,61
STU0164,ASSIGN0819,Chemistry,No,13,25
STU0164,ASSIGN0820,Physics,No,14,23
STU0165,ASSIGN0821,Mathematics,Yes,2,90
STU0165,ASSIGN0822,Chemistry,No,10,7
STU0165,ASSIGN0823,Mathematics,No,6,8
STU0165,ASSIGN0824,Mathematics,Yes,2,52
STU0165,ASSIGN0825,Chemistry,Yes,5,80
STU0166,ASSIGN0826,Physics,Yes,2,68
STU0166,ASSIGN0827,Chemistry,No,15,22
STU0166,ASSIGN0828,Biology,Yes,3,73
STU0166,ASSIGN0829,Biology,Yes,5,51
STU0166,ASSIGN0830,Chemistry,No,11,29
STU0167,ASSIGN0831,Chemistry,No,7,21
STU0167,ASSIGN0832,Physics,Yes,3,49
STU0167,ASSIGN0833,Chemistry,Yes,1,92
STU0167,ASSIGN0834,Mathematics,Yes,0,46
STU0167,ASSIGN0835,Mathematics,No,11,19
STU0168,ASSIGN0836,Chemistry,No,15,8
STU0168,ASSIGN0837,Biology,Yes,2,89
STU0168,ASSIGN0838,Physics,Yes,1,76
STU0168,ASSIGN0839,Physics,No,9,34
STU0168,ASSIGN0840,Chemistry,No,13,16
STU0169,ASSIGN0841,Biology,Yes,5,62
STU0169,ASSIGN0842,Chemistry,Yes,0,40
STU0169,ASSIGN0843,Biology,No,7,2
STU0169,ASSIGN0844,Chemistry,No,15,34
STU0169,ASSIGN0845,Physics,Yes,1,81
STU0170,ASSIGN0846,Mathematics,Yes,1,59
STU0170,ASSIGN0847,Physics,Yes,0,73
STU0170,ASSIGN0848,Mathematics,Yes,5,85
STU0170,ASSIGN0849,Biology,Yes,3,70
STU0170,ASSIGN0850,Chemistry,No,11,32
STU0171,ASSIGN0851,Mathematics,No,12,22
STU0171,ASSIGN0852,Biology,No,9,26
STU0171,ASSIGN0853,Chemistry,Yes,1,74
STU0171,ASSIGN0854,Physics,No,13,13
STU0171,ASSIGN0855,Biology,No,14,14
STU0172,ASSIGN0856,Biology,Yes,3,78
STU0172,ASSIGN0857,Biology,No,15,28
STU0172,ASSIGN0858,Physics,Yes,0,40
STU0172,ASSIGN0859,Chemistry,No,9,18
STU0172,ASSIGN0860,Biology,Yes,3,98
STU0173,ASSIGN0861,Chemistry,Yes,3,89
STU0173,ASSIGN0862,Physics,Yes,3,98
STU0173,ASSIGN0863,Mathematics,No,14,33
STU0173,ASSIGN0864,Physics,Yes,4,47
STU0173,ASSIGN0865,Physics,Yes,1,83
STU0174,ASSIGN0866,Mathematics,No,14,11
STU0174,ASSIGN0867,Biology,Yes,3,87
STU0174,ASSIGN0868,Chemistry,No,11,28
STU0174,ASSIGN0869,Chemistry,No,6,7
STU0174,ASSIGN0870,Chemistry,No,6,36
STU0175,ASSIGN0871,Chemistry,No,9,22
STU0175,ASSIGN0872,Chemistry,Yes,2,77
STU0175,ASSIGN0873,Mathematics,Yes,4,100
STU0175,ASSIGN0874,Chemistry,No,11,16
STU0175,ASSIGN0875,Chemistry,No,9,25
STU0176,ASSIGN0876,Chemistry,Yes,3,57
STU0176,ASSIGN0877,Biology,No,8,33
STU0176,ASSIGN0878,Chemistry,No,10,26
STU0176,ASSIGN0879,Physics,No,10,18
STU0176,ASSIGN0880,Chemistry,No,15,31
STU0177,ASSIGN0881,Chemistry,Yes,4,61
STU0177,ASSIGN0882,Biology,Yes,4,86
STU0177,ASSIGN0883,Chemistry,No,9,38
STU0177,ASSIGN0884,Mathematics,Yes,4,87
STU0177,ASSIGN0885,Physics,No,10,3
STU0178,ASSIGN0886,Mathematics,No,12,36
STU0178,ASSIGN0887,Chemistry,No,13,11
STU0178,ASSIGN0888,Physics,Yes,4,89
STU0178,ASSIGN0889,Chemistry,Yes,1,97
STU0178,ASSIGN0890,Biology,No,9,29
STU0179,ASSIGN0891,Physics,No,10,8
STU0179,ASSIGN0892,Chemistry,No,13,8
STU0179,ASSIGN0893,Biology,No,15,21
STU0179,ASSIGN0894,Physics,No,12,18
STU0179,ASSIGN0895,Mathematics,Yes,3,53
STU0180,ASSIGN0896,Physics,No,13,9
STU0180,ASSIGN0897,Mathematics,Yes,0,90
STU0180,ASSIGN0898,Mathematics,No,10,1
STU0180,ASSIGN0899,Mathematics,No,11,31
STU0180,ASSIGN0900,Mathematics,Yes,1,54
STU0181,ASSIGN0901,Biology,Yes,1,56
STU0181,ASSIGN0902,Chemistry,Yes,2,74
STU0181,ASSIGN0903,Biology,No,13,21
STU0181,ASSIGN0904,Mathematics,No,15,2
STU0181,ASSIGN0905,Chemistry,Yes,4,89
STU0182,ASSIGN0906,Physics,Yes,1,55
STU0182,ASSIGN0907,Physics,Yes,2,63
STU0182,ASSIGN0908,Physics,Yes,1,96
STU0182,ASSIGN0909,Mathematics,Yes,5,78
STU0182,ASSIGN0910,Chemistry,No,10,9
STU0183,ASSIGN0911,Mathematics,Yes,5,77
STU0183,ASSIGN0912,Mathematics,Yes,1,60
STU0183,ASSIGN0913,Physics,No,6,33
STU0183,ASSIGN0914,Physics,Yes,5,75
STU0183,ASSIGN0915,Physics,No,6,17
STU0184,ASSIGN0916,Mathematics,Yes,4,96
STU0184,ASSIGN0917,Chemistry,Yes,5,58
STU0184,ASSIGN0918,Biology,No,13,8
STU0184,ASSIGN0919,Chemistry,Yes,4,51
STU0184,ASSIGN0920,Biology,No,11,36
STU0185,ASSIGN0921,Mathematics,Yes,5,45
STU0185,ASSIGN0922,Chemistry,No,7,28
STU0185,ASSIGN0923,Mathematics,Yes,1,58
STU0185,ASSIGN0924,Chemistry,Yes,3,66
STU0185,ASSIGN0925,Chemistry,No,12,13
STU0186,ASSIGN0926,Chemistry,Yes,2,84
STU0186,ASSIGN0927,Mathematics,Yes,3,74
STU0186,ASSIGN0928,Chemistry,Yes,4,81
STU0186,ASSIGN0929,Chemistry,No,12,27
STU0186,ASSIGN0930,Mathematics,No,13,25
STU0187,ASSIGN0931,Physics,No,9,21
STU0187,ASSIGN0932,Physics,Yes,4,62
STU0187,ASSIGN0933,Chemistry,Yes,4,89
STU0187,ASSIGN0934,Chemistry,Yes,0,42
STU0187,ASSIGN0935,Mathematics,No,10,28
STU0188,ASSIGN0936,Biology,No,7,18
STU0188,ASSIGN0937,Mathematics,No,11,37
STU0188,ASSIGN0938,Mathematics,Yes,4,81
STU0188,ASSIGN0939,Physics,Yes,1,53
STU0188,ASSIGN0940,Biology,Yes,1,57
STU0189,ASSIGN0941,Chemistry,Yes,2,90
STU0189,ASSIGN0942,Physics,No,14,21
STU0189,ASSIGN0943,Mathematics,Yes,5,48
STU0189,ASSIGN0944,Physics,Yes,1,45
STU0189,ASSIGN0945,Biology,No,8,22
STU0190,ASSIGN0946,Biology,No,13,36
STU0190,ASSIGN0947,Mathematics,Yes,0,47
STU0190,ASSIGN0948,Biology,Yes,2,85
STU0190,ASSIGN0949,Mathematics,No,14,25
STU0190,ASSIGN0950,Biology,No,9,36
STU0191,ASSIGN0951,Biology,Yes,3,96
STU0191,ASSIGN0952,Biology,No,14,1
STU0191,ASSIGN0953,Mathematics,No,9,38
STU0191,ASSIGN0954,Biology,No,11,19
STU0191,ASSIGN0955,Physics,No,13,11
STU0192,ASSIGN0956,Biology,Yes,4,92
STU0192,ASSIGN0957,Physics,No,6,2
STU0192,ASSIGN0958,Physics,Yes,2,76
STU0192,ASSIGN0959,Biology,Yes,3,68
STU0192,ASSIGN0960,Biology,Yes,3,43
STU0193,ASSIGN0961,Biology,Yes,3,100
STU0193,ASSIGN0962,Biology,Yes,5,45
STU0193,ASSIGN0963,Biology,Yes,4,91
STU0193,ASSIGN0964,Mathematics,Yes,3,66
STU0193,ASSIGN0965,Physics,Yes,4,62
STU0194,ASSIGN0966,Physics,No,11,27
STU0194,ASSIGN0967,Biology,Yes,5,75
STU0194,ASSIGN0968,Physics,Yes,5,95
STU0194,ASSIGN0969,Biology,No,6,39
STU0194,ASSIGN0970,Physics,No,10,9
STU0195,ASSIGN0971,Mathematics,No,12,4
STU0195,ASSIGN0972,Mathematics,Yes,1,42
STU0195,ASSIGN0973,Physics,No,7,2
STU0195,ASSIGN0974,Chemistry,Yes,2,58
STU0195,ASSIGN0975,Chemistry,No,12,18
STU0196,ASSIGN0976,Mathematics,No,14,15
STU0196,ASSIGN0977,Chemistry,No,7,21
STU0196,ASSIGN0978,Biology,Yes,2,43
STU0196,ASSIGN0979,Chemistry,No,7,1
STU0196,ASSIGN0980,Chemistry,No,9,33
STU0197,ASSIGN0981,Mathematics,Yes,5,68
STU0197,ASSIGN0982,Mathematics,No,11,26
STU0197,ASSIGN0983,Mathematics,Yes,2,66
STU0197,ASSIGN0984,Chemistry,No,14,9
STU0197,ASSIGN0985,Biology,No,6,4
STU0198,ASSIGN0986,Mathematics,No,14,15
STU0198,ASSIGN0987,Mathematics,Yes,1,47
STU0198,ASSIGN0988,Mathematics,Yes,0,90
STU0198,ASSIGN0989,Biology,Yes,5,66
STU0198,ASSIGN0990,Biology,No,13,37
STU0199,ASSIGN0991,Physics,Yes,5,44
STU0199,ASSIGN0992,Physics,No,7,18
STU0199,ASSIGN0993,Mathematics,Yes,0,53
STU0199,ASSIGN0994,Chemistry,No,7,2
STU0199,ASSIGN0995,Mathematics,Yes,3,58
STU0200,ASSIGN0996,Chemistry,Yes,3,45
STU0200,ASSIGN0997,Physics,No,9,19
STU0200,ASSIGN0998,Mathematics,No,9,36
STU0200,ASSIGN0999,Mathematics,Yes,2,81
STU0200,ASSIGN1000,Biology,No,10,29
STU0201,ASSIGN1001,Biology,No,11,3
STU0201,ASSIGN1002,Physics,No,14,11
STU0201,ASSIGN1003,Biology,Yes,3,88
STU0201,ASSIGN1004,Biology,No,9,27
STU0201,ASSIGN1005,Biology,Yes,2,77
STU0202,ASSIGN1006,Mathematics,No,11,1
STU0202,ASSIGN1007,Physics,No,8,30
STU0202,ASSIGN1008,Physics,No,8,29
STU0202,ASSIGN1009,Physics,Yes,4,87
STU0202,ASSIGN1010,Physics,Yes,3,86
STU0203,ASSIGN1011,Chemistry,No,7,30
STU0203,ASSIGN1012,Mathematics,No,7,7
STU0203,ASSIGN1013,Mathematics,No,15,12
STU0203,ASSIGN1014,Mathematics,No,15,25
STU0203,ASSIGN1015,Mathematics,No,11,40
STU0204,ASSIGN1016,Biology,Yes,4,84
STU0204,ASSIGN1017,Chemistry,Yes,2,76
STU0204,ASSIGN1018,Chemistry,No,13,6
STU0204,ASSIGN1019,Biology,Yes,0,54
STU0204,ASSIGN1020,Chemistry,Yes,1,82
STU0205,ASSIGN1021,Chemistry,Yes,5,48
STU0205,ASSIGN1022,Biology,No,6,1
STU0205,ASSIGN1023,Biology,Yes,1,42
STU0205,ASSIGN1024,Physics,Yes,5,61
STU0205,ASSIGN1025,Physics,No,9,10
STU0206,ASSIGN1026,Physics,Yes,4,47
STU0206,ASSIGN1027,Mathematics,Yes,3,51
STU0206,ASSIGN1028,Physics,No,8,14
STU0206,ASSIGN1029,Biology,No,14,7
STU0206,ASSIGN1030,Mathematics,Yes,1,85
STU0207,ASSIGN1031,Mathematics,No,13,2
STU0207,ASSIGN1032,Chemistry,Yes,0,99
STU0207,ASSIGN1033,Mathematics,Yes,0,51
STU0207,ASSIGN1034,Mathematics,Yes,5,75
STU0207,ASSIGN1035,Mathematics,No,6,24
STU0208,ASSIGN1036,Physics,Yes,1,64
STU0208,ASSIGN1037,Biology,Yes,5,42
STU0208,ASSIGN1038,Mathematics,No,7,17
STU0208,ASSIGN1039,Chemistry,No,8,18
STU0208,ASSIGN1040,Physics,No,15,36
STU0209,ASSIGN1041,Chemistry,No,9,28
STU0209,ASSIGN1042,Physics,Yes,0,80
STU0209,ASSIGN1043,Physics,Yes,5,52
STU0209,ASSIGN1044,Physics,Yes,3,75
STU0209,ASSIGN1045,Mathematics,No,13,10
STU0210,ASSIGN1046,Physics,No,15,38
STU0210,ASSIGN1047,Physics,No,9,3
STU0210,ASSIGN1048,Physics,Yes,0,72
STU0210,ASSIGN1049,Physics,No,9,12
STU0210,ASSIGN1050,Biology,Yes,3,70
STU0211,ASSIGN1051,Chemistry,No,7,30
STU0211,ASSIGN1052,Mathematics,No,9,19
STU0211,ASSIGN1053,Physics,Yes,4,68
STU0211,ASSIGN1054,Biology,No,13,13
STU0211,ASSIGN1055,Chemistry,No,10,5
STU0212,ASSIGN1056,Chemistry,Yes,0,84
STU0212,ASSIGN1057,Physics,Yes,4,87
STU0212,ASSIGN1058,Chemistry,Yes,2,68
STU0212,ASSIGN1059,Biology,Yes,2,76
STU0212,ASSIGN1060,Chemistry,Yes,2,93
STU0213,ASSIGN1061,Biology,Yes,0,61
STU0213,ASSIGN1062,Biology,No,13,7
STU0213,ASSIGN1063,Biology,Yes,0,76
STU0213,ASSIGN1064,Chemistry,Yes,1,98
STU0213,ASSIGN1065,Chemistry,No,11,7
STU0214,ASSIGN1066,Mathematics,No,7,23
STU0214,ASSIGN1067,Physics,Yes,1,70
STU0214,ASSIGN1068,Biology,Yes,0,98
STU0214,ASSIGN1069,Mathematics,No,11,40
STU0214,ASSIGN1070,Chemistry,No,10,6
STU0215,ASSIGN1071,Mathematics,No,12,17
STU0215,ASSIGN1072,Biology,No,11,11
STU0215,ASSIGN1073,Mathematics,Yes,2,93
STU0215,ASSIGN1074,Mathematics,Yes,2,42
STU0215,ASSIGN1075,Mathematics,Yes,1,86
STU0216,ASSIGN1076,Mathematics,Yes,4,64
STU0216,ASSIGN1077,Chemistry,No,14,32
STU0216,ASSIGN1078,Physics,Yes,2,57
STU0216,ASSIGN1079,Biology,Yes,5,94
STU0216,ASSIGN1080,Mathematics,Yes,4,40
STU0217,ASSIGN1081,Mathematics,Yes,1,48
STU0217,ASSIGN1082,Biology,Yes,2,96
STU0217,ASSIGN1083,Biology,Yes,5,97
STU0217,ASSIGN1084,Physics,No,9,11
STU0217,ASSIGN1085,Physics,Yes,3,79
STU0218,ASSIGN1086,Chemistry,No,8,19
STU0218,ASSIGN1087,Chemistry,No,10,22
STU0218,ASSIGN1088,Physics,Yes,2,79
STU0218,ASSIGN1089,Biology,No,14,39
STU0218,ASSIGN1090,Mathematics,Yes,3,73
STU0219,ASSIGN1091,Physics,Yes,3,41
STU0219,ASSIGN1092,Mathematics,No,10,19
STU0219,ASSIGN1093,Physics,Yes,4,48
STU0219,ASSIGN1094,Mathematics,No,10,13
STU0219,ASSIGN1095,Mathematics,No,7,35
STU0220,ASSIGN1096,Mathematics,Yes,5,53
STU0220,ASSIGN1097,Biology,Yes,3,97
STU0220,ASSIGN1098,Mathematics,No,6,26
STU0220,ASSIGN1099,Mathematics,No,11,27
STU0220,ASSIGN1100,Biology,No,14,12
STU0221,ASSIGN1101,Chemistry,Yes,4,82
STU0221,ASSIGN1102,Biology,Yes,5,51
STU0221,ASSIGN1103,Mathematics,No,13,37
STU0221,ASSIGN1104,Physics,No,15,24
STU0221,ASSIGN1105,Mathematics,Yes,0,41
STU0222,ASSIGN1106,Chemistry,No,9,5
STU0222,ASSIGN1107,Chemistry,No,13,29
STU0222,ASSIGN1108,Chemistry,No,11,10
STU0222,ASSIGN1109,Chemistry,Yes,3,78
STU0222,ASSIGN1110,Mathematics,No,12,4
STU0223,ASSIGN1111,Biology,Yes,0,90
STU0223,ASSIGN1112,Mathematics,Yes,1,92
STU0223,ASSIGN1113,Biology,No,6,2
STU0223,ASSIGN1114,Biology,Yes,2,47
STU0223,ASSIGN1115,Physics,No,11,20
STU0224,ASSIGN1116,Physics,No,13,31
STU0224,ASSIGN1117,Physics,Yes,3,58
STU0224,ASSIGN1118,Physics,No,13,13
STU0224,ASSIGN1119,Biology,Yes,1,55
STU0224,ASSIGN1120,Chemistry,Yes,0,70
STU0225,ASSIGN1121,Mathematics,No,10,7
STU0225,ASSIGN1122,Chemistry,No,12,20
STU0225,ASSIGN1123,Physics,Yes,1,44
STU0225,ASSIGN1124,Biology,No,6,27
STU0225,ASSIGN1125,Biology,No,6,1
STU0226,ASSIGN1126,Biology,No,6,7
STU0226,ASSIGN1127,Physics,Yes,2,75
STU0226,ASSIGN1128,Chemistry,No,6,8
STU0226,ASSIGN1129,Physics,Yes,0,55
STU0226,ASSIGN1130,Mathematics,No,13,31
STU0227,ASSIGN1131,Biology,Yes,4,90
STU0227,ASSIGN1132,Chemistry,No,8,8
STU0227,ASSIGN1133,Chemistry,No,12,34
STU0227,ASSIGN1134,Physics,Yes,1,87
STU0227,ASSIGN1135,Physics,No,11,5
STU0228,ASSIGN1136,Physics,No,8,0
STU0228,ASSIGN1137,Physics,Yes,5,98
STU0228,ASSIGN1138,Mathematics,Yes,5,50
STU0228,ASSIGN1139,Biology,No,14,32
STU0228,ASSIGN1140,Physics,Yes,3,82
STU0229,ASSIGN1141,Physics,Yes,4,93
STU0229,ASSIGN1142,Biology,No,10,35
STU0229,ASSIGN1143,Biology,No,10,16
STU0229,ASSIGN1144,Mathematics,No,9,3
STU0229,ASSIGN1145,Biology,No,9,33
STU0230,ASSIGN1146,Biology,Yes,4,66
STU0230,ASSIGN1147,Mathematics,Yes,0,49
STU0230,ASSIGN1148,Mathematics,Yes,5,56
STU0230,ASSIGN1149,Mathematics,Yes,0,41
STU0230,ASSIGN1150,Mathematics,Yes,0,76
STU0231,ASSIGN1151,Physics,No,7,31
STU0231,ASSIGN1152,Biology,Yes,0,56
STU0231,ASSIGN1153,Mathematics,Yes,1,100
STU0231,ASSIGN1154,Chemistry,No,6,38
STU0231,ASSIGN1155,Chemistry,No,15,24
STU0232,ASSIGN1156,Mathematics,Yes,5,48
STU0232,ASSIGN1157,Physics,No,10,40
STU0232,ASSIGN1158,Biology,Yes,1,78
STU0232,ASSIGN1159,Biology,Yes,4,62
STU0232,ASSIGN1160,Biology,Yes,3,55
STU0233,ASSIGN1161,Biology,Yes,4,51
STU0233,ASSIGN1162,Biology,Yes,4,98
STU0233,ASSIGN1163,Biology,Yes,3,99
STU0233,ASSIGN1164,Biology,No,7,25
STU0233,ASSIGN1165,Biology,Yes,4,70
STU0234,ASSIGN1166,Chemistry,No,7,33
STU0234,ASSIGN1167,Biology,No,10,15
STU0234,ASSIGN1168,Biology,Yes,2,82
STU0234,ASSIGN1169,Chemistry,No,13,25
STU0234,ASSIGN1170,Biology,Yes,3,89
STU0235,ASSIGN1171,Chemistry,Yes,1,74
STU0235,ASSIGN1172,Mathematics,Yes,1,75
STU0235,ASSIGN1173,Physics,Yes,1,58
STU0235,ASSIGN1174,Chemistry,Yes,3,97
STU0235,ASSIGN1175,Physics,No,8,18
STU0236,ASSIGN1176,Biology,Yes,2,58
STU0236,ASSIGN1177,Mathematics,Yes,5,60
STU0236,ASSIGN1178,Biology,Yes,0,81
STU0236,ASSIGN1179,Physics,Yes,3,92
STU0236,ASSIGN1180,Chemistry,No,13,15
STU0237,ASSIGN1181,Mathematics,No,6,22
STU0237,ASSIGN1182,Mathematics,Yes,1,48
STU0237,ASSIGN1183,Physics,Yes,5,48
STU0237,ASSIGN1184,Mathematics,No,13,36
STU0237,ASSIGN1185,Biology,Yes,3,93
STU0238,ASSIGN1186,Chemistry,No,13,7
STU0238,ASSIGN1187,Biology,No,11,33
STU0238,ASSIGN1188,Physics,Yes,3,100
STU0238,ASSIGN1189,Physics,Yes,1,79
STU0238,ASSIGN1190,Chemistry,Yes,3,94
STU0239,ASSIGN1191,Mathematics,No,7,19
STU0239,ASSIGN1192,Physics,No,15,8
STU0239,ASSIGN1193,Physics,Yes,4,41
STU0239,ASSIGN1194,Chemistry,Yes,4,80
STU0239,ASSIGN1195,Biology,No,8,8
STU0240,ASSIGN1196,Physics,No,7,10
STU0240,ASSIGN1197,Physics,Yes,0,96
STU0240,ASSIGN1198,Biology,Yes,5,60
STU0240,ASSIGN1199,Biology,No,15,11
STU0240,ASSIGN1200,Mathematics,Yes,4,52
STU0241,ASSIGN1201,Physics,Yes,0,42
STU0241,ASSIGN1202,Chemistry,Yes,0,74
STU0241,ASSIGN1203,Chemistry,No,6,33
STU0241,ASSIGN1204,Physics,Yes,2,70
STU0241,ASSIGN1205,Physics,No,8,0
STU0242,ASSIGN1206,Chemistry,Yes,4,59
STU0242,ASSIGN1207,Mathematics,Yes,1,47
STU0242,ASSIGN1208,Chemistry,Yes,5,70
STU0242,ASSIGN1209,Chemistry,Yes,1,44
STU0242,ASSIGN1210,Physics,Yes,3,77
STU0243,ASSIGN1211,Physics,Yes,1,52
STU0243,ASSIGN1212,Physics,No,15,34
STU0243,ASSIGN1213,Physics,Yes,4,95
STU0243,ASSIGN1214,Physics,No,15,10
STU0243,ASSIGN1215,Chemistry,Yes,3,99
STU0244,ASSIGN1216,Biology,No,12,13
STU0244,ASSIGN1217,Biology,No,7,26
STU0244,ASSIGN1218,Mathematics,Yes,5,62
STU0244,ASSIGN1219,Biology,Yes,2,63
STU0244,ASSIGN1220,Mathematics,No,12,18
STU0245,ASSIGN1221,Chemistry,No,14,12
STU0245,ASSIGN1222,Biology,No,10,28
STU0245,ASSIGN1223,Chemistry,No,14,40
STU0245,ASSIGN1224,Chemistry,No,13,39
STU0245,ASSIGN1225,Mathematics,Yes,4,94
STU0246,ASSIGN1226,Mathematics,No,8,40
STU0246,ASSIGN1227,Biology,No,6,36
STU0246,ASSIGN1228,Biology,No,12,0
STU0246,ASSIGN1229,Mathematics,Yes,0,98
STU0246,ASSIGN1230,Physics,No,10,16
STU0247,ASSIGN1231,Physics,Yes,1,59
STU0247,ASSIGN1232,Chemistry,No,7,12
STU0247,ASSIGN1233,Physics,Yes,5,60
STU0247,ASSIGN1234,Mathematics,Yes,4,62
STU0247,ASSIGN1235,Biology,Yes,0,72
STU0248,ASSIGN1236,Physics,Yes,2,78
STU0248,ASSIGN1237,Physics,Yes,1,51
STU0248,ASSIGN1238,Mathematics,No,15,25
STU0248,ASSIGN1239,Mathematics,Yes,2,69
STU0248,ASSIGN1240,Physics,Yes,3,64
STU0249,ASSIGN1241,Chemistry,No,6,33
STU0249,ASSIGN1242,Physics,Yes,5,66
STU0249,ASSIGN1243,Chemistry,No,9,29
STU0249,ASSIGN1244,Mathematics,Yes,0,89
STU0249,ASSIGN1245,Biology,No,8,34
STU0250,ASSIGN1246,Physics,Yes,0,74
STU0250,ASSIGN1247,Physics,No,14,0
STU0250,ASSIGN1248,Biology,Yes,3,80
STU0250,ASSIGN1249,Physics,Yes,2,66
STU0250,ASSIGN1250,Physics,No,6,26
STU0251,ASSIGN1251,Mathematics,Yes,1,88
STU0251,ASSIGN1252,Mathematics,Yes,0,90
STU0251,ASSIGN1253,Chemistry,No,7,22
STU0251,ASSIGN1254,Mathematics,No,10,3
STU0251,ASSIGN1255,Physics,No,8,8
STU0252,ASSIGN1256,Mathematics,No,7,29
STU0252,ASSIGN1257,Biology,No,6,22
STU0252,ASSIGN1258,Chemistry,No,10,10
STU0252,ASSIGN1259,Biology,No,7,39
STU0252,ASSIGN1260,Mathematics,Yes,3,90
STU0253,ASSIGN1261,Biology,Yes,0,64
STU0253,ASSIGN1262,Mathematics,Yes,3,99
STU0253,ASSIGN1263,Physics,No,15,33
STU0253,ASSIGN1264,Chemistry,No,11,17
STU0253,ASSIGN1265,Physics,No,10,34
STU0254,ASSIGN1266,Mathematics,Yes,0,72
STU0254,ASSIGN1267,Mathematics,No,8,36
STU0254,ASSIGN1268,Biology,No,11,37
STU0254,ASSIGN1269,Chemistry,Yes,0,99
STU0254,ASSIGN1270,Chemistry,No,6,35
STU0255,ASSIGN1271,Mathematics,No,9,31
STU0255,ASSIGN1272,Biology,No,13,33
STU0255,ASSIGN1273,Physics,Yes,2,55
STU0255,ASSIGN1274,Biology,No,13,30
STU0255,ASSIGN1275,Chemistry,Yes,1,58
STU0256,ASSIGN1276,Mathematics,No,12,10
STU0256,ASSIGN1277,Physics,No,9,0
STU0256,ASSIGN1278,Biology,Yes,2,66
STU0256,ASSIGN1279,Biology,No,11,2
STU0256,ASSIGN1280,Chemistry,Yes,1,68
STU0257,ASSIGN1281,Biology,Yes,5,46
STU0257,ASSIGN1282,Biology,Yes,5,47
STU0257,ASSIGN1283,Physics,No,15,4
STU0257,ASSIGN1284,Chemistry,No,9,27
STU0257,ASSIGN1285,Biology,No,13,23
STU0258,ASSIGN1286,Physics,No,8,40
STU0258,ASSIGN1287,Chemistry,No,6,22
STU0258,ASSIGN1288,Mathematics,Yes,0,80
STU0258,ASSIGN1289,Mathematics,No,12,30
STU0258,ASSIGN1290,Mathematics,Yes,0,47
STU0259,ASSIGN1291,Physics,No,7,39
STU0259,ASSIGN1292,Physics,Yes,0,83
STU0259,ASSIGN1293,Biology,No,9,2
STU0259,ASSIGN1294,Physics,No,12,33
STU0259,ASSIGN1295,Mathematics,No,15,23
STU0260,ASSIGN1296,Mathematics,No,8,22
STU0260,ASSIGN1297,Physics,Yes,5,77
STU0260,ASSIGN1298,Biology,Yes,3,61
STU0260,ASSIGN1299,Physics,Yes,3,64
STU0260,ASSIGN1300,Chemistry,No,10,0
STU0261,ASSIGN1301,Chemistry,No,6,26
STU0261,ASSIGN1302,Biology,No,10,4
STU0261,ASSIGN1303,Mathematics,No,9,23
STU0261,ASSIGN1304,Physics,Yes,1,54
STU0261,ASSIGN1305,Mathematics,No,7,25
STU0262,ASSIGN1306,Biology,Yes,5,53
STU0262,ASSIGN1307,Biology,Yes,5,87
STU0262,ASSIGN1308,Mathematics,No,12,6
STU0262,ASSIGN1309,Mathematics,Yes,2,64
STU0262,ASSIGN1310,Biology,Yes,5,52
STU0263,ASSIGN1311,Mathematics,Yes,1,75
STU0263,ASSIGN1312,Mathematics,Yes,4,50
STU0263,ASSIGN1313,Mathematics,Yes,2,40
STU0263,ASSIGN1314,Chemistry,No,12,36
STU0263,ASSIGN1315,Physics,Yes,5,92
STU0264,ASSIGN1316,Physics,No,8,10
STU0264,ASSIGN1317,Chemistry,No,12,3
STU0264,ASSIGN1318,Biology,No,6,39
STU0264,ASSIGN1319,Chemistry,No,9,18
STU0264,ASSIGN1320,Chemistry,No,6,37
STU0265,ASSIGN1321,Biology,No,10,35
STU0265,ASSIGN1322,Physics,No,15,28
STU0265,ASSIGN1323,Mathematics,No,8,19
STU0265,ASSIGN1324,Physics,Yes,2,91
STU0265,ASSIGN1325,Mathematics,Yes,1,42
STU0266,ASSIGN1326,Chemistry,No,11,34
STU0266,ASSIGN1327,Biology,No,15,15
STU0266,ASSIGN1328,Physics,No,9,10
STU0266,ASSIGN1329,Biology,No,12,35
STU0266,ASSIGN1330,Chemistry,No,14,7
STU0267,ASSIGN1331,Biology,Yes,5,77
STU0267,ASSIGN1332,Chemistry,Yes,0,64
STU0267,ASSIGN1333,Chemistry,Yes,5,55
STU0267,ASSIGN1334,Physics,No,8,18
STU0267,ASSIGN1335,Physics,Yes,1,59
STU0268,ASSIGN1336,Chemistry,Yes,5,57
STU0268,ASSIGN1337,Physics,Yes,1,48
STU0268,ASSIGN1338,Mathematics,Yes,2,87
STU0268,ASSIGN1339,Physics,No,8,39
STU0268,ASSIGN1340,Biology,Yes,2,65
STU0269,ASSIGN1341,Biology,No,11,7
STU0269,ASSIGN1342,Chemistry,Yes,0,57
STU0269,ASSIGN1343,Physics,No,11,1
STU0269,ASSIGN1344,Chemistry,No,6,32
STU0269,ASSIGN1345,Biology,Yes,2,61
STU0270,ASSIGN1346,Mathematics,Yes,1,77
STU0270,ASSIGN1347,Physics,Yes,0,87
STU0270,ASSIGN1348,Chemistry,Yes,0,52
STU0270,ASSIGN1349,Chemistry,No,7,12
STU0270,ASSIGN1350,Mathematics,No,12,16
STU0271,ASSIGN1351,Mathematics,Yes,4,65
STU0271,ASSIGN1352,Biology,No,6,40
STU0271,ASSIGN1353,Mathematics,No,10,2
STU0271,ASSIGN1354,Physics,No,8,28
STU0271,ASSIGN1355,Mathematics,No,13,40
STU0272,ASSIGN1356,Biology,No,8,32
STU0272,ASSIGN1357,Chemistry,No,12,24
STU0272,ASSIGN1358,Physics,Yes,5,48
STU0272,ASSIGN1359,Biology,No,15,11
STU0272,ASSIGN1360,Physics,Yes,3,97
STU0273,ASSIGN1361,Mathematics,Yes,2,78
STU0273,ASSIGN1362,Chemistry,Yes,3,90
STU0273,ASSIGN1363,Physics,No,12,28
STU0273,ASSIGN1364,Biology,No,6,6
STU0273,ASSIGN1365,Biology,No,10,36
STU0274,ASSIGN1366,Physics,Yes,2,75
STU0274,ASSIGN1367,Physics,No,13,13
STU0274,ASSIGN1368,Chemistry,Yes,0,83
STU0274,ASSIGN1369,Biology,Yes,0,73
STU0274,ASSIGN1370,Mathematics,Yes,1,57
STU0275,ASSIGN1371,Mathematics,No,12,35
STU0275,ASSIGN1372,Physics,No,6,8
STU0275,ASSIGN1373,Mathematics,Yes,5,46
STU0275,ASSIGN1374,Biology,No,11,31
STU0275,ASSIGN1375,Physics,No,12,4
STU0276,ASSIGN1376,Biology,No,15,14
STU0276,ASSIGN1377,Mathematics,Yes,2,90
STU0276,ASSIGN1378,Mathematics,No,11,23
STU0276,ASSIGN1379,Biology,Yes,0,71
STU0276,ASSIGN1380,Chemistry,No,6,4
STU0277,ASSIGN1381,Biology,No,13,25
STU0277,ASSIGN1382,Physics,Yes,1,73
STU0277,ASSIGN1383,Chemistry,No,6,32
STU0277,ASSIGN1384,Physics,Yes,1,71
STU0277,ASSIGN1385,Chemistry,No,7,19
STU0278,ASSIGN1386,Chemistry,Yes,5,76
STU0278,ASSIGN1387,Physics,No,11,8
STU0278,ASSIGN1388,Physics,Yes,4,93
STU0278,ASSIGN1389,Biology,Yes,4,44
STU0278,ASSIGN1390,Mathematics,No,8,2
STU0279,ASSIGN1391,Chemistry,No,11,28
STU0279,ASSIGN1392,Chemistry,No,14,28
STU0279,ASSIGN1393,Physics,Yes,3,73
STU0279,ASSIGN1394,Mathematics,No,13,20
STU0279,ASSIGN1395,Chemistry,No,14,37
STU0280,ASSIGN1396,Mathematics,Yes,3,58
STU0280,ASSIGN1397,Chemistry,No,8,30
STU0280,ASSIGN1398,Biology,No,14,32
STU0280,ASSIGN1399,Biology,Yes,1,53
STU0280,ASSIGN1400,Mathematics,Yes,0,78
STU0281,ASSIGN1401,Biology,Yes,4,79
STU0281,ASSIGN1402,Mathematics,Yes,1,93
STU0281,ASSIGN1403,Chemistry,No,10,35
STU0281,ASSIGN1404,Chemistry,No,15,30
STU0281,ASSIGN1405,Mathematics,Yes,3,88
STU0282,ASSIGN1406,Mathematics,No,11,28
STU0282,ASSIGN1407,Mathematics,No,13,7
STU0282,ASSIGN1408,Chemistry,Yes,2,56
STU0282,ASSIGN1409,Biology,Yes,0,49
STU0282,ASSIGN1410,Chemistry,No,9,34
STU0283,ASSIGN1411,Physics,Yes,1,97
STU0283,ASSIGN1412,Biology,Yes,0,65
STU0283,ASSIGN1413,Mathematics,Yes,4,92
STU0283,ASSIGN1414,Chemistry,No,7,9
STU0283,ASSIGN1415,Physics,Yes,5,94
STU0284,ASSIGN1416,Physics,Yes,1,86
STU0284,ASSIGN1417,Biology,Yes,1,64
STU0284,ASSIGN1418,Physics,No,14,35
STU0284,ASSIGN1419,Chemistry,Yes,3,80
STU0284,ASSIGN1420,Physics,No,15,8
STU0285,ASSIGN1421,Chemistry,Yes,1,76
STU0285,ASSIGN1422,Chemistry,Yes,5,76
STU0285,ASSIGN1423,Physics,Yes,3,79
STU0285,ASSIGN1424,Chemistry,Yes,3,44
STU0285,ASSIGN1425,Mathematics,Yes,0,61
STU0286,ASSIGN1426,Biology,Yes,4,61
STU0286,ASSIGN1427,Biology,No,6,15
STU0286,ASSIGN1428,Mathematics,No,11,4
STU0286,ASSIGN1429,Chemistry,No,10,6
STU0286,ASSIGN1430,Mathematics,Yes,1,79
STU0287,ASSIGN1431,Mathematics,No,11,5
STU0287,ASSIGN1432,Mathematics,Yes,0,72
STU0287,ASSIGN1433,Biology,No,7,40
STU0287,ASSIGN1434,Chemistry,No,6,9
STU0287,ASSIGN1435,Mathematics,No,10,4
STU0288,ASSIGN1436,Chemistry,Yes,2,99
STU0288,ASSIGN1437,Mathematics,Yes,2,82
STU0288,ASSIGN1438,Mathematics,Yes,0,82
STU0288,ASSIGN1439,Biology,No,12,9
STU0288,ASSIGN1440,Physics,No,8,29
STU0289,ASSIGN1441,Biology,Yes,1,46
STU0289,ASSIGN1442,Chemistry,No,9,9
STU0289,ASSIGN1443,Biology,No,15,39
STU0289,ASSIGN1444,Biology,No,8,33
STU0289,ASSIGN1445,Chemistry,Yes,0,90
STU0290,ASSIGN1446,Mathematics,Yes,2,99
STU0290,ASSIGN1447,Mathematics,Yes,2,85
STU0290,ASSIGN1448,Biology,No,6,35
STU0290,ASSIGN1449,Mathematics,No,6,20
STU0290,ASSIGN1450,Physics,Yes,0,77
STU0291,ASSIGN1451,Chemistry,No,8,4
STU0291,ASSIGN1452,Physics,No,15,5
STU0291,ASSIGN1453,Mathematics,Yes,2,40
STU0291,ASSIGN1454,Physics,No,7,0
STU0291,ASSIGN1455,Physics,Yes,5,47
STU0292,ASSIGN1456,Mathematics,No,10,4
STU0292,ASSIGN1457,Chemistry,No,13,20
STU0292,ASSIGN1458,Biology,No,12,28
STU0292,ASSIGN1459,Physics,Yes,1,96
STU0292,ASSIGN1460,Chemistry,No,13,19
STU0293,ASSIGN1461,Biology,No,15,34
STU0293,ASSIGN1462,Mathematics,Yes,1,69
STU0293,ASSIGN1463,Biology,Yes,5,41
STU0293,ASSIGN1464,Chemistry,No,14,10
STU0293,ASSIGN1465,Biology,No,12,15
STU0294,ASSIGN1466,Biology,No,9,23
STU0294,ASSIGN1467,Chemistry,No,10,38
STU0294,ASSIGN1468,Chemistry,No,13,38
STU0294,ASSIGN1469,Biology,No,9,4
STU0294,ASSIGN1470,Biology,No,11,19
STU0295,ASSIGN1471,Physics,No,11,38
STU0295,ASSIGN1472,Physics,Yes,2,69
STU0295,ASSIGN1473,Mathematics,No,14,22
STU0295,ASSIGN1474,Mathematics,No,13,29
STU0295,ASSIGN1475,Chemistry,No,11,12
STU0296,ASSIGN1476,Mathematics,No,13,1
STU0296,ASSIGN1477,Biology,Yes,2,65
STU0296,ASSIGN1478,Physics,No,14,24
STU0296,ASSIGN1479,Mathematics,Yes,2,57
STU0296,ASSIGN1480,Chemistry,No,8,19
STU0297,ASSIGN1481,Mathematics,Yes,0,57
STU0297,ASSIGN1482,Mathematics,No,13,37
STU0297,ASSIGN1483,Mathematics,No,6,25
STU0297,ASSIGN1484,Mathematics,Yes,2,69
STU0297,ASSIGN1485,Chemistry,Yes,2,66
STU0298,ASSIGN1486,Mathematics,Yes,3,42
STU0298,ASSIGN1487,Biology,Yes,4,76
STU0298,ASSIGN1488,Mathematics,No,9,36
STU0298,ASSIGN1489,Mathematics,Yes,5,61
STU0298,ASSIGN1490,Physics,Yes,5,40
STU0299,ASSIGN1491,Chemistry,No,13,4
STU0299,ASSIGN1492,Physics,Yes,4,86
STU0299,ASSIGN1493,Chemistry,No,8,30
STU0299,ASSIGN1494,Chemistry,No,15,39
STU0299,ASSIGN1495,Physics,No,7,30
STU0300,ASSIGN1496,Physics,No,15,38
STU0300,ASSIGN1497,Mathematics,No,10,11
STU0300,ASSIGN1498,Chemistry,No,6,13
STU0300,ASSIGN1499,Chemistry,No,11,22
STU0300,ASSIGN1500,Physics,Yes,4,69
STU0301,ASSIGN1501,Biology,No,10,15
STU0301,ASSIGN1502,Physics,Yes,0,78
STU0301,ASSIGN1503,Chemistry,No,11,31
STU0301,ASSIGN1504,Physics,Yes,4,85
STU0301,ASSIGN1505,Physics,No,13,38
STU0302,ASSIGN1506,Chemistry,No,8,3
STU0302,ASSIGN1507,Physics,No,6,34
STU0302,ASSIGN1508,Mathematics,No,10,4
STU0302,ASSIGN1509,Mathematics,Yes,2,100
STU0302,ASSIGN1510,Chemistry,Yes,0,54
STU0303,ASSIGN1511,Biology,No,13,36
STU0303,ASSIGN1512,Biology,Yes,0,63
STU0303,ASSIGN1513,Mathematics,Yes,5,44
STU0303,ASSIGN1514,Chemistry,No,9,10
STU0303,ASSIGN1515,Biology,Yes,2,93
STU0304,ASSIGN1516,Physics,No,15,27
STU0304,ASSIGN1517,Biology,No,8,5
STU0304,ASSIGN1518,Biology,Yes,1,73
STU0304,ASSIGN1519,Chemistry,No,14,2
STU0304,ASSIGN1520,Chemistry,Yes,3,44
STU0305,ASSIGN1521,Biology,Yes,5,63
STU0305,ASSIGN1522,Physics,Yes,5,75
STU0305,ASSIGN1523,Chemistry,Yes,2,97
STU0305,ASSIGN1524,Physics,No,7,14
STU0305,ASSIGN1525,Chemistry,Yes,1,67
STU0306,ASSIGN1526,Chemistry,Yes,2,80
STU0306,ASSIGN1527,Mathematics,Yes,3,94
STU0306,ASSIGN1528,Physics,No,7,12
STU0306,ASSIGN1529,Mathematics,Yes,3,82
STU0306,ASSIGN1530,Mathematics,Yes,3,70
STU0307,ASSIGN1531,Mathematics,No,11,18
STU0307,ASSIGN1532,Physics,Yes,2,65
STU0307,ASSIGN1533,Biology,No,6,26
STU0307,ASSIGN1534,Physics,No,6,26
STU0307,ASSIGN1535,Physics,No,12,24
STU0308,ASSIGN1536,Biology,Yes,2,81
STU0308,ASSIGN1537,Mathematics,No,10,14
STU0308,ASSIGN1538,Physics,Yes,0,86
STU0308,ASSIGN1539,Biology,No,9,12
STU0308,ASSIGN1540,Mathematics,No,6,9
STU0309,ASSIGN1541,Physics,Yes,1,76
STU0309,ASSIGN1542,Biology,Yes,4,73
STU0309,ASSIGN1543,Mathematics,No,6,13
STU0309,ASSIGN1544,Chemistry,No,6,11
STU0309,ASSIGN1545,Chemistry,No,12,26
STU0310,ASSIGN1546,Chemistry,No,11,12
STU0310,ASSIGN1547,Mathematics,No,12,13
STU0310,ASSIGN1548,Chemistry,No,10,34
STU0310,ASSIGN1549,Mathematics,No,14,3
STU0310,ASSIGN1550,Biology,No,10,35
STU0311,ASSIGN1551,Physics,No,6,18
STU0311,ASSIGN1552,Physics,Yes,4,87
STU0311,ASSIGN1553,Biology,No,13,14
STU0311,ASSIGN1554,Biology,Yes,3,87
STU0311,ASSIGN1555,Physics,No,7,12
STU0312,ASSIGN1556,Chemistry,Yes,2,91
STU0312,ASSIGN1557,Biology,No,9,0
STU0312,ASSIGN1558,Chemistry,Yes,0,66
STU0312,ASSIGN1559,Physics,Yes,5,41
STU0312,ASSIGN1560,Mathematics,Yes,2,100
STU0313,ASSIGN1561,Chemistry,Yes,1,96
STU0313,ASSIGN1562,Mathematics,Yes,3,46
STU0313,ASSIGN1563,Biology,Yes,4,73
STU0313,ASSIGN1564,Chemistry,Yes,5,85
STU0313,ASSIGN1565,Chemistry,No,12,35
STU0314,ASSIGN1566,Mathematics,No,11,37
STU0314,ASSIGN1567,Biology,Yes,4,76
STU0314,ASSIGN1568,Chemistry,Yes,4,41
STU0314,ASSIGN1569,Chemistry,Yes,3,98
STU0314,ASSIGN1570,Biology,Yes,1,73
STU0315,ASSIGN1571,Chemistry,No,7,26
STU0315,ASSIGN1572,Chemistry,Yes,1,98
STU0315,ASSIGN1573,Biology,No,10,8
STU0315,ASSIGN1574,Biology,Yes,3,86
STU0315,ASSIGN1575,Mathematics,No,10,37
STU0316,ASSIGN1576,Chemistry,No,8,32
STU0316,ASSIGN1577,Chemistry,Yes,2,52
STU0316,ASSIGN1578,Physics,No,8,8
STU0316,ASSIGN1579,Physics,No,8,23
STU0316,ASSIGN1580,Biology,No,12,28
STU0317,ASSIGN1581,Physics,Yes,3,96
STU0317,ASSIGN1582,Mathematics,Yes,2,77
STU0317,ASSIGN1583,Mathematics,Yes,5,54
STU0317,ASSIGN1584,Chemistry,No,10,15
STU0317,ASSIGN1585,Physics,Yes,4,50
STU0318,ASSIGN1586,Biology,Yes,0,83
STU0318,ASSIGN1587,Mathematics,Yes,5,82
STU0318,ASSIGN1588,Physics,Yes,2,85
STU0318,ASSIGN1589,Mathematics,No,7,7
STU0318,ASSIGN1590,Chemistry,Yes,1,71
STU0319,ASSIGN1591,Mathematics,No,6,40
STU0319,ASSIGN1592,Chemistry,No,11,1
STU0319,ASSIGN1593,Biology,Yes,0,75
STU0319,ASSIGN1594,Mathematics,No,11,10
STU0319,ASSIGN1595,Mathematics,Yes,2,73
STU0320,ASSIGN1596,Physics,No,7,14
STU0320,ASSIGN1597,Physics,Yes,5,98
STU0320,ASSIGN1598,Chemistry,No,11,17
STU0320,ASSIGN1599,Chemistry,No,7,40
STU0320,ASSIGN1600,Chemistry,Yes,0,54
STU0321,ASSIGN1601,Biology,Yes,1,85
STU0321,ASSIGN1602,Biology,No,8,24
STU0321,ASSIGN1603,Chemistry,Yes,3,69
STU0321,ASSIGN1604,Chemistry,Yes,0,60
STU0321,ASSIGN1605,Physics,Yes,0,98
STU0322,ASSIGN1606,Physics,No,14,17
STU0322,ASSIGN1607,Mathematics,Yes,2,91
STU0322,ASSIGN1608,Mathematics,No,6,3
STU0322,ASSIGN1609,Chemistry,Yes,2,98
STU0322,ASSIGN1610,Chemistry,No,8,1
STU0323,ASSIGN1611,Mathematics,No,6,5
STU0323,ASSIGN1612,Biology,Yes,5,97
STU0323,ASSIGN1613,Chemistry,Yes,0,86
STU0323,ASSIGN1614,Mathematics,No,11,36
STU0323,ASSIGN1615,Mathematics,No,10,39
STU0324,ASSIGN1616,Mathematics,No,7,34
STU0324,ASSIGN1617,Mathematics,Yes,2,47
STU0324,ASSIGN1618,Biology,No,9,26
STU0324,ASSIGN1619,Mathematics,Yes,4,74
STU0324,ASSIGN1620,Biology,Yes,2,93
STU0325,ASSIGN1621,Chemistry,No,14,38
STU0325,ASSIGN1622,Physics,Yes,1,77
STU0325,ASSIGN1623,Biology,No,15,23
STU0325,ASSIGN1624,Chemistry,Yes,0,63
STU0325,ASSIGN1625,Physics,No,14,15
STU0326,ASSIGN1626,Mathematics,No,15,35
STU0326,ASSIGN1627,Biology,No,6,33
STU0326,ASSIGN1628,Biology,Yes,1,70
STU0326,ASSIGN1629,Physics,Yes,0,73
STU0326,ASSIGN1630,Mathematics,Yes,0,64
STU0327,ASSIGN1631,Chemistry,No,8,14
STU0327,ASSIGN1632,Mathematics,No,11,11
STU0327,ASSIGN1633,Chemistry,No,7,39
STU0327,ASSIGN1634,Physics,Yes,0,90
STU0327,ASSIGN1635,Biology,No,11,32
STU0328,ASSIGN1636,Physics,Yes,4,56
STU0328,ASSIGN1637,Physics,No,8,23
STU0328,ASSIGN1638,Physics,No,12,18
STU0328,ASSIGN1639,Physics,No,6,23
STU0328,ASSIGN1640,Mathematics,No,12,18
STU0329,ASSIGN1641,Mathematics,No,14,16
STU0329,ASSIGN1642,Physics,No,7,23
STU0329,ASSIGN1643,Mathematics,Yes,5,91
STU0329,ASSIGN1644,Mathematics,Yes,2,92
STU0329,ASSIGN1645,Chemistry,Yes,1,87
STU0330,ASSIGN1646,Physics,No,10,12
STU0330,ASSIGN1647,Mathematics,No,7,39
STU0330,ASSIGN1648,Biology,Yes,5,69
STU0330,ASSIGN1649,Chemistry,No,10,30
STU0330,ASSIGN1650,Physics,Yes,4,90
STU0331,ASSIGN1651,Mathematics,No,8,31
STU0331,ASSIGN1652,Biology,No,12,38
STU0331,ASSIGN1653,Physics,Yes,0,91
STU0331,ASSIGN1654,Chemistry,No,6,32
STU0331,ASSIGN1655,Biology,No,11,27
STU0332,ASSIGN1656,Chemistry,Yes,2,94
STU0332,ASSIGN1657,Biology,Yes,1,90
STU0332,ASSIGN1658,Chemistry,Yes,4,48
STU0332,ASSIGN1659,Biology,No,8,3
STU0332,ASSIGN1660,Biology,Yes,0,49
STU0333,ASSIGN1661,Mathematics,No,11,35
STU0333,ASSIGN1662,Biology,Yes,0,58
STU0333,ASSIGN1663,Biology,No,6,30
STU0333,ASSIGN1664,Chemistry,No,7,9
STU0333,ASSIGN1665,Mathematics,Yes,5,41
STU0334,ASSIGN1666,Mathematics,No,6,24
STU0334,ASSIGN1667,Mathematics,No,12,15
STU0334,ASSIGN1668,Biology,Yes,3,92
STU0334,ASSIGN1669,Biology,No,8,2
STU0334,ASSIGN1670,Physics,No,10,6
STU0335,ASSIGN1671,Biology,No,12,36
STU0335,ASSIGN1672,Physics,Yes,4,66
STU0335,ASSIGN1673,Chemistry,Yes,2,84
STU0335,ASSIGN1674,Physics,Yes,5,82
STU0335,ASSIGN1675,Chemistry,Yes,5,91
STU0336,ASSIGN1676,Mathematics,Yes,1,63
STU0336,ASSIGN1677,Physics,Yes,4,73
STU0336,ASSIGN1678,Biology,No,7,22
STU0336,ASSIGN1679,Physics,Yes,3,87
STU0336,ASSIGN1680,Mathematics,Yes,3,42
STU0337,ASSIGN1681,Physics,Yes,3,62
STU0337,ASSIGN1682,Biology,No,12,30
STU0337,ASSIGN1683,Physics,Yes,1,41
STU0337,ASSIGN1684,Chemistry,Yes,0,83
STU0337,ASSIGN1685,Mathematics,No,7,36
STU0338,ASSIGN1686,Physics,No,7,38
STU0338,ASSIGN1687,Mathematics,Yes,1,51
STU0338,ASSIGN1688,Biology,No,8,8
STU0338,ASSIGN1689,Mathematics,No,13,39
STU0338,ASSIGN1690,Chemistry,Yes,3,40
STU0339,ASSIGN1691,Chemistry,Yes,0,99
STU0339,ASSIGN1692,Mathematics,No,14,10
STU0339,ASSIGN1693,Mathematics,No,7,35
STU0339,ASSIGN1694,Mathematics,No,8,9
STU0339,ASSIGN1695,Physics,Yes,0,68
STU0340,ASSIGN1696,Mathematics,Yes,2,85
STU0340,ASSIGN1697,Biology,No,12,18
STU0340,ASSIGN1698,Biology,No,15,30
STU0340,ASSIGN1699,Mathematics,Yes,3,40
STU0340,ASSIGN1700,Chemistry,No,14,39
STU0341,ASSIGN1701,Physics,Yes,4,87
STU0341,ASSIGN1702,Mathematics,No,7,18
STU0341,ASSIGN1703,Mathematics,No,9,11
STU0341,ASSIGN1704,Mathematics,Yes,5,81
STU0341,ASSIGN1705,Mathematics,Yes,5,46
STU0342,ASSIGN1706,Biology,Yes,0,76
STU0342,ASSIGN1707,Chemistry,Yes,0,98
STU0342,ASSIGN1708,Mathematics,No,12,28
STU0342,ASSIGN1709,Biology,Yes,5,94
STU0342,ASSIGN1710,Physics,No,7,35
STU0343,ASSIGN1711,Biology,No,9,16
STU0343,ASSIGN1712,Mathematics,Yes,3,87
STU0343,ASSIGN1713,Mathematics,Yes,0,77
STU0343,ASSIGN1714,Mathematics,Yes,5,51
STU0343,ASSIGN1715,Mathematics,No,6,3
STU0344,ASSIGN1716,Mathematics,No,14,25
STU0344,ASSIGN1717,Physics,No,7,19
STU0344,ASSIGN1718,Mathematics,Yes,1,48
STU0344,ASSIGN1719,Mathematics,Yes,2,86
STU0344,ASSIGN1720,Physics,Yes,1,94
STU0345,ASSIGN1721,Physics,No,13,18
STU0345,ASSIGN1722,Biology,No,10,6
STU0345,ASSIGN1723,Mathematics,Yes,1,65
STU0345,ASSIGN1724,Physics,No,11,11
STU0345,ASSIGN1725,Physics,No,8,2
STU0346,ASSIGN1726,Physics,No,13,37
STU0346,ASSIGN1727,Physics,No,7,40
STU0346,ASSIGN1728,Chemistry,Yes,2,54
STU0346,ASSIGN1729,Physics,Yes,2,84
STU0346,ASSIGN1730,Mathematics,No,9,32
STU0347,ASSIGN1731,Chemistry,No,8,28
STU0347,ASSIGN1732,Physics,No,9,18
STU0347,ASSIGN1733,Mathematics,Yes,1,76
STU0347,ASSIGN1734,Mathematics,Yes,3,44
STU0347,ASSIGN1735,Physics,No,7,16
STU0348,ASSIGN1736,Physics,Yes,0,54
STU0348,ASSIGN1737,Mathematics,No,13,33
STU0348,ASSIGN1738,Mathematics,Yes,2,75
STU0348,ASSIGN1739,Mathematics,Yes,3,95
STU0348,ASSIGN1740,Chemistry,No,9,5
STU0349,ASSIGN1741,Biology,Yes,3,93
STU0349,ASSIGN1742,Physics,Yes,0,64
STU0349,ASSIGN1743,Biology,Yes,0,81
STU0349,ASSIGN1744,Physics,Yes,3,68
STU0349,ASSIGN1745,Mathematics,Yes,0,91
STU0350,ASSIGN1746,Mathematics,No,13,35
STU0350,ASSIGN1747,Biology,Yes,4,59
STU0350,ASSIGN1748,Physics,No,8,18
STU0350,ASSIGN1749,Physics,No,12,39
STU0350,ASSIGN1750,Chemistry,No,10,11
STU0351,ASSIGN1751,Mathematics,No,6,3
STU0351,ASSIGN1752,Mathematics,Yes,2,78
STU0351,ASSIGN1753,Biology,No,13,37
STU0351,ASSIGN1754,Chemistry,Yes,4,44
STU0351,ASSIGN1755,Biology,Yes,5,62
STU0352,ASSIGN1756,Physics,Yes,4,73
STU0352,ASSIGN1757,Biology,Yes,5,92
STU0352,ASSIGN1758,Biology,No,7,7
STU0352,ASSIGN1759,Mathematics,No,11,17
STU0352,ASSIGN1760,Physics,Yes,0,79
STU0353,ASSIGN1761,Mathematics,Yes,1,52
STU0353,ASSIGN1762,Chemistry,No,13,0
STU0353,ASSIGN1763,Biology,No,10,33
STU0353,ASSIGN1764,Chemistry,No,6,5
STU0353,ASSIGN1765,Chemistry,No,9,14
STU0354,ASSIGN1766,Physics,No,12,17
STU0354,ASSIGN1767,Chemistry,No,15,16
STU0354,ASSIGN1768,Biology,Yes,0,50
STU0354,ASSIGN1769,Chemistry,No,14,36
STU0354,ASSIGN1770,Physics,Yes,5,94
STU0355,ASSIGN1771,Physics,No,14,18
STU0355,ASSIGN1772,Mathematics,No,9,21
STU0355,ASSIGN1773,Mathematics,Yes,4,96
STU0355,ASSIGN1774,Biology,No,14,3
STU0355,ASSIGN1775,Chemistry,Yes,3,57
STU0356,ASSIGN1776,Mathematics,Yes,5,91
STU0356,ASSIGN1777,Biology,No,12,2
STU0356,ASSIGN1778,Biology,No,11,20
STU0356,ASSIGN1779,Chemistry,Yes,5,85
STU0356,ASSIGN1780,Biology,No,10,3
STU0357,ASSIGN1781,Biology,Yes,2,78
STU0357,ASSIGN1782,Chemistry,No,8,26
STU0357,ASSIGN1783,Mathematics,No,11,36
STU0357,ASSIGN1784,Physics,No,9,14
STU0357,ASSIGN1785,Physics,No,6,19
STU0358,ASSIGN1786,Biology,Yes,0,63
STU0358,ASSIGN1787,Chemistry,No,9,22
STU0358,ASSIGN1788,Biology,No,12,21
STU0358,ASSIGN1789,Biology,No,6,7
STU0358,ASSIGN1790,Chemistry,Yes,2,64
STU0359,ASSIGN1791,Biology,Yes,5,69
STU0359,ASSIGN1792,Chemistry,No,7,28
STU0359,ASSIGN1793,Mathematics,No,10,29
STU0359,ASSIGN1794,Biology,No,6,33
STU0359,ASSIGN1795,Biology,Yes,2,99
STU0360,ASSIGN1796,Mathematics,No,8,25
STU0360,ASSIGN1797,Chemistry,No,8,2
STU0360,ASSIGN1798,Mathematics,Yes,1,77
STU0360,ASSIGN1799,Chemistry,No,7,27
STU0360,ASSIGN1800,Mathematics,No,10,29
STU0361,ASSIGN1801,Chemistry,No,10,27
STU0361,ASSIGN1802,Physics,Yes,4,76
STU0361,ASSIGN1803,Physics,Yes,1,97
STU0361,ASSIGN1804,Physics,No,14,33
STU0361,ASSIGN1805,Mathematics,No,7,12
STU0362,ASSIGN1806,Chemistry,Yes,3,82
STU0362,ASSIGN1807,Physics,No,7,38
STU0362,ASSIGN1808,Biology,No,15,28
STU0362,ASSIGN1809,Chemistry,No,10,30
STU0362,ASSIGN1810,Chemistry,No,14,2
STU0363,ASSIGN1811,Mathematics,No,14,10
STU0363,ASSIGN1812,Physics,Yes,2,78
STU0363,ASSIGN1813,Biology,Yes,1,63
STU0363,ASSIGN1814,Mathematics,Yes,4,87
STU0363,ASSIGN1815,Chemistry,No,11,27
STU0364,ASSIGN1816,Physics,Yes,4,87
STU0364,ASSIGN1817,Biology,No,12,27
STU0364,ASSIGN1818,Biology,No,7,33
STU0364,ASSIGN1819,Biology,Yes,3,80
STU0364,ASSIGN1820,Physics,No,14,30
STU0365,ASSIGN1821,Chemistry,No,8,10
STU0365,ASSIGN1822,Biology,Yes,0,87
STU0365,ASSIGN1823,Chemistry,Yes,3,69
STU0365,ASSIGN1824,Chemistry,No,10,2
STU0365,ASSIGN1825,Physics,Yes,3,43
STU0366,ASSIGN1826,Physics,Yes,4,89
STU0366,ASSIGN1827,Biology,No,12,16
STU0366,ASSIGN1828,Chemistry,No,15,3
STU0366,ASSIGN1829,Biology,Yes,5,99
STU0366,ASSIGN1830,Chemistry,No,15,0
STU0367,ASSIGN1831,Chemistry,No,10,31
STU0367,ASSIGN1832,Mathematics,No,11,14
STU0367,ASSIGN1833,Biology,No,11,40
STU0367,ASSIGN1834,Physics,No,15,23
STU0367,ASSIGN1835,Biology,Yes,2,97
STU0368,ASSIGN1836,Mathematics,Yes,0,54
STU0368,ASSIGN1837,Physics,Yes,1,64
STU0368,ASSIGN1838,Chemistry,Yes,2,89
STU0368,ASSIGN1839,Physics,No,8,28
STU0368,ASSIGN1840,Chemistry,Yes,0,56
STU0369,ASSIGN1841,Mathematics,Yes,2,99
STU0369,ASSIGN1842,Physics,Yes,1,64
STU0369,ASSIGN1843,Biology,Yes,3,77
STU0369,ASSIGN1844,Biology,No,8,28
STU0369,ASSIGN1845,Chemistry,Yes,0,46
STU0370,ASSIGN1846,Biology,Yes,4,64
STU0370,ASSIGN1847,Biology,Yes,5,69
STU0370,ASSIGN1848,Chemistry,Yes,5,90
STU0370,ASSIGN1849,Physics,No,13,0
STU0370,ASSIGN1850,Physics,Yes,1,96
STU0371,ASSIGN1851,Physics,Yes,5,58
STU0371,ASSIGN1852,Chemistry,Yes,5,51
STU0371,ASSIGN1853,Chemistry,Yes,1,71
STU0371,ASSIGN1854,Physics,Yes,5,86
STU0371,ASSIGN1855,Physics,Yes,4,91
STU0372,ASSIGN1856,Physics,No,10,1
STU0372,ASSIGN1857,Chemistry,No,6,1
STU0372,ASSIGN1858,Physics,No,14,36
STU0372,ASSIGN1859,Biology,Yes,4,92
STU0372,ASSIGN1860,Chemistry,Yes,4,65
STU0373,ASSIGN1861,Mathematics,No,14,4
STU0373,ASSIGN1862,Mathematics,Yes,1,58
STU0373,ASSIGN1863,Chemistry,Yes,5,79
STU0373,ASSIGN1864,Chemistry,No,15,7
STU0373,ASSIGN1865,Biology,Yes,1,83
STU0374,ASSIGN1866,Mathematics,Yes,5,46
STU0374,ASSIGN1867,Physics,Yes,5,84
STU0374,ASSIGN1868,Physics,No,11,38
STU0374,ASSIGN1869,Mathematics,No,15,29
STU0374,ASSIGN1870,Physics,Yes,4,82
STU0375,ASSIGN1871,Chemistry,No,14,27
STU0375,ASSIGN1872,Biology,Yes,5,51
STU0375,ASSIGN1873,Biology,Yes,5,81
STU0375,ASSIGN1874,Physics,Yes,5,80
STU0375,ASSIGN1875,Physics,No,6,5
STU0376,ASSIGN1876,Mathematics,Yes,0,59
STU0376,ASSIGN1877,Chemistry,No,15,16
STU0376,ASSIGN1878,Mathematics,No,13,13
STU0376,ASSIGN1879,Biology,Yes,5,66
STU0376,ASSIGN1880,Physics,Yes,0,65
STU0377,ASSIGN1881,Physics,Yes,5,41
STU0377,ASSIGN1882,Chemistry,Yes,5,45
STU0377,ASSIGN1883,Chemistry,No,12,22
STU0377,ASSIGN1884,Mathematics,Yes,5,88
STU0377,ASSIGN1885,Mathematics,Yes,4,67
STU0378,ASSIGN1886,Biology,No,6,27
STU0378,ASSIGN1887,Physics,Yes,2,50
STU0378,ASSIGN1888,Chemistry,Yes,2,92
STU0378,ASSIGN1889,Physics,No,8,36
STU0378,ASSIGN1890,Physics,No,12,37
STU0379,ASSIGN1891,Physics,No,6,12
STU0379,ASSIGN1892,Physics,No,12,15
STU0379,ASSIGN1893,Physics,Yes,4,52
STU0379,ASSIGN1894,Biology,Yes,5,43
STU0379,ASSIGN1895,Mathematics,Yes,5,73
STU0380,ASSIGN1896,Biology,Yes,1,75
STU0380,ASSIGN1897,Chemistry,No,10,11
STU0380,ASSIGN1898,Biology,No,6,33
STU0380,ASSIGN1899,Physics,Yes,4,90
STU0380,ASSIGN1900,Physics,Yes,0,48
STU0381,ASSIGN1901,Mathematics,Yes,0,80
STU0381,ASSIGN1902,Biology,Yes,1,71
STU0381,ASSIGN1903,Chemistry,No,14,14
STU0381,ASSIGN1904,Chemistry,Yes,5,69
STU0381,ASSIGN1905,Mathematics,Yes,5,65
STU0382,ASSIGN1906,Biology,Yes,2,96
STU0382,ASSIGN1907,Chemistry,No,6,9
STU0382,ASSIGN1908,Physics,Yes,1,43
STU0382,ASSIGN1909,Physics,No,9,24
STU0382,ASSIGN1910,Biology,Yes,0,98
STU0383,ASSIGN1911,Physics,No,8,1
STU0383,ASSIGN1912,Biology,No,8,25
STU0383,ASSIGN1913,Biology,No,13,1
STU0383,ASSIGN1914,Chemistry,Yes,5,97
STU0383,ASSIGN1915,Biology,Yes,4,89
STU0384,ASSIGN1916,Chemistry,No,6,3
STU0384,ASSIGN1917,Chemistry,Yes,5,84
STU0384,ASSIGN1918,Chemistry,Yes,4,70
STU0384,ASSIGN1919,Biology,No,8,26
STU0384,ASSIGN1920,Mathematics,Yes,5,50
STU0385,ASSIGN1921,Mathematics,Yes,1,43
STU0385,ASSIGN1922,Chemistry,Yes,0,76
STU0385,ASSIGN1923,Physics,No,9,32
STU0385,ASSIGN1924,Mathematics,No,13,32
STU0385,ASSIGN1925,Mathematics,Yes,5,72
STU0386,ASSIGN1926,Chemistry,Yes,0,61
STU0386,ASSIGN1927,Chemistry,No,15,40
STU0386,ASSIGN1928,Physics,No,7,20
STU0386,ASSIGN1929,Biology,Yes,2,87
STU0386,ASSIGN1930,Physics,Yes,5,92
STU0387,ASSIGN1931,Mathematics,Yes,4,86
STU0387,ASSIGN1932,Chemistry,No,15,1
STU0387,ASSIGN1933,Mathematics,Yes,0,60
STU0387,ASSIGN1934,Chemistry,No,14,11
STU0387,ASSIGN1935,Mathematics,No,9,20
STU0388,ASSIGN1936,Mathematics,No,15,5
STU0388,ASSIGN1937,Chemistry,No,9,26
STU0388,ASSIGN1938,Biology,Yes,5,67
STU0388,ASSIGN1939,Chemistry,Yes,2,91
STU0388,ASSIGN1940,Chemistry,Yes,4,48
STU0389,ASSIGN1941,Physics,Yes,0,83
STU0389,ASSIGN1942,Physics,Yes,3,45
STU0389,ASSIGN1943,Chemistry,No,14,1
STU0389,ASSIGN1944,Chemistry,Yes,2,45
STU0389,ASSIGN1945,Mathematics,Yes,5,55
STU0390,ASSIGN1946,Mathematics,Yes,2,60
STU0390,ASSIGN1947,Chemistry,No,9,24
STU0390,ASSIGN1948,Mathematics,Yes,2,73
STU0390,ASSIGN1949,Biology,No,7,2
STU0390,ASSIGN1950,Biology,Yes,1,61
STU0391,ASSIGN1951,Biology,No,12,1
STU0391,ASSIGN1952,Chemistry,Yes,5,93
STU0391,ASSIGN1953,Biology,Yes,0,57
STU0391,ASSIGN1954,Biology,Yes,3,40
STU0391,ASSIGN1955,Biology,No,15,0
STU0392,ASSIGN1956,Chemistry,Yes,3,90
STU0392,ASSIGN1957,Mathematics,Yes,0,82
STU0392,ASSIGN1958,Physics,No,13,2
STU0392,ASSIGN1959,Mathematics,Yes,0,58
STU0392,ASSIGN1960,Chemistry,Yes,2,95
STU0393,ASSIGN1961,Chemistry,Yes,0,91
STU0393,ASSIGN1962,Mathematics,Yes,0,82
STU0393,ASSIGN1963,Physics,Yes,5,67
STU0393,ASSIGN1964,Chemistry,No,12,31
STU0393,ASSIGN1965,Chemistry,Yes,4,45
STU0394,ASSIGN1966,Chemistry,No,13,6
STU0394,ASSIGN1967,Physics,No,13,35
STU0394,ASSIGN1968,Mathematics,No,10,40
STU0394,ASSIGN1969,Mathematics,No,6,6
STU0394,ASSIGN1970,Physics,Yes,5,94
STU0395,ASSIGN1971,Mathematics,No,12,20
STU0395,ASSIGN1972,Biology,Yes,5,70
STU0395,ASSIGN1973,Chemistry,Yes,1,59
STU0395,ASSIGN1974,Mathematics,No,8,6
STU0395,ASSIGN1975,Physics,Yes,0,46
STU0396,ASSIGN1976,Physics,No,6,2
STU0396,ASSIGN1977,Biology,Yes,5,51
STU0396,ASSIGN1978,Physics,Yes,4,78
STU0396,ASSIGN1979,Physics,No,8,16
STU0396,ASSIGN1980,Biology,No,6,37
STU0397,ASSIGN1981,Biology,Yes,5,61
STU0397,ASSIGN1982,Physics,No,11,12
STU0397,ASSIGN1983,Mathematics,Yes,2,43
STU0397,ASSIGN1984,Mathematics,Yes,2,60
STU0397,ASSIGN1985,Physics,Yes,3,62
STU0398,ASSIGN1986,Mathematics,Yes,1,45
STU0398,ASSIGN1987,Biology,Yes,2,57
STU0398,ASSIGN1988,Chemistry,Yes,1,79
STU0398,ASSIGN1989,Mathematics,No,7,8
STU0398,ASSIGN1990,Mathematics,No,12,16
STU0399,ASSIGN1991,Chemistry,Yes,5,65
STU0399,ASSIGN1992,Biology,No,14,11
STU0399,ASSIGN1993,Biology,No,13,27
STU0399,ASSIGN1994,Chemistry,No,12,13
STU0399,ASSIGN1995,Chemistry,Yes,5,57
STU0400,ASSIGN1996,Physics,No,6,13
STU0400,ASSIGN1997,Mathematics,Yes,0,80
STU0400,ASSIGN1998,Chemistry,Yes,4,95
STU0400,ASSIGN1999,Physics,No,6,1
STU0400,ASSIGN2000,Mathematics,Yes,4,79
STU0401,ASSIGN2001,Biology,Yes,2,86
STU0401,ASSIGN2002,Mathematics,Yes,2,69
STU0401,ASSIGN2003,Mathematics,Yes,4,95
STU0401,ASSIGN2004,Physics,Yes,3,45
STU0401,ASSIGN2005,Biology,No,9,0
STU0402,ASSIGN2006,Biology,No,9,2
STU0402,ASSIGN2007,Mathematics,Yes,3,100
STU0402,ASSIGN2008,Physics,Yes,4,81
STU0402,ASSIGN2009,Physics,No,8,36
STU0402,ASSIGN2010,Mathematics,Yes,5,43
STU0403,ASSIGN2011,Chemistry,Yes,0,42
STU0403,ASSIGN2012,Chemistry,No,12,10
STU0403,ASSIGN2013,Chemistry,No,11,3
STU0403,ASSIGN2014,Biology,No,14,29
STU0403,ASSIGN2015,Chemistry,Yes,2,50
STU0404,ASSIGN2016,Biology,Yes,0,55
STU0404,ASSIGN2017,Physics,No,11,15
STU0404,ASSIGN2018,Physics,No,6,27
STU0404,ASSIGN2019,Chemistry,Yes,1,66
STU0404,ASSIGN2020,Physics,Yes,2,69
STU0405,ASSIGN2021,Physics,Yes,4,65
STU0405,ASSIGN2022,Chemistry,Yes,2,52
STU0405,ASSIGN2023,Chemistry,No,9,12
STU0405,ASSIGN2024,Physics,No,8,4
STU0405,ASSIGN2025,Physics,No,15,37
STU0406,ASSIGN2026,Mathematics,No,7,34
STU0406,ASSIGN2027,Physics,No,8,0
STU0406,ASSIGN2028,Biology,Yes,2,78
STU0406,ASSIGN2029,Chemistry,No,8,14
STU0406,ASSIGN2030,Biology,Yes,2,91
STU0407,ASSIGN2031,Mathematics,Yes,5,55
STU0407,ASSIGN2032,Biology,Yes,0,45
STU0407,ASSIGN2033,Mathematics,No,8,22
STU0407,ASSIGN2034,Chemistry,Yes,5,84
STU0407,ASSIGN2035,Mathematics,No,10,7
STU0408,ASSIGN2036,Chemistry,No,10,38
STU0408,ASSIGN2037,Chemistry,Yes,1,65
STU0408,ASSIGN2038,Mathematics,No,13,37
STU0408,ASSIGN2039,Physics,Yes,1,67
STU0408,ASSIGN2040,Mathematics,Yes,2,52
STU0409,ASSIGN2041,Mathematics,No,6,39
STU0409,ASSIGN2042,Chemistry,No,13,6
STU0409,ASSIGN2043,Biology,No,10,27
STU0409,ASSIGN2044,Mathematics,Yes,4,59
STU0409,ASSIGN2045,Mathematics,No,15,34
STU0410,ASSIGN2046,Physics,No,7,25
STU0410,ASSIGN2047,Mathematics,No,13,13
STU0410,ASSIGN2048,Mathematics,No,13,39
STU0410,ASSIGN2049,Biology,Yes,2,42
STU0410,ASSIGN2050,Chemistry,Yes,2,80
STU0411,ASSIGN2051,Biology,Yes,0,74
STU0411,ASSIGN2052,Physics,No,13,24
STU0411,ASSIGN2053,Biology,No,6,4
STU0411,ASSIGN2054,Chemistry,Yes,0,100
STU0411,ASSIGN2055,Physics,No,11,20
STU0412,ASSIGN2056,Chemistry,No,7,16
STU0412,ASSIGN2057,Chemistry,No,13,36
STU0412,ASSIGN2058,Physics,No,7,7
STU0412,ASSIGN2059,Chemistry,No,15,35
STU0412,ASSIGN2060,Chemistry,No,6,32
STU0413,ASSIGN2061,Mathematics,Yes,2,73
STU0413,ASSIGN2062,Biology,Yes,3,46
STU0413,ASSIGN2063,Physics,Yes,4,48
STU0413,ASSIGN2064,Biology,No,12,22
STU0413,ASSIGN2065,Mathematics,No,11,39
STU0414,ASSIGN2066,Physics,No,9,13
STU0414,ASSIGN2067,Physics,Yes,4,67
STU0414,ASSIGN2068,Biology,No,13,21
STU0414,ASSIGN2069,Chemistry,Yes,5,87
STU0414,ASSIGN2070,Chemistry,Yes,1,68
STU0415,ASSIGN2071,Physics,Yes,5,40
STU0415,ASSIGN2072,Physics,No,9,16
STU0415,ASSIGN2073,Physics,No,8,25
STU0415,ASSIGN2074,Biology,Yes,4,40
STU0415,ASSIGN2075,Chemistry,Yes,3,95
STU0416,ASSIGN2076,Mathematics,No,7,27
STU0416,ASSIGN2077,Chemistry,Yes,4,40
STU0416,ASSIGN2078,Chemistry,No,9,27
STU0416,ASSIGN2079,Physics,Yes,3,58
STU0416,ASSIGN2080,Mathematics,Yes,4,50
STU0417,ASSIGN2081,Mathematics,Yes,3,43
STU0417,ASSIGN2082,Chemistry,Yes,3,95
STU0417,ASSIGN2083,Physics,No,9,15
STU0417,ASSIGN2084,Biology,Yes,3,41
STU0417,ASSIGN2085,Physics,No,13,37
STU0418,ASSIGN2086,Chemistry,No,11,16
STU0418,ASSIGN2087,Mathematics,No,14,16
STU0418,ASSIGN2088,Biology,No,7,30
STU0418,ASSIGN2089,Mathematics,No,14,26
STU0418,ASSIGN2090,Mathematics,Yes,2,81
STU0419,ASSIGN2091,Chemistry,No,11,12
STU0419,ASSIGN2092,Chemistry,No,14,11
STU0419,ASSIGN2093,Mathematics,Yes,0,71
STU0419,ASSIGN2094,Chemistry,No,9,38
STU0419,ASSIGN2095,Mathematics,No,6,8
STU0420,ASSIGN2096,Physics,No,8,20
STU0420,ASSIGN2097,Mathematics,No,15,0
STU0420,ASSIGN2098,Chemistry,Yes,0,94
STU0420,ASSIGN2099,Biology,Yes,5,63
STU0420,ASSIGN2100,Physics,No,6,21
STU0421,ASSIGN2101,Biology,No,15,3
STU0421,ASSIGN2102,Mathematics,Yes,5,73
STU0421,ASSIGN2103,Mathematics,Yes,3,55
STU0421,ASSIGN2104,Mathematics,No,6,32
STU0421,ASSIGN2105,Mathematics,No,8,12
STU0422,ASSIGN2106,Biology,No,14,12
STU0422,ASSIGN2107,Chemistry,Yes,0,65
STU0422,ASSIGN2108,Chemistry,Yes,1,93
STU0422,ASSIGN2109,Mathematics,Yes,4,98
STU0422,ASSIGN2110,Physics,No,7,29
STU0423,ASSIGN2111,Biology,No,10,22
STU0423,ASSIGN2112,Mathematics,No,6,31
STU0423,ASSIGN2113,Physics,Yes,3,69
STU0423,ASSIGN2114,Mathematics,No,14,12
STU0423,ASSIGN2115,Mathematics,No,14,38
STU0424,ASSIGN2116,Physics,No,10,11
STU0424,ASSIGN2117,Mathematics,Yes,2,48
STU0424,ASSIGN2118,Physics,Yes,1,45
STU0424,ASSIGN2119,Chemistry,Yes,1,89
STU0424,ASSIGN2120,Chemistry,No,10,40
STU0425,ASSIGN2121,Mathematics,Yes,2,65
STU0425,ASSIGN2122,Chemistry,Yes,3,78
STU0425,ASSIGN2123,Biology,No,14,25
STU0425,ASSIGN2124,Chemistry,No,11,23
STU0425,ASSIGN2125,Biology,No,12,25
STU0426,ASSIGN2126,Biology,Yes,2,93
STU0426,ASSIGN2127,Biology,Yes,2,42
STU0426,ASSIGN2128,Chemistry,No,13,35
STU0426,ASSIGN2129,Mathematics,No,9,32
STU0426,ASSIGN2130,Biology,No,14,27
STU0427,ASSIGN2131,Mathematics,Yes,0,40
STU0427,ASSIGN2132,Mathematics,No,15,38
STU0427,ASSIGN2133,Biology,Yes,2,72
STU0427,ASSIGN2134,Biology,Yes,4,82
STU0427,ASSIGN2135,Mathematics,No,13,25
STU0428,ASSIGN2136,Mathematics,Yes,4,75
STU0428,ASSIGN2137,Mathematics,No,12,23
STU0428,ASSIGN2138,Biology,Yes,2,96
STU0428,ASSIGN2139,Biology,No,9,5
STU0428,ASSIGN2140,Chemistry,Yes,0,58
STU0429,ASSIGN2141,Chemistry,Yes,3,46
STU0429,ASSIGN2142,Chemistry,No,7,27
STU0429,ASSIGN2143,Mathematics,No,8,29
STU0429,ASSIGN2144,Chemistry,No,7,40
STU0429,ASSIGN2145,Chemistry,Yes,4,57
STU0430,ASSIGN2146,Biology,No,11,10
STU0430,ASSIGN2147,Mathematics,No,14,0
STU0430,ASSIGN2148,Physics,No,7,24
STU0430,ASSIGN2149,Physics,Yes,3,40
STU0430,ASSIGN2150,Biology,No,8,21
STU0431,ASSIGN2151,Physics,No,15,20
STU0431,ASSIGN2152,Physics,Yes,2,70
STU0431,ASSIGN2153,Physics,Yes,3,99
STU0431,ASSIGN2154,Biology,Yes,2,53
STU0431,ASSIGN2155,Biology,Yes,2,95
STU0432,ASSIGN2156,Biology,Yes,3,71
STU0432,ASSIGN2157,Physics,Yes,3,48
STU0432,ASSIGN2158,Physics,No,12,21
STU0432,ASSIGN2159,Biology,No,12,25
STU0432,ASSIGN2160,Mathematics,No,11,10
STU0433,ASSIGN2161,Biology,Yes,0,69
STU0433,ASSIGN2162,Chemistry,No,15,12
STU0433,ASSIGN2163,Biology,Yes,1,61
STU0433,ASSIGN2164,Biology,Yes,3,66
STU0433,ASSIGN2165,Chemistry,Yes,5,43
STU0434,ASSIGN2166,Biology,No,14,5
STU0434,ASSIGN2167,Mathematics,Yes,2,80
STU0434,ASSIGN2168,Physics,Yes,1,72
STU0434,ASSIGN2169,Chemistry,Yes,1,88
STU0434,ASSIGN2170,Physics,Yes,2,62
STU0435,ASSIGN2171,Biology,No,11,2
STU0435,ASSIGN2172,Chemistry,No,13,18
STU0435,ASSIGN2173,Chemistry,Yes,4,79
STU0435,ASSIGN2174,Mathematics,No,12,39
STU0435,ASSIGN2175,Mathematics,Yes,5,47
STU0436,ASSIGN2176,Chemistry,Yes,2,42
STU0436,ASSIGN2177,Biology,Yes,2,84
STU0436,ASSIGN2178,Mathematics,No,14,3
STU0436,ASSIGN2179,Mathematics,Yes,4,82
STU0436,ASSIGN2180,Biology,Yes,4,95
STU0437,ASSIGN2181,Mathematics,No,10,20
STU0437,ASSIGN2182,Mathematics,No,12,36
STU0437,ASSIGN2183,Chemistry,No,15,33
STU0437,ASSIGN2184,Physics,No,12,27
STU0437,ASSIGN2185,Physics,No,6,15
STU0438,ASSIGN2186,Chemistry,No,10,30
STU0438,ASSIGN2187,Physics,No,6,31
STU0438,ASSIGN2188,Physics,No,13,9
STU0438,ASSIGN2189,Physics,No,14,36
STU0438,ASSIGN2190,Physics,Yes,0,77
STU0439,ASSIGN2191,Physics,Yes,1,91
STU0439,ASSIGN2192,Chemistry,No,9,35
STU0439,ASSIGN2193,Mathematics,Yes,4,44
STU0439,ASSIGN2194,Biology,Yes,1,71
STU0439,ASSIGN2195,Chemistry,No,15,39
STU0440,ASSIGN2196,Physics,No,6,29
STU0440,ASSIGN2197,Mathematics,Yes,4,95
STU0440,ASSIGN2198,Mathematics,No,15,32
STU0440,ASSIGN2199,Mathematics,Yes,5,92
STU0440,ASSIGN2200,Mathematics,No,10,24
STU0441,ASSIGN2201,Physics,No,12,11
STU0441,ASSIGN2202,Biology,Yes,5,52
STU0441,ASSIGN2203,Biology,Yes,3,61
STU0441,ASSIGN2204,Chemistry,No,8,23
STU0441,ASSIGN2205,Physics,No,13,31
STU0442,ASSIGN2206,Mathematics,Yes,4,65
STU0442,ASSIGN2207,Physics,No,8,20
STU0442,ASSIGN2208,Mathematics,Yes,3,58
STU0442,ASSIGN2209,Physics,Yes,2,51
STU0442,ASSIGN2210,Chemistry,Yes,0,53
STU0443,ASSIGN2211,Chemistry,Yes,1,64
STU0443,ASSIGN2212,Biology,Yes,2,83
STU0443,ASSIGN2213,Physics,No,9,33
STU0443,ASSIGN2214,Biology,No,14,25
STU0443,ASSIGN2215,Biology,No,10,32
STU0444,ASSIGN2216,Physics,No,8,36
STU0444,ASSIGN2217,Mathematics,Yes,1,43
STU0444,ASSIGN2218,Physics,No,9,9
STU0444,ASSIGN2219,Chemistry,No,13,10
STU0444,ASSIGN2220,Mathematics,Yes,1,51
STU0445,ASSIGN2221,Physics,No,6,27
STU0445,ASSIGN2222,Chemistry,Yes,3,80
STU0445,ASSIGN2223,Mathematics,No,10,11
STU0445,ASSIGN2224,Physics,Yes,5,65
STU0445,ASSIGN2225,Chemistry,No,11,9
STU0446,ASSIGN2226,Biology,No,9,30
STU0446,ASSIGN2227,Mathematics,Yes,5,42
STU0446,ASSIGN2228,Biology,No,14,23
STU0446,ASSIGN2229,Physics,No,14,28
STU0446,ASSIGN2230,Chemistry,No,14,24
STU0447,ASSIGN2231,Physics,Yes,4,66
STU0447,ASSIGN2232,Chemistry,No,13,33
STU0447,ASSIGN2233,Chemistry,No,11,17
STU0447,ASSIGN2234,Chemistry,Yes,2,48
STU0447,ASSIGN2235,Biology,Yes,1,62
STU0448,ASSIGN2236,Chemistry,No,9,33
STU0448,ASSIGN2237,Biology,No,13,3
STU0448,ASSIGN2238,Biology,No,11,22
STU0448,ASSIGN2239,Physics,Yes,3,82
STU0448,ASSIGN2240,Chemistry,Yes,0,89
STU0449,ASSIGN2241,Physics,No,15,32
STU0449,ASSIGN2242,Physics,No,6,12
STU0449,ASSIGN2243,Mathematics,Yes,4,55
STU0449,ASSIGN2244,Chemistry,No,10,35
STU0449,ASSIGN2245,Biology,No,6,27
STU0450,ASSIGN2246,Biology,Yes,2,63
STU0450,ASSIGN2247,Mathematics,Yes,2,66
STU0450,ASSIGN2248,Physics,No,8,5
STU0450,ASSIGN2249,Biology,Yes,3,74
STU0450,ASSIGN2250,Physics,Yes,3,55
STU0451,ASSIGN2251,Biology,Yes,3,64
STU0451,ASSIGN2252,Biology,Yes,1,98
STU0451,ASSIGN2253,Chemistry,Yes,2,89
STU0451,ASSIGN2254,Physics,Yes,0,70
STU0451,ASSIGN2255,Chemistry,No,10,17
STU0452,ASSIGN2256,Physics,No,6,28
STU0452,ASSIGN2257,Physics,Yes,3,74
STU0452,ASSIGN2258,Biology,Yes,1,86
STU0452,ASSIGN2259,Chemistry,Yes,0,79
STU0452,ASSIGN2260,Physics,No,6,9
STU0453,ASSIGN2261,Mathematics,No,11,19
STU0453,ASSIGN2262,Chemistry,No,10,7
STU0453,ASSIGN2263,Biology,No,8,0
STU0453,ASSIGN2264,Physics,Yes,4,40
STU0453,ASSIGN2265,Physics,Yes,2,79
STU0454,ASSIGN2266,Biology,No,12,28
STU0454,ASSIGN2267,Biology,Yes,5,99
STU0454,ASSIGN2268,Physics,No,7,22
STU0454,ASSIGN2269,Chemistry,Yes,3,71
STU0454,ASSIGN2270,Chemistry,Yes,4,77
STU0455,ASSIGN2271,Chemistry,No,7,28
STU0455,ASSIGN2272,Physics,No,10,37
STU0455,ASSIGN2273,Chemistry,Yes,3,70
STU0455,ASSIGN2274,Biology,Yes,1,51
STU0455,ASSIGN2275,Chemistry,No,6,29
STU0456,ASSIGN2276,Biology,Yes,4,74
STU0456,ASSIGN2277,Mathematics,Yes,5,89
STU0456,ASSIGN2278,Mathematics,Yes,0,74
STU0456,ASSIGN2279,Physics,Yes,5,89
STU0456,ASSIGN2280,Chemistry,Yes,5,87
STU0457,ASSIGN2281,Chemistry,No,12,25
STU0457,ASSIGN2282,Biology,No,8,6
STU0457,ASSIGN2283,Mathematics,No,7,37
STU0457,ASSIGN2284,Chemistry,No,6,40
STU0457,ASSIGN2285,Mathematics,Yes,3,74
STU0458,ASSIGN2286,Physics,Yes,2,54
STU0458,ASSIGN2287,Mathematics,Yes,5,98
STU0458,ASSIGN2288,Mathematics,No,9,20
STU0458,ASSIGN2289,Mathematics,No,14,23
STU0458,ASSIGN2290,Physics,Yes,1,66
STU0459,ASSIGN2291,Biology,Yes,4,76
STU0459,ASSIGN2292,Physics,No,9,23
STU0459,ASSIGN2293,Physics,No,15,39
STU0459,ASSIGN2294,Mathematics,Yes,5,100
STU0459,ASSIGN2295,Biology,No,6,2
STU0460,ASSIGN2296,Physics,No,6,35
STU0460,ASSIGN2297,Chemistry,No,12,23
STU0460,ASSIGN2298,Chemistry,Yes,1,82
STU0460,ASSIGN2299,Chemistry,Yes,1,81
STU0460,ASSIGN2300,Chemistry,Yes,5,46
STU0461,ASSIGN2301,Biology,No,14,28
STU0461,ASSIGN2302,Physics,No,12,35
STU0461,ASSIGN2303,Biology,No,15,5
STU0461,ASSIGN2304,Mathematics,Yes,0,77
STU0461,ASSIGN2305,Chemistry,No,15,38
STU0462,ASSIGN2306,Biology,Yes,2,75
STU0462,ASSIGN2307,Physics,Yes,4,67
STU0462,ASSIGN2308,Chemistry,Yes,3,55
STU0462,ASSIGN2309,Biology,No,15,24
STU0462,ASSIGN2310,Biology,No,11,12
STU0463,ASSIGN2311,Physics,Yes,1,42
STU0463,ASSIGN2312,Chemistry,Yes,5,50
STU0463,ASSIGN2313,Chemistry,No,9,31
STU0463,ASSIGN2314,Chemistry,Yes,5,70
STU0463,ASSIGN2315,Biology,Yes,1,46
STU0464,ASSIGN2316,Physics,No,6,14
STU0464,ASSIGN2317,Mathematics,No,6,12
STU0464,ASSIGN2318,Mathematics,Yes,1,48
STU0464,ASSIGN2319,Mathematics,Yes,4,77
STU0464,ASSIGN2320,Chemistry,No,14,19
STU0465,ASSIGN2321,Mathematics,Yes,0,40
STU0465,ASSIGN2322,Biology,Yes,3,88
STU0465,ASSIGN2323,Physics,Yes,0,79
STU0465,ASSIGN2324,Chemistry,No,6,28
STU0465,ASSIGN2325,Biology,No,10,20
STU0466,ASSIGN2326,Physics,No,14,28
STU0466,ASSIGN2327,Physics,No,14,7
STU0466,ASSIGN2328,Biology,Yes,0,84
STU0466,ASSIGN2329,Biology,Yes,2,76
STU0466,ASSIGN2330,Biology,No,9,27
STU0467,ASSIGN2331,Chemistry,Yes,5,70
STU0467,ASSIGN2332,Chemistry,No,8,0
STU0467,ASSIGN2333,Biology,No,15,1
STU0467,ASSIGN2334,Physics,Yes,1,84
STU0467,ASSIGN2335,Mathematics,No,8,38
STU0468,ASSIGN2336,Chemistry,No,6,13
STU0468,ASSIGN2337,Mathematics,Yes,2,52
STU0468,ASSIGN2338,Biology,Yes,4,45
STU0468,ASSIGN2339,Physics,Yes,5,47
STU0468,ASSIGN2340,Physics,No,8,5
STU0469,ASSIGN2341,Biology,No,9,32
STU0469,ASSIGN2342,Biology,Yes,1,93
STU0469,ASSIGN2343,Chemistry,No,10,24
STU0469,ASSIGN2344,Chemistry,Yes,5,95
STU0469,ASSIGN2345,Physics,Yes,3,90
STU0470,ASSIGN2346,Chemistry,Yes,3,61
STU0470,ASSIGN2347,Chemistry,No,13,32
STU0470,ASSIGN2348,Biology,No,14,34
STU0470,ASSIGN2349,Chemistry,No,7,3
STU0470,ASSIGN2350,Biology,No,11,14
STU0471,ASSIGN2351,Physics,Yes,0,80
STU0471,ASSIGN2352,Biology,Yes,2,41
STU0471,ASSIGN2353,Physics,No,15,1
STU0471,ASSIGN2354,Mathematics,No,6,13
STU0471,ASSIGN2355,Biology,Yes,4,88
STU0472,ASSIGN2356,Physics,Yes,3,78
STU0472,ASSIGN2357,Mathematics,No,15,8
STU0472,ASSIGN2358,Physics,Yes,5,79
STU0472,ASSIGN2359,Biology,No,6,15
STU0472,ASSIGN2360,Chemistry,Yes,4,95
STU0473,ASSIGN2361,Chemistry,Yes,3,56
STU0473,ASSIGN2362,Mathematics,No,12,32
STU0473,ASSIGN2363,Chemistry,Yes,0,47
STU0473,ASSIGN2364,Physics,No,11,30
STU0473,ASSIGN2365,Physics,Yes,3,92
STU0474,ASSIGN2366,Physics,Yes,3,89
STU0474,ASSIGN2367,Physics,Yes,5,100
STU0474,ASSIGN2368,Biology,No,12,10
STU0474,ASSIGN2369,Biology,Yes,3,96
STU0474,ASSIGN2370,Mathematics,No,13,13
STU0475,ASSIGN2371,Physics,Yes,0,66
STU0475,ASSIGN2372,Biology,No,12,4
STU0475,ASSIGN2373,Physics,No,13,3
STU0475,ASSIGN2374,Biology,Yes,3,68
STU0475,ASSIGN2375,Mathematics,No,9,34
STU0476,ASSIGN2376,Mathematics,Yes,1,47
STU0476,ASSIGN2377,Biology,No,9,19
STU0476,ASSIGN2378,Physics,No,6,5
STU0476,ASSIGN2379,Physics,No,10,18
STU0476,ASSIGN2380,Physics,Yes,2,41
STU0477,ASSIGN2381,Chemistry,Yes,3,52
STU0477,ASSIGN2382,Biology,Yes,1,51
STU0477,ASSIGN2383,Chemistry,Yes,2,75
STU0477,ASSIGN2384,Physics,No,9,0
STU0477,ASSIGN2385,Chemistry,Yes,5,44
STU0478,ASSIGN2386,Mathematics,No,10,23
STU0478,ASSIGN2387,Physics,No,8,0
STU0478,ASSIGN2388,Physics,Yes,0,78
STU0478,ASSIGN2389,Biology,Yes,0,60
STU0478,ASSIGN2390,Mathematics,No,6,6
STU0479,ASSIGN2391,Biology,No,15,3
STU0479,ASSIGN2392,Chemistry,Yes,2,41
STU0479,ASSIGN2393,Mathematics,No,13,33
STU0479,ASSIGN2394,Physics,Yes,1,73
STU0479,ASSIGN2395,Physics,No,7,26
STU0480,ASSIGN2396,Physics,Yes,3,98
STU0480,ASSIGN2397,Biology,Yes,0,73
STU0480,ASSIGN2398,Chemistry,Yes,5,84
STU0480,ASSIGN2399,Biology,Yes,4,65
STU0480,ASSIGN2400,Chemistry,No,6,28
STU0481,ASSIGN2401,Mathematics,No,9,31
STU0481,ASSIGN2402,Chemistry,Yes,5,84
STU0481,ASSIGN2403,Chemistry,Yes,4,86
STU0481,ASSIGN2404,Physics,Yes,2,67
STU0481,ASSIGN2405,Biology,No,13,22
STU0482,ASSIGN2406,Physics,Yes,1,69
STU0482,ASSIGN2407,Physics,No,6,30
STU0482,ASSIGN2408,Biology,No,14,1
STU0482,ASSIGN2409,Biology,Yes,3,94
STU0482,ASSIGN2410,Physics,No,14,35
STU0483,ASSIGN2411,Mathematics,Yes,0,97
STU0483,ASSIGN2412,Chemistry,Yes,1,93
STU0483,ASSIGN2413,Physics,No,13,26
STU0483,ASSIGN2414,Mathematics,No,14,27
STU0483,ASSIGN2415,Biology,Yes,5,88
STU0484,ASSIGN2416,Chemistry,Yes,1,42
STU0484,ASSIGN2417,Biology,No,12,25
STU0484,ASSIGN2418,Chemistry,Yes,2,45
STU0484,ASSIGN2419,Biology,No,7,1
STU0484,ASSIGN2420,Biology,Yes,1,99
STU0485,ASSIGN2421,Mathematics,Yes,1,48
STU0485,ASSIGN2422,Physics,Yes,0,99
STU0485,ASSIGN2423,Chemistry,No,10,10
STU0485,ASSIGN2424,Physics,Yes,2,57
STU0485,ASSIGN2425,Physics,No,15,27
STU0486,ASSIGN2426,Chemistry,No,7,25
STU0486,ASSIGN2427,Mathematics,Yes,5,87
STU0486,ASSIGN2428,Physics,Yes,5,77
STU0486,ASSIGN2429,Mathematics,No,14,24
STU0486,ASSIGN2430,Chemistry,Yes,3,96
STU0487,ASSIGN2431,Chemistry,Yes,5,95
STU0487,ASSIGN2432,Biology,No,15,4
STU0487,ASSIGN2433,Mathematics,Yes,0,46
STU0487,ASSIGN2434,Biology,No,14,27
STU0487,ASSIGN2435,Physics,No,13,20
STU0488,ASSIGN2436,Mathematics,No,8,0
STU0488,ASSIGN2437,Biology,No,7,39
STU0488,ASSIGN2438,Chemistry,Yes,2,45
STU0488,ASSIGN2439,Chemistry,No,10,23
STU0488,ASSIGN2440,Chemistry,No,15,13
STU0489,ASSIGN2441,Biology,No,13,3
STU0489,ASSIGN2442,Chemistry,No,12,39
STU0489,ASSIGN2443,Chemistry,No,15,25
STU0489,ASSIGN2444,Physics,No,15,13
STU0489,ASSIGN2445,Physics,No,13,14
STU0490,ASSIGN2446,Biology,Yes,5,44
STU0490,ASSIGN2447,Mathematics,No,7,10
STU0490,ASSIGN2448,Chemistry,No,12,23
STU0490,ASSIGN2449,Chemistry,No,7,5
STU0490,ASSIGN2450,Physics,No,9,34
STU0491,ASSIGN2451,Mathematics,No,15,14
STU0491,ASSIGN2452,Mathematics,Yes,1,100
STU0491,ASSIGN2453,Chemistry,Yes,1,78
STU0491,ASSIGN2454,Biology,No,9,10
STU0491,ASSIGN2455,Mathematics,Yes,1,69
STU0492,ASSIGN2456,Mathematics,No,10,19
STU0492,ASSIGN2457,Chemistry,Yes,1,58
STU0492,ASSIGN2458,Chemistry,No,6,16
STU0492,ASSIGN2459,Biology,No,9,10
STU0492,ASSIGN2460,Mathematics,Yes,4,97
STU0493,ASSIGN2461,Mathematics,Yes,5,85
STU0493,ASSIGN2462,Chemistry,No,8,27
STU0493,ASSIGN2463,Biology,No,14,13
STU0493,ASSIGN2464,Mathematics,Yes,2,72
STU0493,ASSIGN2465,Mathematics,No,15,7
STU0494,ASSIGN2466,Biology,No,6,2
STU0494,ASSIGN2467,Physics,No,13,17
STU0494,ASSIGN2468,Biology,Yes,3,63
STU0494,ASSIGN2469,Chemistry,Yes,5,72
STU0494,ASSIGN2470,Mathematics,Yes,4,73
STU0495,ASSIGN2471,Chemistry,No,6,6
STU0495,ASSIGN2472,Chemistry,Yes,5,45
STU0495,ASSIGN2473,Biology,No,14,8
STU0495,ASSIGN2474,Mathematics,Yes,3,98
STU0495,ASSIGN2475,Biology,No,8,32
STU0496,ASSIGN2476,Physics,Yes,2,51
STU0496,ASSIGN2477,Chemistry,Yes,5,82
STU0496,ASSIGN2478,Biology,No,6,37
STU0496,ASSIGN2479,Mathematics,Yes,5,82
STU0496,ASSIGN2480,Chemistry,Yes,1,91
STU0497,ASSIGN2481,Chemistry,Yes,2,89
STU0497,ASSIGN2482,Mathematics,No,7,1
STU0497,ASSIGN2483,Physics,No,7,5
STU0497,ASSIGN2484,Biology,No,12,4
STU0497,ASSIGN2485,Biology,No,10,28
STU0498,ASSIGN2486,Mathematics,Yes,5,86
STU0498,ASSIGN2487,Biology,No,9,20
STU0498,ASSIGN2488,Biology,No,6,5
STU0498,ASSIGN2489,Mathematics,Yes,4,60
STU0498,ASSIGN2490,Mathematics,Yes,2,57
STU0499,ASSIGN2491,Physics,No,13,27
STU0499,ASSIGN2492,Mathematics,Yes,0,43
STU0499,ASSIGN2493,Mathematics,Yes,4,74
STU0499,ASSIGN2494,Mathematics,Yes,3,90
STU0499,ASSIGN2495,Physics,No,9,11
STU0500,ASSIGN2496,Mathematics,No,11,26
STU0500,ASSIGN2497,Mathematics,No,11,16
STU0500,ASSIGN2498,Mathematics,Yes,3,65
STU0500,ASSIGN2499,Biology,No,8,3
STU0500,ASSIGN2500,Physics,No,6,38
STU0501,ASSIGN2501,Physics,No,12,10
STU0501,ASSIGN2502,Biology,No,7,2
STU0501,ASSIGN2503,Chemistry,No,7,4
STU0501,ASSIGN2504,Mathematics,Yes,5,69
STU0501,ASSIGN2505,Biology,Yes,0,52
STU0502,ASSIGN2506,Biology,Yes,4,62
STU0502,ASSIGN2507,Chemistry,No,6,26
STU0502,ASSIGN2508,Chemistry,No,6,29
STU0502,ASSIGN2509,Biology,Yes,3,86
STU0502,ASSIGN2510,Physics,No,6,3
STU0503,ASSIGN2511,Mathematics,No,11,10
STU0503,ASSIGN2512,Mathematics,Yes,2,69
STU0503,ASSIGN2513,Chemistry,Yes,2,90
STU0503,ASSIGN2514,Mathematics,No,9,19
STU0503,ASSIGN2515,Physics,Yes,1,91
STU0504,ASSIGN2516,Chemistry,No,14,16
STU0504,ASSIGN2517,Chemistry,Yes,0,49
STU0504,ASSIGN2518,Biology,No,6,26
STU0504,ASSIGN2519,Mathematics,No,15,24
STU0504,ASSIGN2520,Physics,Yes,5,60
STU0505,ASSIGN2521,Biology,No,12,2
STU0505,ASSIGN2522,Biology,Yes,1,45
STU0505,ASSIGN2523,Chemistry,No,7,18
STU0505,ASSIGN2524,Chemistry,No,13,31
STU0505,ASSIGN2525,Physics,No,6,35
STU0506,ASSIGN2526,Chemistry,No,8,1
STU0506,ASSIGN2527,Chemistry,No,7,16
STU0506,ASSIGN2528,Chemistry,Yes,0,42
STU0506,ASSIGN2529,Physics,Yes,4,62
STU0506,ASSIGN2530,Physics,Yes,5,43
STU0507,ASSIGN2531,Biology,No,13,26
STU0507,ASSIGN2532,Biology,Yes,5,46
STU0507,ASSIGN2533,Mathematics,No,7,28
STU0507,ASSIGN2534,Mathematics,No,9,20
STU0507,ASSIGN2535,Biology,Yes,5,48
STU0508,ASSIGN2536,Biology,No,11,28
STU0508,ASSIGN2537,Mathematics,No,11,40
STU0508,ASSIGN2538,Chemistry,No,12,0
STU0508,ASSIGN2539,Mathematics,No,7,12
STU0508,ASSIGN2540,Biology,Yes,5,82
STU0509,ASSIGN2541,Chemistry,Yes,2,61
STU0509,ASSIGN2542,Chemistry,Yes,5,62
STU0509,ASSIGN2543,Chemistry,No,14,5
STU0509,ASSIGN2544,Biology,Yes,5,61
STU0509,ASSIGN2545,Biology,No,10,22
STU0510,ASSIGN2546,Physics,No,6,38
STU0510,ASSIGN2547,Mathematics,Yes,4,67
STU0510,ASSIGN2548,Physics,No,9,35
STU0510,ASSIGN2549,Physics,No,7,39
STU0510,ASSIGN2550,Mathematics,Yes,0,55
STU0511,ASSIGN2551,Mathematics,No,11,15
STU0511,ASSIGN2552,Chemistry,No,13,10
STU0511,ASSIGN2553,Mathematics,No,9,13
STU0511,ASSIGN2554,Chemistry,No,9,17
STU0511,ASSIGN2555,Chemistry,Yes,1,53
STU0512,ASSIGN2556,Physics,Yes,1,92
STU0512,ASSIGN2557,Biology,No,11,40
STU0512,ASSIGN2558,Biology,Yes,1,82
STU0512,ASSIGN2559,Mathematics,Yes,2,92
STU0512,ASSIGN2560,Physics,No,8,15
STU0513,ASSIGN2561,Chemistry,No,7,28
STU0513,ASSIGN2562,Mathematics,Yes,4,76
STU0513,ASSIGN2563,Biology,No,12,1
STU0513,ASSIGN2564,Mathematics,Yes,2,47
STU0513,ASSIGN2565,Physics,No,14,24
STU0514,ASSIGN2566,Biology,Yes,0,48
STU0514,ASSIGN2567,Chemistry,Yes,4,70
STU0514,ASSIGN2568,Physics,Yes,3,50
STU0514,ASSIGN2569,Chemistry,No,11,3
STU0514,ASSIGN2570,Physics,No,7,4
STU0515,ASSIGN2571,Biology,Yes,4,97
STU0515,ASSIGN2572,Physics,No,6,25
STU0515,ASSIGN2573,Mathematics,No,8,29
STU0515,ASSIGN2574,Chemistry,No,7,2
STU0515,ASSIGN2575,Mathematics,No,12,8
STU0516,ASSIGN2576,Chemistry,No,10,27
STU0516,ASSIGN2577,Mathematics,No,14,0
STU0516,ASSIGN2578,Chemistry,Yes,3,90
STU0516,ASSIGN2579,Chemistry,Yes,1,94
STU0516,ASSIGN2580,Chemistry,No,8,1
STU0517,ASSIGN2581,Mathematics,Yes,2,65
STU0517,ASSIGN2582,Biology,Yes,0,85
STU0517,ASSIGN2583,Chemistry,Yes,3,53
STU0517,ASSIGN2584,Biology,No,7,7
STU0517,ASSIGN2585,Chemistry,No,9,18
STU0518,ASSIGN2586,Chemistry,Yes,1,43
STU0518,ASSIGN2587,Physics,No,10,8
STU0518,ASSIGN2588,Physics,Yes,2,100
STU0518,ASSIGN2589,Physics,Yes,0,85
STU0518,ASSIGN2590,Chemistry,Yes,0,90
STU0519,ASSIGN2591,Mathematics,No,13,11
STU0519,ASSIGN2592,Chemistry,Yes,1,97
STU0519,ASSIGN2593,Physics,Yes,1,43
STU0519,ASSIGN2594,Chemistry,No,15,34
STU0519,ASSIGN2595,Chemistry,No,14,25
STU0520,ASSIGN2596,Chemistry,Yes,1,52
STU0520,ASSIGN2597,Mathematics,No,14,22
STU0520,ASSIGN2598,Biology,Yes,5,40
STU0520,ASSIGN2599,Biology,Yes,0,81
STU0520,ASSIGN2600,Physics,Yes,5,79
STU0521,ASSIGN2601,Mathematics,Yes,0,81
STU0521,ASSIGN2602,Physics,No,8,12
STU0521,ASSIGN2603,Biology,No,10,29
STU0521,ASSIGN2604,Chemistry,No,14,27
STU0521,ASSIGN2605,Mathematics,No,7,1
STU0522,ASSIGN2606,Chemistry,No,14,14
STU0522,ASSIGN2607,Chemistry,Yes,5,46
STU0522,ASSIGN2608,Chemistry,Yes,1,44
STU0522,ASSIGN2609,Chemistry,No,7,2
STU0522,ASSIGN2610,Biology,Yes,3,79
STU0523,ASSIGN2611,Biology,Yes,0,80
STU0523,ASSIGN2612,Physics,No,15,21
STU0523,ASSIGN2613,Chemistry,No,9,12
STU0523,ASSIGN2614,Biology,Yes,4,47
STU0523,ASSIGN2615,Biology,No,6,31
STU0524,ASSIGN2616,Physics,Yes,4,61
STU0524,ASSIGN2617,Biology,Yes,5,67
STU0524,ASSIGN2618,Biology,No,11,15
STU0524,ASSIGN2619,Biology,No,15,24
STU0524,ASSIGN2620,Biology,No,7,24
STU0525,ASSIGN2621,Chemistry,No,8,15
STU0525,ASSIGN2622,Physics,Yes,4,86
STU0525,ASSIGN2623,Mathematics,Yes,4,92
STU0525,ASSIGN2624,Physics,Yes,3,94
STU0525,ASSIGN2625,Mathematics,Yes,1,67
STU0526,ASSIGN2626,Physics,No,10,5
STU0526,ASSIGN2627,Mathematics,Yes,3,50
STU0526,ASSIGN2628,Biology,No,10,30
STU0526,ASSIGN2629,Chemistry,No,7,24
STU0526,ASSIGN2630,Biology,No,12,20
STU0527,ASSIGN2631,Physics,No,9,4
STU0527,ASSIGN2632,Chemistry,No,9,21
STU0527,ASSIGN2633,Chemistry,No,15,17
STU0527,ASSIGN2634,Chemistry,Yes,1,43
STU0527,ASSIGN2635,Mathematics,No,10,10
STU0528,ASSIGN2636,Chemistry,Yes,3,93
STU0528,ASSIGN2637,Chemistry,Yes,3,43
STU0528,ASSIGN2638,Physics,Yes,1,42
STU0528,ASSIGN2639,Physics,Yes,1,66
STU0528,ASSIGN2640,Chemistry,No,6,35
STU0529,ASSIGN2641,Biology,Yes,0,67
STU0529,ASSIGN2642,Biology,Yes,3,99
STU0529,ASSIGN2643,Biology,Yes,5,46
STU0529,ASSIGN2644,Mathematics,No,8,36
STU0529,ASSIGN2645,Physics,Yes,5,73
STU0530,ASSIGN2646,Chemistry,Yes,2,47
STU0530,ASSIGN2647,Chemistry,Yes,4,100
STU0530,ASSIGN2648,Chemistry,No,12,21
STU0530,ASSIGN2649,Physics,No,12,5
STU0530,ASSIGN2650,Physics,Yes,4,93
STU0531,ASSIGN2651,Mathematics,Yes,4,79
STU0531,ASSIGN2652,Physics,No,14,26
STU0531,ASSIGN2653,Mathematics,No,6,23
STU0531,ASSIGN2654,Physics,Yes,5,63
STU0531,ASSIGN2655,Mathematics,Yes,3,81
STU0532,ASSIGN2656,Mathematics,Yes,4,91
STU0532,ASSIGN2657,Mathematics,No,11,36
STU0532,ASSIGN2658,Mathematics,No,10,5
STU0532,ASSIGN2659,Physics,Yes,2,45
STU0532,ASSIGN2660,Biology,Yes,5,86
STU0533,ASSIGN2661,Physics,No,12,28
STU0533,ASSIGN2662,Chemistry,No,12,19
STU0533,ASSIGN2663,Biology,No,10,3
STU0533,ASSIGN2664,Physics,No,12,17
STU0533,ASSIGN2665,Physics,Yes,3,86
STU0534,ASSIGN2666,Mathematics,Yes,2,47
STU0534,ASSIGN2667,Mathematics,No,13,16
STU0534,ASSIGN2668,Physics,No,7,7
STU0534,ASSIGN2669,Chemistry,No,15,21
STU0534,ASSIGN2670,Chemistry,Yes,5,53
STU0535,ASSIGN2671,Physics,No,6,6
STU0535,ASSIGN2672,Biology,No,13,35
STU0535,ASSIGN2673,Biology,Yes,4,100
STU0535,ASSIGN2674,Chemistry,Yes,5,75
STU0535,ASSIGN2675,Mathematics,No,9,25
STU0536,ASSIGN2676,Physics,No,7,36
STU0536,ASSIGN2677,Mathematics,Yes,4,67
STU0536,ASSIGN2678,Physics,No,14,21
STU0536,ASSIGN2679,Mathematics,Yes,1,60
STU0536,ASSIGN2680,Physics,Yes,1,53
STU0537,ASSIGN2681,Biology,Yes,3,53
STU0537,ASSIGN2682,Mathematics,No,9,26
STU0537,ASSIGN2683,Chemistry,No,13,1
STU0537,ASSIGN2684,Chemistry,Yes,2,42
STU0537,ASSIGN2685,Mathematics,No,14,19
STU0538,ASSIGN2686,Biology,Yes,2,99
STU0538,ASSIGN2687,Chemistry,No,10,38
STU0538,ASSIGN2688,Physics,No,12,11
STU0538,ASSIGN2689,Chemistry,No,15,1
STU0538,ASSIGN2690,Chemistry,No,9,22
STU0539,ASSIGN2691,Mathematics,No,6,29
STU0539,ASSIGN2692,Mathematics,No,11,16
STU0539,ASSIGN2693,Physics,Yes,1,70
STU0539,ASSIGN2694,Biology,No,14,18
STU0539,ASSIGN2695,Biology,Yes,0,99
STU0540,ASSIGN2696,Biology,Yes,4,97
STU0540,ASSIGN2697,Biology,Yes,5,48
STU0540,ASSIGN2698,Mathematics,Yes,2,59
STU0540,ASSIGN2699,Physics,No,13,25
STU0540,ASSIGN2700,Mathematics,No,8,5
STU0541,ASSIGN2701,Chemistry,Yes,5,98
STU0541,ASSIGN2702,Biology,Yes,4,74
STU0541,ASSIGN2703,Biology,No,14,37
STU0541,ASSIGN2704,Physics,No,7,22
STU0541,ASSIGN2705,Biology,No,8,16
STU0542,ASSIGN2706,Physics,No,9,4
STU0542,ASSIGN2707,Physics,Yes,5,80
STU0542,ASSIGN2708,Chemistry,Yes,0,64
STU0542,ASSIGN2709,Chemistry,No,15,17
STU0542,ASSIGN2710,Physics,No,8,28
STU0543,ASSIGN2711,Biology,Yes,0,82
STU0543,ASSIGN2712,Chemistry,Yes,2,84
STU0543,ASSIGN2713,Chemistry,Yes,4,97
STU0543,ASSIGN2714,Chemistry,Yes,3,81
STU0543,ASSIGN2715,Chemistry,No,7,30
STU0544,ASSIGN2716,Physics,No,14,17
STU0544,ASSIGN2717,Physics,No,14,32
STU0544,ASSIGN2718,Mathematics,Yes,1,90
STU0544,ASSIGN2719,Chemistry,No,14,0
STU0544,ASSIGN2720,Mathematics,No,9,33
STU0545,ASSIGN2721,Biology,Yes,1,82
STU0545,ASSIGN2722,Mathematics,No,9,12
STU0545,ASSIGN2723,Biology,Yes,4,40
STU0545,ASSIGN2724,Chemistry,No,9,14
STU0545,ASSIGN2725,Mathematics,Yes,4,77
STU0546,ASSIGN2726,Mathematics,Yes,5,70
STU0546,ASSIGN2727,Physics,Yes,2,42
STU0546,ASSIGN2728,Biology,Yes,3,77
STU0546,ASSIGN2729,Mathematics,Yes,2,77
STU0546,ASSIGN2730,Biology,No,11,27
STU0547,ASSIGN2731,Physics,Yes,0,100
STU0547,ASSIGN2732,Chemistry,No,11,14
STU0547,ASSIGN2733,Physics,No,15,7
STU0547,ASSIGN2734,Physics,No,6,31
STU0547,ASSIGN2735,Chemistry,Yes,2,47
STU0548,ASSIGN2736,Physics,No,14,10
STU0548,ASSIGN2737,Chemistry,Yes,5,96
STU0548,ASSIGN2738,Physics,No,10,33
STU0548,ASSIGN2739,Chemistry,No,11,20
STU0548,ASSIGN2740,Biology,Yes,3,92
STU0549,ASSIGN2741,Physics,Yes,2,84
STU0549,ASSIGN2742,Physics,No,12,25
STU0549,ASSIGN2743,Physics,No,7,3
STU0549,ASSIGN2744,Mathematics,Yes,3,43
STU0549,ASSIGN2745,Mathematics,Yes,4,76
STU0550,ASSIGN2746,Mathematics,No,8,20
STU0550,ASSIGN2747,Physics,No,7,28
STU0550,ASSIGN2748,Biology,No,9,8
STU0550,ASSIGN2749,Physics,No,13,1
STU0550,ASSIGN2750,Biology,Yes,4,76
STU0551,ASSIGN2751,Chemistry,Yes,5,75
STU0551,ASSIGN2752,Chemistry,Yes,1,83
STU0551,ASSIGN2753,Chemistry,Yes,0,42
STU0551,ASSIGN2754,Mathematics,No,6,33
STU0551,ASSIGN2755,Physics,No,7,13
STU0552,ASSIGN2756,Chemistry,Yes,2,90
STU0552,ASSIGN2757,Biology,Yes,3,96
STU0552,ASSIGN2758,Physics,No,10,21
STU0552,ASSIGN2759,Mathematics,No,6,36
STU0552,ASSIGN2760,Biology,Yes,2,96
STU0553,ASSIGN2761,Mathematics,No,10,37
STU0553,ASSIGN2762,Biology,Yes,3,72
STU0553,ASSIGN2763,Chemistry,No,6,0
STU0553,ASSIGN2764,Mathematics,Yes,5,75
STU0553,ASSIGN2765,Chemistry,Yes,0,48
STU0554,ASSIGN2766,Mathematics,No,12,7
STU0554,ASSIGN2767,Chemistry,No,10,14
STU0554,ASSIGN2768,Chemistry,No,10,28
STU0554,ASSIGN2769,Biology,No,10,29
STU0554,ASSIGN2770,Biology,Yes,4,78
STU0555,ASSIGN2771,Mathematics,Yes,2,80
STU0555,ASSIGN2772,Mathematics,No,13,26
STU0555,ASSIGN2773,Physics,No,11,31
STU0555,ASSIGN2774,Mathematics,No,15,13
STU0555,ASSIGN2775,Mathematics,No,9,31
STU0556,ASSIGN2776,Biology,No,9,15
STU0556,ASSIGN2777,Mathematics,No,13,4
STU0556,ASSIGN2778,Physics,Yes,2,89
STU0556,ASSIGN2779,Biology,Yes,3,67
STU0556,ASSIGN2780,Chemistry,Yes,4,85
STU0557,ASSIGN2781,Chemistry,Yes,1,62
STU0557,ASSIGN2782,Physics,Yes,0,57
STU0557,ASSIGN2783,Mathematics,Yes,3,85
STU0557,ASSIGN2784,Chemistry,Yes,0,70
STU0557,ASSIGN2785,Chemistry,No,15,29
STU0558,ASSIGN2786,Physics,Yes,5,93
STU0558,ASSIGN2787,Physics,No,15,28
STU0558,ASSIGN2788,Mathematics,Yes,4,53
STU0558,ASSIGN2789,Biology,No,8,8
STU0558,ASSIGN2790,Biology,No,8,24
STU0559,ASSIGN2791,Biology,No,7,26
STU0559,ASSIGN2792,Physics,No,9,9
STU0559,ASSIGN2793,Mathematics,No,14,24
STU0559,ASSIGN2794,Mathematics,No,9,21
STU0559,ASSIGN2795,Biology,No,8,7
STU0560,ASSIGN2796,Biology,No,7,16
STU0560,ASSIGN2797,Biology,No,7,17
STU0560,ASSIGN2798,Biology,Yes,0,51
STU0560,ASSIGN2799,Biology,Yes,1,87
STU0560,ASSIGN2800,Chemistry,No,8,19
STU0561,ASSIGN2801,Chemistry,No,15,31
STU0561,ASSIGN2802,Physics,No,9,23
STU0561,ASSIGN2803,Physics,No,9,27
STU0561,ASSIGN2804,Physics,No,13,38
STU0561,ASSIGN2805,Physics,No,12,8
STU0562,ASSIGN2806,Chemistry,No,12,4
STU0562,ASSIGN2807,Physics,Yes,5,83
STU0562,ASSIGN2808,Physics,Yes,4,54
STU0562,ASSIGN2809,Biology,No,8,8
STU0562,ASSIGN2810,Chemistry,Yes,1,76
STU0563,ASSIGN2811,Biology,Yes,5,62
STU0563,ASSIGN2812,Mathematics,Yes,5,55
STU0563,ASSIGN2813,Chemistry,Yes,2,81
STU0563,ASSIGN2814,Chemistry,Yes,1,63
STU0563,ASSIGN2815,Mathematics,Yes,0,88
STU0564,ASSIGN2816,Mathematics,Yes,0,62
STU0564,ASSIGN2817,Mathematics,No,14,17
STU0564,ASSIGN2818,Biology,No,12,16
STU0564,ASSIGN2819,Mathematics,No,11,15
STU0564,ASSIGN2820,Mathematics,No,13,18
STU0565,ASSIGN2821,Physics,Yes,4,54
STU0565,ASSIGN2822,Mathematics,Yes,4,45
STU0565,ASSIGN2823,Mathematics,No,6,7
STU0565,ASSIGN2824,Biology,Yes,2,97
STU0565,ASSIGN2825,Biology,No,14,13
STU0566,ASSIGN2826,Physics,Yes,5,65
STU0566,ASSIGN2827,Physics,Yes,3,84
STU0566,ASSIGN2828,Biology,Yes,5,92
STU0566,ASSIGN2829,Physics,No,9,0
STU0566,ASSIGN2830,Biology,No,8,36
STU0567,ASSIGN2831,Biology,No,13,9
STU0567,ASSIGN2832,Biology,Yes,1,53
STU0567,ASSIGN2833,Chemistry,No,10,11
STU0567,ASSIGN2834,Physics,No,12,18
STU0567,ASSIGN2835,Physics,Yes,1,60
STU0568,ASSIGN2836,Mathematics,No,15,16
STU0568,ASSIGN2837,Physics,Yes,4,55
STU0568,ASSIGN2838,Physics,Yes,0,69
STU0568,ASSIGN2839,Mathematics,Yes,1,88
STU0568,ASSIGN2840,Mathematics,Yes,2,86
STU0569,ASSIGN2841,Chemistry,No,9,31
STU0569,ASSIGN2842,Physics,Yes,3,91
STU0569,ASSIGN2843,Biology,No,14,10
STU0569,ASSIGN2844,Mathematics,Yes,3,41
STU0569,ASSIGN2845,Mathematics,Yes,4,68
STU0570,ASSIGN2846,Biology,No,14,29
STU0570,ASSIGN2847,Chemistry,No,15,19
STU0570,ASSIGN2848,Physics,Yes,1,98
STU0570,ASSIGN2849,Mathematics,Yes,1,95
STU0570,ASSIGN2850,Physics,Yes,5,71
STU0571,ASSIGN2851,Biology,No,9,11
STU0571,ASSIGN2852,Mathematics,No,7,28
STU0571,ASSIGN2853,Mathematics,Yes,4,91
STU0571,ASSIGN2854,Physics,Yes,2,65
STU0571,ASSIGN2855,Chemistry,No,15,7
STU0572,ASSIGN2856,Physics,No,6,10
STU0572,ASSIGN2857,Mathematics,Yes,0,73
STU0572,ASSIGN2858,Mathematics,No,15,13
STU0572,ASSIGN2859,Mathematics,Yes,3,89
STU0572,ASSIGN2860,Chemistry,No,6,8
STU0573,ASSIGN2861,Biology,Yes,3,95
STU0573,ASSIGN2862,Mathematics,No,8,37
STU0573,ASSIGN2863,Physics,No,9,6
STU0573,ASSIGN2864,Physics,Yes,2,64
STU0573,ASSIGN2865,Chemistry,Yes,0,61
STU0574,ASSIGN2866,Physics,No,9,37
STU0574,ASSIGN2867,Mathematics,Yes,0,52
STU0574,ASSIGN2868,Biology,No,6,39
STU0574,ASSIGN2869,Physics,Yes,4,97
STU0574,ASSIGN2870,Biology,Yes,2,40
STU0575,ASSIGN2871,Physics,Yes,5,61
STU0575,ASSIGN2872,Mathematics,No,9,15
STU0575,ASSIGN2873,Biology,No,11,30
STU0575,ASSIGN2874,Mathematics,Yes,3,49
STU0575,ASSIGN2875,Mathematics,No,10,19
STU0576,ASSIGN2876,Mathematics,No,15,9
STU0576,ASSIGN2877,Chemistry,No,6,10
STU0576,ASSIGN2878,Biology,No,12,35
STU0576,ASSIGN2879,Mathematics,Yes,5,95
STU0576,ASSIGN2880,Physics,No,14,3
STU0577,ASSIGN2881,Biology,Yes,2,46
STU0577,ASSIGN2882,Physics,Yes,3,60
STU0577,ASSIGN2883,Chemistry,Yes,5,93
STU0577,ASSIGN2884,Physics,Yes,4,42
STU0577,ASSIGN2885,Physics,Yes,5,52
STU0578,ASSIGN2886,Mathematics,No,9,24
STU0578,ASSIGN2887,Chemistry,Yes,0,87
STU0578,ASSIGN2888,Physics,No,9,3
STU0578,ASSIGN2889,Biology,No,13,34
STU0578,ASSIGN2890,Physics,No,8,23
STU0579,ASSIGN2891,Physics,Yes,1,89
STU0579,ASSIGN2892,Physics,Yes,1,73
STU0579,ASSIGN2893,Biology,Yes,5,62
STU0579,ASSIGN2894,Physics,Yes,0,64
STU0579,ASSIGN2895,Mathematics,Yes,2,95
STU0580,ASSIGN2896,Chemistry,Yes,1,64
STU0580,ASSIGN2897,Physics,Yes,0,55
STU0580,ASSIGN2898,Physics,No,14,19
STU0580,ASSIGN2899,Biology,No,7,27
STU0580,ASSIGN2900,Biology,No,12,36
STU0581,ASSIGN2901,Chemistry,Yes,3,64
STU0581,ASSIGN2902,Physics,No,6,32
STU0581,ASSIGN2903,Mathematics,No,14,3
STU0581,ASSIGN2904,Biology,No,9,28
STU0581,ASSIGN2905,Mathematics,Yes,5,74
STU0582,ASSIGN2906,Biology,No,6,40
STU0582,ASSIGN2907,Physics,No,15,8
STU0582,ASSIGN2908,Biology,No,7,3
STU0582,ASSIGN2909,Chemistry,Yes,1,50
STU0582,ASSIGN2910,Biology,Yes,0,56
STU0583,ASSIGN2911,Mathematics,No,9,10
STU0583,ASSIGN2912,Physics,No,7,18
STU0583,ASSIGN2913,Mathematics,No,13,40
STU0583,ASSIGN2914,Biology,Yes,4,90
STU0583,ASSIGN2915,Chemistry,Yes,1,47
STU0584,ASSIGN2916,Chemistry,No,7,40
STU0584,ASSIGN2917,Physics,Yes,4,58
STU0584,ASSIGN2918,Physics,Yes,5,95
STU0584,ASSIGN2919,Mathematics,No,7,29
STU0584,ASSIGN2920,Physics,No,12,40
STU0585,ASSIGN2921,Mathematics,Yes,1,44
STU0585,ASSIGN2922,Biology,Yes,1,59
STU0585,ASSIGN2923,Physics,Yes,2,83
STU0585,ASSIGN2924,Mathematics,Yes,4,56
STU0585,ASSIGN2925,Mathematics,No,7,19
STU0586,ASSIGN2926,Biology,Yes,0,55
STU0586,ASSIGN2927,Chemistry,Yes,1,62
STU0586,ASSIGN2928,Chemistry,Yes,2,58
STU0586,ASSIGN2929,Physics,No,6,5
STU0586,ASSIGN2930,Physics,No,8,12
STU0587,ASSIGN2931,Chemistry,Yes,2,92
STU0587,ASSIGN2932,Chemistry,Yes,0,47
STU0587,ASSIGN2933,Biology,No,6,34
STU0587,ASSIGN2934,Chemistry,Yes,4,79
STU0587,ASSIGN2935,Chemistry,Yes,2,44
STU0588,ASSIGN2936,Chemistry,No,8,5
STU0588,ASSIGN2937,Physics,No,11,21
STU0588,ASSIGN2938,Physics,Yes,5,91
STU0588,ASSIGN2939,Chemistry,Yes,2,80
STU0588,ASSIGN2940,Chemistry,No,14,39
STU0589,ASSIGN2941,Physics,No,15,16
STU0589,ASSIGN2942,Mathematics,Yes,5,44
STU0589,ASSIGN2943,Physics,No,11,3
STU0589,ASSIGN2944,Chemistry,Yes,0,61
STU0589,ASSIGN2945,Physics,No,6,18
STU0590,ASSIGN2946,Mathematics,Yes,2,71
STU0590,ASSIGN2947,Biology,No,15,40
STU0590,ASSIGN2948,Mathematics,Yes,0,96
STU0590,ASSIGN2949,Chemistry,Yes,3,43
STU0590,ASSIGN2950,Chemistry,No,9,30
STU0591,ASSIGN2951,Physics,Yes,3,69
STU0591,ASSIGN2952,Biology,No,14,4
STU0591,ASSIGN2953,Biology,Yes,2,43
STU0591,ASSIGN2954,Biology,No,11,1
STU0591,ASSIGN2955,Physics,No,11,40
STU0592,ASSIGN2956,Biology,Yes,0,91
STU0592,ASSIGN2957,Biology,No,8,17
STU0592,ASSIGN2958,Physics,No,12,9
STU0592,ASSIGN2959,Biology,Yes,2,95
STU0592,ASSIGN2960,Biology,Yes,1,43
STU0593,ASSIGN2961,Chemistry,Yes,4,66
STU0593,ASSIGN2962,Mathematics,No,15,9
STU0593,ASSIGN2963,Physics,No,9,14
STU0593,ASSIGN2964,Biology,No,6,28
STU0593,ASSIGN2965,Biology,Yes,0,50
STU0594,ASSIGN2966,Physics,No,12,35
STU0594,ASSIGN2967,Chemistry,No,6,16
STU0594,ASSIGN2968,Chemistry,Yes,3,91
STU0594,ASSIGN2969,Chemistry,Yes,4,72
STU0594,ASSIGN2970,Chemistry,Yes,4,65
STU0595,ASSIGN2971,Biology,No,14,32
STU0595,ASSIGN2972,Biology,Yes,0,72
STU0595,ASSIGN2973,Biology,Yes,3,47
STU0595,ASSIGN2974,Biology,Yes,2,78
STU0595,ASSIGN2975,Chemistry,Yes,3,93
STU0596,ASSIGN2976,Chemistry,Yes,3,76
STU0596,ASSIGN2977,Physics,No,15,40
STU0596,ASSIGN2978,Biology,No,11,26
STU0596,ASSIGN2979,Physics,Yes,5,56
STU0596,ASSIGN2980,Biology,No,15,36
STU0597,ASSIGN2981,Mathematics,No,15,0
STU0597,ASSIGN2982,Biology,Yes,0,55
STU0597,ASSIGN2983,Chemistry,Yes,4,50
STU0597,ASSIGN2984,Physics,Yes,1,78
STU0597,ASSIGN2985,Biology,No,15,23
STU0598,ASSIGN2986,Chemistry,Yes,0,95
STU0598,ASSIGN2987,Biology,No,13,24
STU0598,ASSIGN2988,Chemistry,No,10,9
STU0598,ASSIGN2989,Biology,Yes,2,71
STU0598,ASSIGN2990,Mathematics,Yes,0,42
STU0599,ASSIGN2991,Chemistry,No,15,34
STU0599,ASSIGN2992,Mathematics,No,8,20
STU0599,ASSIGN2993,Mathematics,Yes,3,88
STU0599,ASSIGN2994,Biology,No,8,29
STU0599,ASSIGN2995,Biology,Yes,4,50
STU0600,ASSIGN2996,Chemistry,Yes,4,59
STU0600,ASSIGN2997,Physics,No,6,30
STU0600,ASSIGN2998,Biology,Yes,3,52
STU0600,ASSIGN2999,Mathematics,Yes,5,75
STU0600,ASSIGN3000,Mathematics,No,9,2
STU0601,ASSIGN3001,Mathematics,No,15,16
STU0601,ASSIGN3002,Physics,No,9,33
STU0601,ASSIGN3003,Biology,No,6,24
STU0601,ASSIGN3004,Physics,Yes,4,63
STU0601,ASSIGN3005,Physics,No,11,16
STU0602,ASSIGN3006,Physics,No,8,5
STU0602,ASSIGN3007,Biology,Yes,3,62
STU0602,ASSIGN3008,Chemistry,No,14,12
STU0602,ASSIGN3009,Chemistry,No,6,30
STU0602,ASSIGN3010,Chemistry,No,13,5
STU0603,ASSIGN3011,Mathematics,No,9,25
STU0603,ASSIGN3012,Physics,No,11,38
STU0603,ASSIGN3013,Physics,No,11,33
STU0603,ASSIGN3014,Biology,Yes,5,72
STU0603,ASSIGN3015,Physics,No,13,7
STU0604,ASSIGN3016,Chemistry,Yes,4,89
STU0604,ASSIGN3017,Chemistry,Yes,5,71
STU0604,ASSIGN3018,Mathematics,Yes,5,81
STU0604,ASSIGN3019,Mathematics,No,10,23
STU0604,ASSIGN3020,Mathematics,No,13,10
STU0605,ASSIGN3021,Biology,No,15,12
STU0605,ASSIGN3022,Mathematics,Yes,2,68
STU0605,ASSIGN3023,Mathematics,No,7,30
STU0605,ASSIGN3024,Mathematics,No,12,36
STU0605,ASSIGN3025,Physics,Yes,4,69
STU0606,ASSIGN3026,Mathematics,No,13,25
STU0606,ASSIGN3027,Biology,Yes,5,51
STU0606,ASSIGN3028,Mathematics,No,7,40
STU0606,ASSIGN3029,Physics,Yes,5,79
STU0606,ASSIGN3030,Mathematics,No,8,6
STU0607,ASSIGN3031,Mathematics,Yes,4,54
STU0607,ASSIGN3032,Chemistry,Yes,3,79
STU0607,ASSIGN3033,Chemistry,No,12,35
STU0607,ASSIGN3034,Chemistry,Yes,2,63
STU0607,ASSIGN3035,Physics,No,14,24
STU0608,ASSIGN3036,Mathematics,Yes,4,88
STU0608,ASSIGN3037,Biology,Yes,2,56
STU0608,ASSIGN3038,Chemistry,Yes,4,42
STU0608,ASSIGN3039,Physics,No,10,22
STU0608,ASSIGN3040,Chemistry,Yes,0,94
STU0609,ASSIGN3041,Chemistry,No,14,25
STU0609,ASSIGN3042,Mathematics,Yes,5,78
STU0609,ASSIGN3043,Physics,Yes,3,86
STU0609,ASSIGN3044,Chemistry,Yes,0,87
STU0609,ASSIGN3045,Chemistry,Yes,0,77
STU0610,ASSIGN3046,Biology,No,9,28
STU0610,ASSIGN3047,Physics,Yes,4,44
STU0610,ASSIGN3048,Mathematics,Yes,1,47
STU0610,ASSIGN3049,Biology,No,8,13
STU0610,ASSIGN3050,Chemistry,No,11,21
STU0611,ASSIGN3051,Biology,Yes,5,90
STU0611,ASSIGN3052,Biology,No,13,14
STU0611,ASSIGN3053,Biology,No,12,10
STU0611,ASSIGN3054,Biology,Yes,5,86
STU0611,ASSIGN3055,Physics,No,6,3
STU0612,ASSIGN3056,Chemistry,Yes,4,54
STU0612,ASSIGN3057,Chemistry,No,9,29
STU0612,ASSIGN3058,Biology,No,10,4
STU0612,ASSIGN3059,Mathematics,No,11,27
STU0612,ASSIGN3060,Physics,No,13,33
STU0613,ASSIGN3061,Physics,No,14,12
STU0613,ASSIGN3062,Biology,Yes,3,80
STU0613,ASSIGN3063,Mathematics,No,12,15
STU0613,ASSIGN3064,Physics,No,6,24
STU0613,ASSIGN3065,Physics,No,15,21
STU0614,ASSIGN3066,Mathematics,Yes,5,84
STU0614,ASSIGN3067,Biology,Yes,3,45
STU0614,ASSIGN3068,Mathematics,Yes,0,75
STU0614,ASSIGN3069,Chemistry,No,15,6
STU0614,ASSIGN3070,Chemistry,No,14,27
STU0615,ASSIGN3071,Mathematics,No,14,27
STU0615,ASSIGN3072,Chemistry,Yes,0,62
STU0615,ASSIGN3073,Biology,No,10,8
STU0615,ASSIGN3074,Chemistry,Yes,0,49
STU0615,ASSIGN3075,Mathematics,Yes,0,80
STU0616,ASSIGN3076,Mathematics,No,8,27
STU0616,ASSIGN3077,Biology,No,10,3
STU0616,ASSIGN3078,Biology,No,12,3
STU0616,ASSIGN3079,Physics,Yes,4,57
STU0616,ASSIGN3080,Mathematics,No,11,14
STU0617,ASSIGN3081,Chemistry,No,15,17
STU0617,ASSIGN3082,Physics,Yes,1,82
STU0617,ASSIGN3083,Chemistry,No,8,22
STU0617,ASSIGN3084,Physics,Yes,3,92
STU0617,ASSIGN3085,Biology,Yes,0,67
STU0618,ASSIGN3086,Physics,No,10,12
STU0618,ASSIGN3087,Biology,No,14,14
STU0618,ASSIGN3088,Chemistry,Yes,4,73
STU0618,ASSIGN3089,Chemistry,No,9,18
STU0618,ASSIGN3090,Mathematics,Yes,5,42
STU0619,ASSIGN3091,Biology,Yes,4,64
STU0619,ASSIGN3092,Biology,No,7,20
STU0619,ASSIGN3093,Chemistry,No,9,19
STU0619,ASSIGN3094,Physics,No,10,33
STU0619,ASSIGN3095,Mathematics,Yes,5,82
STU0620,ASSIGN3096,Mathematics,Yes,5,90
STU0620,ASSIGN3097,Chemistry,No,14,26
STU0620,ASSIGN3098,Physics,No,10,31
STU0620,ASSIGN3099,Mathematics,Yes,3,86
STU0620,ASSIGN3100,Mathematics,No,12,7
STU0621,ASSIGN3101,Physics,No,12,13
STU0621,ASSIGN3102,Physics,No,8,32
STU0621,ASSIGN3103,Physics,Yes,4,85
STU0621,ASSIGN3104,Chemistry,No,6,33
STU0621,ASSIGN3105,Physics,Yes,0,77
STU0622,ASSIGN3106,Physics,No,8,24
STU0622,ASSIGN3107,Physics,Yes,4,77
STU0622,ASSIGN3108,Mathematics,Yes,2,85
STU0622,ASSIGN3109,Physics,Yes,4,95
STU0622,ASSIGN3110,Chemistry,Yes,5,42
STU0623,ASSIGN3111,Mathematics,No,9,32
STU0623,ASSIGN3112,Mathematics,No,14,27
STU0623,ASSIGN3113,Physics,Yes,0,94
STU0623,ASSIGN3114,Chemistry,Yes,1,41
STU0623,ASSIGN3115,Mathematics,Yes,0,53
STU0624,ASSIGN3116,Mathematics,No,13,7
STU0624,ASSIGN3117,Biology,No,15,6
STU0624,ASSIGN3118,Chemistry,No,9,24
STU0624,ASSIGN3119,Physics,Yes,0,76
STU0624,ASSIGN3120,Biology,Yes,5,41
STU0625,ASSIGN3121,Chemistry,Yes,2,50
STU0625,ASSIGN3122,Biology,Yes,3,60
STU0625,ASSIGN3123,Mathematics,Yes,2,55
STU0625,ASSIGN3124,Biology,No,8,32
STU0625,ASSIGN3125,Chemistry,No,15,26
STU0626,ASSIGN3126,Chemistry,Yes,5,94
STU0626,ASSIGN3127,Biology,No,8,33
STU0626,ASSIGN3128,Chemistry,Yes,0,83
STU0626,ASSIGN3129,Physics,Yes,3,76
STU0626,ASSIGN3130,Chemistry,No,6,29
STU0627,ASSIGN3131,Biology,Yes,3,40
STU0627,ASSIGN3132,Mathematics,No,12,33
STU0627,ASSIGN3133,Mathematics,Yes,2,100
STU0627,ASSIGN3134,Physics,Yes,3,88
STU0627,ASSIGN3135,Physics,Yes,5,73
STU0628,ASSIGN3136,Physics,Yes,1,55
STU0628,ASSIGN3137,Chemistry,Yes,1,59
STU0628,ASSIGN3138,Biology,No,14,14
STU0628,ASSIGN3139,Mathematics,No,13,33
STU0628,ASSIGN3140,Biology,No,14,9
STU0629,ASSIGN3141,Chemistry,Yes,5,100
STU0629,ASSIGN3142,Mathematics,No,8,33
STU0629,ASSIGN3143,Biology,No,13,9
STU0629,ASSIGN3144,Mathematics,No,6,35
STU0629,ASSIGN3145,Physics,No,10,10
STU0630,ASSIGN3146,Chemistry,No,7,24
STU0630,ASSIGN3147,Biology,No,9,38
STU0630,ASSIGN3148,Physics,No,8,32
STU0630,ASSIGN3149,Mathematics,Yes,2,70
STU0630,ASSIGN3150,Physics,No,11,19
STU0631,ASSIGN3151,Mathematics,Yes,3,90
STU0631,ASSIGN3152,Chemistry,No,14,24
STU0631,ASSIGN3153,Mathematics,No,14,5
STU0631,ASSIGN3154,Biology,No,13,15
STU0631,ASSIGN3155,Biology,Yes,0,83
STU0632,ASSIGN3156,Physics,No,9,7
STU0632,ASSIGN3157,Chemistry,No,13,14
STU0632,ASSIGN3158,Biology,Yes,0,42
STU0632,ASSIGN3159,Chemistry,Yes,2,71
STU0632,ASSIGN3160,Physics,No,12,36
STU0633,ASSIGN3161,Physics,Yes,0,55
STU0633,ASSIGN3162,Mathematics,No,15,24
STU0633,ASSIGN3163,Chemistry,No,7,24
STU0633,ASSIGN3164,Physics,No,14,9
STU0633,ASSIGN3165,Mathematics,No,12,23
STU0634,ASSIGN3166,Chemistry,No,8,38
STU0634,ASSIGN3167,Chemistry,Yes,3,46
STU0634,ASSIGN3168,Mathematics,Yes,4,47
STU0634,ASSIGN3169,Mathematics,No,6,17
STU0634,ASSIGN3170,Chemistry,Yes,4,66
STU0635,ASSIGN3171,Mathematics,Yes,5,87
STU0635,ASSIGN3172,Physics,Yes,5,42
STU0635,ASSIGN3173,Chemistry,Yes,1,95
STU0635,ASSIGN3174,Chemistry,No,12,25
STU0635,ASSIGN3175,Mathematics,No,11,18
STU0636,ASSIGN3176,Mathematics,No,15,13
STU0636,ASSIGN3177,Physics,No,15,36
STU0636,ASSIGN3178,Physics,No,9,22
STU0636,ASSIGN3179,Physics,Yes,1,98
STU0636,ASSIGN3180,Biology,No,9,29
STU0637,ASSIGN3181,Chemistry,Yes,3,85
STU0637,ASSIGN3182,Physics,No,12,35
STU0637,ASSIGN3183,Physics,No,10,25
STU0637,ASSIGN3184,Physics,No,14,8
STU0637,ASSIGN3185,Physics,Yes,0,48
STU0638,ASSIGN3186,Biology,No,6,18
STU0638,ASSIGN3187,Mathematics,No,12,9
STU0638,ASSIGN3188,Biology,No,13,16
STU0638,ASSIGN3189,Physics,No,7,24
STU0638,ASSIGN3190,Biology,No,11,4
STU0639,ASSIGN3191,Physics,Yes,2,52
STU0639,ASSIGN3192,Biology,No,9,29
STU0639,ASSIGN3193,Mathematics,Yes,3,79
STU0639,ASSIGN3194,Biology,Yes,0,60
STU0639,ASSIGN3195,Physics,No,15,34
STU0640,ASSIGN3196,Mathematics,No,12,39
STU0640,ASSIGN3197,Biology,No,8,9
STU0640,ASSIGN3198,Chemistry,No,9,7
STU0640,ASSIGN3199,Chemistry,Yes,2,66
STU0640,ASSIGN3200,Biology,No,8,4
STU0641,ASSIGN3201,Chemistry,Yes,2,57
STU0641,ASSIGN3202,Biology,Yes,5,65
STU0641,ASSIGN3203,Physics,Yes,5,74
STU0641,ASSIGN3204,Biology,Yes,1,79
STU0641,ASSIGN3205,Biology,No,8,8
STU0642,ASSIGN3206,Mathematics,Yes,2,54
STU0642,ASSIGN3207,Physics,Yes,1,71
STU0642,ASSIGN3208,Mathematics,Yes,2,49
STU0642,ASSIGN3209,Mathematics,Yes,2,66
STU0642,ASSIGN3210,Chemistry,No,15,34
STU0643,ASSIGN3211,Physics,Yes,4,81
STU0643,ASSIGN3212,Mathematics,No,11,22
STU0643,ASSIGN3213,Physics,Yes,1,52
STU0643,ASSIGN3214,Physics,No,7,0
STU0643,ASSIGN3215,Physics,No,8,20
STU0644,ASSIGN3216,Chemistry,No,7,37
STU0644,ASSIGN3217,Physics,Yes,1,72
STU0644,ASSIGN3218,Chemistry,No,8,13
STU0644,ASSIGN3219,Biology,Yes,1,59
STU0644,ASSIGN3220,Chemistry,No,11,28
STU0645,ASSIGN3221,Chemistry,No,13,40
STU0645,ASSIGN3222,Biology,No,11,8
STU0645,ASSIGN3223,Chemistry,No,15,27
STU0645,ASSIGN3224,Biology,No,10,37
STU0645,ASSIGN3225,Physics,No,8,19
STU0646,ASSIGN3226,Biology,No,9,17
STU0646,ASSIGN3227,Physics,Yes,1,87
STU0646,ASSIGN3228,Chemistry,No,7,20
STU0646,ASSIGN3229,Chemistry,No,8,10
STU0646,ASSIGN3230,Mathematics,Yes,0,65
STU0647,ASSIGN3231,Biology,No,13,4
STU0647,ASSIGN3232,Mathematics,Yes,2,80
STU0647,ASSIGN3233,Chemistry,Yes,2,86
STU0647,ASSIGN3234,Chemistry,No,11,7
STU0647,ASSIGN3235,Chemistry,Yes,2,97
STU0648,ASSIGN3236,Mathematics,No,7,0
STU0648,ASSIGN3237,Mathematics,No,14,32
STU0648,ASSIGN3238,Mathematics,Yes,1,56
STU0648,ASSIGN3239,Biology,No,15,21
STU0648,ASSIGN3240,Physics,Yes,2,67
STU0649,ASSIGN3241,Biology,No,15,12
STU0649,ASSIGN3242,Biology,No,12,38
STU0649,ASSIGN3243,Chemistry,Yes,3,46
STU0649,ASSIGN3244,Chemistry,Yes,1,92
STU0649,ASSIGN3245,Physics,No,8,31
STU0650,ASSIGN3246,Biology,Yes,0,45
STU0650,ASSIGN3247,Biology,Yes,1,70
STU0650,ASSIGN3248,Chemistry,Yes,5,99
STU0650,ASSIGN3249,Physics,No,14,22
STU0650,ASSIGN3250,Physics,No,7,3
STU0651,ASSIGN3251,Mathematics,No,9,16
STU0651,ASSIGN3252,Physics,No,15,14
STU0651,ASSIGN3253,Mathematics,Yes,3,66
STU0651,ASSIGN3254,Mathematics,No,8,35
STU0651,ASSIGN3255,Mathematics,Yes,5,52
STU0652,ASSIGN3256,Mathematics,Yes,0,96
STU0652,ASSIGN3257,Chemistry,No,10,17
STU0652,ASSIGN3258,Mathematics,Yes,1,100
STU0652,ASSIGN3259,Physics,Yes,4,98
STU0652,ASSIGN3260,Mathematics,Yes,0,61
STU0653,ASSIGN3261,Physics,No,13,2
STU0653,ASSIGN3262,Physics,Yes,5,40
STU0653,ASSIGN3263,Mathematics,No,7,26
STU0653,ASSIGN3264,Biology,No,12,36
STU0653,ASSIGN3265,Mathematics,Yes,4,61
STU0654,ASSIGN3266,Chemistry,Yes,4,85
STU0654,ASSIGN3267,Physics,No,8,20
STU0654,ASSIGN3268,Physics,Yes,5,58
STU0654,ASSIGN3269,Physics,No,7,0
STU0654,ASSIGN3270,Mathematics,Yes,4,40
STU0655,ASSIGN3271,Physics,Yes,2,80
STU0655,ASSIGN3272,Mathematics,Yes,2,99
STU0655,ASSIGN3273,Physics,No,9,10
STU0655,ASSIGN3274,Chemistry,Yes,4,43
STU0655,ASSIGN3275,Biology,No,9,0
STU0656,ASSIGN3276,Biology,Yes,1,60
STU0656,ASSIGN3277,Physics,Yes,2,42
STU0656,ASSIGN3278,Biology,No,13,20
STU0656,ASSIGN3279,Mathematics,No,14,33
STU0656,ASSIGN3280,Mathematics,Yes,4,81
STU0657,ASSIGN3281,Chemistry,Yes,1,56
STU0657,ASSIGN3282,Mathematics,Yes,3,86
STU0657,ASSIGN3283,Biology,No,9,21
STU0657,ASSIGN3284,Biology,No,10,27
STU0657,ASSIGN3285,Physics,No,12,12
STU0658,ASSIGN3286,Physics,Yes,2,85
STU0658,ASSIGN3287,Biology,Yes,3,84
STU0658,ASSIGN3288,Biology,Yes,1,58
STU0658,ASSIGN3289,Chemistry,No,15,29
STU0658,ASSIGN3290,Chemistry,Yes,1,54
STU0659,ASSIGN3291,Chemistry,Yes,4,51
STU0659,ASSIGN3292,Chemistry,Yes,5,61
STU0659,ASSIGN3293,Physics,Yes,5,53
STU0659,ASSIGN3294,Physics,Yes,2,93
STU0659,ASSIGN3295,Chemistry,No,8,33
STU0660,ASSIGN3296,Physics,Yes,0,58
STU0660,ASSIGN3297,Physics,No,7,24
STU0660,ASSIGN3298,Biology,Yes,0,61
STU0660,ASSIGN3299,Biology,Yes,3,43
STU0660,ASSIGN3300,Mathematics,No,8,14
STU0661,ASSIGN3301,Physics,Yes,2,67
STU0661,ASSIGN3302,Mathematics,No,10,32
STU0661,ASSIGN3303,Mathematics,No,10,28
STU0661,ASSIGN3304,Chemistry,Yes,2,89
STU0661,ASSIGN3305,Chemistry,Yes,1,92
STU0662,ASSIGN3306,Physics,Yes,2,92
STU0662,ASSIGN3307,Physics,Yes,1,56
STU0662,ASSIGN3308,Physics,No,7,39
STU0662,ASSIGN3309,Chemistry,No,8,34
STU0662,ASSIGN3310,Physics,Yes,1,51
STU0663,ASSIGN3311,Mathematics,Yes,1,84
STU0663,ASSIGN3312,Biology,No,10,34
STU0663,ASSIGN3313,Mathematics,No,14,1
STU0663,ASSIGN3314,Biology,Yes,0,83
STU0663,ASSIGN3315,Chemistry,No,12,6
STU0664,ASSIGN3316,Biology,No,15,17
STU0664,ASSIGN3317,Biology,Yes,0,94
STU0664,ASSIGN3318,Mathematics,Yes,5,56
STU0664,ASSIGN3319,Chemistry,No,6,31
STU0664,ASSIGN3320,Mathematics,Yes,2,41
STU0665,ASSIGN3321,Physics,Yes,0,82
STU0665,ASSIGN3322,Biology,Yes,5,66
STU0665,ASSIGN3323,Mathematics,No,7,17
STU0665,ASSIGN3324,Biology,No,12,24
STU0665,ASSIGN3325,Biology,No,13,27
STU0666,ASSIGN3326,Mathematics,No,8,22
STU0666,ASSIGN3327,Mathematics,Yes,0,44
STU0666,ASSIGN3328,Mathematics,No,13,3
STU0666,ASSIGN3329,Biology,Yes,0,50
STU0666,ASSIGN3330,Chemistry,No,14,30
STU0667,ASSIGN3331,Physics,No,13,10
STU0667,ASSIGN3332,Biology,Yes,4,94
STU0667,ASSIGN3333,Mathematics,No,13,40
STU0667,ASSIGN3334,Physics,No,15,32
STU0667,ASSIGN3335,Mathematics,No,14,31
STU0668,ASSIGN3336,Mathematics,No,6,33
STU0668,ASSIGN3337,Physics,Yes,2,98
STU0668,ASSIGN3338,Mathematics,Yes,2,55
STU0668,ASSIGN3339,Physics,Yes,4,59
STU0668,ASSIGN3340,Mathematics,No,11,1
STU0669,ASSIGN3341,Chemistry,Yes,5,59
STU0669,ASSIGN3342,Biology,No,9,5
STU0669,ASSIGN3343,Physics,Yes,1,73
STU0669,ASSIGN3344,Mathematics,No,9,37
STU0669,ASSIGN3345,Biology,Yes,5,97
STU0670,ASSIGN3346,Physics,No,6,37
STU0670,ASSIGN3347,Physics,Yes,4,62
STU0670,ASSIGN3348,Physics,No,9,22
STU0670,ASSIGN3349,Chemistry,No,15,28
STU0670,ASSIGN3350,Physics,No,8,3
STU0671,ASSIGN3351,Biology,Yes,3,57
STU0671,ASSIGN3352,Mathematics,Yes,1,52
STU0671,ASSIGN3353,Biology,No,12,0
STU0671,ASSIGN3354,Mathematics,Yes,0,67
STU0671,ASSIGN3355,Physics,Yes,1,59
STU0672,ASSIGN3356,Mathematics,Yes,2,98
STU0672,ASSIGN3357,Mathematics,Yes,0,77
STU0672,ASSIGN3358,Biology,Yes,5,71
STU0672,ASSIGN3359,Mathematics,No,9,35
STU0672,ASSIGN3360,Biology,Yes,4,94
STU0673,ASSIGN3361,Chemistry,No,8,16
STU0673,ASSIGN3362,Biology,Yes,0,43
STU0673,ASSIGN3363,Chemistry,Yes,5,42
STU0673,ASSIGN3364,Chemistry,Yes,1,86
STU0673,ASSIGN3365,Physics,No,12,19
STU0674,ASSIGN3366,Mathematics,Yes,2,94
STU0674,ASSIGN3367,Mathematics,Yes,3,85
STU0674,ASSIGN3368,Mathematics,No,6,21
STU0674,ASSIGN3369,Mathematics,Yes,3,48
STU0674,ASSIGN3370,Mathematics,Yes,4,72
STU0675,ASSIGN3371,Biology,No,11,1
STU0675,ASSIGN3372,Biology,No,15,24
STU0675,ASSIGN3373,Chemistry,No,7,33
STU0675,ASSIGN3374,Biology,Yes,4,82
STU0675,ASSIGN3375,Mathematics,No,6,15
STU0676,ASSIGN3376,Chemistry,No,14,17
STU0676,ASSIGN3377,Biology,Yes,2,96
STU0676,ASSIGN3378,Mathematics,No,10,3
STU0676,ASSIGN3379,Chemistry,No,7,35
STU0676,ASSIGN3380,Mathematics,No,11,26
STU0677,ASSIGN3381,Mathematics,Yes,5,59
STU0677,ASSIGN3382,Physics,No,15,15
STU0677,ASSIGN3383,Chemistry,Yes,5,98
STU0677,ASSIGN3384,Biology,Yes,1,56
STU0677,ASSIGN3385,Physics,Yes,1,68
STU0678,ASSIGN3386,Physics,Yes,5,42
STU0678,ASSIGN3387,Physics,Yes,2,79
STU0678,ASSIGN3388,Biology,No,10,28
STU0678,ASSIGN3389,Chemistry,Yes,4,87
STU0678,ASSIGN3390,Biology,Yes,0,62
STU0679,ASSIGN3391,Chemistry,No,13,34
STU0679,ASSIGN3392,Physics,No,7,16
STU0679,ASSIGN3393,Physics,No,13,12
STU0679,ASSIGN3394,Physics,Yes,1,50
STU0679,ASSIGN3395,Chemistry,No,9,17
STU0680,ASSIGN3396,Chemistry,Yes,1,44
STU0680,ASSIGN3397,Physics,No,11,39
STU0680,ASSIGN3398,Biology,No,10,30
STU0680,ASSIGN3399,Mathematics,No,12,7
STU0680,ASSIGN3400,Physics,Yes,3,92
STU0681,ASSIGN3401,Biology,No,9,38
STU0681,ASSIGN3402,Mathematics,No,7,35
STU0681,ASSIGN3403,Mathematics,No,13,21
STU0681,ASSIGN3404,Physics,Yes,2,73
STU0681,ASSIGN3405,Biology,Yes,5,89
STU0682,ASSIGN3406,Chemistry,Yes,5,54
STU0682,ASSIGN3407,Biology,Yes,4,67
STU0682,ASSIGN3408,Mathematics,No,9,5
STU0682,ASSIGN3409,Mathematics,Yes,1,79
STU0682,ASSIGN3410,Mathematics,No,6,23
STU0683,ASSIGN3411,Chemistry,Yes,5,50
STU0683,ASSIGN3412,Mathematics,No,8,16
STU0683,ASSIGN3413,Mathematics,No,12,40
STU0683,ASSIGN3414,Biology,No,10,36
STU0683,ASSIGN3415,Physics,Yes,2,90
STU0684,ASSIGN3416,Chemistry,No,14,9
STU0684,ASSIGN3417,Physics,No,10,30
STU0684,ASSIGN3418,Mathematics,No,14,29
STU0684,ASSIGN3419,Physics,Yes,1,55
STU0684,ASSIGN3420,Mathematics,No,15,4
STU0685,ASSIGN3421,Physics,No,15,20
STU0685,ASSIGN3422,Biology,Yes,4,52
STU0685,ASSIGN3423,Chemistry,Yes,3,66
STU0685,ASSIGN3424,Biology,No,11,28
STU0685,ASSIGN3425,Physics,No,11,32
STU0686,ASSIGN3426,Biology,No,12,26
STU0686,ASSIGN3427,Chemistry,Yes,5,90
STU0686,ASSIGN3428,Biology,Yes,4,49
STU0686,ASSIGN3429,Physics,No,13,27
STU0686,ASSIGN3430,Chemistry,Yes,5,51
STU0687,ASSIGN3431,Chemistry,Yes,2,95
STU0687,ASSIGN3432,Mathematics,Yes,0,91
STU0687,ASSIGN3433,Mathematics,No,10,31
STU0687,ASSIGN3434,Biology,Yes,5,51
STU0687,ASSIGN3435,Physics,No,14,2
STU0688,ASSIGN3436,Mathematics,No,15,13
STU0688,ASSIGN3437,Biology,Yes,0,85
STU0688,ASSIGN3438,Physics,Yes,3,63
STU0688,ASSIGN3439,Chemistry,Yes,4,50
STU0688,ASSIGN3440,Chemistry,Yes,0,59
STU0689,ASSIGN3441,Biology,Yes,2,71
STU0689,ASSIGN3442,Chemistry,Yes,3,86
STU0689,ASSIGN3443,Chemistry,No,7,22
STU0689,ASSIGN3444,Physics,Yes,1,88
STU0689,ASSIGN3445,Physics,No,11,18
STU0690,ASSIGN3446,Chemistry,Yes,5,80
STU0690,ASSIGN3447,Chemistry,No,15,38
STU0690,ASSIGN3448,Biology,Yes,3,50
STU0690,ASSIGN3449,Mathematics,Yes,0,85
STU0690,ASSIGN3450,Physics,Yes,1,64
STU0691,ASSIGN3451,Chemistry,Yes,3,76
STU0691,ASSIGN3452,Biology,No,6,25
STU0691,ASSIGN3453,Biology,No,14,13
STU0691,ASSIGN3454,Physics,Yes,1,44
STU0691,ASSIGN3455,Physics,Yes,1,45
STU0692,ASSIGN3456,Chemistry,No,12,24
STU0692,ASSIGN3457,Chemistry,Yes,3,97
STU0692,ASSIGN3458,Biology,Yes,0,96
STU0692,ASSIGN3459,Mathematics,No,6,25
STU0692,ASSIGN3460,Biology,Yes,5,89
STU0693,ASSIGN3461,Chemistry,Yes,5,93
STU0693,ASSIGN3462,Biology,No,7,8
STU0693,ASSIGN3463,Chemistry,No,6,8
STU0693,ASSIGN3464,Physics,No,13,25
STU0693,ASSIGN3465,Physics,Yes,3,57
STU0694,ASSIGN3466,Mathematics,No,6,16
STU0694,ASSIGN3467,Chemistry,No,11,32
STU0694,ASSIGN3468,Biology,No,15,1
STU0694,ASSIGN3469,Chemistry,Yes,0,41
STU0694,ASSIGN3470,Chemistry,Yes,0,47
STU0695,ASSIGN3471,Physics,No,15,28
STU0695,ASSIGN3472,Mathematics,Yes,3,89
STU0695,ASSIGN3473,Biology,Yes,3,86
STU0695,ASSIGN3474,Biology,Yes,1,45
STU0695,ASSIGN3475,Mathematics,No,14,18
STU0696,ASSIGN3476,Mathematics,Yes,4,70
STU0696,ASSIGN3477,Biology,Yes,2,83
STU0696,ASSIGN3478,Biology,No,7,40
STU0696,ASSIGN3479,Chemistry,Yes,4,77
STU0696,ASSIGN3480,Chemistry,No,9,4
STU0697,ASSIGN3481,Biology,No,8,21
STU0697,ASSIGN3482,Chemistry,Yes,3,64
STU0697,ASSIGN3483,Biology,No,10,35
STU0697,ASSIGN3484,Mathematics,No,8,24
STU0697,ASSIGN3485,Physics,Yes,0,41
STU0698,ASSIGN3486,Mathematics,Yes,5,90
STU0698,ASSIGN3487,Chemistry,Yes,4,96
STU0698,ASSIGN3488,Physics,No,14,28
STU0698,ASSIGN3489,Physics,Yes,1,77
STU0698,ASSIGN3490,Mathematics,Yes,2,81
STU0699,ASSIGN3491,Biology,Yes,4,51
STU0699,ASSIGN3492,Chemistry,Yes,0,71
STU0699,ASSIGN3493,Biology,Yes,0,84
STU0699,ASSIGN3494,Biology,Yes,3,80
STU0699,ASSIGN3495,Biology,Yes,5,69
STU0700,ASSIGN3496,Physics,No,6,0
STU0700,ASSIGN3497,Physics,No,8,38
STU0700,ASSIGN3498,Chemistry,Yes,4,41
STU0700,ASSIGN3499,Chemistry,No,8,26
STU0700,ASSIGN3500,Physics,No,10,11
STU0701,ASSIGN3501,Mathematics,No,8,10
STU0701,ASSIGN3502,Physics,No,11,36
STU0701,ASSIGN3503,Biology,Yes,0,86
STU0701,ASSIGN3504,Chemistry,Yes,5,54
STU0701,ASSIGN3505,Biology,Yes,5,70
STU0702,ASSIGN3506,Chemistry,No,9,30
STU0702,ASSIGN3507,Mathematics,Yes,0,90
STU0702,ASSIGN3508,Chemistry,Yes,0,92
STU0702,ASSIGN3509,Chemistry,Yes,1,74
STU0702,ASSIGN3510,Biology,Yes,1,98
STU0703,ASSIGN3511,Physics,No,15,6
STU0703,ASSIGN3512,Mathematics,No,6,16
STU0703,ASSIGN3513,Biology,No,9,6
STU0703,ASSIGN3514,Mathematics,Yes,4,74
STU0703,ASSIGN3515,Biology,No,11,23
STU0704,ASSIGN3516,Chemistry,No,6,34
STU0704,ASSIGN3517,Mathematics,No,15,0
STU0704,ASSIGN3518,Physics,Yes,5,52
STU0704,ASSIGN3519,Chemistry,Yes,5,58
STU0704,ASSIGN3520,Mathematics,No,8,34
STU0705,ASSIGN3521,Physics,No,14,15
STU0705,ASSIGN3522,Mathematics,No,9,4
STU0705,ASSIGN3523,Mathematics,No,9,21
STU0705,ASSIGN3524,Chemistry,No,14,14
STU0705,ASSIGN3525,Biology,Yes,5,93
STU0706,ASSIGN3526,Chemistry,Yes,3,52
STU0706,ASSIGN3527,Biology,No,10,13
STU0706,ASSIGN3528,Chemistry,Yes,2,100
STU0706,ASSIGN3529,Biology,Yes,2,54
STU0706,ASSIGN3530,Biology,Yes,0,93
STU0707,ASSIGN3531,Physics,No,10,5
STU0707,ASSIGN3532,Biology,No,6,8
STU0707,ASSIGN3533,Chemistry,Yes,3,89
STU0707,ASSIGN3534,Mathematics,Yes,3,78
STU0707,ASSIGN3535,Chemistry,No,6,17
STU0708,ASSIGN3536,Biology,No,14,9
STU0708,ASSIGN3537,Mathematics,No,11,4
STU0708,ASSIGN3538,Chemistry,Yes,5,59
STU0708,ASSIGN3539,Mathematics,Yes,2,87
STU0708,ASSIGN3540,Physics,Yes,5,86
STU0709,ASSIGN3541,Biology,No,10,27
STU0709,ASSIGN3542,Physics,No,10,28
STU0709,ASSIGN3543,Chemistry,No,11,20
STU0709,ASSIGN3544,Biology,Yes,2,43
STU0709,ASSIGN3545,Physics,Yes,0,48
STU0710,ASSIGN3546,Mathematics,No,15,32
STU0710,ASSIGN3547,Physics,Yes,0,92
STU0710,ASSIGN3548,Biology,No,6,18
STU0710,ASSIGN3549,Physics,Yes,4,64
STU0710,ASSIGN3550,Chemistry,No,9,0
STU0711,ASSIGN3551,Physics,Yes,3,88
STU0711,ASSIGN3552,Biology,No,14,40
STU0711,ASSIGN3553,Biology,No,6,24
STU0711,ASSIGN3554,Biology,Yes,4,44
STU0711,ASSIGN3555,Biology,No,6,36
STU0712,ASSIGN3556,Mathematics,No,14,15
STU0712,ASSIGN3557,Chemistry,No,14,38
STU0712,ASSIGN3558,Mathematics,Yes,0,43
STU0712,ASSIGN3559,Biology,No,15,27
STU0712,ASSIGN3560,Chemistry,No,13,29
STU0713,ASSIGN3561,Biology,Yes,1,60
STU0713,ASSIGN3562,Chemistry,No,12,26
STU0713,ASSIGN3563,Chemistry,Yes,1,99
STU0713,ASSIGN3564,Biology,No,6,13
STU0713,ASSIGN3565,Physics,Yes,0,72
STU0714,ASSIGN3566,Mathematics,No,10,2
STU0714,ASSIGN3567,Biology,Yes,2,42
STU0714,ASSIGN3568,Physics,No,6,17
STU0714,ASSIGN3569,Mathematics,Yes,5,60
STU0714,ASSIGN3570,Mathematics,Yes,0,81
STU0715,ASSIGN3571,Chemistry,Yes,1,62
STU0715,ASSIGN3572,Biology,No,8,35
STU0715,ASSIGN3573,Chemistry,No,13,39
STU0715,ASSIGN3574,Physics,No,6,0
STU0715,ASSIGN3575,Biology,Yes,1,69
STU0716,ASSIGN3576,Chemistry,Yes,5,59
STU0716,ASSIGN3577,Mathematics,No,13,18
STU0716,ASSIGN3578,Physics,No,10,28
STU0716,ASSIGN3579,Biology,Yes,5,62
STU0716,ASSIGN3580,Physics,No,6,28
STU0717,ASSIGN3581,Physics,Yes,5,90
STU0717,ASSIGN3582,Biology,Yes,0,88
STU0717,ASSIGN3583,Mathematics,No,8,28
STU0717,ASSIGN3584,Chemistry,No,12,20
STU0717,ASSIGN3585,Chemistry,No,12,9
STU0718,ASSIGN3586,Chemistry,No,10,7
STU0718,ASSIGN3587,Chemistry,No,12,22
STU0718,ASSIGN3588,Mathematics,Yes,5,61
STU0718,ASSIGN3589,Mathematics,No,8,23
STU0718,ASSIGN3590,Chemistry,No,6,18
STU0719,ASSIGN3591,Mathematics,Yes,3,95
STU0719,ASSIGN3592,Physics,Yes,5,70
STU0719,ASSIGN3593,Chemistry,Yes,1,64
STU0719,ASSIGN3594,Biology,Yes,3,67
STU0719,ASSIGN3595,Chemistry,No,12,12
STU0720,ASSIGN3596,Biology,No,13,22
STU0720,ASSIGN3597,Mathematics,Yes,4,49
STU0720,ASSIGN3598,Mathematics,Yes,1,58
STU0720,ASSIGN3599,Chemistry,Yes,0,42
STU0720,ASSIGN3600,Mathematics,Yes,5,51
STU0721,ASSIGN3601,Mathematics,Yes,4,43
STU0721,ASSIGN3602,Physics,Yes,3,69
STU0721,ASSIGN3603,Physics,No,13,19
STU0721,ASSIGN3604,Physics,No,10,18
STU0721,ASSIGN3605,Mathematics,Yes,1,75
STU0722,ASSIGN3606,Mathematics,Yes,3,100
STU0722,ASSIGN3607,Mathematics,Yes,1,41
STU0722,ASSIGN3608,Biology,Yes,3,52
STU0722,ASSIGN3609,Physics,No,9,30
STU0722,ASSIGN3610,Chemistry,Yes,0,62
STU0723,ASSIGN3611,Physics,No,15,13
STU0723,ASSIGN3612,Mathematics,Yes,0,73
STU0723,ASSIGN3613,Biology,Yes,1,74
STU0723,ASSIGN3614,Mathematics,No,13,0
STU0723,ASSIGN3615,Physics,No,7,32
STU0724,ASSIGN3616,Mathematics,No,6,36
STU0724,ASSIGN3617,Mathematics,No,9,32
STU0724,ASSIGN3618,Physics,No,15,32
STU0724,ASSIGN3619,Physics,Yes,3,64
STU0724,ASSIGN3620,Physics,No,11,16
STU0725,ASSIGN3621,Physics,No,12,9
STU0725,ASSIGN3622,Mathematics,No,12,21
STU0725,ASSIGN3623,Chemistry,No,7,26
STU0725,ASSIGN3624,Biology,No,9,11
STU0725,ASSIGN3625,Mathematics,Yes,1,61
STU0726,ASSIGN3626,Chemistry,No,14,32
STU0726,ASSIGN3627,Mathematics,Yes,5,50
STU0726,ASSIGN3628,Biology,No,15,3
STU0726,ASSIGN3629,Physics,Yes,1,67
STU0726,ASSIGN3630,Chemistry,No,13,16
STU0727,ASSIGN3631,Biology,No,6,25
STU0727,ASSIGN3632,Mathematics,Yes,1,61
STU0727,ASSIGN3633,Mathematics,No,12,6
STU0727,ASSIGN3634,Physics,No,8,36
STU0727,ASSIGN3635,Chemistry,Yes,4,80
STU0728,ASSIGN3636,Chemistry,No,7,13
STU0728,ASSIGN3637,Chemistry,Yes,1,40
STU0728,ASSIGN3638,Chemistry,No,12,9
STU0728,ASSIGN3639,Biology,No,9,19
STU0728,ASSIGN3640,Physics,No,7,33
STU0729,ASSIGN3641,Biology,No,8,17
STU0729,ASSIGN3642,Chemistry,Yes,3,57
STU0729,ASSIGN3643,Biology,No,9,7
STU0729,ASSIGN3644,Biology,Yes,3,86
STU0729,ASSIGN3645,Mathematics,No,8,36
STU0730,ASSIGN3646,Chemistry,No,13,2
STU0730,ASSIGN3647,Mathematics,No,14,33
STU0730,ASSIGN3648,Mathematics,Yes,2,91
STU0730,ASSIGN3649,Mathematics,No,12,6
STU0730,ASSIGN3650,Biology,No,13,22
STU0731,ASSIGN3651,Physics,Yes,2,90
STU0731,ASSIGN3652,Chemistry,Yes,3,77
STU0731,ASSIGN3653,Biology,Yes,3,54
STU0731,ASSIGN3654,Chemistry,No,7,21
STU0731,ASSIGN3655,Biology,No,12,24
STU0732,ASSIGN3656,Mathematics,Yes,5,98
STU0732,ASSIGN3657,Mathematics,No,12,4
STU0732,ASSIGN3658,Physics,Yes,2,66
STU0732,ASSIGN3659,Chemistry,Yes,0,71
STU0732,ASSIGN3660,Mathematics,Yes,2,83
STU0733,ASSIGN3661,Chemistry,Yes,3,53
STU0733,ASSIGN3662,Biology,Yes,5,97
STU0733,ASSIGN3663,Physics,No,15,21
STU0733,ASSIGN3664,Physics,Yes,1,54
STU0733,ASSIGN3665,Chemistry,Yes,4,75
STU0734,ASSIGN3666,Physics,No,14,36
STU0734,ASSIGN3667,Biology,No,8,37
STU0734,ASSIGN3668,Mathematics,No,15,36
STU0734,ASSIGN3669,Mathematics,No,10,25
STU0734,ASSIGN3670,Biology,No,11,26
STU0735,ASSIGN3671,Chemistry,Yes,2,76
STU0735,ASSIGN3672,Physics,No,14,10
STU0735,ASSIGN3673,Mathematics,Yes,0,71
STU0735,ASSIGN3674,Physics,Yes,4,50
STU0735,ASSIGN3675,Biology,Yes,1,69
STU0736,ASSIGN3676,Chemistry,No,13,0
STU0736,ASSIGN3677,Biology,Yes,1,51
STU0736,ASSIGN3678,Chemistry,No,15,37
STU0736,ASSIGN3679,Physics,Yes,4,88
STU0736,ASSIGN3680,Mathematics,Yes,0,79
STU0737,ASSIGN3681,Chemistry,Yes,2,85
STU0737,ASSIGN3682,Biology,No,8,32
STU0737,ASSIGN3683,Mathematics,No,11,10
STU0737,ASSIGN3684,Physics,Yes,5,87
STU0737,ASSIGN3685,Chemistry,Yes,5,98
STU0738,ASSIGN3686,Biology,Yes,4,77
STU0738,ASSIGN3687,Physics,No,10,11
STU0738,ASSIGN3688,Physics,No,14,25
STU0738,ASSIGN3689,Physics,No,11,14
STU0738,ASSIGN3690,Chemistry,No,13,12
STU0739,ASSIGN3691,Biology,Yes,0,66
STU0739,ASSIGN3692,Chemistry,Yes,0,85
STU0739,ASSIGN3693,Physics,No,15,0
STU0739,ASSIGN3694,Mathematics,Yes,2,84
STU0739,ASSIGN3695,Mathematics,Yes,5,57
STU0740,ASSIGN3696,Physics,No,15,23
STU0740,ASSIGN3697,Chemistry,No,13,1
STU0740,ASSIGN3698,Chemistry,No,10,37
STU0740,ASSIGN3699,Chemistry,No,8,19
STU0740,ASSIGN3700,Physics,No,6,21
STU0741,ASSIGN3701,Physics,Yes,1,45
STU0741,ASSIGN3702,Mathematics,Yes,5,67
STU0741,ASSIGN3703,Mathematics,Yes,3,97
STU0741,ASSIGN3704,Physics,Yes,2,63
STU0741,ASSIGN3705,Chemistry,No,8,28
STU0742,ASSIGN3706,Biology,Yes,1,82
STU0742,ASSIGN3707,Physics,Yes,4,55
STU0742,ASSIGN3708,Physics,No,10,18
STU0742,ASSIGN3709,Chemistry,Yes,4,81
STU0742,ASSIGN3710,Biology,No,9,6
STU0743,ASSIGN3711,Physics,Yes,3,72
STU0743,ASSIGN3712,Biology,Yes,4,48
STU0743,ASSIGN3713,Biology,No,9,29
STU0743,ASSIGN3714,Chemistry,Yes,2,60
STU0743,ASSIGN3715,Physics,Yes,1,64
STU0744,ASSIGN3716,Chemistry,Yes,1,89
STU0744,ASSIGN3717,Biology,No,11,40
STU0744,ASSIGN3718,Mathematics,No,14,40
STU0744,ASSIGN3719,Biology,Yes,1,80
STU0744,ASSIGN3720,Physics,Yes,4,48
STU0745,ASSIGN3721,Chemistry,Yes,5,47
STU0745,ASSIGN3722,Biology,No,7,15
STU0745,ASSIGN3723,Mathematics,No,13,18
STU0745,ASSIGN3724,Chemistry,Yes,2,100
STU0745,ASSIGN3725,Biology,Yes,5,47
STU0746,ASSIGN3726,Biology,Yes,0,51
STU0746,ASSIGN3727,Chemistry,Yes,2,60
STU0746,ASSIGN3728,Chemistry,Yes,1,78
STU0746,ASSIGN3729,Mathematics,No,14,14
STU0746,ASSIGN3730,Chemistry,No,10,18
STU0747,ASSIGN3731,Mathematics,No,10,18
STU0747,ASSIGN3732,Mathematics,Yes,2,83
STU0747,ASSIGN3733,Physics,No,9,8
STU0747,ASSIGN3734,Physics,Yes,0,45
STU0747,ASSIGN3735,Mathematics,No,7,19
STU0748,ASSIGN3736,Biology,No,6,9
STU0748,ASSIGN3737,Biology,Yes,0,97
STU0748,ASSIGN3738,Chemistry,Yes,5,87
STU0748,ASSIGN3739,Mathematics,Yes,2,83
STU0748,ASSIGN3740,Biology,No,15,37
STU0749,ASSIGN3741,Chemistry,Yes,5,93
STU0749,ASSIGN3742,Physics,No,12,3
STU0749,ASSIGN3743,Biology,No,6,33
STU0749,ASSIGN3744,Chemistry,Yes,0,88
STU0749,ASSIGN3745,Mathematics,No,14,37
STU0750,ASSIGN3746,Biology,Yes,3,56
STU0750,ASSIGN3747,Physics,No,7,31
STU0750,ASSIGN3748,Physics,Yes,1,51
STU0750,ASSIGN3749,Physics,No,6,40
STU0750,ASSIGN3750,Biology,No,9,22
STU0751,ASSIGN3751,Biology,Yes,1,55
STU0751,ASSIGN3752,Physics,No,12,28
STU0751,ASSIGN3753,Biology,Yes,2,55
STU0751,ASSIGN3754,Chemistry,No,7,6
STU0751,ASSIGN3755,Physics,Yes,1,41
STU0752,ASSIGN3756,Physics,Yes,1,91
STU0752,ASSIGN3757,Chemistry,No,15,33
STU0752,ASSIGN3758,Physics,Yes,5,41
STU0752,ASSIGN3759,Biology,No,11,1
STU0752,ASSIGN3760,Chemistry,Yes,3,54
STU0753,ASSIGN3761,Biology,Yes,2,70
STU0753,ASSIGN3762,Biology,No,9,32
STU0753,ASSIGN3763,Physics,Yes,4,67
STU0753,ASSIGN3764,Mathematics,Yes,5,83
STU0753,ASSIGN3765,Physics,Yes,1,77
STU0754,ASSIGN3766,Chemistry,No,8,31
STU0754,ASSIGN3767,Chemistry,No,14,32
STU0754,ASSIGN3768,Biology,No,7,33
STU0754,ASSIGN3769,Chemistry,No,15,0
STU0754,ASSIGN3770,Biology,No,6,21
STU0755,ASSIGN3771,Chemistry,Yes,3,53
STU0755,ASSIGN3772,Biology,Yes,2,50
STU0755,ASSIGN3773,Physics,Yes,4,41
STU0755,ASSIGN3774,Physics,No,9,24
STU0755,ASSIGN3775,Physics,No,8,9
STU0756,ASSIGN3776,Physics,No,8,7
STU0756,ASSIGN3777,Biology,Yes,3,63
STU0756,ASSIGN3778,Physics,Yes,0,91
STU0756,ASSIGN3779,Physics,No,15,35
STU0756,ASSIGN3780,Physics,Yes,0,57
STU0757,ASSIGN3781,Physics,No,14,34
STU0757,ASSIGN3782,Mathematics,Yes,4,46
STU0757,ASSIGN3783,Physics,No,12,4
STU0757,ASSIGN3784,Biology,Yes,3,78
STU0757,ASSIGN3785,Physics,No,10,15
STU0758,ASSIGN3786,Chemistry,No,6,22
STU0758,ASSIGN3787,Mathematics,No,12,1
STU0758,ASSIGN3788,Physics,Yes,0,99
STU0758,ASSIGN3789,Mathematics,Yes,0,46
STU0758,ASSIGN3790,Mathematics,Yes,2,100
STU0759,ASSIGN3791,Mathematics,Yes,2,72
STU0759,ASSIGN3792,Chemistry,No,10,19
STU0759,ASSIGN3793,Chemistry,No,15,29
STU0759,ASSIGN3794,Biology,No,6,32
STU0759,ASSIGN3795,Mathematics,No,13,19
STU0760,ASSIGN3796,Chemistry,Yes,1,82
STU0760,ASSIGN3797,Mathematics,Yes,1,49
STU0760,ASSIGN3798,Mathematics,No,8,9
STU0760,ASSIGN3799,Mathematics,Yes,0,89
STU0760,ASSIGN3800,Biology,No,8,20
STU0761,ASSIGN3801,Mathematics,Yes,5,86
STU0761,ASSIGN3802,Mathematics,Yes,4,73
STU0761,ASSIGN3803,Chemistry,Yes,4,55
STU0761,ASSIGN3804,Chemistry,Yes,2,47
STU0761,ASSIGN3805,Mathematics,Yes,5,79
STU0762,ASSIGN3806,Chemistry,Yes,4,44
STU0762,ASSIGN3807,Physics,Yes,3,92
STU0762,ASSIGN3808,Mathematics,No,12,10
STU0762,ASSIGN3809,Chemistry,Yes,0,66
STU0762,ASSIGN3810,Chemistry,Yes,4,46
STU0763,ASSIGN3811,Physics,No,10,24
STU0763,ASSIGN3812,Physics,Yes,4,90
STU0763,ASSIGN3813,Chemistry,Yes,4,75
STU0763,ASSIGN3814,Mathematics,No,15,0
STU0763,ASSIGN3815,Chemistry,No,12,0
STU0764,ASSIGN3816,Chemistry,No,9,22
STU0764,ASSIGN3817,Chemistry,No,10,24
STU0764,ASSIGN3818,Biology,No,11,30
STU0764,ASSIGN3819,Mathematics,No,15,37
STU0764,ASSIGN3820,Mathematics,No,15,20
STU0765,ASSIGN3821,Mathematics,No,6,28
STU0765,ASSIGN3822,Chemistry,No,11,10
STU0765,ASSIGN3823,Mathematics,Yes,2,83
STU0765,ASSIGN3824,Biology,Yes,2,85
STU0765,ASSIGN3825,Chemistry,Yes,3,53
STU0766,ASSIGN3826,Chemistry,No,11,28
STU0766,ASSIGN3827,Biology,Yes,4,87
STU0766,ASSIGN3828,Mathematics,Yes,5,93
STU0766,ASSIGN3829,Biology,Yes,4,77
STU0766,ASSIGN3830,Physics,No,12,21
STU0767,ASSIGN3831,Physics,No,13,14
STU0767,ASSIGN3832,Mathematics,No,9,5
STU0767,ASSIGN3833,Physics,No,11,40
STU0767,ASSIGN3834,Physics,Yes,2,81
STU0767,ASSIGN3835,Mathematics,No,7,21
STU0768,ASSIGN3836,Mathematics,Yes,0,48
STU0768,ASSIGN3837,Biology,No,15,2
STU0768,ASSIGN3838,Mathematics,Yes,1,83
STU0768,ASSIGN3839,Physics,No,12,16
STU0768,ASSIGN3840,Mathematics,No,10,15
STU0769,ASSIGN3841,Mathematics,No,9,16
STU0769,ASSIGN3842,Mathematics,No,11,27
STU0769,ASSIGN3843,Mathematics,No,9,38
STU0769,ASSIGN3844,Chemistry,Yes,3,53
STU0769,ASSIGN3845,Biology,Yes,0,98
STU0770,ASSIGN3846,Chemistry,No,6,24
STU0770,ASSIGN3847,Mathematics,Yes,5,69
STU0770,ASSIGN3848,Physics,No,14,25
STU0770,ASSIGN3849,Physics,No,15,22
STU0770,ASSIGN3850,Physics,Yes,5,49
STU0771,ASSIGN3851,Mathematics,No,6,27
STU0771,ASSIGN3852,Biology,Yes,3,43
STU0771,ASSIGN3853,Chemistry,No,11,17
STU0771,ASSIGN3854,Physics,No,15,32
STU0771,ASSIGN3855,Physics,Yes,1,64
STU0772,ASSIGN3856,Biology,No,6,9
STU0772,ASSIGN3857,Physics,No,14,39
STU0772,ASSIGN3858,Physics,No,11,2
STU0772,ASSIGN3859,Physics,No,6,28
STU0772,ASSIGN3860,Biology,Yes,5,76
STU0773,ASSIGN3861,Chemistry,No,9,24
STU0773,ASSIGN3862,Chemistry,No,8,38
STU0773,ASSIGN3863,Chemistry,Yes,1,58
STU0773,ASSIGN3864,Mathematics,Yes,0,96
STU0773,ASSIGN3865,Chemistry,No,7,36
STU0774,ASSIGN3866,Biology,Yes,0,94
STU0774,ASSIGN3867,Mathematics,No,14,3
STU0774,ASSIGN3868,Physics,Yes,3,40
STU0774,ASSIGN3869,Physics,Yes,1,100
STU0774,ASSIGN3870,Chemistry,Yes,2,92
STU0775,ASSIGN3871,Chemistry,No,11,38
STU0775,ASSIGN3872,Physics,Yes,3,42
STU0775,ASSIGN3873,Mathematics,Yes,1,78
STU0775,ASSIGN3874,Physics,Yes,2,56
STU0775,ASSIGN3875,Mathematics,Yes,2,42
STU0776,ASSIGN3876,Physics,No,9,40
STU0776,ASSIGN3877,Biology,Yes,4,60
STU0776,ASSIGN3878,Mathematics,No,14,26
STU0776,ASSIGN3879,Mathematics,No,13,37
STU0776,ASSIGN3880,Biology,No,14,28
STU0777,ASSIGN3881,Mathematics,No,8,13
STU0777,ASSIGN3882,Chemistry,Yes,0,58
STU0777,ASSIGN3883,Mathematics,Yes,1,49
STU0777,ASSIGN3884,Biology,No,8,36
STU0777,ASSIGN3885,Chemistry,Yes,3,98
STU0778,ASSIGN3886,Mathematics,No,7,10
STU0778,ASSIGN3887,Mathematics,Yes,1,96
STU0778,ASSIGN3888,Biology,No,12,29
STU0778,ASSIGN3889,Physics,No,11,13
STU0778,ASSIGN3890,Physics,Yes,1,41
STU0779,ASSIGN3891,Biology,No,13,30
STU0779,ASSIGN3892,Physics,No,14,5
STU0779,ASSIGN3893,Physics,Yes,4,100
STU0779,ASSIGN3894,Biology,No,10,34
STU0779,ASSIGN3895,Chemistry,No,10,37
STU0780,ASSIGN3896,Chemistry,No,12,12
STU0780,ASSIGN3897,Biology,Yes,2,66
STU0780,ASSIGN3898,Mathematics,No,14,30
STU0780,ASSIGN3899,Physics,Yes,4,46
STU0780,ASSIGN3900,Physics,No,7,22
STU0781,ASSIGN3901,Chemistry,Yes,5,57
STU0781,ASSIGN3902,Mathematics,Yes,1,95
STU0781,ASSIGN3903,Chemistry,No,7,23
STU0781,ASSIGN3904,Chemistry,No,6,20
STU0781,ASSIGN3905,Mathematics,Yes,0,40
STU0782,ASSIGN3906,Biology,Yes,3,90
STU0782,ASSIGN3907,Mathematics,Yes,0,40
STU0782,ASSIGN3908,Mathematics,No,12,19
STU0782,ASSIGN3909,Physics,Yes,5,40
STU0782,ASSIGN3910,Biology,No,6,20
STU0783,ASSIGN3911,Biology,No,8,35
STU0783,ASSIGN3912,Chemistry,No,7,20
STU0783,ASSIGN3913,Physics,Yes,5,70
STU0783,ASSIGN3914,Chemistry,Yes,3,45
STU0783,ASSIGN3915,Biology,Yes,4,78
STU0784,ASSIGN3916,Mathematics,No,8,4
STU0784,ASSIGN3917,Biology,No,7,5
STU0784,ASSIGN3918,Physics,Yes,0,49
STU0784,ASSIGN3919,Mathematics,Yes,0,90
STU0784,ASSIGN3920,Biology,Yes,0,49
STU0785,ASSIGN3921,Chemistry,Yes,2,46
STU0785,ASSIGN3922,Biology,Yes,3,92
STU0785,ASSIGN3923,Mathematics,Yes,4,59
STU0785,ASSIGN3924,Physics,No,8,7
STU0785,ASSIGN3925,Biology,Yes,3,69
STU0786,ASSIGN3926,Chemistry,No,14,21
STU0786,ASSIGN3927,Physics,Yes,2,55
STU0786,ASSIGN3928,Biology,No,14,6
STU0786,ASSIGN3929,Biology,No,14,19
STU0786,ASSIGN3930,Mathematics,No,8,15
STU0787,ASSIGN3931,Chemistry,Yes,3,97
STU0787,ASSIGN3932,Biology,Yes,5,87
STU0787,ASSIGN3933,Mathematics,Yes,3,92
STU0787,ASSIGN3934,Chemistry,Yes,5,80
STU0787,ASSIGN3935,Physics,Yes,4,75
STU0788,ASSIGN3936,Chemistry,No,13,29
STU0788,ASSIGN3937,Chemistry,Yes,4,84
STU0788,ASSIGN3938,Chemistry,Yes,2,84
STU0788,ASSIGN3939,Mathematics,No,10,7
STU0788,ASSIGN3940,Physics,No,6,11
STU0789,ASSIGN3941,Biology,Yes,3,40
STU0789,ASSIGN3942,Biology,Yes,2,65
STU0789,ASSIGN3943,Chemistry,Yes,1,81
STU0789,ASSIGN3944,Physics,Yes,3,66
STU0789,ASSIGN3945,Physics,Yes,1,68
STU0790,ASSIGN3946,Physics,Yes,0,75
STU0790,ASSIGN3947,Biology,Yes,1,45
STU0790,ASSIGN3948,Biology,No,8,9
STU0790,ASSIGN3949,Physics,Yes,5,69
STU0790,ASSIGN3950,Chemistry,Yes,3,100
STU0791,ASSIGN3951,Mathematics,Yes,1,99
STU0791,ASSIGN3952,Biology,No,13,3
STU0791,ASSIGN3953,Chemistry,No,12,19
STU0791,ASSIGN3954,Chemistry,Yes,4,56
STU0791,ASSIGN3955,Physics,Yes,1,85
STU0792,ASSIGN3956,Mathematics,No,7,27
STU0792,ASSIGN3957,Biology,No,8,9
STU0792,ASSIGN3958,Biology,No,10,30
STU0792,ASSIGN3959,Biology,Yes,1,47
STU0792,ASSIGN3960,Biology,No,9,5
STU0793,ASSIGN3961,Biology,No,6,28
STU0793,ASSIGN3962,Chemistry,No,14,29
STU0793,ASSIGN3963,Chemistry,Yes,0,73
STU0793,ASSIGN3964,Mathematics,No,14,26
STU0793,ASSIGN3965,Chemistry,No,11,29
STU0794,ASSIGN3966,Physics,Yes,4,46
STU0794,ASSIGN3967,Mathematics,No,7,18
STU0794,ASSIGN3968,Mathematics,No,14,39
STU0794,ASSIGN3969,Mathematics,No,12,18
STU0794,ASSIGN3970,Biology,Yes,1,98
STU0795,ASSIGN3971,Physics,Yes,1,53
STU0795,ASSIGN3972,Mathematics,No,10,37
STU0795,ASSIGN3973,Chemistry,No,9,33
STU0795,ASSIGN3974,Mathematics,No,14,36
STU0795,ASSIGN3975,Mathematics,No,11,28
STU0796,ASSIGN3976,Mathematics,No,8,19
STU0796,ASSIGN3977,Biology,Yes,3,84
STU0796,ASSIGN3978,Chemistry,Yes,4,46
STU0796,ASSIGN3979,Mathematics,Yes,3,85
STU0796,ASSIGN3980,Chemistry,No,7,20
STU0797,ASSIGN3981,Chemistry,Yes,5,51
STU0797,ASSIGN3982,Chemistry,Yes,3,98
STU0797,ASSIGN3983,Mathematics,No,10,15
STU0797,ASSIGN3984,Mathematics,No,9,28
STU0797,ASSIGN3985,Mathematics,Yes,0,71
STU0798,ASSIGN3986,Chemistry,Yes,4,89
STU0798,ASSIGN3987,Chemistry,Yes,3,49
STU0798,ASSIGN3988,Chemistry,No,9,5
STU0798,ASSIGN3989,Physics,No,14,8
STU0798,ASSIGN3990,Biology,No,15,19
STU0799,ASSIGN3991,Physics,Yes,1,91
STU0799,ASSIGN3992,Biology,Yes,0,83
STU0799,ASSIGN3993,Biology,No,12,12
STU0799,ASSIGN3994,Chemistry,No,15,24
STU0799,ASSIGN3995,Mathematics,No,10,12
STU0800,ASSIGN3996,Biology,Yes,3,95
STU0800,ASSIGN3997,Physics,Yes,5,47
STU0800,ASSIGN3998,Mathematics,Yes,3,57
STU0800,ASSIGN3999,Chemistry,Yes,5,65
STU0800,ASSIGN4000,Mathematics,No,13,0
STU0801,ASSIGN4001,Chemistry,No,12,2
STU0801,ASSIGN4002,Chemistry,No,15,17
STU0801,ASSIGN4003,Mathematics,Yes,4,41
STU0801,ASSIGN4004,Mathematics,Yes,5,93
STU0801,ASSIGN4005,Chemistry,No,6,2
STU0802,ASSIGN4006,Physics,Yes,0,78
STU0802,ASSIGN4007,Biology,No,14,28
STU0802,ASSIGN4008,Chemistry,No,13,23
STU0802,ASSIGN4009,Biology,No,13,1
STU0802,ASSIGN4010,Chemistry,Yes,2,94
STU0803,ASSIGN4011,Physics,Yes,3,99
STU0803,ASSIGN4012,Physics,Yes,1,50
STU0803,ASSIGN4013,Mathematics,No,8,38
STU0803,ASSIGN4014,Chemistry,No,8,6
STU0803,ASSIGN4015,Physics,Yes,5,81
STU0804,ASSIGN4016,Mathematics,No,6,15
STU0804,ASSIGN4017,Chemistry,Yes,2,46
STU0804,ASSIGN4018,Physics,No,9,5
STU0804,ASSIGN4019,Biology,No,14,35
STU0804,ASSIGN4020,Mathematics,Yes,1,95
STU0805,ASSIGN4021,Chemistry,Yes,2,57
STU0805,ASSIGN4022,Mathematics,No,6,6
STU0805,ASSIGN4023,Physics,Yes,0,52
STU0805,ASSIGN4024,Biology,Yes,1,44
STU0805,ASSIGN4025,Chemistry,Yes,2,75
STU0806,ASSIGN4026,Chemistry,Yes,3,65
STU0806,ASSIGN4027,Mathematics,Yes,4,55
STU0806,ASSIGN4028,Physics,Yes,1,92
STU0806,ASSIGN4029,Mathematics,Yes,4,88
STU0806,ASSIGN4030,Chemistry,No,14,31
STU0807,ASSIGN4031,Chemistry,No,11,31
STU0807,ASSIGN4032,Physics,No,15,39
STU0807,ASSIGN4033,Physics,Yes,1,71
STU0807,ASSIGN4034,Chemistry,No,12,35
STU0807,ASSIGN4035,Mathematics,Yes,4,87
STU0808,ASSIGN4036,Chemistry,No,14,2
STU0808,ASSIGN4037,Mathematics,No,9,7
STU0808,ASSIGN4038,Physics,Yes,2,89
STU0808,ASSIGN4039,Biology,No,14,31
STU0808,ASSIGN4040,Mathematics,No,7,33
STU0809,ASSIGN4041,Biology,Yes,1,79
STU0809,ASSIGN4042,Physics,No,13,17
STU0809,ASSIGN4043,Chemistry,No,14,13
STU0809,ASSIGN4044,Mathematics,No,15,24
STU0809,ASSIGN4045,Chemistry,Yes,5,96
STU0810,ASSIGN4046,Mathematics,Yes,4,61
STU0810,ASSIGN4047,Physics,Yes,2,70
STU0810,ASSIGN4048,Biology,No,11,1
STU0810,ASSIGN4049,Biology,No,12,37
STU0810,ASSIGN4050,Chemistry,Yes,5,95
STU0811,ASSIGN4051,Mathematics,Yes,3,79
STU0811,ASSIGN4052,Chemistry,Yes,2,57
STU0811,ASSIGN4053,Physics,Yes,2,85
STU0811,ASSIGN4054,Biology,Yes,0,83
STU0811,ASSIGN4055,Chemistry,Yes,5,57
STU0812,ASSIGN4056,Mathematics,No,12,31
STU0812,ASSIGN4057,Mathematics,Yes,0,73
STU0812,ASSIGN4058,Physics,Yes,4,57
STU0812,ASSIGN4059,Chemistry,No,10,39
STU0812,ASSIGN4060,Chemistry,Yes,4,67
STU0813,ASSIGN4061,Mathematics,Yes,3,41
STU0813,ASSIGN4062,Chemistry,Yes,5,41
STU0813,ASSIGN4063,Chemistry,No,13,23
STU0813,ASSIGN4064,Biology,Yes,4,91
STU0813,ASSIGN4065,Mathematics,No,14,32
STU0814,ASSIGN4066,Chemistry,No,12,12
STU0814,ASSIGN4067,Biology,No,12,29
STU0814,ASSIGN4068,Biology,No,9,4
STU0814,ASSIGN4069,Mathematics,Yes,3,99
STU0814,ASSIGN4070,Chemistry,Yes,0,83
STU0815,ASSIGN4071,Mathematics,No,7,6
STU0815,ASSIGN4072,Physics,Yes,1,45
STU0815,ASSIGN4073,Mathematics,Yes,4,67
STU0815,ASSIGN4074,Chemistry,No,11,15
STU0815,ASSIGN4075,Physics,No,13,13
STU0816,ASSIGN4076,Mathematics,Yes,2,75
STU0816,ASSIGN4077,Chemistry,No,10,37
STU0816,ASSIGN4078,Mathematics,No,12,13
STU0816,ASSIGN4079,Biology,Yes,4,94
STU0816,ASSIGN4080,Mathematics,Yes,3,84
STU0817,ASSIGN4081,Biology,Yes,2,96
STU0817,ASSIGN4082,Mathematics,Yes,0,61
STU0817,ASSIGN4083,Physics,No,13,28
STU0817,ASSIGN4084,Mathematics,Yes,5,87
STU0817,ASSIGN4085,Mathematics,No,13,22
STU0818,ASSIGN4086,Biology,No,6,10
STU0818,ASSIGN4087,Chemistry,Yes,5,94
STU0818,ASSIGN4088,Mathematics,Yes,4,100
STU0818,ASSIGN4089,Mathematics,Yes,4,43
STU0818,ASSIGN4090,Mathematics,Yes,0,80
STU0819,ASSIGN4091,Physics,No,6,26
STU0819,ASSIGN4092,Physics,Yes,5,72
STU0819,ASSIGN4093,Biology,No,9,0
STU0819,ASSIGN4094,Chemistry,No,7,10
STU0819,ASSIGN4095,Biology,No,12,22
STU0820,ASSIGN4096,Mathematics,No,7,25
STU0820,ASSIGN4097,Mathematics,No,8,33
STU0820,ASSIGN4098,Physics,Yes,2,95
STU0820,ASSIGN4099,Chemistry,Yes,0,88
STU0820,ASSIGN4100,Mathematics,No,12,26
STU0821,ASSIGN4101,Mathematics,No,6,15
STU0821,ASSIGN4102,Physics,Yes,1,66
STU0821,ASSIGN4103,Mathematics,Yes,2,96
STU0821,ASSIGN4104,Mathematics,No,7,1
STU0821,ASSIGN4105,Biology,Yes,4,92
STU0822,ASSIGN4106,Physics,No,11,37
STU0822,ASSIGN4107,Biology,Yes,4,51
STU0822,ASSIGN4108,Biology,Yes,0,96
STU0822,ASSIGN4109,Physics,No,10,5
STU0822,ASSIGN4110,Mathematics,Yes,3,40
STU0823,ASSIGN4111,Biology,Yes,1,40
STU0823,ASSIGN4112,Biology,No,10,35
STU0823,ASSIGN4113,Chemistry,Yes,0,84
STU0823,ASSIGN4114,Biology,No,12,19
STU0823,ASSIGN4115,Biology,No,7,30
STU0824,ASSIGN4116,Mathematics,Yes,1,97
STU0824,ASSIGN4117,Biology,No,7,20
STU0824,ASSIGN4118,Chemistry,No,13,13
STU0824,ASSIGN4119,Biology,Yes,3,89
STU0824,ASSIGN4120,Mathematics,Yes,0,67
STU0825,ASSIGN4121,Chemistry,No,7,40
STU0825,ASSIGN4122,Biology,No,15,6
STU0825,ASSIGN4123,Mathematics,Yes,1,98
STU0825,ASSIGN4124,Mathematics,Yes,3,60
STU0825,ASSIGN4125,Biology,No,11,32
STU0826,ASSIGN4126,Biology,Yes,2,40
STU0826,ASSIGN4127,Chemistry,Yes,0,95
STU0826,ASSIGN4128,Chemistry,Yes,3,89
STU0826,ASSIGN4129,Mathematics,Yes,1,76
STU0826,ASSIGN4130,Mathematics,No,9,26
STU0827,ASSIGN4131,Biology,No,9,5
STU0827,ASSIGN4132,Biology,No,14,5
STU0827,ASSIGN4133,Physics,No,6,28
STU0827,ASSIGN4134,Physics,Yes,3,90
STU0827,ASSIGN4135,Biology,Yes,4,58
STU0828,ASSIGN4136,Physics,No,9,7
STU0828,ASSIGN4137,Physics,Yes,3,82
STU0828,ASSIGN4138,Biology,Yes,1,97
STU0828,ASSIGN4139,Physics,No,11,14
STU0828,ASSIGN4140,Chemistry,No,10,27
STU0829,ASSIGN4141,Mathematics,Yes,1,80
STU0829,ASSIGN4142,Physics,Yes,5,41
STU0829,ASSIGN4143,Biology,No,11,28
STU0829,ASSIGN4144,Chemistry,No,11,5
STU0829,ASSIGN4145,Biology,Yes,3,46
STU0830,ASSIGN4146,Chemistry,No,12,3
STU0830,ASSIGN4147,Biology,Yes,1,74
STU0830,ASSIGN4148,Biology,No,15,24
STU0830,ASSIGN4149,Biology,Yes,1,85
STU0830,ASSIGN4150,Chemistry,Yes,1,73
STU0831,ASSIGN4151,Mathematics,No,11,23
STU0831,ASSIGN4152,Physics,No,6,7
STU0831,ASSIGN4153,Physics,Yes,3,66
STU0831,ASSIGN4154,Physics,Yes,5,90
STU0831,ASSIGN4155,Physics,No,13,12
STU0832,ASSIGN4156,Biology,Yes,3,73
STU0832,ASSIGN4157,Mathematics,No,12,1
STU0832,ASSIGN4158,Mathematics,Yes,2,52
STU0832,ASSIGN4159,Chemistry,Yes,4,74
STU0832,ASSIGN4160,Physics,Yes,2,66
STU0833,ASSIGN4161,Biology,No,14,26
STU0833,ASSIGN4162,Physics,Yes,5,62
STU0833,ASSIGN4163,Biology,Yes,5,69
STU0833,ASSIGN4164,Chemistry,No,12,23
STU0833,ASSIGN4165,Biology,No,13,39
STU0834,ASSIGN4166,Chemistry,No,8,27
STU0834,ASSIGN4167,Mathematics,Yes,3,73
STU0834,ASSIGN4168,Chemistry,No,15,36
STU0834,ASSIGN4169,Chemistry,Yes,5,50
STU0834,ASSIGN4170,Chemistry,No,6,29
STU0835,ASSIGN4171,Chemistry,No,11,15
STU0835,ASSIGN4172,Physics,No,13,22
STU0835,ASSIGN4173,Chemistry,No,7,9
STU0835,ASSIGN4174,Biology,Yes,3,55
STU0835,ASSIGN4175,Biology,No,10,12
STU0836,ASSIGN4176,Chemistry,Yes,3,77
STU0836,ASSIGN4177,Physics,Yes,1,87
STU0836,ASSIGN4178,Biology,No,6,7
STU0836,ASSIGN4179,Chemistry,No,6,22
STU0836,ASSIGN4180,Biology,No,10,24
STU0837,ASSIGN4181,Mathematics,Yes,0,88
STU0837,ASSIGN4182,Chemistry,Yes,4,96
STU0837,ASSIGN4183,Biology,Yes,4,65
STU0837,ASSIGN4184,Mathematics,No,14,25
STU0837,ASSIGN4185,Mathematics,Yes,0,60
STU0838,ASSIGN4186,Physics,Yes,1,59
STU0838,ASSIGN4187,Mathematics,No,11,7
STU0838,ASSIGN4188,Mathematics,Yes,1,90
STU0838,ASSIGN4189,Chemistry,No,11,14
STU0838,ASSIGN4190,Mathematics,No,8,28
STU0839,ASSIGN4191,Mathematics,Yes,4,77
STU0839,ASSIGN4192,Chemistry,No,13,33
STU0839,ASSIGN4193,Biology,Yes,4,58
STU0839,ASSIGN4194,Physics,No,8,5
STU0839,ASSIGN4195,Chemistry,Yes,0,85
STU0840,ASSIGN4196,Chemistry,Yes,0,85
STU0840,ASSIGN4197,Mathematics,No,10,33
STU0840,ASSIGN4198,Mathematics,No,14,11
STU0840,ASSIGN4199,Mathematics,No,13,17
STU0840,ASSIGN4200,Physics,Yes,3,50
STU0841,ASSIGN4201,Chemistry,Yes,3,55
STU0841,ASSIGN4202,Mathematics,Yes,1,89
STU0841,ASSIGN4203,Chemistry,Yes,0,75
STU0841,ASSIGN4204,Physics,No,14,1
STU0841,ASSIGN4205,Chemistry,Yes,4,48
STU0842,ASSIGN4206,Chemistry,No,8,29
STU0842,ASSIGN4207,Mathematics,Yes,3,51
STU0842,ASSIGN4208,Biology,Yes,3,51
STU0842,ASSIGN4209,Biology,Yes,4,43
STU0842,ASSIGN4210,Chemistry,No,7,18
STU0843,ASSIGN4211,Chemistry,Yes,2,76
STU0843,ASSIGN4212,Chemistry,Yes,5,68
STU0843,ASSIGN4213,Biology,Yes,1,56
STU0843,ASSIGN4214,Biology,No,14,23
STU0843,ASSIGN4215,Biology,No,13,35
STU0844,ASSIGN4216,Chemistry,No,12,0
STU0844,ASSIGN4217,Biology,No,9,18
STU0844,ASSIGN4218,Chemistry,Yes,2,65
STU0844,ASSIGN4219,Physics,Yes,4,88
STU0844,ASSIGN4220,Mathematics,Yes,2,85
STU0845,ASSIGN4221,Chemistry,No,14,13
STU0845,ASSIGN4222,Mathematics,No,13,34
STU0845,ASSIGN4223,Physics,Yes,1,86
STU0845,ASSIGN4224,Mathematics,Yes,3,57
STU0845,ASSIGN4225,Physics,Yes,4,51
STU0846,ASSIGN4226,Physics,No,15,6
STU0846,ASSIGN4227,Physics,Yes,3,68
STU0846,ASSIGN4228,Chemistry,Yes,5,75
STU0846,ASSIGN4229,Chemistry,Yes,3,88
STU0846,ASSIGN4230,Biology,Yes,5,75
STU0847,ASSIGN4231,Chemistry,No,7,12
STU0847,ASSIGN4232,Biology,No,9,24
STU0847,ASSIGN4233,Physics,Yes,1,84
STU0847,ASSIGN4234,Biology,Yes,0,49
STU0847,ASSIGN4235,Biology,No,15,28
STU0848,ASSIGN4236,Chemistry,No,9,23
STU0848,ASSIGN4237,Chemistry,No,10,17
STU0848,ASSIGN4238,Physics,Yes,0,44
STU0848,ASSIGN4239,Physics,No,11,39
STU0848,ASSIGN4240,Chemistry,Yes,0,42
STU0849,ASSIGN4241,Mathematics,No,6,20
STU0849,ASSIGN4242,Mathematics,No,8,1
STU0849,ASSIGN4243,Biology,Yes,3,57
STU0849,ASSIGN4244,Chemistry,No,13,21
STU0849,ASSIGN4245,Physics,Yes,4,41
STU0850,ASSIGN4246,Physics,No,9,2
STU0850,ASSIGN4247,Biology,Yes,1,61
STU0850,ASSIGN4248,Mathematics,No,13,27
STU0850,ASSIGN4249,Mathematics,No,10,13
STU0850,ASSIGN4250,Physics,No,9,11
STU0851,ASSIGN4251,Physics,No,10,0
STU0851,ASSIGN4252,Physics,No,10,28
STU0851,ASSIGN4253,Biology,Yes,1,81
STU0851,ASSIGN4254,Mathematics,Yes,3,73
STU0851,ASSIGN4255,Biology,Yes,0,69
STU0852,ASSIGN4256,Mathematics,Yes,1,70
STU0852,ASSIGN4257,Chemistry,No,8,34
STU0852,ASSIGN4258,Mathematics,No,13,25
STU0852,ASSIGN4259,Mathematics,No,13,37
STU0852,ASSIGN4260,Biology,No,14,40
STU0853,ASSIGN4261,Chemistry,No,12,33
STU0853,ASSIGN4262,Biology,No,10,4
STU0853,ASSIGN4263,Biology,Yes,3,85
STU0853,ASSIGN4264,Biology,No,9,37
STU0853,ASSIGN4265,Chemistry,No,7,36
STU0854,ASSIGN4266,Physics,No,6,4
STU0854,ASSIGN4267,Physics,No,9,30
STU0854,ASSIGN4268,Biology,No,14,11
STU0854,ASSIGN4269,Mathematics,Yes,4,90
STU0854,ASSIGN4270,Physics,No,13,7
STU0855,ASSIGN4271,Mathematics,Yes,4,69
STU0855,ASSIGN4272,Mathematics,No,13,35
STU0855,ASSIGN4273,Mathematics,Yes,3,94
STU0855,ASSIGN4274,Biology,Yes,3,94
STU0855,ASSIGN4275,Chemistry,Yes,4,45
STU0856,ASSIGN4276,Biology,Yes,3,49
STU0856,ASSIGN4277,Chemistry,Yes,3,76
STU0856,ASSIGN4278,Mathematics,Yes,3,77
STU0856,ASSIGN4279,Chemistry,Yes,0,76
STU0856,ASSIGN4280,Physics,Yes,4,67
STU0857,ASSIGN4281,Physics,Yes,0,63
STU0857,ASSIGN4282,Physics,Yes,2,99
STU0857,ASSIGN4283,Biology,No,12,18
STU0857,ASSIGN4284,Physics,No,7,35
STU0857,ASSIGN4285,Biology,No,9,35
STU0858,ASSIGN4286,Chemistry,No,12,2
STU0858,ASSIGN4287,Mathematics,Yes,5,57
STU0858,ASSIGN4288,Mathematics,No,11,13
STU0858,ASSIGN4289,Physics,No,13,3
STU0858,ASSIGN4290,Chemistry,Yes,1,100
STU0859,ASSIGN4291,Biology,Yes,5,69
STU0859,ASSIGN4292,Chemistry,Yes,2,98
STU0859,ASSIGN4293,Physics,Yes,3,79
STU0859,ASSIGN4294,Physics,No,6,40
STU0859,ASSIGN4295,Biology,Yes,3,62
STU0860,ASSIGN4296,Physics,Yes,1,72
STU0860,ASSIGN4297,Chemistry,Yes,5,57
STU0860,ASSIGN4298,Mathematics,No,13,21
STU0860,ASSIGN4299,Physics,Yes,2,92
STU0860,ASSIGN4300,Chemistry,Yes,2,47
STU0861,ASSIGN4301,Biology,Yes,0,47
STU0861,ASSIGN4302,Chemistry,Yes,5,62
STU0861,ASSIGN4303,Physics,No,6,10
STU0861,ASSIGN4304,Biology,Yes,2,45
STU0861,ASSIGN4305,Physics,No,10,20
STU0862,ASSIGN4306,Physics,No,15,14
STU0862,ASSIGN4307,Chemistry,Yes,4,84
STU0862,ASSIGN4308,Mathematics,Yes,5,50
STU0862,ASSIGN4309,Chemistry,No,13,32
STU0862,ASSIGN4310,Biology,Yes,0,66
STU0863,ASSIGN4311,Physics,No,11,37
STU0863,ASSIGN4312,Mathematics,Yes,2,90
STU0863,ASSIGN4313,Biology,Yes,4,65
STU0863,ASSIGN4314,Mathematics,Yes,0,99
STU0863,ASSIGN4315,Physics,Yes,2,79
STU0864,ASSIGN4316,Mathematics,No,13,1
STU0864,ASSIGN4317,Biology,Yes,3,42
STU0864,ASSIGN4318,Physics,Yes,3,49
STU0864,ASSIGN4319,Mathematics,No,8,12
STU0864,ASSIGN4320,Physics,No,7,5
STU0865,ASSIGN4321,Mathematics,Yes,5,45
STU0865,ASSIGN4322,Physics,Yes,5,40
STU0865,ASSIGN4323,Biology,No,12,4
STU0865,ASSIGN4324,Biology,No,6,36
STU0865,ASSIGN4325,Physics,No,12,12
STU0866,ASSIGN4326,Biology,Yes,1,50
STU0866,ASSIGN4327,Biology,No,10,39
STU0866,ASSIGN4328,Mathematics,No,12,3
STU0866,ASSIGN4329,Chemistry,No,11,19
STU0866,ASSIGN4330,Physics,Yes,1,78
STU0867,ASSIGN4331,Biology,Yes,3,80
STU0867,ASSIGN4332,Chemistry,Yes,0,94
STU0867,ASSIGN4333,Mathematics,Yes,4,59
STU0867,ASSIGN4334,Biology,Yes,0,47
STU0867,ASSIGN4335,Physics,Yes,5,98
STU0868,ASSIGN4336,Biology,Yes,2,67
STU0868,ASSIGN4337,Mathematics,Yes,2,91
STU0868,ASSIGN4338,Physics,Yes,3,43
STU0868,ASSIGN4339,Mathematics,Yes,5,44
STU0868,ASSIGN4340,Biology,No,11,11
STU0869,ASSIGN4341,Mathematics,Yes,0,96
STU0869,ASSIGN4342,Mathematics,No,10,14
STU0869,ASSIGN4343,Biology,Yes,4,98
STU0869,ASSIGN4344,Physics,No,13,11
STU0869,ASSIGN4345,Physics,No,7,13
STU0870,ASSIGN4346,Mathematics,No,10,7
STU0870,ASSIGN4347,Physics,Yes,2,53
STU0870,ASSIGN4348,Chemistry,No,11,29
STU0870,ASSIGN4349,Physics,Yes,1,90
STU0870,ASSIGN4350,Biology,Yes,1,42
STU0871,ASSIGN4351,Physics,No,13,26
STU0871,ASSIGN4352,Mathematics,No,8,14
STU0871,ASSIGN4353,Biology,Yes,5,94
STU0871,ASSIGN4354,Chemistry,Yes,0,87
STU0871,ASSIGN4355,Biology,No,11,12
STU0872,ASSIGN4356,Physics,No,8,23
STU0872,ASSIGN4357,Chemistry,Yes,1,84
STU0872,ASSIGN4358,Chemistry,No,10,33
STU0872,ASSIGN4359,Mathematics,Yes,4,64
STU0872,ASSIGN4360,Physics,Yes,0,88
STU0873,ASSIGN4361,Chemistry,No,12,39
STU0873,ASSIGN4362,Physics,No,13,18
STU0873,ASSIGN4363,Physics,Yes,0,59
STU0873,ASSIGN4364,Physics,Yes,2,41
STU0873,ASSIGN4365,Mathematics,Yes,2,80
STU0874,ASSIGN4366,Physics,Yes,3,76
STU0874,ASSIGN4367,Chemistry,No,6,23
STU0874,ASSIGN4368,Mathematics,Yes,1,47
STU0874,ASSIGN4369,Mathematics,No,11,9
STU0874,ASSIGN4370,Mathematics,No,13,26
STU0875,ASSIGN4371,Mathematics,No,12,17
STU0875,ASSIGN4372,Chemistry,No,7,20
STU0875,ASSIGN4373,Physics,No,10,21
STU0875,ASSIGN4374,Physics,Yes,2,58
STU0875,ASSIGN4375,Chemistry,Yes,3,91
STU0876,ASSIGN4376,Mathematics,No,10,20
STU0876,ASSIGN4377,Biology,Yes,4,81
STU0876,ASSIGN4378,Mathematics,Yes,3,67
STU0876,ASSIGN4379,Chemistry,Yes,4,49
STU0876,ASSIGN4380,Mathematics,No,15,8
STU0877,ASSIGN4381,Biology,No,15,8
STU0877,ASSIGN4382,Physics,No,9,3
STU0877,ASSIGN4383,Mathematics,Yes,2,68
STU0877,ASSIGN4384,Chemistry,Yes,2,80
STU0877,ASSIGN4385,Physics,No,15,27
STU0878,ASSIGN4386,Biology,Yes,5,97
STU0878,ASSIGN4387,Biology,Yes,0,54
STU0878,ASSIGN4388,Biology,No,12,40
STU0878,ASSIGN4389,Physics,No,11,26
STU0878,ASSIGN4390,Biology,Yes,3,92
STU0879,ASSIGN4391,Biology,Yes,5,45
STU0879,ASSIGN4392,Physics,No,15,27
STU0879,ASSIGN4393,Physics,Yes,4,48
STU0879,ASSIGN4394,Physics,Yes,3,51
STU0879,ASSIGN4395,Chemistry,Yes,5,97
STU0880,ASSIGN4396,Biology,Yes,3,57
STU0880,ASSIGN4397,Mathematics,No,11,27
STU0880,ASSIGN4398,Physics,No,11,5
STU0880,ASSIGN4399,Biology,Yes,5,52
STU0880,ASSIGN4400,Chemistry,No,15,19
STU0881,ASSIGN4401,Mathematics,Yes,0,53
STU0881,ASSIGN4402,Mathematics,Yes,0,47
STU0881,ASSIGN4403,Chemistry,No,13,6
STU0881,ASSIGN4404,Chemistry,No,13,25
STU0881,ASSIGN4405,Physics,Yes,3,87
STU0882,ASSIGN4406,Biology,Yes,0,71
STU0882,ASSIGN4407,Physics,No,14,28
STU0882,ASSIGN4408,Mathematics,Yes,0,50
STU0882,ASSIGN4409,Mathematics,No,13,3
STU0882,ASSIGN4410,Biology,Yes,5,95
STU0883,ASSIGN4411,Physics,No,6,32
STU0883,ASSIGN4412,Mathematics,No,7,27
STU0883,ASSIGN4413,Physics,No,14,31
STU0883,ASSIGN4414,Physics,Yes,3,42
STU0883,ASSIGN4415,Physics,Yes,4,96
STU0884,ASSIGN4416,Mathematics,No,11,14
STU0884,ASSIGN4417,Mathematics,Yes,4,57
STU0884,ASSIGN4418,Biology,Yes,4,60
STU0884,ASSIGN4419,Physics,No,9,26
STU0884,ASSIGN4420,Chemistry,Yes,4,60
STU0885,ASSIGN4421,Chemistry,Yes,3,41
STU0885,ASSIGN4422,Physics,Yes,5,46
STU0885,ASSIGN4423,Mathematics,No,14,3
STU0885,ASSIGN4424,Biology,Yes,0,89
STU0885,ASSIGN4425,Physics,No,12,35
STU0886,ASSIGN4426,Chemistry,No,12,29
STU0886,ASSIGN4427,Biology,No,15,26
STU0886,ASSIGN4428,Physics,Yes,1,79
STU0886,ASSIGN4429,Mathematics,No,8,6
STU0886,ASSIGN4430,Biology,No,14,35
STU0887,ASSIGN4431,Mathematics,No,15,24
STU0887,ASSIGN4432,Physics,No,13,9
STU0887,ASSIGN4433,Physics,No,13,8
STU0887,ASSIGN4434,Mathematics,Yes,0,76
STU0887,ASSIGN4435,Biology,No,7,25
STU0888,ASSIGN4436,Chemistry,No,15,34
STU0888,ASSIGN4437,Physics,Yes,2,99
STU0888,ASSIGN4438,Biology,No,15,24
STU0888,ASSIGN4439,Biology,Yes,5,48
STU0888,ASSIGN4440,Chemistry,Yes,1,100
STU0889,ASSIGN4441,Physics,No,14,4
STU0889,ASSIGN4442,Physics,Yes,3,48
STU0889,ASSIGN4443,Mathematics,No,14,29
STU0889,ASSIGN4444,Mathematics,No,14,27
STU0889,ASSIGN4445,Chemistry,No,13,36
STU0890,ASSIGN4446,Mathematics,Yes,3,67
STU0890,ASSIGN4447,Biology,Yes,2,50
STU0890,ASSIGN4448,Physics,No,15,0
STU0890,ASSIGN4449,Biology,No,11,34
STU0890,ASSIGN4450,Mathematics,Yes,5,93
STU0891,ASSIGN4451,Physics,Yes,5,43
STU0891,ASSIGN4452,Mathematics,No,6,39
STU0891,ASSIGN4453,Chemistry,No,6,27
STU0891,ASSIGN4454,Chemistry,No,9,22
STU0891,ASSIGN4455,Chemistry,Yes,4,64
STU0892,ASSIGN4456,Chemistry,No,14,40
STU0892,ASSIGN4457,Chemistry,Yes,5,65
STU0892,ASSIGN4458,Biology,Yes,5,89
STU0892,ASSIGN4459,Chemistry,No,14,37
STU0892,ASSIGN4460,Biology,No,9,37
STU0893,ASSIGN4461,Physics,No,7,25
STU0893,ASSIGN4462,Chemistry,Yes,4,81
STU0893,ASSIGN4463,Physics,Yes,3,48
STU0893,ASSIGN4464,Physics,Yes,0,71
STU0893,ASSIGN4465,Physics,Yes,5,90
STU0894,ASSIGN4466,Biology,No,9,40
STU0894,ASSIGN4467,Mathematics,Yes,5,42
STU0894,ASSIGN4468,Chemistry,No,15,9
STU0894,ASSIGN4469,Mathematics,No,14,36
STU0894,ASSIGN4470,Mathematics,Yes,4,73
STU0895,ASSIGN4471,Biology,No,7,23
STU0895,ASSIGN4472,Mathematics,No,10,27
STU0895,ASSIGN4473,Physics,No,12,14
STU0895,ASSIGN4474,Chemistry,Yes,2,60
STU0895,ASSIGN4475,Biology,Yes,4,99
STU0896,ASSIGN4476,Physics,Yes,3,85
STU0896,ASSIGN4477,Chemistry,Yes,4,45
STU0896,ASSIGN4478,Chemistry,No,13,34
STU0896,ASSIGN4479,Physics,Yes,2,69
STU0896,ASSIGN4480,Physics,No,6,28
STU0897,ASSIGN4481,Biology,No,11,5
STU0897,ASSIGN4482,Mathematics,Yes,0,64
STU0897,ASSIGN4483,Chemistry,Yes,4,44
STU0897,ASSIGN4484,Biology,Yes,3,80
STU0897,ASSIGN4485,Biology,No,10,34
STU0898,ASSIGN4486,Chemistry,Yes,4,68
STU0898,ASSIGN4487,Mathematics,Yes,1,41
STU0898,ASSIGN4488,Physics,No,14,31
STU0898,ASSIGN4489,Physics,No,11,11
STU0898,ASSIGN4490,Physics,No,13,2
STU0899,ASSIGN4491,Mathematics,Yes,0,51
STU0899,ASSIGN4492,Biology,Yes,0,75
STU0899,ASSIGN4493,Mathematics,No,6,25
STU0899,ASSIGN4494,Mathematics,No,11,23
STU0899,ASSIGN4495,Chemistry,No,7,35
STU0900,ASSIGN4496,Mathematics,Yes,0,97
STU0900,ASSIGN4497,Physics,Yes,2,83
STU0900,ASSIGN4498,Biology,Yes,2,71
STU0900,ASSIGN4499,Chemistry,No,13,6
STU0900,ASSIGN4500,Chemistry,Yes,5,78
STU0901,ASSIGN4501,Biology,Yes,1,70
STU0901,ASSIGN4502,Physics,No,8,12
STU0901,ASSIGN4503,Biology,Yes,2,98
STU0901,ASSIGN4504,Biology,Yes,2,92
STU0901,ASSIGN4505,Biology,No,13,27
STU0902,ASSIGN4506,Biology,No,13,20
STU0902,ASSIGN4507,Chemistry,Yes,0,53
STU0902,ASSIGN4508,Mathematics,No,8,17
STU0902,ASSIGN4509,Mathematics,Yes,0,79
STU0902,ASSIGN4510,Chemistry,No,12,20
STU0903,ASSIGN4511,Physics,Yes,4,48
STU0903,ASSIGN4512,Biology,No,15,11
STU0903,ASSIGN4513,Physics,No,6,40
STU0903,ASSIGN4514,Physics,No,14,15
STU0903,ASSIGN4515,Physics,No,10,13
STU0904,ASSIGN4516,Biology,No,12,33
STU0904,ASSIGN4517,Chemistry,Yes,4,96
STU0904,ASSIGN4518,Physics,Yes,0,43
STU0904,ASSIGN4519,Biology,Yes,0,100
STU0904,ASSIGN4520,Mathematics,Yes,0,75
STU0905,ASSIGN4521,Chemistry,No,6,28
STU0905,ASSIGN4522,Mathematics,Yes,5,98
STU0905,ASSIGN4523,Chemistry,Yes,2,88
STU0905,ASSIGN4524,Physics,Yes,1,67
STU0905,ASSIGN4525,Physics,Yes,1,78
STU0906,ASSIGN4526,Chemistry,No,7,14
STU0906,ASSIGN4527,Biology,No,8,13
STU0906,ASSIGN4528,Physics,Yes,4,69
STU0906,ASSIGN4529,Chemistry,No,6,0
STU0906,ASSIGN4530,Mathematics,No,15,23
STU0907,ASSIGN4531,Physics,Yes,0,81
STU0907,ASSIGN4532,Mathematics,Yes,0,86
STU0907,ASSIGN4533,Chemistry,Yes,0,88
STU0907,ASSIGN4534,Physics,Yes,2,81
STU0907,ASSIGN4535,Mathematics,Yes,3,93
STU0908,ASSIGN4536,Chemistry,No,11,11
STU0908,ASSIGN4537,Chemistry,Yes,3,61
STU0908,ASSIGN4538,Biology,No,7,13
STU0908,ASSIGN4539,Biology,No,10,14
STU0908,ASSIGN4540,Chemistry,No,9,2
STU0909,ASSIGN4541,Chemistry,Yes,3,46
STU0909,ASSIGN4542,Biology,No,9,19
STU0909,ASSIGN4543,Mathematics,No,13,24
STU0909,ASSIGN4544,Biology,Yes,3,79
STU0909,ASSIGN4545,Chemistry,Yes,0,50
STU0910,ASSIGN4546,Physics,No,15,10
STU0910,ASSIGN4547,Biology,No,12,9
STU0910,ASSIGN4548,Mathematics,Yes,0,92
STU0910,ASSIGN4549,Physics,Yes,5,83
STU0910,ASSIGN4550,Physics,No,11,40
STU0911,ASSIGN4551,Physics,No,11,12
STU0911,ASSIGN4552,Biology,Yes,0,81
STU0911,ASSIGN4553,Chemistry,No,7,36
STU0911,ASSIGN4554,Mathematics,No,15,12
STU0911,ASSIGN4555,Physics,Yes,4,81
STU0912,ASSIGN4556,Mathematics,No,7,20
STU0912,ASSIGN4557,Mathematics,No,7,36
STU0912,ASSIGN4558,Mathematics,No,8,38
STU0912,ASSIGN4559,Chemistry,Yes,1,42
STU0912,ASSIGN4560,Biology,Yes,1,66
STU0913,ASSIGN4561,Mathematics,No,10,34
STU0913,ASSIGN4562,Chemistry,No,8,1
STU0913,ASSIGN4563,Biology,No,8,28
STU0913,ASSIGN4564,Physics,Yes,1,89
STU0913,ASSIGN4565,Mathematics,No,6,24
STU0914,ASSIGN4566,Chemistry,Yes,5,61
STU0914,ASSIGN4567,Chemistry,Yes,5,56
STU0914,ASSIGN4568,Physics,Yes,2,66
STU0914,ASSIGN4569,Physics,Yes,0,60
STU0914,ASSIGN4570,Physics,Yes,1,47
STU0915,ASSIGN4571,Biology,Yes,0,65
STU0915,ASSIGN4572,Physics,No,15,39
STU0915,ASSIGN4573,Physics,No,10,38
STU0915,ASSIGN4574,Mathematics,Yes,3,58
STU0915,ASSIGN4575,Physics,Yes,1,62
STU0916,ASSIGN4576,Biology,No,8,20
STU0916,ASSIGN4577,Physics,No,11,17
STU0916,ASSIGN4578,Biology,Yes,3,74
STU0916,ASSIGN4579,Chemistry,No,8,36
STU0916,ASSIGN4580,Mathematics,No,9,20
STU0917,ASSIGN4581,Physics,No,10,14
STU0917,ASSIGN4582,Biology,Yes,4,94
STU0917,ASSIGN4583,Physics,Yes,4,63
STU0917,ASSIGN4584,Biology,Yes,2,84
STU0917,ASSIGN4585,Physics,Yes,2,59
STU0918,ASSIGN4586,Physics,No,15,31
STU0918,ASSIGN4587,Physics,Yes,4,56
STU0918,ASSIGN4588,Biology,No,10,11
STU0918,ASSIGN4589,Biology,Yes,3,60
STU0918,ASSIGN4590,Biology,Yes,2,75
STU0919,ASSIGN4591,Chemistry,Yes,4,92
STU0919,ASSIGN4592,Physics,No,9,19
STU0919,ASSIGN4593,Mathematics,Yes,5,84
STU0919,ASSIGN4594,Physics,No,12,13
STU0919,ASSIGN4595,Chemistry,No,10,24
STU0920,ASSIGN4596,Mathematics,Yes,1,82
STU0920,ASSIGN4597,Biology,No,11,0
STU0920,ASSIGN4598,Biology,Yes,0,91
STU0920,ASSIGN4599,Physics,No,12,35
STU0920,ASSIGN4600,Physics,Yes,2,65
STU0921,ASSIGN4601,Chemistry,No,11,8
STU0921,ASSIGN4602,Chemistry,Yes,3,62
STU0921,ASSIGN4603,Physics,Yes,4,99
STU0921,ASSIGN4604,Chemistry,No,6,33
STU0921,ASSIGN4605,Mathematics,Yes,2,88
STU0922,ASSIGN4606,Chemistry,Yes,0,100
STU0922,ASSIGN4607,Chemistry,Yes,2,95
STU0922,ASSIGN4608,Biology,Yes,2,87
STU0922,ASSIGN4609,Biology,No,11,38
STU0922,ASSIGN4610,Biology,Yes,3,93
STU0923,ASSIGN4611,Mathematics,No,8,26
STU0923,ASSIGN4612,Biology,Yes,4,87
STU0923,ASSIGN4613,Biology,Yes,2,41
STU0923,ASSIGN4614,Biology,Yes,5,69
STU0923,ASSIGN4615,Physics,No,10,18
STU0924,ASSIGN4616,Biology,No,14,1
STU0924,ASSIGN4617,Chemistry,Yes,2,66
STU0924,ASSIGN4618,Biology,No,6,39
STU0924,ASSIGN4619,Biology,Yes,2,78
STU0924,ASSIGN4620,Chemistry,Yes,2,92
STU0925,ASSIGN4621,Chemistry,Yes,3,46
STU0925,ASSIGN4622,Mathematics,No,12,39
STU0925,ASSIGN4623,Mathematics,No,10,19
STU0925,ASSIGN4624,Biology,Yes,5,80
STU0925,ASSIGN4625,Physics,No,6,24
STU0926,ASSIGN4626,Biology,Yes,5,57
STU0926,ASSIGN4627,Biology,Yes,1,89
STU0926,ASSIGN4628,Chemistry,No,6,39
STU0926,ASSIGN4629,Chemistry,Yes,3,46
STU0926,ASSIGN4630,Biology,Yes,4,88
STU0927,ASSIGN4631,Physics,Yes,1,66
STU0927,ASSIGN4632,Biology,Yes,5,41
STU0927,ASSIGN4633,Chemistry,No,7,24
STU0927,ASSIGN4634,Physics,No,11,15
STU0927,ASSIGN4635,Biology,Yes,1,95
STU0928,ASSIGN4636,Physics,No,9,37
STU0928,ASSIGN4637,Mathematics,No,9,20
STU0928,ASSIGN4638,Mathematics,No,11,32
STU0928,ASSIGN4639,Chemistry,Yes,0,51
STU0928,ASSIGN4640,Physics,No,10,2
STU0929,ASSIGN4641,Physics,Yes,4,42
STU0929,ASSIGN4642,Mathematics,No,12,40
STU0929,ASSIGN4643,Physics,No,7,37
STU0929,ASSIGN4644,Mathematics,Yes,1,85
STU0929,ASSIGN4645,Biology,Yes,3,41
STU0930,ASSIGN4646,Chemistry,No,7,38
STU0930,ASSIGN4647,Physics,No,12,19
STU0930,ASSIGN4648,Mathematics,No,9,0
STU0930,ASSIGN4649,Physics,No,13,34
STU0930,ASSIGN4650,Chemistry,Yes,4,98
STU0931,ASSIGN4651,Physics,No,10,12
STU0931,ASSIGN4652,Mathematics,No,10,30
STU0931,ASSIGN4653,Chemistry,No,15,33
STU0931,ASSIGN4654,Biology,No,8,13
STU0931,ASSIGN4655,Chemistry,Yes,3,85
STU0932,ASSIGN4656,Biology,No,8,8
STU0932,ASSIGN4657,Biology,No,14,13
STU0932,ASSIGN4658,Chemistry,No,8,15
STU0932,ASSIGN4659,Physics,No,10,16
STU0932,ASSIGN4660,Mathematics,Yes,5,63
STU0933,ASSIGN4661,Chemistry,No,14,3
STU0933,ASSIGN4662,Physics,Yes,1,53
STU0933,ASSIGN4663,Chemistry,No,7,14
STU0933,ASSIGN4664,Biology,No,15,6
STU0933,ASSIGN4665,Mathematics,No,14,23
STU0934,ASSIGN4666,Physics,No,15,27
STU0934,ASSIGN4667,Chemistry,No,6,34
STU0934,ASSIGN4668,Mathematics,No,6,17
STU0934,ASSIGN4669,Chemistry,Yes,5,96
STU0934,ASSIGN4670,Chemistry,No,14,14
STU0935,ASSIGN4671,Biology,Yes,1,53
STU0935,ASSIGN4672,Biology,No,12,32
STU0935,ASSIGN4673,Mathematics,Yes,2,78
STU0935,ASSIGN4674,Physics,No,13,23
STU0935,ASSIGN4675,Chemistry,No,7,37
STU0936,ASSIGN4676,Chemistry,Yes,1,45
STU0936,ASSIGN4677,Chemistry,No,11,30
STU0936,ASSIGN4678,Chemistry,Yes,3,82
STU0936,ASSIGN4679,Chemistry,No,15,39
STU0936,ASSIGN4680,Mathematics,Yes,3,68
STU0937,ASSIGN4681,Mathematics,Yes,2,63
STU0937,ASSIGN4682,Biology,Yes,3,53
STU0937,ASSIGN4683,Physics,Yes,0,92
STU0937,ASSIGN4684,Biology,Yes,5,68
STU0937,ASSIGN4685,Physics,Yes,3,83
STU0938,ASSIGN4686,Mathematics,No,9,40
STU0938,ASSIGN4687,Biology,No,8,37
STU0938,ASSIGN4688,Chemistry,Yes,4,61
STU0938,ASSIGN4689,Biology,No,8,12
STU0938,ASSIGN4690,Chemistry,No,7,32
STU0939,ASSIGN4691,Mathematics,Yes,1,58
STU0939,ASSIGN4692,Mathematics,Yes,5,96
STU0939,ASSIGN4693,Physics,No,7,28
STU0939,ASSIGN4694,Biology,Yes,2,64
STU0939,ASSIGN4695,Chemistry,No,14,2
STU0940,ASSIGN4696,Chemistry,Yes,0,86
STU0940,ASSIGN4697,Physics,Yes,3,87
STU0940,ASSIGN4698,Physics,Yes,5,92
STU0940,ASSIGN4699,Mathematics,No,8,32
STU0940,ASSIGN4700,Biology,Yes,1,86
STU0941,ASSIGN4701,Physics,No,15,29
STU0941,ASSIGN4702,Chemistry,Yes,5,78
STU0941,ASSIGN4703,Chemistry,Yes,0,70
STU0941,ASSIGN4704,Mathematics,Yes,1,42
STU0941,ASSIGN4705,Biology,No,7,7
STU0942,ASSIGN4706,Chemistry,Yes,3,81
STU0942,ASSIGN4707,Physics,Yes,0,99
STU0942,ASSIGN4708,Biology,Yes,3,53
STU0942,ASSIGN4709,Physics,No,11,34
STU0942,ASSIGN4710,Chemistry,Yes,0,58
STU0943,ASSIGN4711,Chemistry,Yes,2,96
STU0943,ASSIGN4712,Mathematics,No,7,26
STU0943,ASSIGN4713,Physics,No,9,13
STU0943,ASSIGN4714,Chemistry,No,14,14
STU0943,ASSIGN4715,Biology,No,13,34
STU0944,ASSIGN4716,Mathematics,Yes,4,95
STU0944,ASSIGN4717,Biology,Yes,4,88
STU0944,ASSIGN4718,Biology,No,14,13
STU0944,ASSIGN4719,Physics,No,10,16
STU0944,ASSIGN4720,Mathematics,No,14,20
STU0945,ASSIGN4721,Biology,Yes,1,52
STU0945,ASSIGN4722,Biology,No,7,36
STU0945,ASSIGN4723,Chemistry,Yes,0,80
STU0945,ASSIGN4724,Physics,No,6,23
STU0945,ASSIGN4725,Biology,Yes,5,95
STU0946,ASSIGN4726,Chemistry,Yes,5,93
STU0946,ASSIGN4727,Mathematics,Yes,5,42
STU0946,ASSIGN4728,Biology,No,14,19
STU0946,ASSIGN4729,Chemistry,Yes,2,71
STU0946,ASSIGN4730,Mathematics,Yes,5,68
STU0947,ASSIGN4731,Physics,Yes,3,82
STU0947,ASSIGN4732,Mathematics,Yes,1,71
STU0947,ASSIGN4733,Mathematics,No,14,24
STU0947,ASSIGN4734,Physics,Yes,2,55
STU0947,ASSIGN4735,Physics,Yes,3,67
STU0948,ASSIGN4736,Mathematics,No,12,10
STU0948,ASSIGN4737,Chemistry,No,10,23
STU0948,ASSIGN4738,Chemistry,Yes,0,46
STU0948,ASSIGN4739,Mathematics,Yes,5,78
STU0948,ASSIGN4740,Biology,Yes,5,69
STU0949,ASSIGN4741,Chemistry,No,9,33
STU0949,ASSIGN4742,Physics,No,15,32
STU0949,ASSIGN4743,Physics,Yes,2,40
STU0949,ASSIGN4744,Physics,Yes,4,93
STU0949,ASSIGN4745,Physics,No,8,40
STU0950,ASSIGN4746,Physics,No,14,35
STU0950,ASSIGN4747,Biology,Yes,0,78
STU0950,ASSIGN4748,Mathematics,Yes,2,94
STU0950,ASSIGN4749,Biology,Yes,0,63
STU0950,ASSIGN4750,Chemistry,No,7,10
STU0951,ASSIGN4751,Chemistry,Yes,3,44
STU0951,ASSIGN4752,Physics,No,10,37
STU0951,ASSIGN4753,Physics,No,13,22
STU0951,ASSIGN4754,Physics,Yes,0,83
STU0951,ASSIGN4755,Biology,Yes,4,84
STU0952,ASSIGN4756,Chemistry,No,6,37
STU0952,ASSIGN4757,Biology,No,9,36
STU0952,ASSIGN4758,Biology,No,8,0
STU0952,ASSIGN4759,Biology,Yes,1,82
STU0952,ASSIGN4760,Biology,Yes,4,77
STU0953,ASSIGN4761,Physics,Yes,5,78
STU0953,ASSIGN4762,Physics,No,11,8
STU0953,ASSIGN4763,Physics,Yes,5,88
STU0953,ASSIGN4764,Physics,No,15,33
STU0953,ASSIGN4765,Physics,No,13,3
STU0954,ASSIGN4766,Mathematics,Yes,1,67
STU0954,ASSIGN4767,Mathematics,No,13,33
STU0954,ASSIGN4768,Biology,Yes,5,58
STU0954,ASSIGN4769,Chemistry,Yes,1,41
STU0954,ASSIGN4770,Physics,Yes,4,59
STU0955,ASSIGN4771,Biology,No,15,25
STU0955,ASSIGN4772,Biology,No,6,10
STU0955,ASSIGN4773,Biology,Yes,4,72
STU0955,ASSIGN4774,Physics,No,10,13
STU0955,ASSIGN4775,Mathematics,No,15,33
STU0956,ASSIGN4776,Physics,No,14,23
STU0956,ASSIGN4777,Physics,No,6,30
STU0956,ASSIGN4778,Mathematics,Yes,1,42
STU0956,ASSIGN4779,Mathematics,Yes,3,64
STU0956,ASSIGN4780,Physics,Yes,5,74
STU0957,ASSIGN4781,Chemistry,Yes,3,83
STU0957,ASSIGN4782,Physics,Yes,3,91
STU0957,ASSIGN4783,Physics,No,12,35
STU0957,ASSIGN4784,Mathematics,Yes,4,58
STU0957,ASSIGN4785,Physics,Yes,3,47
STU0958,ASSIGN4786,Biology,Yes,5,94
STU0958,ASSIGN4787,Physics,Yes,4,67
STU0958,ASSIGN4788,Chemistry,Yes,3,64
STU0958,ASSIGN4789,Chemistry,Yes,5,62
STU0958,ASSIGN4790,Chemistry,Yes,5,100
STU0959,ASSIGN4791,Biology,No,10,23
STU0959,ASSIGN4792,Chemistry,No,11,37
STU0959,ASSIGN4793,Chemistry,Yes,2,67
STU0959,ASSIGN4794,Mathematics,No,14,32
STU0959,ASSIGN4795,Biology,No,8,33
STU0960,ASSIGN4796,Mathematics,No,6,39
STU0960,ASSIGN4797,Physics,No,9,38
STU0960,ASSIGN4798,Biology,Yes,4,73
STU0960,ASSIGN4799,Chemistry,No,15,22
STU0960,ASSIGN4800,Physics,Yes,0,41
STU0961,ASSIGN4801,Physics,No,13,33
STU0961,ASSIGN4802,Physics,No,12,7
STU0961,ASSIGN4803,Mathematics,No,10,32
STU0961,ASSIGN4804,Biology,Yes,2,92
STU0961,ASSIGN4805,Chemistry,No,8,14
STU0962,ASSIGN4806,Physics,No,10,29
STU0962,ASSIGN4807,Biology,Yes,0,66
STU0962,ASSIGN4808,Physics,No,10,25
STU0962,ASSIGN4809,Physics,No,7,17
STU0962,ASSIGN4810,Biology,No,11,9
STU0963,ASSIGN4811,Mathematics,No,11,25
STU0963,ASSIGN4812,Chemistry,Yes,3,92
STU0963,ASSIGN4813,Physics,No,7,24
STU0963,ASSIGN4814,Physics,No,14,15
STU0963,ASSIGN4815,Mathematics,Yes,3,86
STU0964,ASSIGN4816,Biology,Yes,0,81
STU0964,ASSIGN4817,Physics,No,7,22
STU0964,ASSIGN4818,Mathematics,No,12,17
STU0964,ASSIGN4819,Physics,Yes,1,48
STU0964,ASSIGN4820,Biology,Yes,2,66
STU0965,ASSIGN4821,Chemistry,Yes,0,59
STU0965,ASSIGN4822,Physics,Yes,0,91
STU0965,ASSIGN4823,Physics,Yes,4,46
STU0965,ASSIGN4824,Biology,No,14,33
STU0965,ASSIGN4825,Physics,Yes,2,55
STU0966,ASSIGN4826,Chemistry,No,8,22
STU0966,ASSIGN4827,Biology,Yes,2,63
STU0966,ASSIGN4828,Physics,Yes,2,88
STU0966,ASSIGN4829,Chemistry,No,7,8
STU0966,ASSIGN4830,Mathematics,No,6,23
STU0967,ASSIGN4831,Physics,Yes,4,55
STU0967,ASSIGN4832,Chemistry,Yes,1,58
STU0967,ASSIGN4833,Chemistry,No,11,7
STU0967,ASSIGN4834,Physics,Yes,4,83
STU0967,ASSIGN4835,Mathematics,No,14,11
STU0968,ASSIGN4836,Mathematics,No,9,12
STU0968,ASSIGN4837,Physics,Yes,2,60
STU0968,ASSIGN4838,Chemistry,No,13,23
STU0968,ASSIGN4839,Biology,Yes,1,84
STU0968,ASSIGN4840,Chemistry,Yes,2,50
STU0969,ASSIGN4841,Chemistry,Yes,2,60
STU0969,ASSIGN4842,Biology,Yes,0,43
STU0969,ASSIGN4843,Chemistry,Yes,1,51
STU0969,ASSIGN4844,Physics,Yes,2,89
STU0969,ASSIGN4845,Physics,Yes,2,74
STU0970,ASSIGN4846,Mathematics,Yes,4,62
STU0970,ASSIGN4847,Physics,Yes,5,74
STU0970,ASSIGN4848,Mathematics,No,12,31
STU0970,ASSIGN4849,Biology,Yes,4,40
STU0970,ASSIGN4850,Physics,No,15,6
STU0971,ASSIGN4851,Biology,Yes,4,66
STU0971,ASSIGN4852,Mathematics,No,15,11
STU0971,ASSIGN4853,Chemistry,No,12,8
STU0971,ASSIGN4854,Mathematics,Yes,5,70
STU0971,ASSIGN4855,Mathematics,No,15,25
STU0972,ASSIGN4856,Mathematics,Yes,4,95
STU0972,ASSIGN4857,Physics,Yes,0,97
STU0972,ASSIGN4858,Biology,No,14,14
STU0972,ASSIGN4859,Chemistry,Yes,4,64
STU0972,ASSIGN4860,Biology,Yes,3,42
STU0973,ASSIGN4861,Chemistry,No,9,36
STU0973,ASSIGN4862,Biology,Yes,4,75
STU0973,ASSIGN4863,Biology,Yes,4,88
STU0973,ASSIGN4864,Biology,No,12,13
STU0973,ASSIGN4865,Biology,No,6,11
STU0974,ASSIGN4866,Chemistry,Yes,5,73
STU0974,ASSIGN4867,Physics,No,12,9
STU0974,ASSIGN4868,Chemistry,No,11,19
STU0974,ASSIGN4869,Mathematics,Yes,1,83
STU0974,ASSIGN4870,Chemistry,No,6,10
STU0975,ASSIGN4871,Physics,No,14,31
STU0975,ASSIGN4872,Biology,Yes,3,91
STU0975,ASSIGN4873,Physics,No,7,0
STU0975,ASSIGN4874,Biology,No,6,10
STU0975,ASSIGN4875,Chemistry,No,13,0
STU0976,ASSIGN4876,Biology,No,15,14
STU0976,ASSIGN4877,Mathematics,No,8,24
STU0976,ASSIGN4878,Mathematics,No,12,40
STU0976,ASSIGN4879,Mathematics,Yes,0,63
STU0976,ASSIGN4880,Mathematics,No,10,33
STU0977,ASSIGN4881,Mathematics,Yes,3,66
STU0977,ASSIGN4882,Biology,No,11,27
STU0977,ASSIGN4883,Physics,No,13,12
STU0977,ASSIGN4884,Physics,No,14,23
STU0977,ASSIGN4885,Physics,Yes,4,73
STU0978,ASSIGN4886,Chemistry,Yes,4,44
STU0978,ASSIGN4887,Mathematics,No,15,4
STU0978,ASSIGN4888,Biology,Yes,5,41
STU0978,ASSIGN4889,Biology,Yes,2,52
STU0978,ASSIGN4890,Chemistry,No,14,19
STU0979,ASSIGN4891,Chemistry,No,8,16
STU0979,ASSIGN4892,Biology,No,8,9
STU0979,ASSIGN4893,Physics,Yes,4,97
STU0979,ASSIGN4894,Physics,No,14,31
STU0979,ASSIGN4895,Chemistry,Yes,4,92
STU0980,ASSIGN4896,Chemistry,No,11,34
STU0980,ASSIGN4897,Biology,Yes,3,57
STU0980,ASSIGN4898,Mathematics,Yes,4,55
STU0980,ASSIGN4899,Biology,Yes,2,81
STU0980,ASSIGN4900,Biology,Yes,2,86
STU0981,ASSIGN4901,Biology,No,9,40
STU0981,ASSIGN4902,Chemistry,Yes,5,98
STU0981,ASSIGN4903,Chemistry,No,8,37
STU0981,ASSIGN4904,Chemistry,Yes,4,81
STU0981,ASSIGN4905,Biology,Yes,0,74
STU0982,ASSIGN4906,Physics,Yes,4,92
STU0982,ASSIGN4907,Physics,No,6,25
STU0982,ASSIGN4908,Biology,Yes,4,69
STU0982,ASSIGN4909,Mathematics,Yes,3,92
STU0982,ASSIGN4910,Physics,No,14,15
STU0983,ASSIGN4911,Physics,No,10,26
STU0983,ASSIGN4912,Physics,Yes,5,97
STU0983,ASSIGN4913,Physics,No,15,14
STU0983,ASSIGN4914,Chemistry,Yes,3,81
STU0983,ASSIGN4915,Physics,Yes,1,53
STU0984,ASSIGN4916,Chemistry,No,11,39
STU0984,ASSIGN4917,Biology,Yes,5,71
STU0984,ASSIGN4918,Biology,Yes,5,52
STU0984,ASSIGN4919,Chemistry,No,10,21
STU0984,ASSIGN4920,Chemistry,No,6,0
STU0985,ASSIGN4921,Biology,No,10,37
STU0985,ASSIGN4922,Chemistry,No,10,13
STU0985,ASSIGN4923,Mathematics,No,6,30
STU0985,ASSIGN4924,Biology,No,9,4
STU0985,ASSIGN4925,Mathematics,No,10,9
STU0986,ASSIGN4926,Mathematics,No,13,2
STU0986,ASSIGN4927,Physics,No,15,39
STU0986,ASSIGN4928,Physics,No,8,22
STU0986,ASSIGN4929,Biology,Yes,2,77
STU0986,ASSIGN4930,Mathematics,Yes,1,96
STU0987,ASSIGN4931,Mathematics,Yes,4,94
STU0987,ASSIGN4932,Physics,Yes,4,85
STU0987,ASSIGN4933,Biology,Yes,4,66
STU0987,ASSIGN4934,Chemistry,No,15,36
STU0987,ASSIGN4935,Chemistry,Yes,5,68
STU0988,ASSIGN4936,Physics,No,11,1
STU0988,ASSIGN4937,Chemistry,No,6,29
STU0988,ASSIGN4938,Mathematics,Yes,2,53
STU0988,ASSIGN4939,Biology,Yes,3,60
STU0988,ASSIGN4940,Chemistry,No,13,34
STU0989,ASSIGN4941,Biology,Yes,5,90
STU0989,ASSIGN4942,Biology,No,13,23
STU0989,ASSIGN4943,Biology,No,6,23
STU0989,ASSIGN4944,Biology,No,15,6
STU0989,ASSIGN4945,Chemistry,No,13,9
STU0990,ASSIGN4946,Biology,No,12,18
STU0990,ASSIGN4947,Mathematics,Yes,5,91
STU0990,ASSIGN4948,Mathematics,No,10,5
STU0990,ASSIGN4949,Physics,No,13,18
STU0990,ASSIGN4950,Physics,Yes,0,61
STU0991,ASSIGN4951,Mathematics,Yes,2,67
STU0991,ASSIGN4952,Mathematics,Yes,1,90
STU0991,ASSIGN4953,Physics,Yes,1,65
STU0991,ASSIGN4954,Chemistry,Yes,3,72
STU0991,ASSIGN4955,Biology,Yes,1,68
STU0992,ASSIGN4956,Physics,Yes,4,70
STU0992,ASSIGN4957,Mathematics,Yes,0,57
STU0992,ASSIGN4958,Chemistry,No,11,34
STU0992,ASSIGN4959,Physics,No,15,25
STU0992,ASSIGN4960,Physics,Yes,2,95
STU0993,ASSIGN4961,Chemistry,Yes,2,100
STU0993,ASSIGN4962,Physics,Yes,0,82
STU0993,ASSIGN4963,Physics,Yes,5,57
STU0993,ASSIGN4964,Mathematics,Yes,3,76
STU0993,ASSIGN4965,Chemistry,No,9,36
STU0994,ASSIGN4966,Physics,Yes,4,90
STU0994,ASSIGN4967,Biology,Yes,2,74
STU0994,ASSIGN4968,Chemistry,Yes,4,62
STU0994,ASSIGN4969,Chemistry,Yes,5,94
STU0994,ASSIGN4970,Chemistry,No,13,24
STU0995,ASSIGN4971,Mathematics,No,13,21
STU0995,ASSIGN4972,Chemistry,No,8,32
STU0995,ASSIGN4973,Biology,Yes,4,78
STU0995,ASSIGN4974,Chemistry,No,10,23
STU0995,ASSIGN4975,Mathematics,No,7,39
STU0996,ASSIGN4976,Physics,Yes,4,63
STU0996,ASSIGN4977,Biology,Yes,3,98
STU0996,ASSIGN4978,Physics,No,14,17
STU0996,ASSIGN4979,Biology,Yes,4,52
STU0996,ASSIGN4980,Biology,No,8,40
STU0997,ASSIGN4981,Mathematics,No,6,28
STU0997,ASSIGN4982,Physics,Yes,4,43
STU0997,ASSIGN4983,Mathematics,No,11,1
STU0997,ASSIGN4984,Biology,No,12,4
STU0997,ASSIGN4985,Chemistry,Yes,5,41
STU0998,ASSIGN4986,Biology,No,13,12
STU0998,ASSIGN4987,Chemistry,No,10,29
STU0998,ASSIGN4988,Biology,Yes,3,46
STU0998,ASSIGN4989,Mathematics,Yes,0,64
STU0998,ASSIGN4990,Mathematics,Yes,3,80
STU0999,ASSIGN4991,Mathematics,Yes,3,44
STU0999,ASSIGN4992,Mathematics,Yes,0,50
STU0999,ASSIGN4993,Chemistry,No,11,2
STU0999,ASSIGN4994,Mathematics,Yes,2,93
STU0999,ASSIGN4995,Mathematics,No,9,8
STU1000,ASSIGN4996,Chemistry,No,6,17
STU1000,ASSIGN4997,Chemistry,No,7,10
STU1000,ASSIGN4998,Biology,No,8,0
STU1000,ASSIGN4999,Chemistry,No,7,32
STU1000,ASSIGN5000,Biology,No,7,18
STU1001,ASSIGN5001,Biology,Yes,0,46
STU1001,ASSIGN5002,Physics,No,11,17
STU1001,ASSIGN5003,Mathematics,Yes,2,44
STU1001,ASSIGN5004,Chemistry,Yes,5,76
STU1001,ASSIGN5005,Biology,No,13,31
STU1002,ASSIGN5006,Mathematics,No,12,32
STU1002,ASSIGN5007,Biology,Yes,3,72
STU1002,ASSIGN5008,Biology,No,9,15
STU1002,ASSIGN5009,Mathematics,No,12,33
STU1002,ASSIGN5010,Physics,No,10,4
STU1003,ASSIGN5011,Biology,No,10,33
STU1003,ASSIGN5012,Physics,No,15,23
STU1003,ASSIGN5013,Mathematics,No,13,28
STU1003,ASSIGN5014,Biology,No,7,31
STU1003,ASSIGN5015,Mathematics,Yes,3,89
STU1004,ASSIGN5016,Biology,Yes,2,60
STU1004,ASSIGN5017,Mathematics,Yes,2,100
STU1004,ASSIGN5018,Physics,No,6,26
STU1004,ASSIGN5019,Biology,Yes,0,86
STU1004,ASSIGN5020,Physics,Yes,5,59
STU1005,ASSIGN5021,Chemistry,Yes,5,55
STU1005,ASSIGN5022,Mathematics,No,14,3
STU1005,ASSIGN5023,Physics,Yes,2,80
STU1005,ASSIGN5024,Physics,No,15,7
STU1005,ASSIGN5025,Chemistry,Yes,5,67
STU1006,ASSIGN5026,Physics,No,14,39
STU1006,ASSIGN5027,Biology,Yes,3,53
STU1006,ASSIGN5028,Biology,Yes,2,64
STU1006,ASSIGN5029,Chemistry,Yes,5,54
STU1006,ASSIGN5030,Physics,No,10,17
STU1007,ASSIGN5031,Chemistry,No,7,6
STU1007,ASSIGN5032,Chemistry,Yes,0,66
STU1007,ASSIGN5033,Chemistry,No,9,9
STU1007,ASSIGN5034,Biology,Yes,1,53
STU1007,ASSIGN5035,Physics,No,7,3
STU1008,ASSIGN5036,Biology,No,10,32
STU1008,ASSIGN5037,Physics,Yes,5,67
STU1008,ASSIGN5038,Mathematics,Yes,3,76
STU1008,ASSIGN5039,Biology,No,6,39
STU1008,ASSIGN5040,Biology,Yes,0,86
STU1009,ASSIGN5041,Biology,No,9,22
STU1009,ASSIGN5042,Chemistry,No,13,36
STU1009,ASSIGN5043,Biology,Yes,4,96
STU1009,ASSIGN5044,Physics,Yes,2,41
STU1009,ASSIGN5045,Physics,Yes,3,49
STU1010,ASSIGN5046,Biology,No,8,38
STU1010,ASSIGN5047,Mathematics,No,15,3
STU1010,ASSIGN5048,Mathematics,No,10,7
STU1010,ASSIGN5049,Biology,No,13,7
STU1010,ASSIGN5050,Chemistry,No,12,30
STU1011,ASSIGN5051,Physics,Yes,2,65
STU1011,ASSIGN5052,Chemistry,Yes,2,51
STU1011,ASSIGN5053,Chemistry,No,15,7
STU1011,ASSIGN5054,Chemistry,Yes,5,42
STU1011,ASSIGN5055,Mathematics,Yes,1,54
STU1012,ASSIGN5056,Physics,No,9,33
STU1012,ASSIGN5057,Chemistry,Yes,3,94
STU1012,ASSIGN5058,Biology,No,6,16
STU1012,ASSIGN5059,Physics,No,8,6
STU1012,ASSIGN5060,Biology,Yes,2,90
STU1013,ASSIGN5061,Mathematics,No,10,6
STU1013,ASSIGN5062,Physics,Yes,5,98
STU1013,ASSIGN5063,Physics,No,9,22
STU1013,ASSIGN5064,Biology,No,15,38
STU1013,ASSIGN5065,Mathematics,Yes,0,60
STU1014,ASSIGN5066,Mathematics,No,6,14
STU1014,ASSIGN5067,Biology,Yes,0,90
STU1014,ASSIGN5068,Mathematics,No,15,5
STU1014,ASSIGN5069,Mathematics,No,12,5
STU1014,ASSIGN5070,Mathematics,No,11,23
STU1015,ASSIGN5071,Mathematics,No,14,39
STU1015,ASSIGN5072,Physics,No,7,5
STU1015,ASSIGN5073,Chemistry,Yes,5,40
STU1015,ASSIGN5074,Physics,Yes,2,83
STU1015,ASSIGN5075,Physics,No,7,6
STU1016,ASSIGN5076,Chemistry,No,13,25
STU1016,ASSIGN5077,Chemistry,Yes,1,49
STU1016,ASSIGN5078,Physics,No,11,27
STU1016,ASSIGN5079,Physics,No,13,6
STU1016,ASSIGN5080,Physics,Yes,2,79
STU1017,ASSIGN5081,Mathematics,Yes,2,54
STU1017,ASSIGN5082,Biology,Yes,5,75
STU1017,ASSIGN5083,Physics,No,14,2
STU1017,ASSIGN5084,Physics,Yes,2,91
STU1017,ASSIGN5085,Physics,Yes,4,61
STU1018,ASSIGN5086,Chemistry,Yes,3,76
STU1018,ASSIGN5087,Physics,Yes,5,55
STU1018,ASSIGN5088,Mathematics,No,13,36
STU1018,ASSIGN5089,Mathematics,No,15,26
STU1018,ASSIGN5090,Chemistry,No,11,34
STU1019,ASSIGN5091,Chemistry,No,15,4
STU1019,ASSIGN5092,Biology,No,15,30
STU1019,ASSIGN5093,Biology,No,12,7
STU1019,ASSIGN5094,Biology,Yes,5,81
STU1019,ASSIGN5095,Physics,No,14,25
STU1020,ASSIGN5096,Chemistry,No,13,39
STU1020,ASSIGN5097,Biology,No,10,31
STU1020,ASSIGN5098,Physics,No,7,32
STU1020,ASSIGN5099,Chemistry,No,11,8
STU1020,ASSIGN5100,Mathematics,Yes,4,59
STU1021,ASSIGN5101,Physics,Yes,0,95
STU1021,ASSIGN5102,Biology,Yes,0,48
STU1021,ASSIGN5103,Physics,No,10,38
STU1021,ASSIGN5104,Chemistry,Yes,4,72
STU1021,ASSIGN5105,Physics,Yes,3,80
STU1022,ASSIGN5106,Biology,Yes,3,46
STU1022,ASSIGN5107,Biology,No,10,26
STU1022,ASSIGN5108,Physics,No,12,25
STU1022,ASSIGN5109,Chemistry,Yes,0,60
STU1022,ASSIGN5110,Biology,No,6,1
STU1023,ASSIGN5111,Biology,No,7,9
STU1023,ASSIGN5112,Biology,Yes,2,62
STU1023,ASSIGN5113,Physics,No,11,28
STU1023,ASSIGN5114,Mathematics,No,10,9
STU1023,ASSIGN5115,Chemistry,No,12,10
STU1024,ASSIGN5116,Biology,Yes,2,55
STU1024,ASSIGN5117,Physics,No,15,30
STU1024,ASSIGN5118,Physics,Yes,3,95
STU1024,ASSIGN5119,Physics,No,14,16
STU1024,ASSIGN5120,Mathematics,No,11,8
STU1025,ASSIGN5121,Physics,Yes,1,66
STU1025,ASSIGN5122,Biology,Yes,1,100
STU1025,ASSIGN5123,Physics,Yes,4,57
STU1025,ASSIGN5124,Chemistry,No,11,34
STU1025,ASSIGN5125,Physics,Yes,3,58
STU1026,ASSIGN5126,Chemistry,Yes,2,83
STU1026,ASSIGN5127,Biology,No,14,7
STU1026,ASSIGN5128,Physics,Yes,4,61
STU1026,ASSIGN5129,Mathematics,No,9,28
STU1026,ASSIGN5130,Physics,Yes,2,62
STU1027,ASSIGN5131,Mathematics,No,9,15
STU1027,ASSIGN5132,Mathematics,Yes,2,65
STU1027,ASSIGN5133,Biology,No,8,29
STU1027,ASSIGN5134,Physics,No,9,31
STU1027,ASSIGN5135,Chemistry,No,9,34
STU1028,ASSIGN5136,Chemistry,Yes,2,63
STU1028,ASSIGN5137,Chemistry,No,12,37
STU1028,ASSIGN5138,Physics,No,14,22
STU1028,ASSIGN5139,Physics,No,11,32
STU1028,ASSIGN5140,Physics,No,11,33
STU1029,ASSIGN5141,Physics,No,12,1
STU1029,ASSIGN5142,Physics,No,8,33
STU1029,ASSIGN5143,Physics,No,9,8
STU1029,ASSIGN5144,Biology,No,6,31
STU1029,ASSIGN5145,Chemistry,No,12,19
STU1030,ASSIGN5146,Physics,No,8,16
STU1030,ASSIGN5147,Chemistry,No,15,33
STU1030,ASSIGN5148,Physics,Yes,2,54
STU1030,ASSIGN5149,Biology,Yes,4,96
STU1030,ASSIGN5150,Mathematics,No,9,10
STU1031,ASSIGN5151,Biology,No,13,25
STU1031,ASSIGN5152,Mathematics,Yes,0,75
STU1031,ASSIGN5153,Physics,Yes,4,95
STU1031,ASSIGN5154,Biology,No,15,37
STU1031,ASSIGN5155,Biology,No,15,16
STU1032,ASSIGN5156,Physics,No,6,12
STU1032,ASSIGN5157,Biology,No,12,22
STU1032,ASSIGN5158,Biology,Yes,0,67
STU1032,ASSIGN5159,Chemistry,Yes,1,64
STU1032,ASSIGN5160,Chemistry,Yes,1,100
STU1033,ASSIGN5161,Biology,Yes,3,71
STU1033,ASSIGN5162,Mathematics,No,11,36
STU1033,ASSIGN5163,Biology,Yes,5,47
STU1033,ASSIGN5164,Biology,No,12,14
STU1033,ASSIGN5165,Physics,Yes,0,49
STU1034,ASSIGN5166,Chemistry,No,6,25
STU1034,ASSIGN5167,Biology,No,7,28
STU1034,ASSIGN5168,Physics,No,10,21
STU1034,ASSIGN5169,Biology,No,14,13
STU1034,ASSIGN5170,Physics,No,13,33
STU1035,ASSIGN5171,Physics,No,10,28
STU1035,ASSIGN5172,Chemistry,No,8,40
STU1035,ASSIGN5173,Mathematics,Yes,2,83
STU1035,ASSIGN5174,Mathematics,Yes,0,98
STU1035,ASSIGN5175,Physics,No,7,16
STU1036,ASSIGN5176,Mathematics,No,7,24
STU1036,ASSIGN5177,Physics,Yes,2,79
STU1036,ASSIGN5178,Chemistry,Yes,5,94
STU1036,ASSIGN5179,Chemistry,No,13,29
STU1036,ASSIGN5180,Biology,No,14,35
STU1037,ASSIGN5181,Chemistry,No,9,26
STU1037,ASSIGN5182,Biology,Yes,3,46
STU1037,ASSIGN5183,Biology,Yes,2,77
STU1037,ASSIGN5184,Biology,No,8,30
STU1037,ASSIGN5185,Physics,Yes,4,43
STU1038,ASSIGN5186,Physics,Yes,1,64
STU1038,ASSIGN5187,Biology,No,13,40
STU1038,ASSIGN5188,Biology,Yes,2,79
STU1038,ASSIGN5189,Chemistry,Yes,3,56
STU1038,ASSIGN5190,Chemistry,Yes,0,95
STU1039,ASSIGN5191,Physics,Yes,4,47
STU1039,ASSIGN5192,Biology,No,12,21
STU1039,ASSIGN5193,Mathematics,Yes,3,51
STU1039,ASSIGN5194,Physics,Yes,2,90
STU1039,ASSIGN5195,Chemistry,No,12,33
STU1040,ASSIGN5196,Mathematics,No,13,30
STU1040,ASSIGN5197,Biology,No,9,8
STU1040,ASSIGN5198,Chemistry,Yes,5,48
STU1040,ASSIGN5199,Chemistry,Yes,2,100
STU1040,ASSIGN5200,Chemistry,No,8,19
STU1041,ASSIGN5201,Physics,No,13,12
STU1041,ASSIGN5202,Physics,No,13,4
STU1041,ASSIGN5203,Chemistry,No,12,34
STU1041,ASSIGN5204,Biology,Yes,3,88
STU1041,ASSIGN5205,Physics,No,11,13
STU1042,ASSIGN5206,Physics,No,11,5
STU1042,ASSIGN5207,Physics,No,11,5
STU1042,ASSIGN5208,Physics,Yes,1,90
STU1042,ASSIGN5209,Mathematics,No,14,18
STU1042,ASSIGN5210,Biology,Yes,5,65
STU1043,ASSIGN5211,Physics,Yes,1,62
STU1043,ASSIGN5212,Physics,No,13,1
STU1043,ASSIGN5213,Physics,No,11,15
STU1043,ASSIGN5214,Mathematics,No,12,32
STU1043,ASSIGN5215,Physics,Yes,2,57
STU1044,ASSIGN5216,Biology,No,13,5
STU1044,ASSIGN5217,Physics,No,11,4
STU1044,ASSIGN5218,Mathematics,Yes,3,56
STU1044,ASSIGN5219,Physics,No,7,27
STU1044,ASSIGN5220,Biology,Yes,4,75
STU1045,ASSIGN5221,Chemistry,Yes,3,65
STU1045,ASSIGN5222,Mathematics,Yes,4,40
STU1045,ASSIGN5223,Mathematics,No,12,37
STU1045,ASSIGN5224,Physics,No,15,23
STU1045,ASSIGN5225,Physics,No,9,31
STU1046,ASSIGN5226,Chemistry,Yes,3,65
STU1046,ASSIGN5227,Mathematics,No,13,0
STU1046,ASSIGN5228,Biology,Yes,5,43
STU1046,ASSIGN5229,Chemistry,No,8,39
STU1046,ASSIGN5230,Mathematics,Yes,1,79
STU1047,ASSIGN5231,Physics,Yes,3,85
STU1047,ASSIGN5232,Mathematics,Yes,3,77
STU1047,ASSIGN5233,Physics,Yes,1,76
STU1047,ASSIGN5234,Mathematics,No,12,22
STU1047,ASSIGN5235,Biology,No,10,21
STU1048,ASSIGN5236,Physics,Yes,5,85
STU1048,ASSIGN5237,Biology,No,12,2
STU1048,ASSIGN5238,Chemistry,No,14,16
STU1048,ASSIGN5239,Physics,Yes,4,63
STU1048,ASSIGN5240,Chemistry,Yes,3,66
STU1049,ASSIGN5241,Physics,No,11,17
STU1049,ASSIGN5242,Chemistry,No,8,10
STU1049,ASSIGN5243,Chemistry,Yes,5,71
STU1049,ASSIGN5244,Biology,Yes,0,53
STU1049,ASSIGN5245,Physics,Yes,4,58
STU1050,ASSIGN5246,Physics,No,13,40
STU1050,ASSIGN5247,Mathematics,Yes,1,99
STU1050,ASSIGN5248,Chemistry,No,11,6
STU1050,ASSIGN5249,Mathematics,No,11,10
STU1050,ASSIGN5250,Biology,No,7,20
STU1051,ASSIGN5251,Chemistry,No,12,6
STU1051,ASSIGN5252,Biology,Yes,0,78
STU1051,ASSIGN5253,Mathematics,Yes,5,74
STU1051,ASSIGN5254,Mathematics,No,6,29
STU1051,ASSIGN5255,Chemistry,No,14,24
STU1052,ASSIGN5256,Chemistry,Yes,1,44
STU1052,ASSIGN5257,Chemistry,Yes,1,84
STU1052,ASSIGN5258,Biology,No,8,12
STU1052,ASSIGN5259,Chemistry,No,8,11
STU1052,ASSIGN5260,Biology,No,14,24
STU1053,ASSIGN5261,Chemistry,Yes,3,82
STU1053,ASSIGN5262,Chemistry,No,14,0
STU1053,ASSIGN5263,Biology,No,11,6
STU1053,ASSIGN5264,Chemistry,No,14,13
STU1053,ASSIGN5265,Chemistry,Yes,1,97
STU1054,ASSIGN5266,Chemistry,No,11,26
STU1054,ASSIGN5267,Chemistry,No,8,8
STU1054,ASSIGN5268,Chemistry,Yes,5,64
STU1054,ASSIGN5269,Biology,No,10,29
STU1054,ASSIGN5270,Biology,No,10,1
STU1055,ASSIGN5271,Biology,Yes,0,61
STU1055,ASSIGN5272,Mathematics,No,13,14
STU1055,ASSIGN5273,Biology,No,12,38
STU1055,ASSIGN5274,Biology,Yes,3,78
STU1055,ASSIGN5275,Chemistry,Yes,3,50
STU1056,ASSIGN5276,Mathematics,No,11,21
STU1056,ASSIGN5277,Physics,No,9,31
STU1056,ASSIGN5278,Physics,Yes,4,83
STU1056,ASSIGN5279,Chemistry,No,6,22
STU1056,ASSIGN5280,Biology,No,12,31
STU1057,ASSIGN5281,Chemistry,Yes,4,82
STU1057,ASSIGN5282,Physics,Yes,4,60
STU1057,ASSIGN5283,Chemistry,No,6,9
STU1057,ASSIGN5284,Biology,No,7,29
STU1057,ASSIGN5285,Biology,No,10,9
STU1058,ASSIGN5286,Physics,Yes,2,70
STU1058,ASSIGN5287,Mathematics,No,7,6
STU1058,ASSIGN5288,Physics,Yes,3,75
STU1058,ASSIGN5289,Chemistry,Yes,1,50
STU1058,ASSIGN5290,Chemistry,Yes,0,52
STU1059,ASSIGN5291,Biology,No,13,16
STU1059,ASSIGN5292,Mathematics,No,8,9
STU1059,ASSIGN5293,Physics,Yes,5,53
STU1059,ASSIGN5294,Biology,Yes,3,51
STU1059,ASSIGN5295,Chemistry,No,12,9
STU1060,ASSIGN5296,Physics,No,9,38
STU1060,ASSIGN5297,Mathematics,Yes,3,58
STU1060,ASSIGN5298,Chemistry,Yes,0,53
STU1060,ASSIGN5299,Biology,No,6,14
STU1060,ASSIGN5300,Chemistry,Yes,3,41
STU1061,ASSIGN5301,Physics,No,7,38
STU1061,ASSIGN5302,Biology,Yes,3,85
STU1061,ASSIGN5303,Mathematics,No,15,36
STU1061,ASSIGN5304,Chemistry,Yes,3,65
STU1061,ASSIGN5305,Chemistry,No,13,24
STU1062,ASSIGN5306,Mathematics,No,12,19
STU1062,ASSIGN5307,Mathematics,Yes,2,41
STU1062,ASSIGN5308,Biology,Yes,0,42
STU1062,ASSIGN5309,Physics,No,10,1
STU1062,ASSIGN5310,Biology,No,10,30
STU1063,ASSIGN5311,Chemistry,No,7,32
STU1063,ASSIGN5312,Mathematics,No,14,5
STU1063,ASSIGN5313,Chemistry,No,12,6
STU1063,ASSIGN5314,Chemistry,Yes,0,58
STU1063,ASSIGN5315,Biology,Yes,2,100
STU1064,ASSIGN5316,Mathematics,Yes,4,77
STU1064,ASSIGN5317,Mathematics,No,11,8
STU1064,ASSIGN5318,Biology,Yes,3,40
STU1064,ASSIGN5319,Chemistry,Yes,0,46
STU1064,ASSIGN5320,Mathematics,Yes,5,91
STU1065,ASSIGN5321,Biology,Yes,1,81
STU1065,ASSIGN5322,Biology,No,12,17
STU1065,ASSIGN5323,Mathematics,No,12,6
STU1065,ASSIGN5324,Physics,No,11,14
STU1065,ASSIGN5325,Physics,No,15,35
STU1066,ASSIGN5326,Physics,No,15,8
STU1066,ASSIGN5327,Mathematics,No,9,40
STU1066,ASSIGN5328,Biology,No,10,21
STU1066,ASSIGN5329,Biology,No,6,30
STU1066,ASSIGN5330,Biology,No,11,18
STU1067,ASSIGN5331,Chemistry,Yes,3,60
STU1067,ASSIGN5332,Biology,Yes,0,96
STU1067,ASSIGN5333,Biology,No,14,15
STU1067,ASSIGN5334,Chemistry,No,12,10
STU1067,ASSIGN5335,Biology,Yes,4,64
STU1068,ASSIGN5336,Physics,No,15,15
STU1068,ASSIGN5337,Mathematics,Yes,1,54
STU1068,ASSIGN5338,Physics,Yes,2,90
STU1068,ASSIGN5339,Biology,Yes,4,70
STU1068,ASSIGN5340,Mathematics,Yes,3,97
STU1069,ASSIGN5341,Mathematics,No,11,13
STU1069,ASSIGN5342,Mathematics,Yes,2,49
STU1069,ASSIGN5343,Biology,Yes,4,93
STU1069,ASSIGN5344,Physics,Yes,5,68
STU1069,ASSIGN5345,Mathematics,Yes,3,78
STU1070,ASSIGN5346,Physics,No,9,9
STU1070,ASSIGN5347,Biology,No,8,40
STU1070,ASSIGN5348,Biology,No,11,30
STU1070,ASSIGN5349,Chemistry,No,13,0
STU1070,ASSIGN5350,Chemistry,Yes,3,70
STU1071,ASSIGN5351,Biology,Yes,5,50
STU1071,ASSIGN5352,Chemistry,Yes,2,47
STU1071,ASSIGN5353,Mathematics,Yes,4,94
STU1071,ASSIGN5354,Mathematics,Yes,4,63
STU1071,ASSIGN5355,Chemistry,No,7,21
STU1072,ASSIGN5356,Mathematics,No,11,26
STU1072,ASSIGN5357,Biology,No,8,2
STU1072,ASSIGN5358,Biology,Yes,5,70
STU1072,ASSIGN5359,Biology,No,12,38
STU1072,ASSIGN5360,Physics,Yes,4,84
STU1073,ASSIGN5361,Physics,No,11,21
STU1073,ASSIGN5362,Mathematics,Yes,2,88
STU1073,ASSIGN5363,Biology,Yes,4,62
STU1073,ASSIGN5364,Physics,No,7,13
STU1073,ASSIGN5365,Physics,No,10,9
STU1074,ASSIGN5366,Mathematics,Yes,2,58
STU1074,ASSIGN5367,Biology,Yes,2,77
STU1074,ASSIGN5368,Biology,No,12,40
STU1074,ASSIGN5369,Chemistry,No,12,11
STU1074,ASSIGN5370,Mathematics,No,13,23
STU1075,ASSIGN5371,Mathematics,No,14,22
STU1075,ASSIGN5372,Biology,Yes,4,46
STU1075,ASSIGN5373,Mathematics,Yes,0,89
STU1075,ASSIGN5374,Physics,No,12,23
STU1075,ASSIGN5375,Chemistry,Yes,1,92
STU1076,ASSIGN5376,Mathematics,Yes,3,67
STU1076,ASSIGN5377,Physics,No,7,8
STU1076,ASSIGN5378,Mathematics,Yes,1,58
STU1076,ASSIGN5379,Biology,Yes,0,41
STU1076,ASSIGN5380,Mathematics,No,14,15
STU1077,ASSIGN5381,Chemistry,Yes,3,84
STU1077,ASSIGN5382,Mathematics,Yes,1,78
STU1077,ASSIGN5383,Mathematics,No,7,35
STU1077,ASSIGN5384,Mathematics,Yes,3,84
STU1077,ASSIGN5385,Chemistry,Yes,0,56
STU1078,ASSIGN5386,Biology,No,15,38
STU1078,ASSIGN5387,Physics,Yes,5,79
STU1078,ASSIGN5388,Biology,Yes,4,77
STU1078,ASSIGN5389,Mathematics,Yes,3,71
STU1078,ASSIGN5390,Mathematics,Yes,1,74
STU1079,ASSIGN5391,Chemistry,Yes,3,78
STU1079,ASSIGN5392,Chemistry,Yes,3,63
STU1079,ASSIGN5393,Chemistry,Yes,5,66
STU1079,ASSIGN5394,Physics,No,9,29
STU1079,ASSIGN5395,Chemistry,No,13,7
STU1080,ASSIGN5396,Physics,No,12,11
STU1080,ASSIGN5397,Physics,Yes,0,46
STU1080,ASSIGN5398,Biology,No,11,15
STU1080,ASSIGN5399,Biology,No,10,22
STU1080,ASSIGN5400,Biology,No,14,12
STU1081,ASSIGN5401,Physics,Yes,3,78
STU1081,ASSIGN5402,Physics,No,8,23
STU1081,ASSIGN5403,Mathematics,Yes,2,50
STU1081,ASSIGN5404,Chemistry,No,10,9
STU1081,ASSIGN5405,Physics,Yes,4,77
STU1082,ASSIGN5406,Physics,Yes,5,40
STU1082,ASSIGN5407,Chemistry,No,13,1
STU1082,ASSIGN5408,Mathematics,Yes,1,51
STU1082,ASSIGN5409,Physics,No,6,7
STU1082,ASSIGN5410,Chemistry,Yes,0,59
STU1083,ASSIGN5411,Biology,Yes,4,46
STU1083,ASSIGN5412,Chemistry,Yes,0,48
STU1083,ASSIGN5413,Chemistry,Yes,1,66
STU1083,ASSIGN5414,Chemistry,No,6,8
STU1083,ASSIGN5415,Mathematics,No,8,4
STU1084,ASSIGN5416,Mathematics,No,8,33
STU1084,ASSIGN5417,Mathematics,No,9,12
STU1084,ASSIGN5418,Biology,Yes,5,82
STU1084,ASSIGN5419,Mathematics,Yes,4,65
STU1084,ASSIGN5420,Mathematics,Yes,2,62
STU1085,ASSIGN5421,Biology,Yes,5,60
STU1085,ASSIGN5422,Biology,No,15,19
STU1085,ASSIGN5423,Mathematics,No,10,40
STU1085,ASSIGN5424,Chemistry,Yes,5,65
STU1085,ASSIGN5425,Biology,No,10,11
STU1086,ASSIGN5426,Physics,Yes,4,79
STU1086,ASSIGN5427,Biology,Yes,0,42
STU1086,ASSIGN5428,Physics,No,15,26
STU1086,ASSIGN5429,Chemistry,No,15,35
STU1086,ASSIGN5430,Biology,Yes,0,60
STU1087,ASSIGN5431,Mathematics,No,12,4
STU1087,ASSIGN5432,Physics,No,9,28
STU1087,ASSIGN5433,Physics,No,13,19
STU1087,ASSIGN5434,Physics,No,9,22
STU1087,ASSIGN5435,Biology,Yes,1,71
STU1088,ASSIGN5436,Chemistry,No,13,35
STU1088,ASSIGN5437,Biology,No,15,31
STU1088,ASSIGN5438,Chemistry,Yes,4,66
STU1088,ASSIGN5439,Chemistry,No,7,35
STU1088,ASSIGN5440,Chemistry,Yes,1,85
STU1089,ASSIGN5441,Biology,No,7,12
STU1089,ASSIGN5442,Mathematics,No,9,20
STU1089,ASSIGN5443,Biology,No,7,11
STU1089,ASSIGN5444,Physics,No,10,28
STU1089,ASSIGN5445,Biology,No,7,39
STU1090,ASSIGN5446,Physics,Yes,4,40
STU1090,ASSIGN5447,Mathematics,Yes,0,56
STU1090,ASSIGN5448,Physics,Yes,3,97
STU1090,ASSIGN5449,Chemistry,No,12,18
STU1090,ASSIGN5450,Biology,No,8,0
STU1091,ASSIGN5451,Chemistry,No,10,31
STU1091,ASSIGN5452,Biology,No,11,7
STU1091,ASSIGN5453,Chemistry,Yes,2,96
STU1091,ASSIGN5454,Chemistry,No,7,22
STU1091,ASSIGN5455,Chemistry,Yes,1,93
STU1092,ASSIGN5456,Chemistry,No,13,10
STU1092,ASSIGN5457,Biology,Yes,1,93
STU1092,ASSIGN5458,Mathematics,No,6,17
STU1092,ASSIGN5459,Mathematics,Yes,5,68
STU1092,ASSIGN5460,Biology,No,15,38
STU1093,ASSIGN5461,Mathematics,No,7,22
STU1093,ASSIGN5462,Physics,Yes,2,78
STU1093,ASSIGN5463,Mathematics,No,9,4
STU1093,ASSIGN5464,Biology,Yes,1,59
STU1093,ASSIGN5465,Biology,No,6,31
STU1094,ASSIGN5466,Physics,Yes,5,89
STU1094,ASSIGN5467,Physics,Yes,0,88
STU1094,ASSIGN5468,Physics,No,15,13
STU1094,ASSIGN5469,Biology,Yes,4,83
STU1094,ASSIGN5470,Chemistry,No,11,27
STU1095,ASSIGN5471,Chemistry,Yes,1,44
STU1095,ASSIGN5472,Biology,Yes,2,90
STU1095,ASSIGN5473,Mathematics,Yes,0,40
STU1095,ASSIGN5474,Mathematics,No,13,10
STU1095,ASSIGN5475,Biology,Yes,2,70
STU1096,ASSIGN5476,Chemistry,No,13,16
STU1096,ASSIGN5477,Physics,No,14,18
STU1096,ASSIGN5478,Chemistry,No,10,25
STU1096,ASSIGN5479,Biology,Yes,4,47
STU1096,ASSIGN5480,Biology,Yes,3,43
STU1097,ASSIGN5481,Physics,Yes,3,68
STU1097,ASSIGN5482,Physics,Yes,2,50
STU1097,ASSIGN5483,Biology,No,10,29
STU1097,ASSIGN5484,Biology,Yes,1,81
STU1097,ASSIGN5485,Mathematics,Yes,1,44
STU1098,ASSIGN5486,Physics,Yes,3,42
STU1098,ASSIGN5487,Mathematics,No,15,8
STU1098,ASSIGN5488,Mathematics,No,13,11
STU1098,ASSIGN5489,Biology,Yes,4,64
STU1098,ASSIGN5490,Mathematics,No,12,27
STU1099,ASSIGN5491,Physics,Yes,2,71
STU1099,ASSIGN5492,Mathematics,Yes,4,81
STU1099,ASSIGN5493,Chemistry,No,10,40
STU1099,ASSIGN5494,Chemistry,No,8,33
STU1099,ASSIGN5495,Biology,No,13,5
STU1100,ASSIGN5496,Physics,Yes,2,74
STU1100,ASSIGN5497,Physics,Yes,2,51
STU1100,ASSIGN5498,Chemistry,Yes,0,66
STU1100,ASSIGN5499,Biology,Yes,4,94
STU1100,ASSIGN5500,Biology,Yes,5,59
STU1101,ASSIGN5501,Chemistry,Yes,1,58
STU1101,ASSIGN5502,Physics,No,6,34
STU1101,ASSIGN5503,Biology,Yes,1,70
STU1101,ASSIGN5504,Physics,No,13,12
STU1101,ASSIGN5505,Mathematics,No,12,19
STU1102,ASSIGN5506,Mathematics,Yes,3,56
STU1102,ASSIGN5507,Mathematics,No,13,25
STU1102,ASSIGN5508,Physics,No,7,35
STU1102,ASSIGN5509,Physics,Yes,0,43
STU1102,ASSIGN5510,Biology,No,13,0
STU1103,ASSIGN5511,Physics,Yes,1,56
STU1103,ASSIGN5512,Physics,No,13,40
STU1103,ASSIGN5513,Biology,Yes,2,87
STU1103,ASSIGN5514,Biology,Yes,1,60
STU1103,ASSIGN5515,Biology,Yes,1,98
STU1104,ASSIGN5516,Chemistry,No,8,34
STU1104,ASSIGN5517,Chemistry,No,10,6
STU1104,ASSIGN5518,Chemistry,No,11,37
STU1104,ASSIGN5519,Mathematics,Yes,1,83
STU1104,ASSIGN5520,Biology,No,13,27
STU1105,ASSIGN5521,Physics,No,10,8
STU1105,ASSIGN5522,Mathematics,Yes,0,78
STU1105,ASSIGN5523,Chemistry,No,9,35
STU1105,ASSIGN5524,Mathematics,No,6,37
STU1105,ASSIGN5525,Mathematics,Yes,2,44
STU1106,ASSIGN5526,Chemistry,Yes,5,56
STU1106,ASSIGN5527,Mathematics,Yes,3,49
STU1106,ASSIGN5528,Chemistry,No,7,10
STU1106,ASSIGN5529,Biology,Yes,0,73
STU1106,ASSIGN5530,Mathematics,Yes,2,88
STU1107,ASSIGN5531,Biology,No,10,15
STU1107,ASSIGN5532,Chemistry,No,7,28
STU1107,ASSIGN5533,Mathematics,Yes,5,62
STU1107,ASSIGN5534,Mathematics,No,8,30
STU1107,ASSIGN5535,Physics,No,7,16
STU1108,ASSIGN5536,Chemistry,No,11,10
STU1108,ASSIGN5537,Biology,Yes,1,48
STU1108,ASSIGN5538,Biology,No,9,39
STU1108,ASSIGN5539,Physics,No,10,9
STU1108,ASSIGN5540,Mathematics,No,14,8
STU1109,ASSIGN5541,Chemistry,Yes,2,44
STU1109,ASSIGN5542,Biology,No,11,16
STU1109,ASSIGN5543,Physics,No,14,37
STU1109,ASSIGN5544,Physics,Yes,0,64
STU1109,ASSIGN5545,Physics,No,9,1
STU1110,ASSIGN5546,Chemistry,Yes,0,67
STU1110,ASSIGN5547,Biology,Yes,2,53
STU1110,ASSIGN5548,Physics,Yes,4,96
STU1110,ASSIGN5549,Biology,Yes,1,83
STU1110,ASSIGN5550,Physics,Yes,5,77
STU1111,ASSIGN5551,Mathematics,No,14,33
STU1111,ASSIGN5552,Physics,Yes,3,43
STU1111,ASSIGN5553,Biology,No,8,22
STU1111,ASSIGN5554,Physics,Yes,1,65
STU1111,ASSIGN5555,Chemistry,No,11,21
STU1112,ASSIGN5556,Physics,Yes,4,42
STU1112,ASSIGN5557,Chemistry,Yes,4,72
STU1112,ASSIGN5558,Chemistry,No,14,40
STU1112,ASSIGN5559,Physics,No,6,25
STU1112,ASSIGN5560,Biology,No,9,5
STU1113,ASSIGN5561,Physics,Yes,2,43
STU1113,ASSIGN5562,Biology,No,7,25
STU1113,ASSIGN5563,Mathematics,Yes,2,56
STU1113,ASSIGN5564,Physics,Yes,5,45
STU1113,ASSIGN5565,Biology,Yes,3,49
STU1114,ASSIGN5566,Biology,Yes,2,89
STU1114,ASSIGN5567,Mathematics,No,15,34
STU1114,ASSIGN5568,Biology,Yes,2,64
STU1114,ASSIGN5569,Physics,No,8,13
STU1114,ASSIGN5570,Biology,Yes,0,74
STU1115,ASSIGN5571,Mathematics,No,8,16
STU1115,ASSIGN5572,Mathematics,Yes,0,61
STU1115,ASSIGN5573,Mathematics,Yes,5,99
STU1115,ASSIGN5574,Physics,Yes,2,46
STU1115,ASSIGN5575,Mathematics,No,15,31
STU1116,ASSIGN5576,Mathematics,Yes,1,68
STU1116,ASSIGN5577,Physics,No,11,23
STU1116,ASSIGN5578,Mathematics,No,9,40
STU1116,ASSIGN5579,Mathematics,Yes,2,66
STU1116,ASSIGN5580,Biology,No,15,20
STU1117,ASSIGN5581,Mathematics,Yes,1,89
STU1117,ASSIGN5582,Chemistry,No,9,26
STU1117,ASSIGN5583,Physics,No,13,24
STU1117,ASSIGN5584,Mathematics,Yes,5,45
STU1117,ASSIGN5585,Biology,No,7,16
STU1118,ASSIGN5586,Biology,Yes,4,42
STU1118,ASSIGN5587,Mathematics,Yes,4,40
STU1118,ASSIGN5588,Chemistry,No,15,37
STU1118,ASSIGN5589,Mathematics,No,15,23
STU1118,ASSIGN5590,Mathematics,Yes,0,58
STU1119,ASSIGN5591,Biology,Yes,0,77
STU1119,ASSIGN5592,Biology,Yes,5,80
STU1119,ASSIGN5593,Mathematics,No,13,13
STU1119,ASSIGN5594,Physics,No,9,5
STU1119,ASSIGN5595,Biology,No,12,10
STU1120,ASSIGN5596,Mathematics,Yes,2,82
STU1120,ASSIGN5597,Chemistry,No,9,7
STU1120,ASSIGN5598,Biology,No,7,2
STU1120,ASSIGN5599,Mathematics,Yes,1,46
STU1120,ASSIGN5600,Chemistry,No,11,15
STU1121,ASSIGN5601,Biology,No,14,36
STU1121,ASSIGN5602,Chemistry,Yes,2,84
STU1121,ASSIGN5603,Mathematics,No,14,34
STU1121,ASSIGN5604,Biology,No,6,16
STU1121,ASSIGN5605,Physics,Yes,1,59
STU1122,ASSIGN5606,Mathematics,No,9,14
STU1122,ASSIGN5607,Biology,Yes,2,56
STU1122,ASSIGN5608,Biology,Yes,2,84
STU1122,ASSIGN5609,Chemistry,Yes,4,55
STU1122,ASSIGN5610,Biology,Yes,0,70
STU1123,ASSIGN5611,Physics,No,14,20
STU1123,ASSIGN5612,Biology,Yes,5,64
STU1123,ASSIGN5613,Biology,Yes,1,47
STU1123,ASSIGN5614,Biology,No,9,29
STU1123,ASSIGN5615,Physics,Yes,2,85
STU1124,ASSIGN5616,Mathematics,No,6,8
STU1124,ASSIGN5617,Physics,Yes,2,64
STU1124,ASSIGN5618,Biology,Yes,4,92
STU1124,ASSIGN5619,Biology,Yes,4,51
STU1124,ASSIGN5620,Mathematics,No,8,31
STU1125,ASSIGN5621,Mathematics,Yes,5,96
STU1125,ASSIGN5622,Mathematics,Yes,5,96
STU1125,ASSIGN5623,Mathematics,No,14,0
STU1125,ASSIGN5624,Chemistry,Yes,5,84
STU1125,ASSIGN5625,Mathematics,Yes,1,96
STU1126,ASSIGN5626,Physics,Yes,0,48
STU1126,ASSIGN5627,Chemistry,No,7,8
STU1126,ASSIGN5628,Mathematics,No,11,26
STU1126,ASSIGN5629,Mathematics,No,12,13
STU1126,ASSIGN5630,Mathematics,Yes,0,96
STU1127,ASSIGN5631,Chemistry,No,9,35
STU1127,ASSIGN5632,Biology,No,10,8
STU1127,ASSIGN5633,Mathematics,No,8,15
STU1127,ASSIGN5634,Physics,Yes,4,85
STU1127,ASSIGN5635,Chemistry,No,11,27
STU1128,ASSIGN5636,Chemistry,Yes,5,60
STU1128,ASSIGN5637,Mathematics,Yes,0,91
STU1128,ASSIGN5638,Chemistry,No,10,29
STU1128,ASSIGN5639,Biology,No,7,26
STU1128,ASSIGN5640,Physics,Yes,5,45
STU1129,ASSIGN5641,Physics,No,15,2
STU1129,ASSIGN5642,Physics,No,6,5
STU1129,ASSIGN5643,Physics,No,15,2
STU1129,ASSIGN5644,Chemistry,Yes,2,59
STU1129,ASSIGN5645,Biology,No,6,19
STU1130,ASSIGN5646,Chemistry,No,12,19
STU1130,ASSIGN5647,Chemistry,Yes,2,68
STU1130,ASSIGN5648,Mathematics,No,8,14
STU1130,ASSIGN5649,Chemistry,Yes,3,86
STU1130,ASSIGN5650,Mathematics,No,15,30
STU1131,ASSIGN5651,Biology,No,10,32
STU1131,ASSIGN5652,Biology,Yes,2,93
STU1131,ASSIGN5653,Mathematics,Yes,0,80
STU1131,ASSIGN5654,Biology,Yes,3,96
STU1131,ASSIGN5655,Mathematics,No,9,4
STU1132,ASSIGN5656,Chemistry,Yes,3,90
STU1132,ASSIGN5657,Mathematics,No,6,19
STU1132,ASSIGN5658,Chemistry,Yes,5,45
STU1132,ASSIGN5659,Mathematics,No,14,16
STU1132,ASSIGN5660,Mathematics,No,14,24
STU1133,ASSIGN5661,Physics,No,10,23
STU1133,ASSIGN5662,Biology,Yes,2,72
STU1133,ASSIGN5663,Chemistry,No,13,14
STU1133,ASSIGN5664,Physics,Yes,1,69
STU1133,ASSIGN5665,Physics,No,7,18
STU1134,ASSIGN5666,Biology,Yes,5,62
STU1134,ASSIGN5667,Chemistry,No,10,24
STU1134,ASSIGN5668,Biology,No,6,9
STU1134,ASSIGN5669,Biology,Yes,4,67
STU1134,ASSIGN5670,Mathematics,Yes,3,61
STU1135,ASSIGN5671,Physics,Yes,4,51
STU1135,ASSIGN5672,Biology,Yes,4,92
STU1135,ASSIGN5673,Mathematics,Yes,5,92
STU1135,ASSIGN5674,Physics,No,15,35
STU1135,ASSIGN5675,Biology,No,6,31
STU1136,ASSIGN5676,Physics,No,9,7
STU1136,ASSIGN5677,Mathematics,No,6,22
STU1136,ASSIGN5678,Physics,Yes,3,95
STU1136,ASSIGN5679,Physics,Yes,4,50
STU1136,ASSIGN5680,Mathematics,Yes,3,75
STU1137,ASSIGN5681,Chemistry,No,10,29
STU1137,ASSIGN5682,Chemistry,Yes,5,43
STU1137,ASSIGN5683,Chemistry,No,9,7
STU1137,ASSIGN5684,Physics,No,14,18
STU1137,ASSIGN5685,Physics,No,11,38
STU1138,ASSIGN5686,Physics,No,9,22
STU1138,ASSIGN5687,Chemistry,Yes,1,60
STU1138,ASSIGN5688,Physics,Yes,5,57
STU1138,ASSIGN5689,Chemistry,No,14,37
STU1138,ASSIGN5690,Physics,Yes,5,51
STU1139,ASSIGN5691,Mathematics,No,11,37
STU1139,ASSIGN5692,Mathematics,Yes,0,90
STU1139,ASSIGN5693,Chemistry,No,6,37
STU1139,ASSIGN5694,Chemistry,No,6,31
STU1139,ASSIGN5695,Mathematics,Yes,3,62
STU1140,ASSIGN5696,Mathematics,Yes,3,95
STU1140,ASSIGN5697,Biology,No,15,30
STU1140,ASSIGN5698,Biology,Yes,5,51
STU1140,ASSIGN5699,Biology,No,9,23
STU1140,ASSIGN5700,Chemistry,Yes,4,89
STU1141,ASSIGN5701,Mathematics,Yes,1,99
STU1141,ASSIGN5702,Mathematics,No,13,2
STU1141,ASSIGN5703,Biology,Yes,2,42
STU1141,ASSIGN5704,Chemistry,No,14,32
STU1141,ASSIGN5705,Biology,Yes,5,65
STU1142,ASSIGN5706,Chemistry,Yes,1,85
STU1142,ASSIGN5707,Mathematics,No,8,21
STU1142,ASSIGN5708,Physics,No,12,31
STU1142,ASSIGN5709,Physics,No,9,36
STU1142,ASSIGN5710,Biology,No,9,16
STU1143,ASSIGN5711,Physics,Yes,0,89
STU1143,ASSIGN5712,Mathematics,Yes,3,59
STU1143,ASSIGN5713,Biology,Yes,4,57
STU1143,ASSIGN5714,Physics,No,7,28
STU1143,ASSIGN5715,Mathematics,No,10,36
STU1144,ASSIGN5716,Mathematics,No,14,6
STU1144,ASSIGN5717,Biology,Yes,1,56
STU1144,ASSIGN5718,Chemistry,Yes,1,83
STU1144,ASSIGN5719,Physics,No,15,18
STU1144,ASSIGN5720,Biology,No,13,37
STU1145,ASSIGN5721,Biology,Yes,1,74
STU1145,ASSIGN5722,Physics,Yes,3,40
STU1145,ASSIGN5723,Physics,Yes,5,60
STU1145,ASSIGN5724,Physics,Yes,2,78
STU1145,ASSIGN5725,Biology,Yes,0,97
STU1146,ASSIGN5726,Mathematics,Yes,1,68
STU1146,ASSIGN5727,Physics,Yes,1,91
STU1146,ASSIGN5728,Mathematics,Yes,4,88
STU1146,ASSIGN5729,Biology,Yes,3,43
STU1146,ASSIGN5730,Chemistry,Yes,0,100
STU1147,ASSIGN5731,Mathematics,No,7,10
STU1147,ASSIGN5732,Biology,No,10,31
STU1147,ASSIGN5733,Biology,No,6,29
STU1147,ASSIGN5734,Chemistry,No,14,34
STU1147,ASSIGN5735,Chemistry,Yes,3,43
STU1148,ASSIGN5736,Chemistry,No,7,11
STU1148,ASSIGN5737,Mathematics,No,6,4
STU1148,ASSIGN5738,Biology,No,14,26
STU1148,ASSIGN5739,Chemistry,Yes,1,62
STU1148,ASSIGN5740,Mathematics,Yes,1,54
STU1149,ASSIGN5741,Biology,Yes,4,87
STU1149,ASSIGN5742,Physics,No,13,35
STU1149,ASSIGN5743,Mathematics,No,11,0
STU1149,ASSIGN5744,Mathematics,No,13,0
STU1149,ASSIGN5745,Mathematics,Yes,0,48
STU1150,ASSIGN5746,Biology,Yes,1,66
STU1150,ASSIGN5747,Physics,Yes,0,79
STU1150,ASSIGN5748,Chemistry,No,8,12
STU1150,ASSIGN5749,Biology,No,8,5
STU1150,ASSIGN5750,Physics,Yes,2,52
STU1151,ASSIGN5751,Mathematics,Yes,5,77
STU1151,ASSIGN5752,Biology,Yes,4,90
STU1151,ASSIGN5753,Chemistry,No,15,36
STU1151,ASSIGN5754,Mathematics,No,15,0
STU1151,ASSIGN5755,Mathematics,No,6,22
STU1152,ASSIGN5756,Chemistry,No,12,33
STU1152,ASSIGN5757,Biology,Yes,2,46
STU1152,ASSIGN5758,Physics,Yes,2,86
STU1152,ASSIGN5759,Mathematics,Yes,5,76
STU1152,ASSIGN5760,Biology,Yes,1,79
STU1153,ASSIGN5761,Chemistry,Yes,2,50
STU1153,ASSIGN5762,Chemistry,Yes,0,71
STU1153,ASSIGN5763,Biology,No,12,1
STU1153,ASSIGN5764,Mathematics,Yes,1,67
STU1153,ASSIGN5765,Mathematics,Yes,5,52
STU1154,ASSIGN5766,Biology,No,8,29
STU1154,ASSIGN5767,Chemistry,No,11,35
STU1154,ASSIGN5768,Biology,Yes,4,90
STU1154,ASSIGN5769,Physics,No,14,24
STU1154,ASSIGN5770,Physics,Yes,2,57
STU1155,ASSIGN5771,Physics,No,9,30
STU1155,ASSIGN5772,Mathematics,No,9,35
STU1155,ASSIGN5773,Physics,Yes,0,42
STU1155,ASSIGN5774,Biology,No,11,13
STU1155,ASSIGN5775,Biology,No,10,5
STU1156,ASSIGN5776,Biology,No,12,39
STU1156,ASSIGN5777,Biology,No,9,37
STU1156,ASSIGN5778,Chemistry,No,13,20
STU1156,ASSIGN5779,Mathematics,No,13,14
STU1156,ASSIGN5780,Mathematics,Yes,0,95
STU1157,ASSIGN5781,Physics,Yes,0,98
STU1157,ASSIGN5782,Physics,No,8,32
STU1157,ASSIGN5783,Physics,No,8,20
STU1157,ASSIGN5784,Mathematics,Yes,2,92
STU1157,ASSIGN5785,Chemistry,Yes,0,59
STU1158,ASSIGN5786,Physics,No,6,39
STU1158,ASSIGN5787,Chemistry,Yes,5,60
STU1158,ASSIGN5788,Physics,No,13,5
STU1158,ASSIGN5789,Chemistry,No,7,4
STU1158,ASSIGN5790,Physics,Yes,1,84
STU1159,ASSIGN5791,Mathematics,Yes,1,87
STU1159,ASSIGN5792,Mathematics,No,11,37
STU1159,ASSIGN5793,Physics,No,7,18
STU1159,ASSIGN5794,Mathematics,No,15,25
STU1159,ASSIGN5795,Mathematics,No,14,7
STU1160,ASSIGN5796,Mathematics,Yes,1,80
STU1160,ASSIGN5797,Physics,No,7,7
STU1160,ASSIGN5798,Biology,Yes,3,72
STU1160,ASSIGN5799,Biology,Yes,1,65
STU1160,ASSIGN5800,Physics,No,9,28
STU1161,ASSIGN5801,Mathematics,Yes,0,41
STU1161,ASSIGN5802,Chemistry,Yes,5,99
STU1161,ASSIGN5803,Biology,No,13,14
STU1161,ASSIGN5804,Chemistry,No,13,4
STU1161,ASSIGN5805,Physics,No,15,35
STU1162,ASSIGN5806,Biology,No,15,12
STU1162,ASSIGN5807,Biology,No,9,37
STU1162,ASSIGN5808,Physics,No,10,32
STU1162,ASSIGN5809,Chemistry,No,15,33
STU1162,ASSIGN5810,Physics,Yes,2,55
STU1163,ASSIGN5811,Biology,Yes,1,85
STU1163,ASSIGN5812,Chemistry,Yes,2,90
STU1163,ASSIGN5813,Chemistry,Yes,3,41
STU1163,ASSIGN5814,Physics,No,11,34
STU1163,ASSIGN5815,Biology,Yes,0,67
STU1164,ASSIGN5816,Biology,No,7,18
STU1164,ASSIGN5817,Physics,No,13,38
STU1164,ASSIGN5818,Chemistry,Yes,0,45
STU1164,ASSIGN5819,Mathematics,No,13,10
STU1164,ASSIGN5820,Biology,No,15,7
STU1165,ASSIGN5821,Biology,No,14,8
STU1165,ASSIGN5822,Chemistry,No,7,32
STU1165,ASSIGN5823,Mathematics,Yes,0,64
STU1165,ASSIGN5824,Chemistry,Yes,0,82
STU1165,ASSIGN5825,Biology,Yes,5,57
STU1166,ASSIGN5826,Biology,Yes,0,92
STU1166,ASSIGN5827,Biology,Yes,1,99
STU1166,ASSIGN5828,Chemistry,Yes,1,42
STU1166,ASSIGN5829,Mathematics,No,10,22
STU1166,ASSIGN5830,Physics,Yes,0,84
STU1167,ASSIGN5831,Physics,No,8,19
STU1167,ASSIGN5832,Biology,Yes,0,92
STU1167,ASSIGN5833,Mathematics,Yes,1,81
STU1167,ASSIGN5834,Chemistry,Yes,5,94
STU1167,ASSIGN5835,Chemistry,No,11,10
STU1168,ASSIGN5836,Biology,No,15,6
STU1168,ASSIGN5837,Chemistry,Yes,3,40
STU1168,ASSIGN5838,Biology,No,7,27
STU1168,ASSIGN5839,Chemistry,Yes,0,55
STU1168,ASSIGN5840,Chemistry,No,6,4
STU1169,ASSIGN5841,Physics,Yes,1,75
STU1169,ASSIGN5842,Chemistry,No,10,31
STU1169,ASSIGN5843,Mathematics,No,11,35
STU1169,ASSIGN5844,Biology,No,7,1
STU1169,ASSIGN5845,Biology,No,13,24
STU1170,ASSIGN5846,Mathematics,Yes,4,77
STU1170,ASSIGN5847,Biology,Yes,5,64
STU1170,ASSIGN5848,Physics,Yes,3,46
STU1170,ASSIGN5849,Chemistry,Yes,5,41
STU1170,ASSIGN5850,Biology,Yes,2,44
STU1171,ASSIGN5851,Physics,No,9,10
STU1171,ASSIGN5852,Biology,Yes,0,87
STU1171,ASSIGN5853,Biology,No,9,38
STU1171,ASSIGN5854,Mathematics,Yes,3,87
STU1171,ASSIGN5855,Biology,Yes,4,70
STU1172,ASSIGN5856,Chemistry,Yes,4,84
STU1172,ASSIGN5857,Physics,No,7,1
STU1172,ASSIGN5858,Physics,Yes,1,47
STU1172,ASSIGN5859,Chemistry,No,6,27
STU1172,ASSIGN5860,Biology,No,14,29
STU1173,ASSIGN5861,Physics,Yes,2,97
STU1173,ASSIGN5862,Chemistry,No,12,24
STU1173,ASSIGN5863,Physics,Yes,4,85
STU1173,ASSIGN5864,Physics,No,10,28
STU1173,ASSIGN5865,Chemistry,Yes,0,97
STU1174,ASSIGN5866,Biology,No,8,30
STU1174,ASSIGN5867,Physics,No,10,16
STU1174,ASSIGN5868,Mathematics,No,11,40
STU1174,ASSIGN5869,Chemistry,Yes,3,81
STU1174,ASSIGN5870,Mathematics,Yes,0,95
STU1175,ASSIGN5871,Physics,No,8,2
STU1175,ASSIGN5872,Physics,Yes,5,92
STU1175,ASSIGN5873,Chemistry,No,7,24
STU1175,ASSIGN5874,Mathematics,No,9,30
STU1175,ASSIGN5875,Mathematics,No,6,19
STU1176,ASSIGN5876,Biology,Yes,5,63
STU1176,ASSIGN5877,Biology,No,7,25
STU1176,ASSIGN5878,Physics,No,15,25
STU1176,ASSIGN5879,Biology,No,14,12
STU1176,ASSIGN5880,Biology,No,11,7
STU1177,ASSIGN5881,Chemistry,Yes,3,70
STU1177,ASSIGN5882,Physics,No,6,23
STU1177,ASSIGN5883,Physics,Yes,0,44
STU1177,ASSIGN5884,Mathematics,No,6,4
STU1177,ASSIGN5885,Chemistry,No,9,3
STU1178,ASSIGN5886,Biology,Yes,4,92
STU1178,ASSIGN5887,Physics,No,8,20
STU1178,ASSIGN5888,Biology,No,12,27
STU1178,ASSIGN5889,Chemistry,Yes,2,58
STU1178,ASSIGN5890,Chemistry,Yes,3,60
STU1179,ASSIGN5891,Mathematics,No,8,36
STU1179,ASSIGN5892,Biology,No,14,2
STU1179,ASSIGN5893,Chemistry,Yes,1,47
STU1179,ASSIGN5894,Physics,No,13,35
STU1179,ASSIGN5895,Physics,No,12,15
STU1180,ASSIGN5896,Mathematics,No,15,21
STU1180,ASSIGN5897,Chemistry,Yes,4,56
STU1180,ASSIGN5898,Mathematics,No,11,2
STU1180,ASSIGN5899,Biology,Yes,5,99
STU1180,ASSIGN5900,Biology,No,6,11
STU1181,ASSIGN5901,Mathematics,Yes,0,76
STU1181,ASSIGN5902,Chemistry,Yes,5,96
STU1181,ASSIGN5903,Chemistry,Yes,3,67
STU1181,ASSIGN5904,Biology,No,15,28
STU1181,ASSIGN5905,Physics,Yes,1,69
STU1182,ASSIGN5906,Chemistry,Yes,5,77
STU1182,ASSIGN5907,Chemistry,No,15,20
STU1182,ASSIGN5908,Chemistry,No,6,16
STU1182,ASSIGN5909,Physics,No,10,38
STU1182,ASSIGN5910,Biology,No,14,24
STU1183,ASSIGN5911,Biology,Yes,0,77
STU1183,ASSIGN5912,Biology,Yes,5,51
STU1183,ASSIGN5913,Physics,Yes,5,100
STU1183,ASSIGN5914,Physics,Yes,5,57
STU1183,ASSIGN5915,Mathematics,Yes,0,90
STU1184,ASSIGN5916,Chemistry,Yes,5,55
STU1184,ASSIGN5917,Biology,No,12,6
STU1184,ASSIGN5918,Physics,No,11,27
STU1184,ASSIGN5919,Biology,Yes,1,52
STU1184,ASSIGN5920,Mathematics,No,8,31
STU1185,ASSIGN5921,Mathematics,No,8,33
STU1185,ASSIGN5922,Biology,Yes,4,97
STU1185,ASSIGN5923,Biology,Yes,1,61
STU1185,ASSIGN5924,Chemistry,Yes,1,61
STU1185,ASSIGN5925,Physics,Yes,4,44
STU1186,ASSIGN5926,Chemistry,No,6,10
STU1186,ASSIGN5927,Mathematics,Yes,1,44
STU1186,ASSIGN5928,Physics,Yes,3,69
STU1186,ASSIGN5929,Physics,No,12,19
STU1186,ASSIGN5930,Mathematics,No,8,21
STU1187,ASSIGN5931,Biology,Yes,1,59
STU1187,ASSIGN5932,Mathematics,No,12,5
STU1187,ASSIGN5933,Chemistry,No,7,22
STU1187,ASSIGN5934,Chemistry,Yes,4,71
STU1187,ASSIGN5935,Physics,No,6,33
STU1188,ASSIGN5936,Chemistry,No,8,25
STU1188,ASSIGN5937,Physics,No,8,2
STU1188,ASSIGN5938,Biology,No,13,21
STU1188,ASSIGN5939,Biology,Yes,1,64
STU1188,ASSIGN5940,Physics,No,6,10
STU1189,ASSIGN5941,Physics,Yes,4,78
STU1189,ASSIGN5942,Chemistry,Yes,5,74
STU1189,ASSIGN5943,Mathematics,No,7,25
STU1189,ASSIGN5944,Chemistry,No,14,7
STU1189,ASSIGN5945,Chemistry,No,8,33
STU1190,ASSIGN5946,Biology,No,7,11
STU1190,ASSIGN5947,Mathematics,No,11,20
STU1190,ASSIGN5948,Biology,No,15,10
STU1190,ASSIGN5949,Physics,No,10,40
STU1190,ASSIGN5950,Biology,Yes,0,53
STU1191,ASSIGN5951,Mathematics,Yes,3,65
STU1191,ASSIGN5952,Mathematics,Yes,1,96
STU1191,ASSIGN5953,Physics,No,10,25
STU1191,ASSIGN5954,Biology,Yes,2,74
STU1191,ASSIGN5955,Mathematics,No,7,14
STU1192,ASSIGN5956,Mathematics,Yes,2,64
STU1192,ASSIGN5957,Mathematics,Yes,4,46
STU1192,ASSIGN5958,Physics,No,13,8
STU1192,ASSIGN5959,Biology,Yes,2,94
STU1192,ASSIGN5960,Mathematics,Yes,0,40
STU1193,ASSIGN5961,Biology,No,15,14
STU1193,ASSIGN5962,Mathematics,No,7,32
STU1193,ASSIGN5963,Chemistry,Yes,4,40
STU1193,ASSIGN5964,Biology,Yes,2,93
STU1193,ASSIGN5965,Chemistry,No,11,32
STU1194,ASSIGN5966,Physics,Yes,3,88
STU1194,ASSIGN5967,Biology,No,12,34
STU1194,ASSIGN5968,Physics,No,8,28
STU1194,ASSIGN5969,Mathematics,Yes,3,73
STU1194,ASSIGN5970,Chemistry,Yes,1,40
STU1195,ASSIGN5971,Physics,No,9,39
STU1195,ASSIGN5972,Mathematics,Yes,2,47
STU1195,ASSIGN5973,Chemistry,No,13,20
STU1195,ASSIGN5974,Mathematics,No,7,10
STU1195,ASSIGN5975,Biology,No,8,1
STU1196,ASSIGN5976,Chemistry,Yes,3,44
STU1196,ASSIGN5977,Mathematics,Yes,4,74
STU1196,ASSIGN5978,Biology,No,9,35
STU1196,ASSIGN5979,Physics,No,15,31
STU1196,ASSIGN5980,Biology,Yes,5,77
STU1197,ASSIGN5981,Physics,No,10,13
STU1197,ASSIGN5982,Mathematics,Yes,1,71
STU1197,ASSIGN5983,Biology,Yes,2,59
STU1197,ASSIGN5984,Biology,No,15,32
STU1197,ASSIGN5985,Biology,No,6,38
STU1198,ASSIGN5986,Chemistry,No,10,26
STU1198,ASSIGN5987,Biology,Yes,3,94
STU1198,ASSIGN5988,Mathematics,No,9,26
STU1198,ASSIGN5989,Physics,No,8,23
STU1198,ASSIGN5990,Chemistry,Yes,3,52
STU1199,ASSIGN5991,Mathematics,No,15,26
STU1199,ASSIGN5992,Chemistry,No,14,37
STU1199,ASSIGN5993,Chemistry,No,7,7
STU1199,ASSIGN5994,Chemistry,No,12,20
STU1199,ASSIGN5995,Chemistry,Yes,5,41
STU1200,ASSIGN5996,Mathematics,No,7,13
STU1200,ASSIGN5997,Physics,Yes,1,74
STU1200,ASSIGN5998,Biology,No,11,28
STU1200,ASSIGN5999,Biology,No,10,22
STU1200,ASSIGN6000,Physics,No,12,34
STU1201,ASSIGN6001,Biology,Yes,1,54
STU1201,ASSIGN6002,Biology,No,8,2
STU1201,ASSIGN6003,Mathematics,No,8,7
STU1201,ASSIGN6004,Biology,No,12,11
STU1201,ASSIGN6005,Mathematics,No,7,18
STU1202,ASSIGN6006,Chemistry,Yes,0,42
STU1202,ASSIGN6007,Physics,Yes,5,79
STU1202,ASSIGN6008,Chemistry,Yes,4,55
STU1202,ASSIGN6009,Biology,Yes,2,81
STU1202,ASSIGN6010,Mathematics,Yes,5,76
STU1203,ASSIGN6011,Biology,No,13,11
STU1203,ASSIGN6012,Physics,Yes,1,44
STU1203,ASSIGN6013,Physics,Yes,1,45
STU1203,ASSIGN6014,Chemistry,Yes,4,42
STU1203,ASSIGN6015,Biology,No,7,35
STU1204,ASSIGN6016,Physics,Yes,2,69
STU1204,ASSIGN6017,Physics,Yes,3,43
STU1204,ASSIGN6018,Mathematics,No,14,34
STU1204,ASSIGN6019,Chemistry,No,11,32
STU1204,ASSIGN6020,Chemistry,No,9,28
STU1205,ASSIGN6021,Chemistry,No,14,25
STU1205,ASSIGN6022,Chemistry,No,10,37
STU1205,ASSIGN6023,Physics,Yes,2,51
STU1205,ASSIGN6024,Mathematics,No,12,10
STU1205,ASSIGN6025,Biology,No,10,11
STU1206,ASSIGN6026,Mathematics,Yes,0,94
STU1206,ASSIGN6027,Mathematics,No,6,23
STU1206,ASSIGN6028,Mathematics,No,6,30
STU1206,ASSIGN6029,Chemistry,Yes,3,78
STU1206,ASSIGN6030,Physics,Yes,3,87
STU1207,ASSIGN6031,Biology,Yes,3,65
STU1207,ASSIGN6032,Mathematics,Yes,0,50
STU1207,ASSIGN6033,Biology,No,14,34
STU1207,ASSIGN6034,Mathematics,No,11,0
STU1207,ASSIGN6035,Mathematics,No,14,26
STU1208,ASSIGN6036,Chemistry,Yes,4,62
STU1208,ASSIGN6037,Mathematics,Yes,1,97
STU1208,ASSIGN6038,Physics,No,10,7
STU1208,ASSIGN6039,Biology,No,14,19
STU1208,ASSIGN6040,Biology,No,10,8
STU1209,ASSIGN6041,Biology,No,10,14
STU1209,ASSIGN6042,Mathematics,No,7,2
STU1209,ASSIGN6043,Biology,Yes,0,66
STU1209,ASSIGN6044,Physics,No,11,13
STU1209,ASSIGN6045,Mathematics,No,13,40
STU1210,ASSIGN6046,Biology,No,6,31
STU1210,ASSIGN6047,Chemistry,Yes,0,64
STU1210,ASSIGN6048,Chemistry,No,11,5
STU1210,ASSIGN6049,Mathematics,No,6,21
STU1210,ASSIGN6050,Biology,Yes,5,79
STU1211,ASSIGN6051,Biology,Yes,5,58
STU1211,ASSIGN6052,Mathematics,No,13,40
STU1211,ASSIGN6053,Physics,No,10,22
STU1211,ASSIGN6054,Physics,Yes,0,96
STU1211,ASSIGN6055,Physics,Yes,3,54
STU1212,ASSIGN6056,Mathematics,No,6,37
STU1212,ASSIGN6057,Chemistry,Yes,4,58
STU1212,ASSIGN6058,Chemistry,Yes,5,100
STU1212,ASSIGN6059,Mathematics,No,13,26
STU1212,ASSIGN6060,Biology,Yes,0,92
STU1213,ASSIGN6061,Biology,Yes,5,100
STU1213,ASSIGN6062,Mathematics,No,6,6
STU1213,ASSIGN6063,Chemistry,Yes,5,63
STU1213,ASSIGN6064,Biology,No,14,16
STU1213,ASSIGN6065,Mathematics,No,14,23
STU1214,ASSIGN6066,Physics,Yes,5,84
STU1214,ASSIGN6067,Physics,Yes,3,52
STU1214,ASSIGN6068,Chemistry,No,8,30
STU1214,ASSIGN6069,Chemistry,No,14,24
STU1214,ASSIGN6070,Biology,Yes,1,85
STU1215,ASSIGN6071,Physics,Yes,3,60
STU1215,ASSIGN6072,Physics,No,13,4
STU1215,ASSIGN6073,Chemistry,No,13,3
STU1215,ASSIGN6074,Mathematics,No,6,36
STU1215,ASSIGN6075,Physics,Yes,4,60
STU1216,ASSIGN6076,Mathematics,No,6,24
STU1216,ASSIGN6077,Chemistry,No,15,27
STU1216,ASSIGN6078,Physics,Yes,1,99
STU1216,ASSIGN6079,Biology,No,10,33
STU1216,ASSIGN6080,Physics,Yes,2,89
STU1217,ASSIGN6081,Biology,No,11,36
STU1217,ASSIGN6082,Chemistry,Yes,3,84
STU1217,ASSIGN6083,Chemistry,Yes,3,92
STU1217,ASSIGN6084,Chemistry,Yes,0,48
STU1217,ASSIGN6085,Chemistry,No,13,9
STU1218,ASSIGN6086,Biology,Yes,4,94
STU1218,ASSIGN6087,Biology,No,13,27
STU1218,ASSIGN6088,Mathematics,No,8,21
STU1218,ASSIGN6089,Mathematics,No,11,37
STU1218,ASSIGN6090,Mathematics,No,7,27
STU1219,ASSIGN6091,Biology,Yes,4,57
STU1219,ASSIGN6092,Chemistry,Yes,1,84
STU1219,ASSIGN6093,Chemistry,No,11,34
STU1219,ASSIGN6094,Chemistry,Yes,3,91
STU1219,ASSIGN6095,Biology,No,14,22
STU1220,ASSIGN6096,Biology,No,12,18
STU1220,ASSIGN6097,Chemistry,Yes,5,40
STU1220,ASSIGN6098,Mathematics,No,15,25
STU1220,ASSIGN6099,Biology,No,15,17
STU1220,ASSIGN6100,Physics,No,7,26
STU1221,ASSIGN6101,Mathematics,No,13,6
STU1221,ASSIGN6102,Physics,No,11,7
STU1221,ASSIGN6103,Biology,No,7,20
STU1221,ASSIGN6104,Physics,No,7,30
STU1221,ASSIGN6105,Physics,No,15,31
STU1222,ASSIGN6106,Biology,No,14,32
STU1222,ASSIGN6107,Biology,Yes,3,69
STU1222,ASSIGN6108,Mathematics,No,14,38
STU1222,ASSIGN6109,Physics,Yes,4,98
STU1222,ASSIGN6110,Physics,Yes,3,89
STU1223,ASSIGN6111,Biology,Yes,2,92
STU1223,ASSIGN6112,Chemistry,No,11,34
STU1223,ASSIGN6113,Chemistry,No,14,19
STU1223,ASSIGN6114,Biology,Yes,5,50
STU1223,ASSIGN6115,Chemistry,Yes,2,54
STU1224,ASSIGN6116,Mathematics,No,11,28
STU1224,ASSIGN6117,Biology,Yes,1,52
STU1224,ASSIGN6118,Physics,Yes,0,60
STU1224,ASSIGN6119,Physics,Yes,3,57
STU1224,ASSIGN6120,Mathematics,Yes,2,81
STU1225,ASSIGN6121,Mathematics,No,11,34
STU1225,ASSIGN6122,Biology,No,7,35
STU1225,ASSIGN6123,Chemistry,No,9,3
STU1225,ASSIGN6124,Biology,Yes,3,66
STU1225,ASSIGN6125,Physics,Yes,3,82
STU1226,ASSIGN6126,Mathematics,Yes,1,61
STU1226,ASSIGN6127,Chemistry,No,13,6
STU1226,ASSIGN6128,Physics,No,14,20
STU1226,ASSIGN6129,Biology,No,14,35
STU1226,ASSIGN6130,Physics,No,13,18
STU1227,ASSIGN6131,Physics,Yes,4,93
STU1227,ASSIGN6132,Biology,Yes,3,97
STU1227,ASSIGN6133,Mathematics,Yes,4,80
STU1227,ASSIGN6134,Biology,No,8,2
STU1227,ASSIGN6135,Physics,No,10,24
STU1228,ASSIGN6136,Chemistry,Yes,5,43
STU1228,ASSIGN6137,Biology,No,14,7
STU1228,ASSIGN6138,Physics,Yes,1,92
STU1228,ASSIGN6139,Mathematics,No,6,25
STU1228,ASSIGN6140,Chemistry,No,6,21
STU1229,ASSIGN6141,Chemistry,No,15,23
STU1229,ASSIGN6142,Chemistry,Yes,5,73
STU1229,ASSIGN6143,Physics,No,9,20
STU1229,ASSIGN6144,Physics,Yes,4,59
STU1229,ASSIGN6145,Physics,Yes,2,66
STU1230,ASSIGN6146,Chemistry,No,15,31
STU1230,ASSIGN6147,Mathematics,No,6,3
STU1230,ASSIGN6148,Biology,Yes,4,83
STU1230,ASSIGN6149,Chemistry,Yes,2,83
STU1230,ASSIGN6150,Chemistry,No,9,23
STU1231,ASSIGN6151,Mathematics,Yes,4,70
STU1231,ASSIGN6152,Physics,No,14,27
STU1231,ASSIGN6153,Chemistry,No,11,5
STU1231,ASSIGN6154,Biology,Yes,1,67
STU1231,ASSIGN6155,Physics,Yes,4,59
STU1232,ASSIGN6156,Biology,Yes,3,76
STU1232,ASSIGN6157,Biology,Yes,0,85
STU1232,ASSIGN6158,Biology,No,7,9
STU1232,ASSIGN6159,Biology,No,12,10
STU1232,ASSIGN6160,Chemistry,No,15,40
STU1233,ASSIGN6161,Chemistry,No,14,9
STU1233,ASSIGN6162,Mathematics,Yes,3,79
STU1233,ASSIGN6163,Chemistry,Yes,5,64
STU1233,ASSIGN6164,Mathematics,Yes,4,48
STU1233,ASSIGN6165,Biology,No,15,9
STU1234,ASSIGN6166,Mathematics,Yes,0,69
STU1234,ASSIGN6167,Mathematics,No,13,1
STU1234,ASSIGN6168,Chemistry,No,15,8
STU1234,ASSIGN6169,Mathematics,No,15,6
STU1234,ASSIGN6170,Biology,No,6,37
STU1235,ASSIGN6171,Physics,Yes,5,41
STU1235,ASSIGN6172,Mathematics,Yes,1,61
STU1235,ASSIGN6173,Chemistry,Yes,5,43
STU1235,ASSIGN6174,Mathematics,Yes,1,72
STU1235,ASSIGN6175,Mathematics,No,10,12
STU1236,ASSIGN6176,Physics,No,10,4
STU1236,ASSIGN6177,Mathematics,Yes,2,43
STU1236,ASSIGN6178,Mathematics,No,10,0
STU1236,ASSIGN6179,Physics,Yes,5,95
STU1236,ASSIGN6180,Physics,Yes,0,92
STU1237,ASSIGN6181,Biology,No,6,25
STU1237,ASSIGN6182,Chemistry,No,15,2
STU1237,ASSIGN6183,Mathematics,No,10,39
STU1237,ASSIGN6184,Mathematics,Yes,4,100
STU1237,ASSIGN6185,Mathematics,Yes,4,74
STU1238,ASSIGN6186,Mathematics,No,14,40
STU1238,ASSIGN6187,Biology,No,9,21
STU1238,ASSIGN6188,Chemistry,Yes,3,50
STU1238,ASSIGN6189,Biology,Yes,5,48
STU1238,ASSIGN6190,Physics,No,10,12
STU1239,ASSIGN6191,Physics,Yes,3,87
STU1239,ASSIGN6192,Chemistry,Yes,5,96
STU1239,ASSIGN6193,Biology,Yes,4,61
STU1239,ASSIGN6194,Chemistry,Yes,2,71
STU1239,ASSIGN6195,Physics,No,15,24
STU1240,ASSIGN6196,Chemistry,Yes,4,94
STU1240,ASSIGN6197,Chemistry,Yes,0,42
STU1240,ASSIGN6198,Mathematics,No,12,40
STU1240,ASSIGN6199,Physics,Yes,0,94
STU1240,ASSIGN6200,Chemistry,No,9,26
STU1241,ASSIGN6201,Biology,Yes,4,74
STU1241,ASSIGN6202,Mathematics,Yes,5,57
STU1241,ASSIGN6203,Biology,Yes,2,89
STU1241,ASSIGN6204,Biology,Yes,1,68
STU1241,ASSIGN6205,Chemistry,No,12,30
STU1242,ASSIGN6206,Biology,No,7,21
STU1242,ASSIGN6207,Mathematics,Yes,2,45
STU1242,ASSIGN6208,Biology,Yes,3,82
STU1242,ASSIGN6209,Biology,No,14,36
STU1242,ASSIGN6210,Physics,Yes,4,87
STU1243,ASSIGN6211,Physics,Yes,2,40
STU1243,ASSIGN6212,Physics,No,15,29
STU1243,ASSIGN6213,Biology,No,9,7
STU1243,ASSIGN6214,Chemistry,Yes,0,99
STU1243,ASSIGN6215,Physics,Yes,4,86
STU1244,ASSIGN6216,Chemistry,Yes,5,42
STU1244,ASSIGN6217,Biology,No,14,30
STU1244,ASSIGN6218,Mathematics,No,10,11
STU1244,ASSIGN6219,Biology,Yes,2,98
STU1244,ASSIGN6220,Physics,Yes,2,82
STU1245,ASSIGN6221,Chemistry,Yes,3,59
STU1245,ASSIGN6222,Chemistry,No,6,20
STU1245,ASSIGN6223,Mathematics,Yes,1,52
STU1245,ASSIGN6224,Physics,No,10,17
STU1245,ASSIGN6225,Chemistry,Yes,0,61
STU1246,ASSIGN6226,Mathematics,Yes,2,70
STU1246,ASSIGN6227,Physics,No,15,1
STU1246,ASSIGN6228,Biology,No,6,4
STU1246,ASSIGN6229,Biology,No,9,27
STU1246,ASSIGN6230,Mathematics,No,9,27
STU1247,ASSIGN6231,Mathematics,No,13,9
STU1247,ASSIGN6232,Biology,No,10,16
STU1247,ASSIGN6233,Mathematics,Yes,2,55
STU1247,ASSIGN6234,Biology,Yes,1,92
STU1247,ASSIGN6235,Mathematics,No,14,21
STU1248,ASSIGN6236,Chemistry,No,15,28
STU1248,ASSIGN6237,Physics,Yes,4,43
STU1248,ASSIGN6238,Chemistry,No,9,5
STU1248,ASSIGN6239,Chemistry,No,12,15
STU1248,ASSIGN6240,Biology,No,7,17
STU1249,ASSIGN6241,Physics,No,11,17
STU1249,ASSIGN6242,Physics,Yes,0,56
STU1249,ASSIGN6243,Biology,Yes,4,45
STU1249,ASSIGN6244,Biology,No,12,20
STU1249,ASSIGN6245,Physics,No,8,32
STU1250,ASSIGN6246,Mathematics,Yes,3,88
STU1250,ASSIGN6247,Chemistry,No,8,4
STU1250,ASSIGN6248,Biology,Yes,5,50
STU1250,ASSIGN6249,Chemistry,Yes,3,95
STU1250,ASSIGN6250,Mathematics,Yes,5,74
STU1251,ASSIGN6251,Chemistry,Yes,2,96
STU1251,ASSIGN6252,Mathematics,No,14,19
STU1251,ASSIGN6253,Biology,Yes,4,97
STU1251,ASSIGN6254,Biology,Yes,3,42
STU1251,ASSIGN6255,Mathematics,Yes,1,74
STU1252,ASSIGN6256,Mathematics,Yes,3,41
STU1252,ASSIGN6257,Chemistry,Yes,4,96
STU1252,ASSIGN6258,Chemistry,Yes,4,84
STU1252,ASSIGN6259,Physics,No,15,6
STU1252,ASSIGN6260,Physics,Yes,3,80
STU1253,ASSIGN6261,Mathematics,Yes,2,79
STU1253,ASSIGN6262,Mathematics,Yes,5,68
STU1253,ASSIGN6263,Biology,Yes,1,78
STU1253,ASSIGN6264,Chemistry,Yes,5,85
STU1253,ASSIGN6265,Chemistry,Yes,2,80
STU1254,ASSIGN6266,Physics,Yes,5,79
STU1254,ASSIGN6267,Chemistry,No,10,36
STU1254,ASSIGN6268,Mathematics,No,12,10
STU1254,ASSIGN6269,Physics,Yes,2,89
STU1254,ASSIGN6270,Chemistry,Yes,2,40
STU1255,ASSIGN6271,Mathematics,Yes,4,100
STU1255,ASSIGN6272,Mathematics,Yes,4,59
STU1255,ASSIGN6273,Physics,No,9,35
STU1255,ASSIGN6274,Chemistry,Yes,1,50
STU1255,ASSIGN6275,Mathematics,Yes,3,83
STU1256,ASSIGN6276,Mathematics,Yes,0,86
STU1256,ASSIGN6277,Mathematics,Yes,5,89
STU1256,ASSIGN6278,Physics,No,7,38
STU1256,ASSIGN6279,Biology,Yes,5,42
STU1256,ASSIGN6280,Physics,Yes,5,42
STU1257,ASSIGN6281,Physics,Yes,0,58
STU1257,ASSIGN6282,Mathematics,Yes,2,52
STU1257,ASSIGN6283,Physics,Yes,2,64
STU1257,ASSIGN6284,Mathematics,Yes,0,46
STU1257,ASSIGN6285,Chemistry,Yes,1,98
STU1258,ASSIGN6286,Chemistry,No,13,33
STU1258,ASSIGN6287,Chemistry,Yes,3,73
STU1258,ASSIGN6288,Chemistry,No,10,10
STU1258,ASSIGN6289,Physics,Yes,3,61
STU1258,ASSIGN6290,Physics,Yes,2,47
STU1259,ASSIGN6291,Mathematics,No,15,11
STU1259,ASSIGN6292,Mathematics,Yes,2,99
STU1259,ASSIGN6293,Physics,No,7,4
STU1259,ASSIGN6294,Biology,No,10,17
STU1259,ASSIGN6295,Chemistry,Yes,3,95
STU1260,ASSIGN6296,Mathematics,Yes,4,70
STU1260,ASSIGN6297,Physics,Yes,4,87
STU1260,ASSIGN6298,Mathematics,Yes,1,96
STU1260,ASSIGN6299,Mathematics,No,12,16
STU1260,ASSIGN6300,Physics,Yes,2,64
STU1261,ASSIGN6301,Biology,Yes,4,58
STU1261,ASSIGN6302,Mathematics,No,12,25
STU1261,ASSIGN6303,Physics,No,14,11
STU1261,ASSIGN6304,Chemistry,Yes,3,41
STU1261,ASSIGN6305,Physics,Yes,4,83
STU1262,ASSIGN6306,Biology,No,10,13
STU1262,ASSIGN6307,Physics,Yes,4,72
STU1262,ASSIGN6308,Biology,Yes,5,71
STU1262,ASSIGN6309,Biology,No,13,25
STU1262,ASSIGN6310,Physics,Yes,4,98
STU1263,ASSIGN6311,Mathematics,No,15,18
STU1263,ASSIGN6312,Physics,No,14,13
STU1263,ASSIGN6313,Physics,Yes,0,43
STU1263,ASSIGN6314,Chemistry,Yes,0,51
STU1263,ASSIGN6315,Physics,No,15,4
STU1264,ASSIGN6316,Chemistry,Yes,2,66
STU1264,ASSIGN6317,Chemistry,Yes,2,42
STU1264,ASSIGN6318,Chemistry,No,10,0
STU1264,ASSIGN6319,Biology,No,10,22
STU1264,ASSIGN6320,Chemistry,Yes,5,68
STU1265,ASSIGN6321,Physics,Yes,0,48
STU1265,ASSIGN6322,Chemistry,No,14,11
STU1265,ASSIGN6323,Mathematics,No,11,27
STU1265,ASSIGN6324,Physics,Yes,1,84
STU1265,ASSIGN6325,Chemistry,Yes,3,53
STU1266,ASSIGN6326,Biology,Yes,4,53
STU1266,ASSIGN6327,Chemistry,No,13,19
STU1266,ASSIGN6328,Physics,Yes,1,61
STU1266,ASSIGN6329,Mathematics,No,14,18
STU1266,ASSIGN6330,Chemistry,Yes,2,59
STU1267,ASSIGN6331,Physics,No,6,37
STU1267,ASSIGN6332,Chemistry,No,7,10
STU1267,ASSIGN6333,Biology,Yes,4,50
STU1267,ASSIGN6334,Biology,Yes,1,66
STU1267,ASSIGN6335,Mathematics,Yes,2,69
STU1268,ASSIGN6336,Chemistry,No,10,5
STU1268,ASSIGN6337,Biology,Yes,5,62
STU1268,ASSIGN6338,Mathematics,No,8,38
STU1268,ASSIGN6339,Physics,Yes,1,61
STU1268,ASSIGN6340,Biology,Yes,4,53
STU1269,ASSIGN6341,Physics,Yes,3,64
STU1269,ASSIGN6342,Chemistry,Yes,4,70
STU1269,ASSIGN6343,Physics,No,12,6
STU1269,ASSIGN6344,Mathematics,No,12,27
STU1269,ASSIGN6345,Biology,Yes,5,50
STU1270,ASSIGN6346,Chemistry,Yes,3,46
STU1270,ASSIGN6347,Physics,No,11,31
STU1270,ASSIGN6348,Physics,Yes,5,100
STU1270,ASSIGN6349,Biology,No,15,13
STU1270,ASSIGN6350,Chemistry,No,13,27
STU1271,ASSIGN6351,Physics,No,11,9
STU1271,ASSIGN6352,Chemistry,Yes,2,94
STU1271,ASSIGN6353,Biology,Yes,4,92
STU1271,ASSIGN6354,Biology,No,15,21
STU1271,ASSIGN6355,Physics,Yes,4,84
STU1272,ASSIGN6356,Biology,No,6,39
STU1272,ASSIGN6357,Chemistry,Yes,3,64
STU1272,ASSIGN6358,Physics,No,15,24
STU1272,ASSIGN6359,Mathematics,Yes,3,74
STU1272,ASSIGN6360,Physics,No,14,2
STU1273,ASSIGN6361,Biology,No,11,9
STU1273,ASSIGN6362,Biology,Yes,2,98
STU1273,ASSIGN6363,Physics,No,15,2
STU1273,ASSIGN6364,Mathematics,No,11,37
STU1273,ASSIGN6365,Physics,No,15,36
STU1274,ASSIGN6366,Chemistry,No,13,24
STU1274,ASSIGN6367,Physics,No,12,31
STU1274,ASSIGN6368,Mathematics,No,14,23
STU1274,ASSIGN6369,Mathematics,Yes,0,77
STU1274,ASSIGN6370,Biology,Yes,2,79
STU1275,ASSIGN6371,Physics,Yes,1,75
STU1275,ASSIGN6372,Chemistry,Yes,4,41
STU1275,ASSIGN6373,Chemistry,Yes,2,43
STU1275,ASSIGN6374,Chemistry,Yes,3,68
STU1275,ASSIGN6375,Mathematics,Yes,3,73
STU1276,ASSIGN6376,Biology,Yes,2,50
STU1276,ASSIGN6377,Chemistry,No,11,11
STU1276,ASSIGN6378,Chemistry,Yes,5,44
STU1276,ASSIGN6379,Chemistry,Yes,1,67
STU1276,ASSIGN6380,Physics,Yes,2,99
STU1277,ASSIGN6381,Biology,No,13,29
STU1277,ASSIGN6382,Chemistry,Yes,1,55
STU1277,ASSIGN6383,Biology,Yes,3,64
STU1277,ASSIGN6384,Biology,Yes,2,68
STU1277,ASSIGN6385,Biology,No,9,33
STU1278,ASSIGN6386,Mathematics,Yes,1,55
STU1278,ASSIGN6387,Biology,Yes,1,54
STU1278,ASSIGN6388,Physics,Yes,0,44
STU1278,ASSIGN6389,Mathematics,Yes,1,70
STU1278,ASSIGN6390,Chemistry,Yes,2,52
STU1279,ASSIGN6391,Mathematics,Yes,0,68
STU1279,ASSIGN6392,Physics,No,13,40
STU1279,ASSIGN6393,Mathematics,Yes,1,73
STU1279,ASSIGN6394,Chemistry,Yes,4,95
STU1279,ASSIGN6395,Mathematics,No,9,30
STU1280,ASSIGN6396,Mathematics,No,11,4
STU1280,ASSIGN6397,Mathematics,Yes,2,58
STU1280,ASSIGN6398,Physics,Yes,2,99
STU1280,ASSIGN6399,Physics,No,11,13
STU1280,ASSIGN6400,Biology,Yes,0,100
STU1281,ASSIGN6401,Mathematics,No,6,22
STU1281,ASSIGN6402,Biology,Yes,5,91
STU1281,ASSIGN6403,Chemistry,No,13,21
STU1281,ASSIGN6404,Mathematics,Yes,3,58
STU1281,ASSIGN6405,Mathematics,No,14,26
STU1282,ASSIGN6406,Chemistry,No,8,28
STU1282,ASSIGN6407,Physics,No,15,40
STU1282,ASSIGN6408,Chemistry,Yes,1,87
STU1282,ASSIGN6409,Biology,Yes,5,41
STU1282,ASSIGN6410,Chemistry,No,7,14
STU1283,ASSIGN6411,Mathematics,Yes,2,82
STU1283,ASSIGN6412,Biology,Yes,5,78
STU1283,ASSIGN6413,Biology,No,9,18
STU1283,ASSIGN6414,Biology,Yes,1,97
STU1283,ASSIGN6415,Chemistry,Yes,0,41
STU1284,ASSIGN6416,Physics,No,7,9
STU1284,ASSIGN6417,Physics,Yes,1,82
STU1284,ASSIGN6418,Mathematics,No,14,40
STU1284,ASSIGN6419,Mathematics,No,12,34
STU1284,ASSIGN6420,Chemistry,No,9,20
STU1285,ASSIGN6421,Biology,Yes,5,70
STU1285,ASSIGN6422,Mathematics,Yes,3,88
STU1285,ASSIGN6423,Mathematics,No,11,11
STU1285,ASSIGN6424,Chemistry,No,7,24
STU1285,ASSIGN6425,Physics,Yes,1,95
STU1286,ASSIGN6426,Biology,Yes,0,64
STU1286,ASSIGN6427,Physics,Yes,1,60
STU1286,ASSIGN6428,Biology,Yes,5,58
STU1286,ASSIGN6429,Chemistry,No,7,18
STU1286,ASSIGN6430,Physics,No,6,5
STU1287,ASSIGN6431,Mathematics,No,12,38
STU1287,ASSIGN6432,Mathematics,No,15,3
STU1287,ASSIGN6433,Chemistry,Yes,5,51
STU1287,ASSIGN6434,Chemistry,Yes,3,74
STU1287,ASSIGN6435,Chemistry,Yes,3,78
STU1288,ASSIGN6436,Mathematics,Yes,0,88
STU1288,ASSIGN6437,Biology,No,8,25
STU1288,ASSIGN6438,Chemistry,No,9,34
STU1288,ASSIGN6439,Mathematics,Yes,4,65
STU1288,ASSIGN6440,Biology,No,14,31
STU1289,ASSIGN6441,Chemistry,No,8,39
STU1289,ASSIGN6442,Biology,Yes,4,50
STU1289,ASSIGN6443,Mathematics,Yes,3,45
STU1289,ASSIGN6444,Chemistry,No,14,12
STU1289,ASSIGN6445,Biology,Yes,4,62
STU1290,ASSIGN6446,Chemistry,No,13,23
STU1290,ASSIGN6447,Mathematics,No,6,7
STU1290,ASSIGN6448,Physics,Yes,5,41
STU1290,ASSIGN6449,Mathematics,No,15,7
STU1290,ASSIGN6450,Mathematics,Yes,0,67
STU1291,ASSIGN6451,Biology,Yes,1,44
STU1291,ASSIGN6452,Physics,Yes,1,77
STU1291,ASSIGN6453,Chemistry,Yes,2,66
STU1291,ASSIGN6454,Mathematics,Yes,3,82
STU1291,ASSIGN6455,Chemistry,No,11,6
STU1292,ASSIGN6456,Physics,Yes,2,72
STU1292,ASSIGN6457,Mathematics,No,6,5
STU1292,ASSIGN6458,Chemistry,No,10,1
STU1292,ASSIGN6459,Physics,No,9,22
STU1292,ASSIGN6460,Physics,Yes,1,64
STU1293,ASSIGN6461,Physics,Yes,3,98
STU1293,ASSIGN6462,Physics,No,8,17
STU1293,ASSIGN6463,Biology,Yes,0,46
STU1293,ASSIGN6464,Mathematics,No,10,5
STU1293,ASSIGN6465,Chemistry,No,9,38
STU1294,ASSIGN6466,Mathematics,No,14,1
STU1294,ASSIGN6467,Biology,No,15,22
STU1294,ASSIGN6468,Biology,No,15,6
STU1294,ASSIGN6469,Mathematics,No,11,2
STU1294,ASSIGN6470,Physics,No,14,22
STU1295,ASSIGN6471,Mathematics,No,12,28
STU1295,ASSIGN6472,Chemistry,No,9,37
STU1295,ASSIGN6473,Biology,No,14,12
STU1295,ASSIGN6474,Chemistry,No,12,16
STU1295,ASSIGN6475,Biology,No,10,5
STU1296,ASSIGN6476,Biology,Yes,1,81
STU1296,ASSIGN6477,Mathematics,No,14,24
STU1296,ASSIGN6478,Mathematics,Yes,5,56
STU1296,ASSIGN6479,Chemistry,Yes,2,46
STU1296,ASSIGN6480,Mathematics,Yes,2,48
STU1297,ASSIGN6481,Mathematics,Yes,5,44
STU1297,ASSIGN6482,Biology,No,8,37
STU1297,ASSIGN6483,Biology,Yes,3,69
STU1297,ASSIGN6484,Physics,No,15,16
STU1297,ASSIGN6485,Biology,Yes,1,42
STU1298,ASSIGN6486,Mathematics,No,10,40
STU1298,ASSIGN6487,Chemistry,Yes,5,57
STU1298,ASSIGN6488,Chemistry,No,7,28
STU1298,ASSIGN6489,Biology,No,11,37
STU1298,ASSIGN6490,Chemistry,No,6,9
STU1299,ASSIGN6491,Mathematics,Yes,3,63
STU1299,ASSIGN6492,Chemistry,Yes,1,51
STU1299,ASSIGN6493,Chemistry,No,11,32
STU1299,ASSIGN6494,Biology,No,14,24
STU1299,ASSIGN6495,Mathematics,No,12,29
STU1300,ASSIGN6496,Chemistry,Yes,3,66
STU1300,ASSIGN6497,Mathematics,No,8,34
STU1300,ASSIGN6498,Physics,No,6,1
STU1300,ASSIGN6499,Biology,Yes,4,49
STU1300,ASSIGN6500,Mathematics,No,10,10
STU1301,ASSIGN6501,Mathematics,Yes,1,68
STU1301,ASSIGN6502,Biology,No,10,17
STU1301,ASSIGN6503,Mathematics,No,12,36
STU1301,ASSIGN6504,Biology,No,8,29
STU1301,ASSIGN6505,Mathematics,Yes,0,63
STU1302,ASSIGN6506,Biology,No,12,4
STU1302,ASSIGN6507,Physics,No,15,6
STU1302,ASSIGN6508,Mathematics,No,11,20
STU1302,ASSIGN6509,Physics,No,9,27
STU1302,ASSIGN6510,Biology,Yes,1,100
STU1303,ASSIGN6511,Mathematics,No,8,8
STU1303,ASSIGN6512,Mathematics,No,12,1
STU1303,ASSIGN6513,Chemistry,Yes,3,87
STU1303,ASSIGN6514,Biology,Yes,3,51
STU1303,ASSIGN6515,Chemistry,No,7,1
STU1304,ASSIGN6516,Physics,Yes,4,50
STU1304,ASSIGN6517,Chemistry,Yes,3,71
STU1304,ASSIGN6518,Biology,No,10,13
STU1304,ASSIGN6519,Mathematics,No,8,33
STU1304,ASSIGN6520,Biology,Yes,4,83
STU1305,ASSIGN6521,Physics,Yes,5,79
STU1305,ASSIGN6522,Mathematics,Yes,5,100
STU1305,ASSIGN6523,Chemistry,No,14,22
STU1305,ASSIGN6524,Biology,No,9,3
STU1305,ASSIGN6525,Chemistry,No,15,26
STU1306,ASSIGN6526,Biology,Yes,0,88
STU1306,ASSIGN6527,Mathematics,No,6,4
STU1306,ASSIGN6528,Mathematics,Yes,3,58
STU1306,ASSIGN6529,Physics,No,11,37
STU1306,ASSIGN6530,Biology,No,15,0
STU1307,ASSIGN6531,Mathematics,Yes,0,42
STU1307,ASSIGN6532,Mathematics,Yes,1,78
STU1307,ASSIGN6533,Mathematics,Yes,4,71
STU1307,ASSIGN6534,Mathematics,Yes,4,63
STU1307,ASSIGN6535,Chemistry,No,10,4
STU1308,ASSIGN6536,Mathematics,Yes,4,90
STU1308,ASSIGN6537,Biology,Yes,3,77
STU1308,ASSIGN6538,Biology,No,14,39
STU1308,ASSIGN6539,Mathematics,No,11,19
STU1308,ASSIGN6540,Physics,Yes,2,54
STU1309,ASSIGN6541,Mathematics,Yes,0,81
STU1309,ASSIGN6542,Chemistry,Yes,3,78
STU1309,ASSIGN6543,Physics,No,7,28
STU1309,ASSIGN6544,Physics,No,10,13
STU1309,ASSIGN6545,Mathematics,No,7,37
STU1310,ASSIGN6546,Mathematics,No,8,17
STU1310,ASSIGN6547,Biology,No,8,33
STU1310,ASSIGN6548,Mathematics,Yes,1,55
STU1310,ASSIGN6549,Chemistry,No,7,20
STU1310,ASSIGN6550,Mathematics,No,9,27
STU1311,ASSIGN6551,Physics,Yes,1,41
STU1311,ASSIGN6552,Mathematics,No,6,29
STU1311,ASSIGN6553,Biology,No,15,19
STU1311,ASSIGN6554,Biology,No,8,33
STU1311,ASSIGN6555,Physics,No,11,40
STU1312,ASSIGN6556,Chemistry,Yes,0,98
STU1312,ASSIGN6557,Physics,No,7,40
STU1312,ASSIGN6558,Chemistry,No,8,17
STU1312,ASSIGN6559,Chemistry,Yes,5,83
STU1312,ASSIGN6560,Physics,Yes,0,87
STU1313,ASSIGN6561,Mathematics,No,9,5
STU1313,ASSIGN6562,Chemistry,No,7,9
STU1313,ASSIGN6563,Biology,No,9,31
STU1313,ASSIGN6564,Biology,Yes,3,69
STU1313,ASSIGN6565,Chemistry,Yes,1,65
STU1314,ASSIGN6566,Physics,No,7,21
STU1314,ASSIGN6567,Mathematics,No,14,39
STU1314,ASSIGN6568,Mathematics,Yes,3,64
STU1314,ASSIGN6569,Mathematics,No,11,35
STU1314,ASSIGN6570,Physics,Yes,0,55
STU1315,ASSIGN6571,Chemistry,No,11,12
STU1315,ASSIGN6572,Physics,Yes,5,63
STU1315,ASSIGN6573,Biology,No,12,30
STU1315,ASSIGN6574,Physics,Yes,2,80
STU1315,ASSIGN6575,Biology,No,8,17
STU1316,ASSIGN6576,Mathematics,No,13,24
STU1316,ASSIGN6577,Mathematics,No,11,5
STU1316,ASSIGN6578,Chemistry,No,14,36
STU1316,ASSIGN6579,Biology,No,13,38
STU1316,ASSIGN6580,Biology,No,9,27
STU1317,ASSIGN6581,Mathematics,Yes,5,41
STU1317,ASSIGN6582,Chemistry,Yes,3,67
STU1317,ASSIGN6583,Mathematics,No,11,14
STU1317,ASSIGN6584,Biology,Yes,4,76
STU1317,ASSIGN6585,Chemistry,Yes,1,96
STU1318,ASSIGN6586,Chemistry,Yes,0,51
STU1318,ASSIGN6587,Biology,Yes,5,81
STU1318,ASSIGN6588,Chemistry,Yes,1,63
STU1318,ASSIGN6589,Chemistry,Yes,4,90
STU1318,ASSIGN6590,Chemistry,No,14,10
STU1319,ASSIGN6591,Chemistry,No,10,34
STU1319,ASSIGN6592,Chemistry,Yes,4,92
STU1319,ASSIGN6593,Biology,Yes,1,98
STU1319,ASSIGN6594,Chemistry,Yes,5,69
STU1319,ASSIGN6595,Physics,Yes,2,87
STU1320,ASSIGN6596,Mathematics,Yes,4,84
STU1320,ASSIGN6597,Physics,No,13,28
STU1320,ASSIGN6598,Chemistry,Yes,5,71
STU1320,ASSIGN6599,Chemistry,Yes,3,82
STU1320,ASSIGN6600,Chemistry,No,10,36
STU1321,ASSIGN6601,Mathematics,No,14,40
STU1321,ASSIGN6602,Mathematics,No,13,24
STU1321,ASSIGN6603,Physics,No,13,5
STU1321,ASSIGN6604,Biology,Yes,5,57
STU1321,ASSIGN6605,Mathematics,No,11,1
STU1322,ASSIGN6606,Physics,No,13,29
STU1322,ASSIGN6607,Physics,Yes,5,59
STU1322,ASSIGN6608,Physics,No,7,20
STU1322,ASSIGN6609,Mathematics,Yes,5,90
STU1322,ASSIGN6610,Biology,No,12,32
STU1323,ASSIGN6611,Mathematics,No,8,17
STU1323,ASSIGN6612,Biology,Yes,3,59
STU1323,ASSIGN6613,Biology,Yes,4,62
STU1323,ASSIGN6614,Mathematics,Yes,1,55
STU1323,ASSIGN6615,Physics,Yes,0,63
STU1324,ASSIGN6616,Physics,No,10,16
STU1324,ASSIGN6617,Biology,No,6,9
STU1324,ASSIGN6618,Mathematics,Yes,0,96
STU1324,ASSIGN6619,Chemistry,Yes,5,91
STU1324,ASSIGN6620,Chemistry,No,15,0
STU1325,ASSIGN6621,Biology,Yes,3,59
STU1325,ASSIGN6622,Biology,Yes,4,52
STU1325,ASSIGN6623,Physics,Yes,3,98
STU1325,ASSIGN6624,Mathematics,No,9,0
STU1325,ASSIGN6625,Biology,No,6,6
STU1326,ASSIGN6626,Mathematics,Yes,4,70
STU1326,ASSIGN6627,Biology,Yes,3,53
STU1326,ASSIGN6628,Physics,Yes,4,41
STU1326,ASSIGN6629,Physics,Yes,0,62
STU1326,ASSIGN6630,Mathematics,Yes,1,74
STU1327,ASSIGN6631,Biology,No,13,38
STU1327,ASSIGN6632,Biology,No,11,40
STU1327,ASSIGN6633,Biology,No,15,10
STU1327,ASSIGN6634,Mathematics,No,12,38
STU1327,ASSIGN6635,Chemistry,No,12,25
STU1328,ASSIGN6636,Chemistry,No,11,4
STU1328,ASSIGN6637,Mathematics,No,13,30
STU1328,ASSIGN6638,Physics,No,13,24
STU1328,ASSIGN6639,Physics,Yes,1,73
STU1328,ASSIGN6640,Chemistry,Yes,2,76
STU1329,ASSIGN6641,Biology,No,8,4
STU1329,ASSIGN6642,Physics,No,6,18
STU1329,ASSIGN6643,Biology,Yes,1,48
STU1329,ASSIGN6644,Chemistry,No,15,8
STU1329,ASSIGN6645,Chemistry,No,12,5
STU1330,ASSIGN6646,Mathematics,No,9,36
STU1330,ASSIGN6647,Mathematics,No,14,12
STU1330,ASSIGN6648,Physics,No,8,2
STU1330,ASSIGN6649,Physics,Yes,5,96
STU1330,ASSIGN6650,Physics,Yes,5,42
STU1331,ASSIGN6651,Mathematics,Yes,1,94
STU1331,ASSIGN6652,Chemistry,Yes,5,42
STU1331,ASSIGN6653,Physics,No,10,3
STU1331,ASSIGN6654,Physics,Yes,5,89
STU1331,ASSIGN6655,Chemistry,No,13,40
STU1332,ASSIGN6656,Physics,Yes,2,88
STU1332,ASSIGN6657,Chemistry,Yes,3,87
STU1332,ASSIGN6658,Chemistry,No,14,33
STU1332,ASSIGN6659,Chemistry,No,8,15
STU1332,ASSIGN6660,Biology,Yes,5,73
STU1333,ASSIGN6661,Mathematics,Yes,3,45
STU1333,ASSIGN6662,Mathematics,No,8,37
STU1333,ASSIGN6663,Mathematics,Yes,4,87
STU1333,ASSIGN6664,Mathematics,No,14,27
STU1333,ASSIGN6665,Physics,Yes,0,97
STU1334,ASSIGN6666,Physics,Yes,4,43
STU1334,ASSIGN6667,Chemistry,Yes,3,96
STU1334,ASSIGN6668,Biology,No,10,38
STU1334,ASSIGN6669,Biology,Yes,5,67
STU1334,ASSIGN6670,Chemistry,No,9,20
STU1335,ASSIGN6671,Physics,No,12,37
STU1335,ASSIGN6672,Chemistry,Yes,2,94
STU1335,ASSIGN6673,Mathematics,Yes,1,80
STU1335,ASSIGN6674,Physics,Yes,2,48
STU1335,ASSIGN6675,Mathematics,No,14,18
STU1336,ASSIGN6676,Physics,Yes,5,72
STU1336,ASSIGN6677,Biology,No,8,4
STU1336,ASSIGN6678,Mathematics,Yes,2,87
STU1336,ASSIGN6679,Biology,No,8,23
STU1336,ASSIGN6680,Mathematics,No,9,2
STU1337,ASSIGN6681,Mathematics,No,13,20
STU1337,ASSIGN6682,Mathematics,Yes,4,42
STU1337,ASSIGN6683,Biology,No,11,1
STU1337,ASSIGN6684,Chemistry,Yes,4,66
STU1337,ASSIGN6685,Chemistry,Yes,2,86
STU1338,ASSIGN6686,Biology,Yes,5,66
STU1338,ASSIGN6687,Mathematics,No,13,7
STU1338,ASSIGN6688,Mathematics,Yes,2,81
STU1338,ASSIGN6689,Mathematics,Yes,0,76
STU1338,ASSIGN6690,Chemistry,Yes,4,66
STU1339,ASSIGN6691,Chemistry,Yes,4,90
STU1339,ASSIGN6692,Mathematics,No,12,39
STU1339,ASSIGN6693,Physics,Yes,5,50
STU1339,ASSIGN6694,Mathematics,Yes,4,54
STU1339,ASSIGN6695,Chemistry,Yes,5,89
STU1340,ASSIGN6696,Physics,No,10,28
STU1340,ASSIGN6697,Physics,No,8,22
STU1340,ASSIGN6698,Chemistry,Yes,3,100
STU1340,ASSIGN6699,Physics,Yes,0,68
STU1340,ASSIGN6700,Chemistry,No,14,21
STU1341,ASSIGN6701,Mathematics,No,15,25
STU1341,ASSIGN6702,Chemistry,No,7,24
STU1341,ASSIGN6703,Mathematics,Yes,2,83
STU1341,ASSIGN6704,Biology,No,15,7
STU1341,ASSIGN6705,Physics,Yes,5,98
STU1342,ASSIGN6706,Physics,No,6,12
STU1342,ASSIGN6707,Physics,No,14,20
STU1342,ASSIGN6708,Physics,Yes,5,64
STU1342,ASSIGN6709,Chemistry,No,9,31
STU1342,ASSIGN6710,Mathematics,Yes,3,81
STU1343,ASSIGN6711,Physics,No,15,1
STU1343,ASSIGN6712,Mathematics,Yes,0,66
STU1343,ASSIGN6713,Physics,Yes,2,78
STU1343,ASSIGN6714,Physics,No,12,14
STU1343,ASSIGN6715,Mathematics,No,11,27
STU1344,ASSIGN6716,Physics,Yes,2,81
STU1344,ASSIGN6717,Physics,Yes,4,66
STU1344,ASSIGN6718,Physics,Yes,1,51
STU1344,ASSIGN6719,Mathematics,Yes,1,70
STU1344,ASSIGN6720,Physics,Yes,4,57
STU1345,ASSIGN6721,Mathematics,No,12,13
STU1345,ASSIGN6722,Biology,Yes,5,55
STU1345,ASSIGN6723,Chemistry,Yes,5,75
STU1345,ASSIGN6724,Mathematics,No,9,23
STU1345,ASSIGN6725,Physics,No,11,1
STU1346,ASSIGN6726,Chemistry,No,6,30
STU1346,ASSIGN6727,Physics,Yes,3,100
STU1346,ASSIGN6728,Chemistry,Yes,3,89
STU1346,ASSIGN6729,Mathematics,Yes,2,58
STU1346,ASSIGN6730,Chemistry,No,8,15
STU1347,ASSIGN6731,Chemistry,No,6,2
STU1347,ASSIGN6732,Physics,No,14,31
STU1347,ASSIGN6733,Physics,Yes,2,57
STU1347,ASSIGN6734,Physics,Yes,1,54
STU1347,ASSIGN6735,Biology,Yes,3,68
STU1348,ASSIGN6736,Physics,Yes,5,40
STU1348,ASSIGN6737,Mathematics,No,15,27
STU1348,ASSIGN6738,Biology,No,15,29
STU1348,ASSIGN6739,Biology,Yes,5,70
STU1348,ASSIGN6740,Mathematics,Yes,5,55
STU1349,ASSIGN6741,Mathematics,No,11,20
STU1349,ASSIGN6742,Chemistry,No,14,10
STU1349,ASSIGN6743,Chemistry,No,12,30
STU1349,ASSIGN6744,Biology,No,13,4
STU1349,ASSIGN6745,Chemistry,No,9,36
STU1350,ASSIGN6746,Physics,No,10,26
STU1350,ASSIGN6747,Mathematics,No,9,40
STU1350,ASSIGN6748,Mathematics,Yes,5,87
STU1350,ASSIGN6749,Biology,No,6,19
STU1350,ASSIGN6750,Chemistry,Yes,4,80
STU1351,ASSIGN6751,Biology,Yes,0,64
STU1351,ASSIGN6752,Biology,No,6,14
STU1351,ASSIGN6753,Mathematics,No,9,37
STU1351,ASSIGN6754,Physics,No,10,25
STU1351,ASSIGN6755,Mathematics,No,13,32
STU1352,ASSIGN6756,Physics,Yes,1,95
STU1352,ASSIGN6757,Mathematics,No,15,5
STU1352,ASSIGN6758,Mathematics,No,6,39
STU1352,ASSIGN6759,Biology,No,10,13
STU1352,ASSIGN6760,Chemistry,No,14,2
STU1353,ASSIGN6761,Chemistry,Yes,4,94
STU1353,ASSIGN6762,Mathematics,Yes,2,85
STU1353,ASSIGN6763,Physics,Yes,2,78
STU1353,ASSIGN6764,Biology,Yes,0,74
STU1353,ASSIGN6765,Physics,No,9,0
STU1354,ASSIGN6766,Physics,No,13,35
STU1354,ASSIGN6767,Mathematics,No,11,24
STU1354,ASSIGN6768,Chemistry,Yes,3,90
STU1354,ASSIGN6769,Physics,Yes,5,96
STU1354,ASSIGN6770,Chemistry,Yes,2,55
STU1355,ASSIGN6771,Biology,No,13,30
STU1355,ASSIGN6772,Physics,Yes,2,60
STU1355,ASSIGN6773,Physics,No,13,5
STU1355,ASSIGN6774,Physics,No,10,23
STU1355,ASSIGN6775,Biology,No,6,20
STU1356,ASSIGN6776,Biology,No,14,11
STU1356,ASSIGN6777,Chemistry,Yes,1,61
STU1356,ASSIGN6778,Mathematics,No,12,26
STU1356,ASSIGN6779,Chemistry,Yes,4,97
STU1356,ASSIGN6780,Chemistry,No,10,8
STU1357,ASSIGN6781,Mathematics,Yes,5,78
STU1357,ASSIGN6782,Biology,No,6,3
STU1357,ASSIGN6783,Physics,Yes,5,83
STU1357,ASSIGN6784,Physics,Yes,4,55
STU1357,ASSIGN6785,Physics,Yes,4,61
STU1358,ASSIGN6786,Mathematics,Yes,5,98
STU1358,ASSIGN6787,Physics,Yes,0,96
STU1358,ASSIGN6788,Biology,Yes,4,45
STU1358,ASSIGN6789,Chemistry,Yes,5,49
STU1358,ASSIGN6790,Chemistry,Yes,1,94
STU1359,ASSIGN6791,Physics,Yes,5,83
STU1359,ASSIGN6792,Mathematics,No,15,21
STU1359,ASSIGN6793,Mathematics,No,10,17
STU1359,ASSIGN6794,Physics,No,12,30
STU1359,ASSIGN6795,Biology,No,7,34
STU1360,ASSIGN6796,Physics,No,13,22
STU1360,ASSIGN6797,Chemistry,Yes,2,81
STU1360,ASSIGN6798,Biology,Yes,4,59
STU1360,ASSIGN6799,Biology,Yes,5,90
STU1360,ASSIGN6800,Biology,Yes,5,42
STU1361,ASSIGN6801,Mathematics,Yes,2,78
STU1361,ASSIGN6802,Physics,No,8,3
STU1361,ASSIGN6803,Mathematics,No,15,20
STU1361,ASSIGN6804,Physics,No,8,23
STU1361,ASSIGN6805,Biology,No,12,34
STU1362,ASSIGN6806,Mathematics,Yes,0,72
STU1362,ASSIGN6807,Chemistry,No,10,3
STU1362,ASSIGN6808,Physics,No,11,17
STU1362,ASSIGN6809,Mathematics,No,14,9
STU1362,ASSIGN6810,Physics,No,6,3
STU1363,ASSIGN6811,Chemistry,Yes,1,79
STU1363,ASSIGN6812,Biology,No,13,26
STU1363,ASSIGN6813,Biology,No,6,14
STU1363,ASSIGN6814,Biology,No,8,6
STU1363,ASSIGN6815,Biology,No,13,4
STU1364,ASSIGN6816,Biology,No,7,26
STU1364,ASSIGN6817,Biology,Yes,4,81
STU1364,ASSIGN6818,Chemistry,Yes,5,58
STU1364,ASSIGN6819,Mathematics,Yes,5,69
STU1364,ASSIGN6820,Biology,Yes,1,94
STU1365,ASSIGN6821,Biology,No,14,10
STU1365,ASSIGN6822,Biology,No,12,22
STU1365,ASSIGN6823,Physics,Yes,2,95
STU1365,ASSIGN6824,Biology,No,7,28
STU1365,ASSIGN6825,Chemistry,Yes,2,40
STU1366,ASSIGN6826,Physics,Yes,0,65
STU1366,ASSIGN6827,Biology,No,10,40
STU1366,ASSIGN6828,Mathematics,Yes,0,82
STU1366,ASSIGN6829,Chemistry,Yes,1,51
STU1366,ASSIGN6830,Physics,No,6,19
STU1367,ASSIGN6831,Biology,No,6,34
STU1367,ASSIGN6832,Biology,Yes,5,86
STU1367,ASSIGN6833,Physics,No,7,36
STU1367,ASSIGN6834,Mathematics,No,13,3
STU1367,ASSIGN6835,Chemistry,Yes,1,72
STU1368,ASSIGN6836,Mathematics,Yes,4,49
STU1368,ASSIGN6837,Chemistry,No,9,32
STU1368,ASSIGN6838,Biology,No,15,22
STU1368,ASSIGN6839,Chemistry,Yes,2,72
STU1368,ASSIGN6840,Mathematics,Yes,0,76
STU1369,ASSIGN6841,Biology,Yes,0,76
STU1369,ASSIGN6842,Mathematics,Yes,0,67
STU1369,ASSIGN6843,Biology,Yes,3,91
STU1369,ASSIGN6844,Biology,Yes,2,95
STU1369,ASSIGN6845,Chemistry,No,6,32
STU1370,ASSIGN6846,Mathematics,Yes,4,77
STU1370,ASSIGN6847,Mathematics,Yes,3,98
STU1370,ASSIGN6848,Biology,Yes,4,49
STU1370,ASSIGN6849,Chemistry,No,12,21
STU1370,ASSIGN6850,Chemistry,Yes,3,97
STU1371,ASSIGN6851,Biology,No,12,38
STU1371,ASSIGN6852,Biology,No,9,18
STU1371,ASSIGN6853,Chemistry,Yes,2,43
STU1371,ASSIGN6854,Chemistry,Yes,3,54
STU1371,ASSIGN6855,Biology,No,8,14
STU1372,ASSIGN6856,Chemistry,No,7,4
STU1372,ASSIGN6857,Mathematics,Yes,2,51
STU1372,ASSIGN6858,Biology,No,14,25
STU1372,ASSIGN6859,Mathematics,No,7,1
STU1372,ASSIGN6860,Physics,Yes,4,76
STU1373,ASSIGN6861,Chemistry,No,9,37
STU1373,ASSIGN6862,Physics,Yes,5,61
STU1373,ASSIGN6863,Mathematics,Yes,4,89
STU1373,ASSIGN6864,Physics,No,15,12
STU1373,ASSIGN6865,Chemistry,Yes,3,91
STU1374,ASSIGN6866,Mathematics,No,7,32
STU1374,ASSIGN6867,Biology,No,6,4
STU1374,ASSIGN6868,Chemistry,No,14,9
STU1374,ASSIGN6869,Physics,No,12,0
STU1374,ASSIGN6870,Physics,Yes,5,90
STU1375,ASSIGN6871,Chemistry,Yes,3,44
STU1375,ASSIGN6872,Mathematics,No,14,12
STU1375,ASSIGN6873,Mathematics,No,12,18
STU1375,ASSIGN6874,Biology,Yes,4,60
STU1375,ASSIGN6875,Mathematics,No,7,4
STU1376,ASSIGN6876,Mathematics,Yes,2,59
STU1376,ASSIGN6877,Physics,Yes,2,92
STU1376,ASSIGN6878,Physics,No,10,31
STU1376,ASSIGN6879,Chemistry,Yes,1,62
STU1376,ASSIGN6880,Physics,No,11,39
STU1377,ASSIGN6881,Chemistry,No,15,37
STU1377,ASSIGN6882,Physics,Yes,1,88
STU1377,ASSIGN6883,Biology,Yes,2,99
STU1377,ASSIGN6884,Mathematics,No,6,5
STU1377,ASSIGN6885,Mathematics,No,8,18
STU1378,ASSIGN6886,Mathematics,No,7,0
STU1378,ASSIGN6887,Mathematics,No,12,35
STU1378,ASSIGN6888,Mathematics,Yes,3,79
STU1378,ASSIGN6889,Chemistry,No,15,28
STU1378,ASSIGN6890,Physics,No,12,11
STU1379,ASSIGN6891,Mathematics,No,14,35
STU1379,ASSIGN6892,Mathematics,No,13,5
STU1379,ASSIGN6893,Biology,No,8,26
STU1379,ASSIGN6894,Mathematics,No,9,37
STU1379,ASSIGN6895,Chemistry,Yes,1,80
STU1380,ASSIGN6896,Mathematics,No,11,16
STU1380,ASSIGN6897,Mathematics,Yes,5,57
STU1380,ASSIGN6898,Mathematics,Yes,5,41
STU1380,ASSIGN6899,Mathematics,Yes,3,88
STU1380,ASSIGN6900,Biology,Yes,1,53
STU1381,ASSIGN6901,Physics,No,13,33
STU1381,ASSIGN6902,Chemistry,Yes,4,40
STU1381,ASSIGN6903,Biology,Yes,1,42
STU1381,ASSIGN6904,Biology,Yes,4,85
STU1381,ASSIGN6905,Mathematics,Yes,0,76
STU1382,ASSIGN6906,Chemistry,Yes,4,70
STU1382,ASSIGN6907,Mathematics,No,10,32
STU1382,ASSIGN6908,Biology,No,12,19
STU1382,ASSIGN6909,Physics,No,8,16
STU1382,ASSIGN6910,Physics,No,11,32
STU1383,ASSIGN6911,Chemistry,No,15,34
STU1383,ASSIGN6912,Mathematics,Yes,5,55
STU1383,ASSIGN6913,Mathematics,No,15,4
STU1383,ASSIGN6914,Chemistry,Yes,2,97
STU1383,ASSIGN6915,Physics,Yes,2,83
STU1384,ASSIGN6916,Chemistry,No,13,32
STU1384,ASSIGN6917,Chemistry,Yes,4,56
STU1384,ASSIGN6918,Chemistry,No,12,23
STU1384,ASSIGN6919,Chemistry,No,11,14
STU1384,ASSIGN6920,Physics,No,13,7
STU1385,ASSIGN6921,Biology,Yes,0,43
STU1385,ASSIGN6922,Chemistry,Yes,0,74
STU1385,ASSIGN6923,Chemistry,No,15,37
STU1385,ASSIGN6924,Biology,Yes,0,85
STU1385,ASSIGN6925,Physics,No,6,11
STU1386,ASSIGN6926,Chemistry,No,8,36
STU1386,ASSIGN6927,Mathematics,No,7,17
STU1386,ASSIGN6928,Biology,No,9,21
STU1386,ASSIGN6929,Biology,No,11,31
STU1386,ASSIGN6930,Chemistry,Yes,0,100
STU1387,ASSIGN6931,Physics,No,14,17
STU1387,ASSIGN6932,Mathematics,Yes,2,78
STU1387,ASSIGN6933,Mathematics,Yes,0,73
STU1387,ASSIGN6934,Chemistry,Yes,4,40
STU1387,ASSIGN6935,Mathematics,No,6,1
STU1388,ASSIGN6936,Biology,Yes,3,50
STU1388,ASSIGN6937,Biology,Yes,4,64
STU1388,ASSIGN6938,Mathematics,Yes,4,97
STU1388,ASSIGN6939,Chemistry,Yes,2,98
STU1388,ASSIGN6940,Chemistry,Yes,0,42
STU1389,ASSIGN6941,Biology,No,10,7
STU1389,ASSIGN6942,Mathematics,Yes,2,52
STU1389,ASSIGN6943,Physics,Yes,5,57
STU1389,ASSIGN6944,Chemistry,Yes,1,86
STU1389,ASSIGN6945,Chemistry,Yes,0,81
STU1390,ASSIGN6946,Chemistry,No,9,39
STU1390,ASSIGN6947,Biology,Yes,0,92
STU1390,ASSIGN6948,Physics,Yes,1,72
STU1390,ASSIGN6949,Mathematics,Yes,5,98
STU1390,ASSIGN6950,Physics,No,7,31
STU1391,ASSIGN6951,Chemistry,No,7,33
STU1391,ASSIGN6952,Physics,Yes,1,88
STU1391,ASSIGN6953,Biology,No,8,23
STU1391,ASSIGN6954,Physics,Yes,1,94
STU1391,ASSIGN6955,Chemistry,No,10,22
STU1392,ASSIGN6956,Biology,No,9,34
STU1392,ASSIGN6957,Physics,No,13,23
STU1392,ASSIGN6958,Chemistry,No,14,25
STU1392,ASSIGN6959,Chemistry,No,7,27
STU1392,ASSIGN6960,Physics,Yes,2,58
STU1393,ASSIGN6961,Biology,No,10,23
STU1393,ASSIGN6962,Chemistry,No,14,3
STU1393,ASSIGN6963,Biology,No,9,23
STU1393,ASSIGN6964,Biology,Yes,0,63
STU1393,ASSIGN6965,Mathematics,Yes,4,40
STU1394,ASSIGN6966,Mathematics,Yes,1,68
STU1394,ASSIGN6967,Chemistry,No,8,0
STU1394,ASSIGN6968,Chemistry,Yes,5,61
STU1394,ASSIGN6969,Mathematics,No,6,31
STU1394,ASSIGN6970,Mathematics,No,8,34
STU1395,ASSIGN6971,Physics,Yes,0,55
STU1395,ASSIGN6972,Physics,Yes,5,51
STU1395,ASSIGN6973,Biology,Yes,3,45
STU1395,ASSIGN6974,Mathematics,Yes,0,70
STU1395,ASSIGN6975,Biology,No,11,31
STU1396,ASSIGN6976,Mathematics,No,13,40
STU1396,ASSIGN6977,Chemistry,Yes,2,99
STU1396,ASSIGN6978,Chemistry,Yes,5,77
STU1396,ASSIGN6979,Biology,Yes,4,73
STU1396,ASSIGN6980,Physics,Yes,2,69
STU1397,ASSIGN6981,Chemistry,Yes,5,67
STU1397,ASSIGN6982,Physics,Yes,1,43
STU1397,ASSIGN6983,Mathematics,Yes,4,62
STU1397,ASSIGN6984,Chemistry,Yes,2,40
STU1397,ASSIGN6985,Biology,No,10,6
STU1398,ASSIGN6986,Chemistry,No,15,29
STU1398,ASSIGN6987,Biology,No,6,7
STU1398,ASSIGN6988,Biology,Yes,4,75
STU1398,ASSIGN6989,Physics,No,7,38
STU1398,ASSIGN6990,Chemistry,No,11,28
STU1399,ASSIGN6991,Biology,Yes,4,90
STU1399,ASSIGN6992,Chemistry,Yes,2,42
STU1399,ASSIGN6993,Biology,Yes,4,48
STU1399,ASSIGN6994,Physics,Yes,3,73
STU1399,ASSIGN6995,Biology,No,15,2
STU1400,ASSIGN6996,Physics,Yes,4,59
STU1400,ASSIGN6997,Mathematics,No,11,40
STU1400,ASSIGN6998,Mathematics,No,15,22
STU1400,ASSIGN6999,Biology,Yes,2,84
STU1400,ASSIGN7000,Biology,No,14,8
STU1401,ASSIGN7001,Physics,No,13,37
STU1401,ASSIGN7002,Biology,No,9,11
STU1401,ASSIGN7003,Chemistry,No,12,35
STU1401,ASSIGN7004,Biology,Yes,2,89
STU1401,ASSIGN7005,Chemistry,No,11,18
STU1402,ASSIGN7006,Biology,Yes,4,96
STU1402,ASSIGN7007,Biology,Yes,5,99
STU1402,ASSIGN7008,Chemistry,Yes,4,79
STU1402,ASSIGN7009,Biology,No,9,10
STU1402,ASSIGN7010,Biology,No,10,36
STU1403,ASSIGN7011,Mathematics,No,6,18
STU1403,ASSIGN7012,Chemistry,No,6,15
STU1403,ASSIGN7013,Physics,Yes,3,55
STU1403,ASSIGN7014,Biology,No,6,10
STU1403,ASSIGN7015,Chemistry,No,12,32
STU1404,ASSIGN7016,Mathematics,Yes,2,41
STU1404,ASSIGN7017,Mathematics,Yes,1,55
STU1404,ASSIGN7018,Physics,Yes,3,93
STU1404,ASSIGN7019,Physics,Yes,1,81
STU1404,ASSIGN7020,Biology,Yes,5,85
STU1405,ASSIGN7021,Physics,No,8,29
STU1405,ASSIGN7022,Physics,Yes,5,95
STU1405,ASSIGN7023,Physics,Yes,3,59
STU1405,ASSIGN7024,Mathematics,Yes,0,57
STU1405,ASSIGN7025,Biology,No,13,11
STU1406,ASSIGN7026,Mathematics,No,10,18
STU1406,ASSIGN7027,Mathematics,No,6,25
STU1406,ASSIGN7028,Biology,Yes,5,82
STU1406,ASSIGN7029,Physics,Yes,2,84
STU1406,ASSIGN7030,Biology,No,11,7
STU1407,ASSIGN7031,Physics,Yes,3,88
STU1407,ASSIGN7032,Chemistry,Yes,2,41
STU1407,ASSIGN7033,Mathematics,No,14,38
STU1407,ASSIGN7034,Mathematics,No,15,15
STU1407,ASSIGN7035,Chemistry,No,6,32
STU1408,ASSIGN7036,Chemistry,No,9,15
STU1408,ASSIGN7037,Biology,Yes,5,61
STU1408,ASSIGN7038,Chemistry,No,13,38
STU1408,ASSIGN7039,Chemistry,Yes,2,56
STU1408,ASSIGN7040,Mathematics,Yes,3,61
STU1409,ASSIGN7041,Mathematics,No,12,0
STU1409,ASSIGN7042,Mathematics,Yes,3,54
STU1409,ASSIGN7043,Biology,No,11,18
STU1409,ASSIGN7044,Biology,No,6,27
STU1409,ASSIGN7045,Biology,No,13,35
STU1410,ASSIGN7046,Biology,No,9,9
STU1410,ASSIGN7047,Mathematics,Yes,0,61
STU1410,ASSIGN7048,Mathematics,Yes,5,96
STU1410,ASSIGN7049,Physics,No,7,5
STU1410,ASSIGN7050,Chemistry,No,7,3
STU1411,ASSIGN7051,Mathematics,No,12,11
STU1411,ASSIGN7052,Chemistry,Yes,0,46
STU1411,ASSIGN7053,Chemistry,Yes,3,89
STU1411,ASSIGN7054,Chemistry,No,12,29
STU1411,ASSIGN7055,Chemistry,No,12,0
STU1412,ASSIGN7056,Biology,No,10,38
STU1412,ASSIGN7057,Mathematics,No,11,10
STU1412,ASSIGN7058,Mathematics,Yes,4,91
STU1412,ASSIGN7059,Mathematics,No,10,28
STU1412,ASSIGN7060,Physics,Yes,3,59
STU1413,ASSIGN7061,Biology,Yes,3,88
STU1413,ASSIGN7062,Physics,Yes,3,43
STU1413,ASSIGN7063,Mathematics,No,8,13
STU1413,ASSIGN7064,Chemistry,Yes,0,84
STU1413,ASSIGN7065,Physics,Yes,2,52
STU1414,ASSIGN7066,Mathematics,Yes,3,41
STU1414,ASSIGN7067,Chemistry,No,15,3
STU1414,ASSIGN7068,Chemistry,Yes,2,53
STU1414,ASSIGN7069,Chemistry,No,8,12
STU1414,ASSIGN7070,Biology,Yes,0,83
STU1415,ASSIGN7071,Biology,No,13,6
STU1415,ASSIGN7072,Biology,Yes,1,99
STU1415,ASSIGN7073,Mathematics,Yes,3,49
STU1415,ASSIGN7074,Mathematics,No,7,29
STU1415,ASSIGN7075,Biology,No,15,25
STU1416,ASSIGN7076,Physics,No,13,31
STU1416,ASSIGN7077,Mathematics,Yes,3,42
STU1416,ASSIGN7078,Physics,No,13,19
STU1416,ASSIGN7079,Chemistry,Yes,0,97
STU1416,ASSIGN7080,Physics,Yes,5,42
STU1417,ASSIGN7081,Mathematics,Yes,3,76
STU1417,ASSIGN7082,Biology,Yes,4,69
STU1417,ASSIGN7083,Chemistry,Yes,4,42
STU1417,ASSIGN7084,Biology,Yes,4,82
STU1417,ASSIGN7085,Mathematics,No,10,10
STU1418,ASSIGN7086,Biology,Yes,1,70
STU1418,ASSIGN7087,Biology,No,15,29
STU1418,ASSIGN7088,Mathematics,No,6,23
STU1418,ASSIGN7089,Mathematics,No,7,32
STU1418,ASSIGN7090,Mathematics,Yes,5,55
STU1419,ASSIGN7091,Physics,Yes,2,93
STU1419,ASSIGN7092,Biology,Yes,4,68
STU1419,ASSIGN7093,Physics,No,13,10
STU1419,ASSIGN7094,Biology,Yes,0,61
STU1419,ASSIGN7095,Biology,Yes,1,69
STU1420,ASSIGN7096,Biology,No,8,28
STU1420,ASSIGN7097,Mathematics,Yes,5,49
STU1420,ASSIGN7098,Biology,No,14,1
STU1420,ASSIGN7099,Physics,No,7,11
STU1420,ASSIGN7100,Biology,No,11,29
STU1421,ASSIGN7101,Physics,No,7,8
STU1421,ASSIGN7102,Biology,No,9,37
STU1421,ASSIGN7103,Physics,Yes,4,60
STU1421,ASSIGN7104,Mathematics,Yes,4,54
STU1421,ASSIGN7105,Chemistry,No,11,4
STU1422,ASSIGN7106,Biology,Yes,2,90
STU1422,ASSIGN7107,Mathematics,Yes,2,98
STU1422,ASSIGN7108,Biology,No,14,21
STU1422,ASSIGN7109,Biology,No,10,9
STU1422,ASSIGN7110,Physics,No,6,40
STU1423,ASSIGN7111,Chemistry,Yes,1,51
STU1423,ASSIGN7112,Biology,Yes,1,92
STU1423,ASSIGN7113,Chemistry,No,10,35
STU1423,ASSIGN7114,Chemistry,Yes,4,83
STU1423,ASSIGN7115,Chemistry,No,13,10
STU1424,ASSIGN7116,Biology,Yes,4,99
STU1424,ASSIGN7117,Physics,No,15,27
STU1424,ASSIGN7118,Chemistry,No,11,40
STU1424,ASSIGN7119,Biology,No,12,13
STU1424,ASSIGN7120,Mathematics,No,7,16
STU1425,ASSIGN7121,Biology,Yes,2,80
STU1425,ASSIGN7122,Physics,Yes,1,61
STU1425,ASSIGN7123,Chemistry,No,6,22
STU1425,ASSIGN7124,Mathematics,No,14,17
STU1425,ASSIGN7125,Chemistry,No,9,38
STU1426,ASSIGN7126,Chemistry,Yes,2,75
STU1426,ASSIGN7127,Mathematics,No,14,0
STU1426,ASSIGN7128,Mathematics,No,15,26
STU1426,ASSIGN7129,Biology,No,10,19
STU1426,ASSIGN7130,Physics,Yes,0,60
STU1427,ASSIGN7131,Chemistry,Yes,4,43
STU1427,ASSIGN7132,Mathematics,No,13,29
STU1427,ASSIGN7133,Mathematics,No,14,28
STU1427,ASSIGN7134,Physics,No,15,4
STU1427,ASSIGN7135,Chemistry,Yes,3,81
STU1428,ASSIGN7136,Biology,Yes,2,46
STU1428,ASSIGN7137,Biology,No,6,30
STU1428,ASSIGN7138,Biology,No,14,0
STU1428,ASSIGN7139,Physics,Yes,5,84
STU1428,ASSIGN7140,Mathematics,No,14,18
STU1429,ASSIGN7141,Biology,No,11,40
STU1429,ASSIGN7142,Biology,Yes,3,62
STU1429,ASSIGN7143,Physics,No,13,19
STU1429,ASSIGN7144,Physics,No,7,34
STU1429,ASSIGN7145,Chemistry,No,10,17
STU1430,ASSIGN7146,Mathematics,No,13,35
STU1430,ASSIGN7147,Physics,Yes,3,86
STU1430,ASSIGN7148,Chemistry,Yes,3,50
STU1430,ASSIGN7149,Mathematics,No,6,23
STU1430,ASSIGN7150,Biology,Yes,0,53
STU1431,ASSIGN7151,Biology,No,9,10
STU1431,ASSIGN7152,Physics,Yes,3,71
STU1431,ASSIGN7153,Chemistry,No,9,9
STU1431,ASSIGN7154,Biology,Yes,1,48
STU1431,ASSIGN7155,Mathematics,No,8,35
STU1432,ASSIGN7156,Biology,Yes,2,92
STU1432,ASSIGN7157,Biology,No,10,27
STU1432,ASSIGN7158,Chemistry,No,6,14
STU1432,ASSIGN7159,Chemistry,No,8,7
STU1432,ASSIGN7160,Mathematics,No,11,15
STU1433,ASSIGN7161,Physics,No,15,19
STU1433,ASSIGN7162,Chemistry,Yes,4,90
STU1433,ASSIGN7163,Physics,No,8,5
STU1433,ASSIGN7164,Mathematics,No,12,34
STU1433,ASSIGN7165,Mathematics,Yes,2,44
STU1434,ASSIGN7166,Biology,Yes,4,56
STU1434,ASSIGN7167,Mathematics,No,6,1
STU1434,ASSIGN7168,Biology,No,13,33
STU1434,ASSIGN7169,Chemistry,Yes,4,57
STU1434,ASSIGN7170,Mathematics,Yes,5,89
STU1435,ASSIGN7171,Mathematics,No,8,12
STU1435,ASSIGN7172,Mathematics,Yes,5,71
STU1435,ASSIGN7173,Biology,No,9,20
STU1435,ASSIGN7174,Chemistry,Yes,5,70
STU1435,ASSIGN7175,Mathematics,No,9,4
STU1436,ASSIGN7176,Biology,Yes,5,80
STU1436,ASSIGN7177,Chemistry,Yes,2,70
STU1436,ASSIGN7178,Chemistry,No,9,3
STU1436,ASSIGN7179,Physics,No,9,24
STU1436,ASSIGN7180,Mathematics,No,6,4
STU1437,ASSIGN7181,Biology,No,11,30
STU1437,ASSIGN7182,Chemistry,No,8,35
STU1437,ASSIGN7183,Physics,Yes,3,62
STU1437,ASSIGN7184,Mathematics,No,13,25
STU1437,ASSIGN7185,Mathematics,Yes,1,83
STU1438,ASSIGN7186,Physics,No,14,26
STU1438,ASSIGN7187,Physics,No,15,32
STU1438,ASSIGN7188,Chemistry,Yes,0,86
STU1438,ASSIGN7189,Physics,No,6,19
STU1438,ASSIGN7190,Chemistry,Yes,3,56
STU1439,ASSIGN7191,Chemistry,Yes,2,48
STU1439,ASSIGN7192,Biology,Yes,1,100
STU1439,ASSIGN7193,Biology,Yes,4,49
STU1439,ASSIGN7194,Chemistry,Yes,3,70
STU1439,ASSIGN7195,Mathematics,Yes,0,47
STU1440,ASSIGN7196,Chemistry,No,8,3
STU1440,ASSIGN7197,Chemistry,Yes,1,76
STU1440,ASSIGN7198,Physics,Yes,3,72
STU1440,ASSIGN7199,Chemistry,Yes,1,84
STU1440,ASSIGN7200,Mathematics,No,8,23
STU1441,ASSIGN7201,Mathematics,No,7,23
STU1441,ASSIGN7202,Biology,Yes,2,99
STU1441,ASSIGN7203,Chemistry,No,10,4
STU1441,ASSIGN7204,Biology,Yes,2,81
STU1441,ASSIGN7205,Biology,Yes,4,96
STU1442,ASSIGN7206,Physics,No,13,14
STU1442,ASSIGN7207,Mathematics,Yes,4,82
STU1442,ASSIGN7208,Physics,No,11,12
STU1442,ASSIGN7209,Mathematics,Yes,2,99
STU1442,ASSIGN7210,Mathematics,No,9,26
STU1443,ASSIGN7211,Mathematics,Yes,5,100
STU1443,ASSIGN7212,Chemistry,No,8,13
STU1443,ASSIGN7213,Physics,No,12,14
STU1443,ASSIGN7214,Physics,Yes,1,69
STU1443,ASSIGN7215,Mathematics,No,12,24
STU1444,ASSIGN7216,Chemistry,No,14,40
STU1444,ASSIGN7217,Physics,Yes,0,81
STU1444,ASSIGN7218,Chemistry,Yes,2,80
STU1444,ASSIGN7219,Biology,Yes,2,72
STU1444,ASSIGN7220,Physics,No,9,29
STU1445,ASSIGN7221,Biology,No,11,24
STU1445,ASSIGN7222,Physics,Yes,5,75
STU1445,ASSIGN7223,Chemistry,Yes,2,70
STU1445,ASSIGN7224,Mathematics,Yes,2,84
STU1445,ASSIGN7225,Physics,Yes,5,91
STU1446,ASSIGN7226,Physics,No,8,20
STU1446,ASSIGN7227,Physics,Yes,0,66
STU1446,ASSIGN7228,Mathematics,No,12,35
STU1446,ASSIGN7229,Biology,No,12,2
STU1446,ASSIGN7230,Chemistry,No,7,15
STU1447,ASSIGN7231,Physics,Yes,1,99
STU1447,ASSIGN7232,Mathematics,Yes,1,52
STU1447,ASSIGN7233,Physics,No,6,24
STU1447,ASSIGN7234,Mathematics,No,10,17
STU1447,ASSIGN7235,Mathematics,Yes,1,97
STU1448,ASSIGN7236,Biology,Yes,0,56
STU1448,ASSIGN7237,Mathematics,Yes,3,67
STU1448,ASSIGN7238,Mathematics,No,13,28
STU1448,ASSIGN7239,Physics,No,11,40
STU1448,ASSIGN7240,Mathematics,No,11,13
STU1449,ASSIGN7241,Biology,No,10,4
STU1449,ASSIGN7242,Biology,No,8,0
STU1449,ASSIGN7243,Biology,Yes,3,91
STU1449,ASSIGN7244,Chemistry,Yes,0,82
STU1449,ASSIGN7245,Mathematics,Yes,2,51
STU1450,ASSIGN7246,Physics,Yes,1,94
STU1450,ASSIGN7247,Chemistry,No,7,35
STU1450,ASSIGN7248,Mathematics,Yes,0,79
STU1450,ASSIGN7249,Biology,No,11,22
STU1450,ASSIGN7250,Mathematics,Yes,3,60
STU1451,ASSIGN7251,Biology,Yes,4,68
STU1451,ASSIGN7252,Chemistry,Yes,4,46
STU1451,ASSIGN7253,Mathematics,No,10,27
STU1451,ASSIGN7254,Chemistry,Yes,0,43
STU1451,ASSIGN7255,Biology,Yes,3,97
STU1452,ASSIGN7256,Mathematics,No,7,0
STU1452,ASSIGN7257,Mathematics,Yes,0,91
STU1452,ASSIGN7258,Chemistry,No,15,14
STU1452,ASSIGN7259,Biology,No,8,34
STU1452,ASSIGN7260,Biology,Yes,5,48
STU1453,ASSIGN7261,Biology,No,12,38
STU1453,ASSIGN7262,Physics,No,11,40
STU1453,ASSIGN7263,Mathematics,Yes,1,87
STU1453,ASSIGN7264,Chemistry,No,10,28
STU1453,ASSIGN7265,Chemistry,No,10,11
STU1454,ASSIGN7266,Chemistry,No,12,21
STU1454,ASSIGN7267,Physics,No,9,31
STU1454,ASSIGN7268,Physics,No,7,18
STU1454,ASSIGN7269,Biology,Yes,1,93
STU1454,ASSIGN7270,Chemistry,Yes,2,56
STU1455,ASSIGN7271,Biology,No,6,40
STU1455,ASSIGN7272,Physics,No,12,2
STU1455,ASSIGN7273,Chemistry,No,8,34
STU1455,ASSIGN7274,Chemistry,Yes,1,91
STU1455,ASSIGN7275,Physics,Yes,0,78
STU1456,ASSIGN7276,Physics,Yes,4,87
STU1456,ASSIGN7277,Chemistry,Yes,1,45
STU1456,ASSIGN7278,Mathematics,No,14,21
STU1456,ASSIGN7279,Mathematics,No,13,37
STU1456,ASSIGN7280,Physics,No,14,31
STU1457,ASSIGN7281,Biology,No,15,19
STU1457,ASSIGN7282,Physics,Yes,5,62
STU1457,ASSIGN7283,Biology,Yes,2,40
STU1457,ASSIGN7284,Physics,Yes,2,70
STU1457,ASSIGN7285,Mathematics,No,12,18
STU1458,ASSIGN7286,Physics,No,9,39
STU1458,ASSIGN7287,Mathematics,No,12,2
STU1458,ASSIGN7288,Biology,No,9,2
STU1458,ASSIGN7289,Chemistry,No,10,0
STU1458,ASSIGN7290,Chemistry,No,7,9
STU1459,ASSIGN7291,Chemistry,Yes,5,50
STU1459,ASSIGN7292,Biology,No,8,20
STU1459,ASSIGN7293,Biology,Yes,0,56
STU1459,ASSIGN7294,Biology,No,6,9
STU1459,ASSIGN7295,Physics,No,6,21
STU1460,ASSIGN7296,Biology,No,15,7
STU1460,ASSIGN7297,Physics,No,6,18
STU1460,ASSIGN7298,Biology,No,8,10
STU1460,ASSIGN7299,Physics,No,12,20
STU1460,ASSIGN7300,Biology,Yes,4,43
STU1461,ASSIGN7301,Biology,No,14,11
STU1461,ASSIGN7302,Physics,Yes,5,62
STU1461,ASSIGN7303,Chemistry,No,13,9
STU1461,ASSIGN7304,Mathematics,Yes,0,82
STU1461,ASSIGN7305,Mathematics,Yes,0,80
STU1462,ASSIGN7306,Mathematics,No,8,27
STU1462,ASSIGN7307,Chemistry,No,8,36
STU1462,ASSIGN7308,Chemistry,Yes,3,70
STU1462,ASSIGN7309,Biology,Yes,2,52
STU1462,ASSIGN7310,Physics,Yes,4,61
STU1463,ASSIGN7311,Biology,Yes,3,50
STU1463,ASSIGN7312,Mathematics,No,12,18
STU1463,ASSIGN7313,Mathematics,No,15,24
STU1463,ASSIGN7314,Physics,Yes,2,48
STU1463,ASSIGN7315,Physics,Yes,1,91
STU1464,ASSIGN7316,Physics,No,11,39
STU1464,ASSIGN7317,Mathematics,No,10,20
STU1464,ASSIGN7318,Physics,No,15,14
STU1464,ASSIGN7319,Biology,Yes,1,58
STU1464,ASSIGN7320,Biology,No,11,19
STU1465,ASSIGN7321,Biology,No,14,25
STU1465,ASSIGN7322,Biology,No,12,24
STU1465,ASSIGN7323,Mathematics,Yes,3,86
STU1465,ASSIGN7324,Physics,Yes,5,64
STU1465,ASSIGN7325,Chemistry,Yes,2,90
STU1466,ASSIGN7326,Mathematics,Yes,3,99
STU1466,ASSIGN7327,Mathematics,Yes,0,59
STU1466,ASSIGN7328,Biology,No,12,11
STU1466,ASSIGN7329,Chemistry,Yes,4,43
STU1466,ASSIGN7330,Chemistry,No,15,39
STU1467,ASSIGN7331,Chemistry,Yes,5,49
STU1467,ASSIGN7332,Mathematics,Yes,5,91
STU1467,ASSIGN7333,Chemistry,No,7,14
STU1467,ASSIGN7334,Mathematics,No,6,33
STU1467,ASSIGN7335,Biology,Yes,1,62
STU1468,ASSIGN7336,Physics,Yes,0,42
STU1468,ASSIGN7337,Chemistry,Yes,1,51
STU1468,ASSIGN7338,Biology,Yes,0,69
STU1468,ASSIGN7339,Physics,No,9,25
STU1468,ASSIGN7340,Chemistry,Yes,3,72
STU1469,ASSIGN7341,Physics,Yes,0,41
STU1469,ASSIGN7342,Chemistry,No,7,26
STU1469,ASSIGN7343,Chemistry,No,14,18
STU1469,ASSIGN7344,Biology,Yes,0,58
STU1469,ASSIGN7345,Chemistry,No,6,21
STU1470,ASSIGN7346,Biology,No,9,15
STU1470,ASSIGN7347,Biology,No,7,27
STU1470,ASSIGN7348,Chemistry,No,8,23
STU1470,ASSIGN7349,Chemistry,Yes,1,71
STU1470,ASSIGN7350,Biology,No,10,22
STU1471,ASSIGN7351,Chemistry,No,13,37
STU1471,ASSIGN7352,Physics,No,11,30
STU1471,ASSIGN7353,Biology,No,9,14
STU1471,ASSIGN7354,Chemistry,No,10,15
STU1471,ASSIGN7355,Chemistry,No,15,0
STU1472,ASSIGN7356,Biology,Yes,5,89
STU1472,ASSIGN7357,Mathematics,Yes,5,98
STU1472,ASSIGN7358,Mathematics,Yes,2,48
STU1472,ASSIGN7359,Biology,Yes,5,62
STU1472,ASSIGN7360,Biology,No,11,6
STU1473,ASSIGN7361,Biology,No,6,10
STU1473,ASSIGN7362,Biology,Yes,3,75
STU1473,ASSIGN7363,Biology,Yes,1,84
STU1473,ASSIGN7364,Mathematics,No,12,14
STU1473,ASSIGN7365,Physics,Yes,5,67
STU1474,ASSIGN7366,Physics,Yes,2,50
STU1474,ASSIGN7367,Chemistry,No,14,15
STU1474,ASSIGN7368,Biology,Yes,4,46
STU1474,ASSIGN7369,Physics,Yes,4,50
STU1474,ASSIGN7370,Chemistry,Yes,2,78
STU1475,ASSIGN7371,Mathematics,No,11,37
STU1475,ASSIGN7372,Mathematics,Yes,5,51
STU1475,ASSIGN7373,Chemistry,No,14,18
STU1475,ASSIGN7374,Physics,No,15,34
STU1475,ASSIGN7375,Mathematics,No,14,19
STU1476,ASSIGN7376,Biology,No,14,0
STU1476,ASSIGN7377,Biology,Yes,5,75
STU1476,ASSIGN7378,Physics,No,7,39
STU1476,ASSIGN7379,Biology,No,9,11
STU1476,ASSIGN7380,Chemistry,No,13,13
STU1477,ASSIGN7381,Physics,No,11,38
STU1477,ASSIGN7382,Physics,No,9,33
STU1477,ASSIGN7383,Biology,Yes,1,93
STU1477,ASSIGN7384,Biology,No,6,9
STU1477,ASSIGN7385,Biology,Yes,3,44
STU1478,ASSIGN7386,Mathematics,No,14,32
STU1478,ASSIGN7387,Biology,No,9,15
STU1478,ASSIGN7388,Physics,Yes,3,47
STU1478,ASSIGN7389,Mathematics,Yes,3,96
STU1478,ASSIGN7390,Biology,No,11,20
STU1479,ASSIGN7391,Mathematics,No,9,20
STU1479,ASSIGN7392,Mathematics,Yes,4,70
STU1479,ASSIGN7393,Mathematics,Yes,5,61
STU1479,ASSIGN7394,Mathematics,Yes,0,63
STU1479,ASSIGN7395,Mathematics,No,13,28
STU1480,ASSIGN7396,Mathematics,Yes,4,92
STU1480,ASSIGN7397,Biology,Yes,5,76
STU1480,ASSIGN7398,Biology,No,15,5
STU1480,ASSIGN7399,Mathematics,No,11,22
STU1480,ASSIGN7400,Chemistry,Yes,2,87
STU1481,ASSIGN7401,Biology,No,8,10
STU1481,ASSIGN7402,Biology,No,11,22
STU1481,ASSIGN7403,Biology,No,8,7
STU1481,ASSIGN7404,Chemistry,No,13,33
STU1481,ASSIGN7405,Biology,Yes,3,73
STU1482,ASSIGN7406,Mathematics,No,6,28
STU1482,ASSIGN7407,Mathematics,Yes,4,84
STU1482,ASSIGN7408,Mathematics,No,7,0
STU1482,ASSIGN7409,Mathematics,Yes,3,50
STU1482,ASSIGN7410,Mathematics,No,8,31
STU1483,ASSIGN7411,Biology,No,6,37
STU1483,ASSIGN7412,Physics,Yes,1,91
STU1483,ASSIGN7413,Chemistry,No,8,27
STU1483,ASSIGN7414,Chemistry,No,15,35
STU1483,ASSIGN7415,Chemistry,Yes,2,78
STU1484,ASSIGN7416,Chemistry,No,11,37
STU1484,ASSIGN7417,Physics,No,12,5
STU1484,ASSIGN7418,Mathematics,Yes,1,42
STU1484,ASSIGN7419,Biology,Yes,0,46
STU1484,ASSIGN7420,Physics,No,12,23
STU1485,ASSIGN7421,Physics,No,13,5
STU1485,ASSIGN7422,Biology,No,15,34
STU1485,ASSIGN7423,Chemistry,Yes,0,80
STU1485,ASSIGN7424,Biology,No,10,0
STU1485,ASSIGN7425,Biology,No,9,2
STU1486,ASSIGN7426,Physics,No,11,15
STU1486,ASSIGN7427,Physics,No,14,5
STU1486,ASSIGN7428,Biology,Yes,5,83
STU1486,ASSIGN7429,Mathematics,No,12,5
STU1486,ASSIGN7430,Physics,No,6,16
STU1487,ASSIGN7431,Biology,No,14,34
STU1487,ASSIGN7432,Chemistry,No,11,34
STU1487,ASSIGN7433,Chemistry,No,14,24
STU1487,ASSIGN7434,Chemistry,Yes,4,69
STU1487,ASSIGN7435,Biology,Yes,0,47
STU1488,ASSIGN7436,Biology,Yes,0,89
STU1488,ASSIGN7437,Mathematics,No,10,38
STU1488,ASSIGN7438,Mathematics,Yes,0,86
STU1488,ASSIGN7439,Chemistry,Yes,3,98
STU1488,ASSIGN7440,Chemistry,No,15,33
STU1489,ASSIGN7441,Mathematics,Yes,2,84
STU1489,ASSIGN7442,Biology,Yes,0,69
STU1489,ASSIGN7443,Chemistry,No,10,21
STU1489,ASSIGN7444,Mathematics,Yes,0,88
STU1489,ASSIGN7445,Physics,No,12,14
STU1490,ASSIGN7446,Physics,No,15,26
STU1490,ASSIGN7447,Chemistry,Yes,1,46
STU1490,ASSIGN7448,Chemistry,No,13,35
STU1490,ASSIGN7449,Biology,No,7,22
STU1490,ASSIGN7450,Mathematics,No,8,18
STU1491,ASSIGN7451,Chemistry,Yes,1,60
STU1491,ASSIGN7452,Mathematics,No,13,24
STU1491,ASSIGN7453,Mathematics,No,12,19
STU1491,ASSIGN7454,Biology,Yes,4,54
STU1491,ASSIGN7455,Mathematics,No,14,1
STU1492,ASSIGN7456,Chemistry,Yes,5,91
STU1492,ASSIGN7457,Physics,No,6,33
STU1492,ASSIGN7458,Biology,No,13,30
STU1492,ASSIGN7459,Chemistry,Yes,0,98
STU1492,ASSIGN7460,Physics,No,15,18
STU1493,ASSIGN7461,Mathematics,Yes,4,77
STU1493,ASSIGN7462,Chemistry,No,15,30
STU1493,ASSIGN7463,Biology,No,14,30
STU1493,ASSIGN7464,Chemistry,Yes,1,85
STU1493,ASSIGN7465,Mathematics,No,9,32
STU1494,ASSIGN7466,Chemistry,No,8,21
STU1494,ASSIGN7467,Physics,Yes,3,84
STU1494,ASSIGN7468,Chemistry,No,12,37
STU1494,ASSIGN7469,Chemistry,No,8,20
STU1494,ASSIGN7470,Biology,Yes,0,97
STU1495,ASSIGN7471,Biology,Yes,5,90
STU1495,ASSIGN7472,Mathematics,Yes,1,49
STU1495,ASSIGN7473,Mathematics,Yes,1,44
STU1495,ASSIGN7474,Chemistry,Yes,3,83
STU1495,ASSIGN7475,Physics,Yes,5,77
STU1496,ASSIGN7476,Physics,No,13,3
STU1496,ASSIGN7477,Physics,Yes,4,43
STU1496,ASSIGN7478,Biology,Yes,4,55
STU1496,ASSIGN7479,Chemistry,Yes,2,70
STU1496,ASSIGN7480,Mathematics,Yes,2,63
STU1497,ASSIGN7481,Chemistry,Yes,4,72
STU1497,ASSIGN7482,Chemistry,No,6,40
STU1497,ASSIGN7483,Biology,No,11,40
STU1497,ASSIGN7484,Physics,Yes,4,59
STU1497,ASSIGN7485,Mathematics,Yes,5,75
STU1498,ASSIGN7486,Biology,No,11,2
STU1498,ASSIGN7487,Physics,Yes,1,71
STU1498,ASSIGN7488,Chemistry,Yes,3,46
STU1498,ASSIGN7489,Biology,No,12,0
STU1498,ASSIGN7490,Mathematics,No,15,40
STU1499,ASSIGN7491,Chemistry,No,10,4
STU1499,ASSIGN7492,Mathematics,No,12,19
STU1499,ASSIGN7493,Biology,Yes,5,86
STU1499,ASSIGN7494,Mathematics,Yes,2,75
STU1499,ASSIGN7495,Physics,Yes,4,96
STU1500,ASSIGN7496,Chemistry,No,6,21
STU1500,ASSIGN7497,Biology,No,10,0
STU1500,ASSIGN7498,Physics,Yes,1,85
STU1500,ASSIGN7499,Mathematics,No,12,4
STU1500,ASSIGN7500,Mathematics,Yes,4,63
STU1501,ASSIGN7501,Mathematics,No,8,26
STU1501,ASSIGN7502,Biology,Yes,5,84
STU1501,ASSIGN7503,Biology,No,13,14
STU1501,ASSIGN7504,Mathematics,Yes,1,92
STU1501,ASSIGN7505,Biology,No,6,11
STU1502,ASSIGN7506,Physics,No,6,27
STU1502,ASSIGN7507,Biology,No,14,38
STU1502,ASSIGN7508,Physics,Yes,2,92
STU1502,ASSIGN7509,Mathematics,Yes,1,97
STU1502,ASSIGN7510,Biology,Yes,0,49
STU1503,ASSIGN7511,Chemistry,Yes,1,45
STU1503,ASSIGN7512,Biology,Yes,1,74
STU1503,ASSIGN7513,Chemistry,Yes,1,61
STU1503,ASSIGN7514,Chemistry,Yes,0,79
STU1503,ASSIGN7515,Biology,No,7,14
STU1504,ASSIGN7516,Physics,No,10,13
STU1504,ASSIGN7517,Mathematics,Yes,4,70
STU1504,ASSIGN7518,Mathematics,No,14,15
STU1504,ASSIGN7519,Biology,Yes,2,88
STU1504,ASSIGN7520,Chemistry,No,14,24
STU1505,ASSIGN7521,Mathematics,Yes,5,72
STU1505,ASSIGN7522,Mathematics,Yes,4,55
STU1505,ASSIGN7523,Chemistry,Yes,4,89
STU1505,ASSIGN7524,Mathematics,Yes,5,80
STU1505,ASSIGN7525,Physics,No,11,31
STU1506,ASSIGN7526,Physics,Yes,5,99
STU1506,ASSIGN7527,Biology,No,6,14
STU1506,ASSIGN7528,Chemistry,No,6,18
STU1506,ASSIGN7529,Biology,No,9,14
STU1506,ASSIGN7530,Physics,No,11,25
STU1507,ASSIGN7531,Physics,No,8,16
STU1507,ASSIGN7532,Chemistry,Yes,0,62
STU1507,ASSIGN7533,Biology,No,6,32
STU1507,ASSIGN7534,Physics,No,6,6
STU1507,ASSIGN7535,Mathematics,Yes,5,48
STU1508,ASSIGN7536,Physics,No,6,8
STU1508,ASSIGN7537,Physics,No,7,20
STU1508,ASSIGN7538,Physics,No,15,38
STU1508,ASSIGN7539,Biology,No,13,25
STU1508,ASSIGN7540,Chemistry,Yes,0,83
STU1509,ASSIGN7541,Biology,No,7,6
STU1509,ASSIGN7542,Biology,Yes,3,52
STU1509,ASSIGN7543,Physics,Yes,2,75
STU1509,ASSIGN7544,Mathematics,Yes,1,71
STU1509,ASSIGN7545,Physics,Yes,0,70
STU1510,ASSIGN7546,Mathematics,Yes,5,52
STU1510,ASSIGN7547,Mathematics,No,7,32
STU1510,ASSIGN7548,Mathematics,Yes,5,58
STU1510,ASSIGN7549,Chemistry,Yes,0,54
STU1510,ASSIGN7550,Chemistry,No,11,7
STU1511,ASSIGN7551,Physics,No,8,40
STU1511,ASSIGN7552,Mathematics,No,8,29
STU1511,ASSIGN7553,Physics,Yes,1,83
STU1511,ASSIGN7554,Chemistry,Yes,4,94
STU1511,ASSIGN7555,Physics,Yes,2,44
STU1512,ASSIGN7556,Physics,No,12,3
STU1512,ASSIGN7557,Chemistry,No,11,37
STU1512,ASSIGN7558,Chemistry,No,7,19
STU1512,ASSIGN7559,Mathematics,Yes,2,58
STU1512,ASSIGN7560,Mathematics,No,15,7
STU1513,ASSIGN7561,Chemistry,No,12,11
STU1513,ASSIGN7562,Physics,No,8,1
STU1513,ASSIGN7563,Physics,No,13,18
STU1513,ASSIGN7564,Biology,No,15,7
STU1513,ASSIGN7565,Mathematics,No,14,31
STU1514,ASSIGN7566,Biology,Yes,3,71
STU1514,ASSIGN7567,Biology,Yes,1,40
STU1514,ASSIGN7568,Biology,No,15,30
STU1514,ASSIGN7569,Mathematics,Yes,3,60
STU1514,ASSIGN7570,Physics,No,9,17
STU1515,ASSIGN7571,Physics,No,7,31
STU1515,ASSIGN7572,Chemistry,Yes,5,72
STU1515,ASSIGN7573,Chemistry,Yes,3,55
STU1515,ASSIGN7574,Physics,Yes,2,67
STU1515,ASSIGN7575,Biology,Yes,1,91
STU1516,ASSIGN7576,Chemistry,Yes,5,60
STU1516,ASSIGN7577,Physics,Yes,0,62
STU1516,ASSIGN7578,Chemistry,No,9,39
STU1516,ASSIGN7579,Biology,Yes,3,76
STU1516,ASSIGN7580,Physics,Yes,3,43
STU1517,ASSIGN7581,Mathematics,No,8,35
STU1517,ASSIGN7582,Physics,No,13,32
STU1517,ASSIGN7583,Physics,Yes,0,46
STU1517,ASSIGN7584,Physics,No,7,15
STU1517,ASSIGN7585,Mathematics,Yes,5,85
STU1518,ASSIGN7586,Physics,Yes,0,72
STU1518,ASSIGN7587,Physics,No,12,9
STU1518,ASSIGN7588,Biology,No,6,12
STU1518,ASSIGN7589,Mathematics,Yes,4,42
STU1518,ASSIGN7590,Chemistry,No,14,3
STU1519,ASSIGN7591,Chemistry,No,11,13
STU1519,ASSIGN7592,Physics,Yes,3,83
STU1519,ASSIGN7593,Physics,No,15,18
STU1519,ASSIGN7594,Chemistry,No,6,31
STU1519,ASSIGN7595,Biology,Yes,3,61
STU1520,ASSIGN7596,Mathematics,Yes,5,85
STU1520,ASSIGN7597,Physics,No,13,34
STU1520,ASSIGN7598,Biology,No,7,18
STU1520,ASSIGN7599,Physics,Yes,0,98
STU1520,ASSIGN7600,Chemistry,Yes,5,95
STU1521,ASSIGN7601,Chemistry,Yes,5,58
STU1521,ASSIGN7602,Mathematics,No,11,11
STU1521,ASSIGN7603,Physics,Yes,1,87
STU1521,ASSIGN7604,Mathematics,Yes,5,73
STU1521,ASSIGN7605,Physics,No,10,9
STU1522,ASSIGN7606,Chemistry,Yes,4,87
STU1522,ASSIGN7607,Physics,Yes,4,57
STU1522,ASSIGN7608,Mathematics,No,7,0
STU1522,ASSIGN7609,Biology,No,7,25
STU1522,ASSIGN7610,Chemistry,No,10,27
STU1523,ASSIGN7611,Chemistry,Yes,2,52
STU1523,ASSIGN7612,Physics,No,13,34
STU1523,ASSIGN7613,Chemistry,Yes,0,86
STU1523,ASSIGN7614,Biology,No,14,13
STU1523,ASSIGN7615,Mathematics,Yes,3,68
STU1524,ASSIGN7616,Biology,Yes,4,67
STU1524,ASSIGN7617,Chemistry,Yes,4,44
STU1524,ASSIGN7618,Chemistry,Yes,0,61
STU1524,ASSIGN7619,Biology,Yes,3,71
STU1524,ASSIGN7620,Physics,No,10,13
STU1525,ASSIGN7621,Biology,No,14,1
STU1525,ASSIGN7622,Mathematics,No,11,2
STU1525,ASSIGN7623,Physics,Yes,1,94
STU1525,ASSIGN7624,Physics,No,14,15
STU1525,ASSIGN7625,Mathematics,Yes,2,53
STU1526,ASSIGN7626,Physics,No,6,39
STU1526,ASSIGN7627,Chemistry,Yes,5,44
STU1526,ASSIGN7628,Biology,Yes,3,79
STU1526,ASSIGN7629,Mathematics,Yes,5,67
STU1526,ASSIGN7630,Mathematics,Yes,0,94
STU1527,ASSIGN7631,Physics,Yes,5,43
STU1527,ASSIGN7632,Physics,No,10,6
STU1527,ASSIGN7633,Mathematics,No,8,5
STU1527,ASSIGN7634,Biology,Yes,2,48
STU1527,ASSIGN7635,Biology,No,13,5
STU1528,ASSIGN7636,Mathematics,Yes,1,69
STU1528,ASSIGN7637,Biology,No,11,17
STU1528,ASSIGN7638,Physics,Yes,2,56
STU1528,ASSIGN7639,Mathematics,No,14,22
STU1528,ASSIGN7640,Biology,No,15,28
STU1529,ASSIGN7641,Physics,Yes,2,42
STU1529,ASSIGN7642,Chemistry,No,11,24
STU1529,ASSIGN7643,Physics,Yes,4,71
STU1529,ASSIGN7644,Biology,No,6,19
STU1529,ASSIGN7645,Biology,Yes,0,81
STU1530,ASSIGN7646,Biology,No,8,37
STU1530,ASSIGN7647,Mathematics,Yes,4,48
STU1530,ASSIGN7648,Mathematics,No,14,12
STU1530,ASSIGN7649,Chemistry,No,14,27
STU1530,ASSIGN7650,Biology,No,12,1
STU1531,ASSIGN7651,Chemistry,No,14,4
STU1531,ASSIGN7652,Physics,Yes,2,67
STU1531,ASSIGN7653,Chemistry,No,11,0
STU1531,ASSIGN7654,Mathematics,Yes,1,65
STU1531,ASSIGN7655,Physics,Yes,4,83
STU1532,ASSIGN7656,Physics,No,12,24
STU1532,ASSIGN7657,Mathematics,Yes,1,95
STU1532,ASSIGN7658,Mathematics,Yes,1,74
STU1532,ASSIGN7659,Chemistry,No,10,8
STU1532,ASSIGN7660,Physics,No,13,30
STU1533,ASSIGN7661,Chemistry,Yes,2,73
STU1533,ASSIGN7662,Biology,No,6,11
STU1533,ASSIGN7663,Physics,Yes,0,53
STU1533,ASSIGN7664,Biology,No,9,40
STU1533,ASSIGN7665,Chemistry,No,11,34
STU1534,ASSIGN7666,Chemistry,No,12,36
STU1534,ASSIGN7667,Biology,Yes,4,95
STU1534,ASSIGN7668,Physics,Yes,5,53
STU1534,ASSIGN7669,Chemistry,Yes,2,97
STU1534,ASSIGN7670,Chemistry,No,12,4
STU1535,ASSIGN7671,Biology,Yes,5,84
STU1535,ASSIGN7672,Physics,No,15,18
STU1535,ASSIGN7673,Physics,Yes,0,68
STU1535,ASSIGN7674,Physics,No,10,21
STU1535,ASSIGN7675,Chemistry,No,6,19
STU1536,ASSIGN7676,Mathematics,Yes,5,72
STU1536,ASSIGN7677,Biology,Yes,5,66
STU1536,ASSIGN7678,Mathematics,Yes,4,85
STU1536,ASSIGN7679,Physics,No,8,14
STU1536,ASSIGN7680,Biology,Yes,1,82
STU1537,ASSIGN7681,Chemistry,No,10,8
STU1537,ASSIGN7682,Mathematics,Yes,1,60
STU1537,ASSIGN7683,Physics,No,15,20
STU1537,ASSIGN7684,Biology,No,7,31
STU1537,ASSIGN7685,Chemistry,No,9,22
STU1538,ASSIGN7686,Biology,No,12,30
STU1538,ASSIGN7687,Biology,Yes,0,64
STU1538,ASSIGN7688,Physics,Yes,4,49
STU1538,ASSIGN7689,Mathematics,Yes,3,72
STU1538,ASSIGN7690,Physics,Yes,1,84
STU1539,ASSIGN7691,Biology,No,14,33
STU1539,ASSIGN7692,Physics,No,15,33
STU1539,ASSIGN7693,Biology,Yes,2,85
STU1539,ASSIGN7694,Mathematics,No,9,19
STU1539,ASSIGN7695,Chemistry,No,10,23
STU1540,ASSIGN7696,Mathematics,Yes,1,58
STU1540,ASSIGN7697,Mathematics,Yes,3,96
STU1540,ASSIGN7698,Physics,No,10,24
STU1540,ASSIGN7699,Physics,No,10,16
STU1540,ASSIGN7700,Physics,No,14,32
STU1541,ASSIGN7701,Chemistry,No,9,40
STU1541,ASSIGN7702,Mathematics,No,9,1
STU1541,ASSIGN7703,Biology,Yes,5,40
STU1541,ASSIGN7704,Mathematics,Yes,0,53
STU1541,ASSIGN7705,Chemistry,No,10,28
STU1542,ASSIGN7706,Mathematics,Yes,0,78
STU1542,ASSIGN7707,Mathematics,No,9,17
STU1542,ASSIGN7708,Mathematics,Yes,4,89
STU1542,ASSIGN7709,Biology,Yes,5,91
STU1542,ASSIGN7710,Physics,Yes,1,65
STU1543,ASSIGN7711,Mathematics,Yes,2,91
STU1543,ASSIGN7712,Mathematics,Yes,5,57
STU1543,ASSIGN7713,Biology,No,8,6
STU1543,ASSIGN7714,Mathematics,No,9,1
STU1543,ASSIGN7715,Biology,Yes,3,57
STU1544,ASSIGN7716,Chemistry,No,12,24
STU1544,ASSIGN7717,Physics,Yes,1,70
STU1544,ASSIGN7718,Mathematics,No,14,5
STU1544,ASSIGN7719,Physics,Yes,5,98
STU1544,ASSIGN7720,Mathematics,No,15,14
STU1545,ASSIGN7721,Mathematics,No,10,8
STU1545,ASSIGN7722,Physics,No,9,13
STU1545,ASSIGN7723,Physics,Yes,1,79
STU1545,ASSIGN7724,Physics,Yes,2,76
STU1545,ASSIGN7725,Biology,Yes,4,68
STU1546,ASSIGN7726,Chemistry,No,10,37
STU1546,ASSIGN7727,Mathematics,Yes,2,91
STU1546,ASSIGN7728,Chemistry,No,14,1
STU1546,ASSIGN7729,Chemistry,Yes,1,74
STU1546,ASSIGN7730,Mathematics,Yes,2,78
STU1547,ASSIGN7731,Mathematics,No,7,18
STU1547,ASSIGN7732,Mathematics,Yes,3,92
STU1547,ASSIGN7733,Mathematics,Yes,3,89
STU1547,ASSIGN7734,Mathematics,No,11,8
STU1547,ASSIGN7735,Biology,No,10,17
STU1548,ASSIGN7736,Biology,No,15,11
STU1548,ASSIGN7737,Physics,No,9,21
STU1548,ASSIGN7738,Biology,No,9,34
STU1548,ASSIGN7739,Biology,Yes,1,75
STU1548,ASSIGN7740,Chemistry,No,8,32
STU1549,ASSIGN7741,Physics,Yes,0,68
STU1549,ASSIGN7742,Physics,No,14,37
STU1549,ASSIGN7743,Biology,No,13,26
STU1549,ASSIGN7744,Mathematics,Yes,4,63
STU1549,ASSIGN7745,Chemistry,Yes,5,51
STU1550,ASSIGN7746,Physics,No,12,30
STU1550,ASSIGN7747,Mathematics,No,10,14
STU1550,ASSIGN7748,Physics,Yes,0,93
STU1550,ASSIGN7749,Mathematics,No,12,12
STU1550,ASSIGN7750,Physics,Yes,5,52
STU1551,ASSIGN7751,Mathematics,No,15,4
STU1551,ASSIGN7752,Mathematics,No,10,31
STU1551,ASSIGN7753,Physics,Yes,3,58
STU1551,ASSIGN7754,Mathematics,No,8,28
STU1551,ASSIGN7755,Mathematics,No,15,23
STU1552,ASSIGN7756,Chemistry,Yes,3,79
STU1552,ASSIGN7757,Mathematics,Yes,4,63
STU1552,ASSIGN7758,Mathematics,No,12,18
STU1552,ASSIGN7759,Physics,Yes,2,93
STU1552,ASSIGN7760,Physics,Yes,5,80
STU1553,ASSIGN7761,Chemistry,Yes,0,82
STU1553,ASSIGN7762,Mathematics,Yes,1,63
STU1553,ASSIGN7763,Chemistry,No,9,39
STU1553,ASSIGN7764,Physics,No,10,19
STU1553,ASSIGN7765,Mathematics,Yes,1,58
STU1554,ASSIGN7766,Mathematics,No,6,35
STU1554,ASSIGN7767,Chemistry,Yes,3,71
STU1554,ASSIGN7768,Mathematics,Yes,4,69
STU1554,ASSIGN7769,Mathematics,No,14,21
STU1554,ASSIGN7770,Mathematics,No,12,25
STU1555,ASSIGN7771,Physics,Yes,2,71
STU1555,ASSIGN7772,Mathematics,Yes,0,46
STU1555,ASSIGN7773,Physics,Yes,2,73
STU1555,ASSIGN7774,Biology,No,14,18
STU1555,ASSIGN7775,Physics,No,14,23
STU1556,ASSIGN7776,Mathematics,No,15,0
STU1556,ASSIGN7777,Chemistry,Yes,4,71
STU1556,ASSIGN7778,Chemistry,No,14,4
STU1556,ASSIGN7779,Chemistry,Yes,3,65
STU1556,ASSIGN7780,Chemistry,Yes,0,83
STU1557,ASSIGN7781,Physics,No,14,40
STU1557,ASSIGN7782,Chemistry,Yes,3,80
STU1557,ASSIGN7783,Mathematics,No,9,37
STU1557,ASSIGN7784,Mathematics,No,13,20
STU1557,ASSIGN7785,Physics,No,8,10
STU1558,ASSIGN7786,Mathematics,No,6,27
STU1558,ASSIGN7787,Chemistry,Yes,2,51
STU1558,ASSIGN7788,Biology,No,9,2
STU1558,ASSIGN7789,Physics,No,15,5
STU1558,ASSIGN7790,Physics,Yes,0,71
STU1559,ASSIGN7791,Biology,No,9,24
STU1559,ASSIGN7792,Biology,No,15,6
STU1559,ASSIGN7793,Physics,Yes,4,68
STU1559,ASSIGN7794,Biology,No,7,36
STU1559,ASSIGN7795,Biology,No,12,9
STU1560,ASSIGN7796,Mathematics,Yes,5,71
STU1560,ASSIGN7797,Physics,Yes,3,73
STU1560,ASSIGN7798,Mathematics,No,8,38
STU1560,ASSIGN7799,Physics,Yes,0,75
STU1560,ASSIGN7800,Mathematics,Yes,5,54
STU1561,ASSIGN7801,Chemistry,Yes,3,73
STU1561,ASSIGN7802,Biology,No,13,32
STU1561,ASSIGN7803,Physics,No,12,7
STU1561,ASSIGN7804,Physics,Yes,1,62
STU1561,ASSIGN7805,Biology,No,10,4
STU1562,ASSIGN7806,Mathematics,No,6,35
STU1562,ASSIGN7807,Physics,No,8,19
STU1562,ASSIGN7808,Physics,Yes,2,52
STU1562,ASSIGN7809,Mathematics,Yes,2,81
STU1562,ASSIGN7810,Mathematics,Yes,1,77
STU1563,ASSIGN7811,Biology,Yes,5,95
STU1563,ASSIGN7812,Chemistry,No,12,18
STU1563,ASSIGN7813,Mathematics,No,11,6
STU1563,ASSIGN7814,Biology,No,15,15
STU1563,ASSIGN7815,Biology,Yes,0,48
STU1564,ASSIGN7816,Mathematics,No,13,11
STU1564,ASSIGN7817,Biology,Yes,2,99
STU1564,ASSIGN7818,Physics,No,8,40
STU1564,ASSIGN7819,Chemistry,No,10,23
STU1564,ASSIGN7820,Chemistry,Yes,4,61
STU1565,ASSIGN7821,Physics,Yes,4,43
STU1565,ASSIGN7822,Biology,Yes,3,83
STU1565,ASSIGN7823,Physics,No,11,24
STU1565,ASSIGN7824,Physics,Yes,0,57
STU1565,ASSIGN7825,Mathematics,No,6,15
STU1566,ASSIGN7826,Physics,No,12,1
STU1566,ASSIGN7827,Biology,No,8,10
STU1566,ASSIGN7828,Chemistry,Yes,1,88
STU1566,ASSIGN7829,Physics,Yes,1,81
STU1566,ASSIGN7830,Biology,Yes,3,49
STU1567,ASSIGN7831,Chemistry,No,12,24
STU1567,ASSIGN7832,Physics,No,13,14
STU1567,ASSIGN7833,Chemistry,No,6,7
STU1567,ASSIGN7834,Mathematics,Yes,4,71
STU1567,ASSIGN7835,Physics,No,6,19
STU1568,ASSIGN7836,Mathematics,Yes,2,94
STU1568,ASSIGN7837,Mathematics,No,9,16
STU1568,ASSIGN7838,Chemistry,No,7,17
STU1568,ASSIGN7839,Biology,Yes,2,93
STU1568,ASSIGN7840,Physics,Yes,2,54
STU1569,ASSIGN7841,Mathematics,Yes,2,48
STU1569,ASSIGN7842,Biology,No,15,0
STU1569,ASSIGN7843,Biology,Yes,1,65
STU1569,ASSIGN7844,Mathematics,Yes,5,84
STU1569,ASSIGN7845,Chemistry,No,14,25
STU1570,ASSIGN7846,Physics,No,9,9
STU1570,ASSIGN7847,Chemistry,No,14,22
STU1570,ASSIGN7848,Biology,No,14,16
STU1570,ASSIGN7849,Chemistry,Yes,0,60
STU1570,ASSIGN7850,Physics,No,15,29
STU1571,ASSIGN7851,Physics,Yes,5,43
STU1571,ASSIGN7852,Physics,No,12,39
STU1571,ASSIGN7853,Chemistry,No,10,30
STU1571,ASSIGN7854,Chemistry,No,8,36
STU1571,ASSIGN7855,Chemistry,No,10,25
STU1572,ASSIGN7856,Chemistry,Yes,3,51
STU1572,ASSIGN7857,Physics,Yes,0,91
STU1572,ASSIGN7858,Physics,No,12,0
STU1572,ASSIGN7859,Physics,Yes,5,82
STU1572,ASSIGN7860,Biology,Yes,3,45
STU1573,ASSIGN7861,Physics,Yes,3,92
STU1573,ASSIGN7862,Chemistry,No,13,19
STU1573,ASSIGN7863,Biology,No,15,21
STU1573,ASSIGN7864,Physics,No,9,4
STU1573,ASSIGN7865,Mathematics,No,15,22
STU1574,ASSIGN7866,Chemistry,Yes,0,89
STU1574,ASSIGN7867,Physics,Yes,3,92
STU1574,ASSIGN7868,Physics,No,13,40
STU1574,ASSIGN7869,Chemistry,Yes,2,55
STU1574,ASSIGN7870,Chemistry,Yes,2,58
STU1575,ASSIGN7871,Physics,No,10,22
STU1575,ASSIGN7872,Chemistry,Yes,1,86
STU1575,ASSIGN7873,Chemistry,Yes,2,100
STU1575,ASSIGN7874,Mathematics,Yes,0,88
STU1575,ASSIGN7875,Physics,No,7,30
STU1576,ASSIGN7876,Biology,No,14,8
STU1576,ASSIGN7877,Physics,No,11,30
STU1576,ASSIGN7878,Chemistry,No,6,14
STU1576,ASSIGN7879,Biology,Yes,0,84
STU1576,ASSIGN7880,Physics,Yes,1,53
STU1577,ASSIGN7881,Chemistry,Yes,0,83
STU1577,ASSIGN7882,Physics,No,10,30
STU1577,ASSIGN7883,Chemistry,Yes,1,78
STU1577,ASSIGN7884,Mathematics,Yes,2,71
STU1577,ASSIGN7885,Physics,No,12,9
STU1578,ASSIGN7886,Physics,No,11,7
STU1578,ASSIGN7887,Chemistry,No,12,11
STU1578,ASSIGN7888,Chemistry,No,11,28
STU1578,ASSIGN7889,Mathematics,Yes,3,63
STU1578,ASSIGN7890,Biology,No,8,10
STU1579,ASSIGN7891,Biology,Yes,5,43
STU1579,ASSIGN7892,Chemistry,No,11,27
STU1579,ASSIGN7893,Chemistry,Yes,0,73
STU1579,ASSIGN7894,Physics,Yes,0,72
STU1579,ASSIGN7895,Mathematics,No,8,13
STU1580,ASSIGN7896,Chemistry,No,11,4
STU1580,ASSIGN7897,Physics,Yes,2,80
STU1580,ASSIGN7898,Physics,Yes,1,76
STU1580,ASSIGN7899,Mathematics,No,13,18
STU1580,ASSIGN7900,Biology,Yes,1,83
STU1581,ASSIGN7901,Chemistry,No,11,9
STU1581,ASSIGN7902,Physics,No,7,11
STU1581,ASSIGN7903,Biology,No,15,14
STU1581,ASSIGN7904,Chemistry,No,15,21
STU1581,ASSIGN7905,Mathematics,No,11,5
STU1582,ASSIGN7906,Biology,Yes,5,61
STU1582,ASSIGN7907,Chemistry,Yes,4,69
STU1582,ASSIGN7908,Physics,Yes,3,92
STU1582,ASSIGN7909,Biology,No,12,29
STU1582,ASSIGN7910,Biology,No,15,36
STU1583,ASSIGN7911,Chemistry,Yes,2,56
STU1583,ASSIGN7912,Mathematics,No,12,13
STU1583,ASSIGN7913,Mathematics,No,14,37
STU1583,ASSIGN7914,Mathematics,Yes,4,50
STU1583,ASSIGN7915,Chemistry,Yes,2,83
STU1584,ASSIGN7916,Chemistry,Yes,3,100
STU1584,ASSIGN7917,Biology,No,9,26
STU1584,ASSIGN7918,Chemistry,No,15,34
STU1584,ASSIGN7919,Physics,Yes,3,84
STU1584,ASSIGN7920,Chemistry,No,15,10
STU1585,ASSIGN7921,Mathematics,No,6,9
STU1585,ASSIGN7922,Chemistry,No,7,3
STU1585,ASSIGN7923,Mathematics,Yes,2,46
STU1585,ASSIGN7924,Mathematics,Yes,0,61
STU1585,ASSIGN7925,Chemistry,Yes,2,88
STU1586,ASSIGN7926,Chemistry,Yes,2,93
STU1586,ASSIGN7927,Biology,Yes,1,69
STU1586,ASSIGN7928,Chemistry,Yes,3,58
STU1586,ASSIGN7929,Mathematics,No,15,29
STU1586,ASSIGN7930,Physics,Yes,3,57
STU1587,ASSIGN7931,Chemistry,No,6,16
STU1587,ASSIGN7932,Physics,Yes,0,50
STU1587,ASSIGN7933,Chemistry,Yes,3,61
STU1587,ASSIGN7934,Physics,Yes,5,61
STU1587,ASSIGN7935,Biology,Yes,1,94
STU1588,ASSIGN7936,Biology,Yes,2,59
STU1588,ASSIGN7937,Chemistry,No,7,34
STU1588,ASSIGN7938,Biology,No,13,22
STU1588,ASSIGN7939,Physics,Yes,1,73
STU1588,ASSIGN7940,Mathematics,No,9,29
STU1589,ASSIGN7941,Physics,Yes,4,53
STU1589,ASSIGN7942,Physics,Yes,0,47
STU1589,ASSIGN7943,Chemistry,Yes,5,45
STU1589,ASSIGN7944,Mathematics,No,9,31
STU1589,ASSIGN7945,Chemistry,Yes,2,40
STU1590,ASSIGN7946,Biology,No,6,15
STU1590,ASSIGN7947,Mathematics,No,8,10
STU1590,ASSIGN7948,Mathematics,No,14,15
STU1590,ASSIGN7949,Biology,No,10,12
STU1590,ASSIGN7950,Chemistry,Yes,0,85
STU1591,ASSIGN7951,Mathematics,Yes,0,50
STU1591,ASSIGN7952,Biology,Yes,4,81
STU1591,ASSIGN7953,Mathematics,No,6,15
STU1591,ASSIGN7954,Mathematics,No,14,10
STU1591,ASSIGN7955,Biology,Yes,3,51
STU1592,ASSIGN7956,Chemistry,No,12,39
STU1592,ASSIGN7957,Mathematics,Yes,5,69
STU1592,ASSIGN7958,Biology,Yes,3,84
STU1592,ASSIGN7959,Mathematics,Yes,4,87
STU1592,ASSIGN7960,Mathematics,No,15,28
STU1593,ASSIGN7961,Mathematics,Yes,1,70
STU1593,ASSIGN7962,Physics,Yes,2,72
STU1593,ASSIGN7963,Physics,No,12,30
STU1593,ASSIGN7964,Physics,Yes,5,60
STU1593,ASSIGN7965,Physics,No,14,24
STU1594,ASSIGN7966,Chemistry,No,13,19
STU1594,ASSIGN7967,Chemistry,Yes,3,68
STU1594,ASSIGN7968,Chemistry,Yes,3,61
STU1594,ASSIGN7969,Biology,No,7,0
STU1594,ASSIGN7970,Chemistry,No,12,37
STU1595,ASSIGN7971,Physics,No,10,0
STU1595,ASSIGN7972,Chemistry,No,15,35
STU1595,ASSIGN7973,Physics,No,10,1
STU1595,ASSIGN7974,Biology,No,15,26
STU1595,ASSIGN7975,Physics,Yes,5,93
STU1596,ASSIGN7976,Mathematics,Yes,2,44
STU1596,ASSIGN7977,Mathematics,No,12,36
STU1596,ASSIGN7978,Chemistry,Yes,2,95
STU1596,ASSIGN7979,Chemistry,No,8,38
STU1596,ASSIGN7980,Mathematics,Yes,3,80
STU1597,ASSIGN7981,Biology,Yes,0,76
STU1597,ASSIGN7982,Mathematics,Yes,0,98
STU1597,ASSIGN7983,Chemistry,Yes,1,74
STU1597,ASSIGN7984,Mathematics,No,6,2
STU1597,ASSIGN7985,Physics,No,7,29
STU1598,ASSIGN7986,Chemistry,No,8,13
STU1598,ASSIGN7987,Chemistry,Yes,0,76
STU1598,ASSIGN7988,Physics,Yes,1,98
STU1598,ASSIGN7989,Chemistry,No,12,32
STU1598,ASSIGN7990,Chemistry,No,14,31
STU1599,ASSIGN7991,Biology,No,11,6
STU1599,ASSIGN7992,Biology,No,10,2
STU1599,ASSIGN7993,Physics,No,14,20
STU1599,ASSIGN7994,Physics,Yes,5,52
STU1599,ASSIGN7995,Biology,No,6,17
STU1600,ASSIGN7996,Biology,No,14,31
STU1600,ASSIGN7997,Physics,Yes,2,100
STU1600,ASSIGN7998,Physics,Yes,4,96
STU1600,ASSIGN7999,Chemistry,No,12,6
STU1600,ASSIGN8000,Biology,No,6,21
STU1601,ASSIGN8001,Mathematics,Yes,4,53
STU1601,ASSIGN8002,Physics,No,15,7
STU1601,ASSIGN8003,Chemistry,No,11,12
STU1601,ASSIGN8004,Biology,Yes,2,63
STU1601,ASSIGN8005,Chemistry,No,7,23
STU1602,ASSIGN8006,Physics,No,12,37
STU1602,ASSIGN8007,Chemistry,No,10,12
STU1602,ASSIGN8008,Biology,No,10,23
STU1602,ASSIGN8009,Biology,Yes,1,59
STU1602,ASSIGN8010,Chemistry,No,11,10
STU1603,ASSIGN8011,Physics,Yes,0,66
STU1603,ASSIGN8012,Biology,No,9,2
STU1603,ASSIGN8013,Physics,Yes,5,46
STU1603,ASSIGN8014,Biology,Yes,2,88
STU1603,ASSIGN8015,Biology,No,11,19
STU1604,ASSIGN8016,Biology,No,6,0
STU1604,ASSIGN8017,Biology,Yes,1,87
STU1604,ASSIGN8018,Chemistry,No,6,26
STU1604,ASSIGN8019,Physics,No,14,22
STU1604,ASSIGN8020,Physics,No,7,17
STU1605,ASSIGN8021,Physics,No,14,22
STU1605,ASSIGN8022,Biology,No,9,31
STU1605,ASSIGN8023,Physics,No,14,1
STU1605,ASSIGN8024,Mathematics,No,8,13
STU1605,ASSIGN8025,Mathematics,Yes,0,88
STU1606,ASSIGN8026,Physics,No,10,31
STU1606,ASSIGN8027,Mathematics,Yes,4,57
STU1606,ASSIGN8028,Physics,No,8,4
STU1606,ASSIGN8029,Biology,No,8,7
STU1606,ASSIGN8030,Mathematics,No,8,17
STU1607,ASSIGN8031,Mathematics,Yes,5,89
STU1607,ASSIGN8032,Physics,Yes,0,91
STU1607,ASSIGN8033,Chemistry,Yes,0,83
STU1607,ASSIGN8034,Mathematics,Yes,3,90
STU1607,ASSIGN8035,Chemistry,No,11,6
STU1608,ASSIGN8036,Physics,Yes,4,50
STU1608,ASSIGN8037,Chemistry,No,11,32
STU1608,ASSIGN8038,Chemistry,Yes,1,56
STU1608,ASSIGN8039,Mathematics,No,7,36
STU1608,ASSIGN8040,Chemistry,Yes,1,45
STU1609,ASSIGN8041,Mathematics,Yes,2,60
STU1609,ASSIGN8042,Mathematics,Yes,4,58
STU1609,ASSIGN8043,Biology,No,6,29
STU1609,ASSIGN8044,Physics,Yes,0,79
STU1609,ASSIGN8045,Chemistry,Yes,1,88
STU1610,ASSIGN8046,Physics,Yes,4,46
STU1610,ASSIGN8047,Chemistry,No,11,26
STU1610,ASSIGN8048,Mathematics,Yes,0,73
STU1610,ASSIGN8049,Physics,Yes,4,92
STU1610,ASSIGN8050,Mathematics,No,15,18
STU1611,ASSIGN8051,Biology,No,9,21
STU1611,ASSIGN8052,Physics,No,6,24
STU1611,ASSIGN8053,Biology,Yes,3,73
STU1611,ASSIGN8054,Biology,Yes,1,97
STU1611,ASSIGN8055,Mathematics,Yes,4,89
STU1612,ASSIGN8056,Biology,No,7,16
STU1612,ASSIGN8057,Biology,Yes,3,59
STU1612,ASSIGN8058,Physics,No,8,24
STU1612,ASSIGN8059,Biology,No,6,18
STU1612,ASSIGN8060,Physics,No,6,32
STU1613,ASSIGN8061,Physics,No,11,11
STU1613,ASSIGN8062,Physics,No,13,21
STU1613,ASSIGN8063,Biology,Yes,0,51
STU1613,ASSIGN8064,Chemistry,Yes,4,47
STU1613,ASSIGN8065,Chemistry,No,15,19
STU1614,ASSIGN8066,Mathematics,No,8,18
STU1614,ASSIGN8067,Physics,Yes,3,49
STU1614,ASSIGN8068,Mathematics,Yes,3,43
STU1614,ASSIGN8069,Biology,Yes,0,92
STU1614,ASSIGN8070,Chemistry,No,7,24
STU1615,ASSIGN8071,Chemistry,No,6,20
STU1615,ASSIGN8072,Physics,Yes,5,97
STU1615,ASSIGN8073,Physics,No,15,35
STU1615,ASSIGN8074,Biology,Yes,5,97
STU1615,ASSIGN8075,Physics,Yes,2,86
STU1616,ASSIGN8076,Physics,Yes,1,42
STU1616,ASSIGN8077,Physics,No,8,30
STU1616,ASSIGN8078,Mathematics,No,8,10
STU1616,ASSIGN8079,Biology,Yes,2,89
STU1616,ASSIGN8080,Biology,Yes,4,80
STU1617,ASSIGN8081,Chemistry,Yes,4,77
STU1617,ASSIGN8082,Physics,No,13,0
STU1617,ASSIGN8083,Biology,Yes,4,44
STU1617,ASSIGN8084,Chemistry,No,14,34
STU1617,ASSIGN8085,Chemistry,Yes,3,54
STU1618,ASSIGN8086,Chemistry,Yes,4,42
STU1618,ASSIGN8087,Chemistry,No,12,31
STU1618,ASSIGN8088,Mathematics,Yes,4,82
STU1618,ASSIGN8089,Mathematics,No,9,31
STU1618,ASSIGN8090,Biology,No,10,38
STU1619,ASSIGN8091,Physics,Yes,5,82
STU1619,ASSIGN8092,Chemistry,No,10,34
STU1619,ASSIGN8093,Mathematics,Yes,0,59
STU1619,ASSIGN8094,Chemistry,Yes,4,77
STU1619,ASSIGN8095,Chemistry,No,10,6
STU1620,ASSIGN8096,Mathematics,Yes,4,46
STU1620,ASSIGN8097,Biology,Yes,0,59
STU1620,ASSIGN8098,Mathematics,No,14,31
STU1620,ASSIGN8099,Biology,No,9,32
STU1620,ASSIGN8100,Biology,Yes,0,92
STU1621,ASSIGN8101,Mathematics,Yes,4,90
STU1621,ASSIGN8102,Physics,No,12,20
STU1621,ASSIGN8103,Biology,No,12,11
STU1621,ASSIGN8104,Physics,Yes,2,86
STU1621,ASSIGN8105,Chemistry,Yes,0,44
STU1622,ASSIGN8106,Biology,No,12,33
STU1622,ASSIGN8107,Chemistry,No,7,26
STU1622,ASSIGN8108,Biology,No,8,32
STU1622,ASSIGN8109,Chemistry,Yes,2,53
STU1622,ASSIGN8110,Biology,Yes,2,64
STU1623,ASSIGN8111,Mathematics,No,7,17
STU1623,ASSIGN8112,Mathematics,Yes,0,50
STU1623,ASSIGN8113,Chemistry,Yes,4,93
STU1623,ASSIGN8114,Physics,No,10,4
STU1623,ASSIGN8115,Biology,No,7,3
STU1624,ASSIGN8116,Biology,Yes,2,74
STU1624,ASSIGN8117,Biology,No,7,11
STU1624,ASSIGN8118,Physics,Yes,4,79
STU1624,ASSIGN8119,Mathematics,Yes,1,77
STU1624,ASSIGN8120,Biology,Yes,1,69
STU1625,ASSIGN8121,Chemistry,No,11,38
STU1625,ASSIGN8122,Chemistry,Yes,5,43
STU1625,ASSIGN8123,Physics,No,14,30
STU1625,ASSIGN8124,Mathematics,No,6,29
STU1625,ASSIGN8125,Physics,Yes,4,75
STU1626,ASSIGN8126,Chemistry,Yes,3,73
STU1626,ASSIGN8127,Physics,No,8,25
STU1626,ASSIGN8128,Mathematics,Yes,0,68
STU1626,ASSIGN8129,Physics,No,10,31
STU1626,ASSIGN8130,Chemistry,Yes,3,80
STU1627,ASSIGN8131,Biology,Yes,4,79
STU1627,ASSIGN8132,Mathematics,Yes,4,62
STU1627,ASSIGN8133,Physics,Yes,5,50
STU1627,ASSIGN8134,Biology,No,13,10
STU1627,ASSIGN8135,Biology,No,9,33
STU1628,ASSIGN8136,Mathematics,Yes,3,96
STU1628,ASSIGN8137,Physics,Yes,1,99
STU1628,ASSIGN8138,Biology,No,15,37
STU1628,ASSIGN8139,Mathematics,No,13,27
STU1628,ASSIGN8140,Physics,Yes,3,96
STU1629,ASSIGN8141,Chemistry,Yes,0,98
STU1629,ASSIGN8142,Chemistry,No,15,37
STU1629,ASSIGN8143,Chemistry,No,12,30
STU1629,ASSIGN8144,Biology,No,10,3
STU1629,ASSIGN8145,Chemistry,No,9,36
STU1630,ASSIGN8146,Physics,No,9,11
STU1630,ASSIGN8147,Biology,Yes,5,88
STU1630,ASSIGN8148,Chemistry,Yes,4,54
STU1630,ASSIGN8149,Chemistry,Yes,0,40
STU1630,ASSIGN8150,Mathematics,Yes,5,66
STU1631,ASSIGN8151,Chemistry,No,14,14
STU1631,ASSIGN8152,Mathematics,Yes,5,64
STU1631,ASSIGN8153,Physics,Yes,2,60
STU1631,ASSIGN8154,Chemistry,No,9,19
STU1631,ASSIGN8155,Biology,No,11,28
STU1632,ASSIGN8156,Biology,Yes,3,71
STU1632,ASSIGN8157,Chemistry,No,9,15
STU1632,ASSIGN8158,Biology,Yes,0,96
STU1632,ASSIGN8159,Chemistry,Yes,1,100
STU1632,ASSIGN8160,Chemistry,Yes,1,63
STU1633,ASSIGN8161,Mathematics,No,13,38
STU1633,ASSIGN8162,Biology,No,12,9
STU1633,ASSIGN8163,Chemistry,Yes,0,92
STU1633,ASSIGN8164,Chemistry,No,13,17
STU1633,ASSIGN8165,Chemistry,Yes,5,65
STU1634,ASSIGN8166,Chemistry,No,7,23
STU1634,ASSIGN8167,Mathematics,Yes,1,95
STU1634,ASSIGN8168,Biology,Yes,4,49
STU1634,ASSIGN8169,Chemistry,No,12,39
STU1634,ASSIGN8170,Physics,Yes,5,74
STU1635,ASSIGN8171,Physics,No,9,17
STU1635,ASSIGN8172,Physics,Yes,5,66
STU1635,ASSIGN8173,Chemistry,Yes,3,65
STU1635,ASSIGN8174,Chemistry,No,14,8
STU1635,ASSIGN8175,Chemistry,Yes,2,69
STU1636,ASSIGN8176,Chemistry,Yes,1,97
STU1636,ASSIGN8177,Physics,No,9,4
STU1636,ASSIGN8178,Biology,No,15,10
STU1636,ASSIGN8179,Biology,No,14,11
STU1636,ASSIGN8180,Biology,Yes,4,72
STU1637,ASSIGN8181,Mathematics,No,8,13
STU1637,ASSIGN8182,Biology,Yes,4,69
STU1637,ASSIGN8183,Chemistry,Yes,0,46
STU1637,ASSIGN8184,Mathematics,Yes,4,78
STU1637,ASSIGN8185,Chemistry,No,8,22
STU1638,ASSIGN8186,Biology,Yes,5,56
STU1638,ASSIGN8187,Mathematics,Yes,4,66
STU1638,ASSIGN8188,Mathematics,No,9,10
STU1638,ASSIGN8189,Physics,No,8,15
STU1638,ASSIGN8190,Biology,Yes,2,94
STU1639,ASSIGN8191,Mathematics,No,14,30
STU1639,ASSIGN8192,Biology,No,9,32
STU1639,ASSIGN8193,Mathematics,No,14,31
STU1639,ASSIGN8194,Chemistry,Yes,1,67
STU1639,ASSIGN8195,Mathematics,Yes,2,95
STU1640,ASSIGN8196,Biology,Yes,4,86
STU1640,ASSIGN8197,Physics,Yes,3,80
STU1640,ASSIGN8198,Mathematics,No,11,37
STU1640,ASSIGN8199,Chemistry,No,14,16
STU1640,ASSIGN8200,Biology,No,13,1
STU1641,ASSIGN8201,Physics,Yes,5,90
STU1641,ASSIGN8202,Chemistry,No,13,31
STU1641,ASSIGN8203,Chemistry,No,7,24
STU1641,ASSIGN8204,Mathematics,No,14,33
STU1641,ASSIGN8205,Biology,No,12,2
STU1642,ASSIGN8206,Chemistry,Yes,2,76
STU1642,ASSIGN8207,Chemistry,No,10,5
STU1642,ASSIGN8208,Biology,Yes,5,59
STU1642,ASSIGN8209,Physics,Yes,2,72
STU1642,ASSIGN8210,Biology,No,11,5
STU1643,ASSIGN8211,Chemistry,No,6,4
STU1643,ASSIGN8212,Chemistry,Yes,5,85
STU1643,ASSIGN8213,Physics,Yes,2,86
STU1643,ASSIGN8214,Mathematics,Yes,3,76
STU1643,ASSIGN8215,Biology,No,7,19
STU1644,ASSIGN8216,Physics,No,7,15
STU1644,ASSIGN8217,Physics,Yes,2,93
STU1644,ASSIGN8218,Biology,Yes,3,100
STU1644,ASSIGN8219,Chemistry,No,7,24
STU1644,ASSIGN8220,Biology,No,11,19
STU1645,ASSIGN8221,Mathematics,No,15,26
STU1645,ASSIGN8222,Physics,No,13,26
STU1645,ASSIGN8223,Physics,No,7,24
STU1645,ASSIGN8224,Physics,Yes,0,70
STU1645,ASSIGN8225,Mathematics,Yes,1,87
STU1646,ASSIGN8226,Chemistry,No,8,25
STU1646,ASSIGN8227,Biology,No,8,30
STU1646,ASSIGN8228,Biology,No,11,23
STU1646,ASSIGN8229,Chemistry,Yes,1,74
STU1646,ASSIGN8230,Physics,No,13,40
STU1647,ASSIGN8231,Physics,Yes,5,99
STU1647,ASSIGN8232,Biology,No,13,17
STU1647,ASSIGN8233,Chemistry,No,7,6
STU1647,ASSIGN8234,Chemistry,Yes,5,88
STU1647,ASSIGN8235,Physics,No,6,27
STU1648,ASSIGN8236,Mathematics,Yes,2,98
STU1648,ASSIGN8237,Mathematics,No,12,32
STU1648,ASSIGN8238,Mathematics,No,14,0
STU1648,ASSIGN8239,Physics,No,7,25
STU1648,ASSIGN8240,Physics,No,13,29
STU1649,ASSIGN8241,Biology,Yes,5,78
STU1649,ASSIGN8242,Chemistry,No,10,40
STU1649,ASSIGN8243,Biology,No,8,13
STU1649,ASSIGN8244,Chemistry,No,14,18
STU1649,ASSIGN8245,Chemistry,No,13,8
STU1650,ASSIGN8246,Physics,Yes,2,51
STU1650,ASSIGN8247,Mathematics,Yes,0,50
STU1650,ASSIGN8248,Mathematics,Yes,3,86
STU1650,ASSIGN8249,Mathematics,Yes,4,65
STU1650,ASSIGN8250,Physics,No,10,3
STU1651,ASSIGN8251,Physics,No,14,35
STU1651,ASSIGN8252,Physics,No,15,2
STU1651,ASSIGN8253,Biology,Yes,4,92
STU1651,ASSIGN8254,Mathematics,Yes,3,85
STU1651,ASSIGN8255,Biology,No,12,13
STU1652,ASSIGN8256,Chemistry,Yes,1,81
STU1652,ASSIGN8257,Physics,Yes,2,72
STU1652,ASSIGN8258,Physics,Yes,1,98
STU1652,ASSIGN8259,Physics,No,12,22
STU1652,ASSIGN8260,Physics,Yes,5,67
STU1653,ASSIGN8261,Physics,No,8,22
STU1653,ASSIGN8262,Physics,Yes,1,99
STU1653,ASSIGN8263,Biology,No,6,31
STU1653,ASSIGN8264,Mathematics,Yes,0,43
STU1653,ASSIGN8265,Biology,No,11,12
STU1654,ASSIGN8266,Physics,Yes,5,40
STU1654,ASSIGN8267,Mathematics,No,7,5
STU1654,ASSIGN8268,Physics,No,9,39
STU1654,ASSIGN8269,Biology,No,13,27
STU1654,ASSIGN8270,Chemistry,No,12,34
STU1655,ASSIGN8271,Chemistry,Yes,5,93
STU1655,ASSIGN8272,Physics,Yes,0,83
STU1655,ASSIGN8273,Mathematics,Yes,4,73
STU1655,ASSIGN8274,Chemistry,No,10,4
STU1655,ASSIGN8275,Chemistry,Yes,0,61
STU1656,ASSIGN8276,Chemistry,Yes,2,59
STU1656,ASSIGN8277,Mathematics,No,7,22
STU1656,ASSIGN8278,Biology,No,12,21
STU1656,ASSIGN8279,Physics,Yes,0,98
STU1656,ASSIGN8280,Chemistry,No,12,30
STU1657,ASSIGN8281,Physics,No,15,9
STU1657,ASSIGN8282,Mathematics,Yes,3,60
STU1657,ASSIGN8283,Physics,Yes,0,98
STU1657,ASSIGN8284,Chemistry,No,7,16
STU1657,ASSIGN8285,Biology,Yes,4,40
STU1658,ASSIGN8286,Biology,No,15,17
STU1658,ASSIGN8287,Chemistry,No,13,3
STU1658,ASSIGN8288,Chemistry,No,15,25
STU1658,ASSIGN8289,Mathematics,No,9,8
STU1658,ASSIGN8290,Mathematics,Yes,2,85
STU1659,ASSIGN8291,Biology,Yes,5,68
STU1659,ASSIGN8292,Biology,No,11,32
STU1659,ASSIGN8293,Biology,Yes,1,73
STU1659,ASSIGN8294,Physics,Yes,2,60
STU1659,ASSIGN8295,Biology,Yes,5,81
STU1660,ASSIGN8296,Biology,Yes,4,57
STU1660,ASSIGN8297,Chemistry,No,7,13
STU1660,ASSIGN8298,Mathematics,Yes,1,68
STU1660,ASSIGN8299,Biology,Yes,3,66
STU1660,ASSIGN8300,Biology,Yes,2,61
STU1661,ASSIGN8301,Biology,Yes,4,51
STU1661,ASSIGN8302,Mathematics,No,7,16
STU1661,ASSIGN8303,Physics,No,8,36
STU1661,ASSIGN8304,Chemistry,No,9,24
STU1661,ASSIGN8305,Mathematics,Yes,3,60
STU1662,ASSIGN8306,Mathematics,Yes,5,41
STU1662,ASSIGN8307,Physics,Yes,0,55
STU1662,ASSIGN8308,Physics,Yes,0,89
STU1662,ASSIGN8309,Physics,No,14,35
STU1662,ASSIGN8310,Biology,Yes,0,96
STU1663,ASSIGN8311,Mathematics,Yes,3,54
STU1663,ASSIGN8312,Biology,Yes,5,78
STU1663,ASSIGN8313,Physics,No,15,22
STU1663,ASSIGN8314,Biology,No,8,34
STU1663,ASSIGN8315,Physics,No,13,24
STU1664,ASSIGN8316,Biology,Yes,2,63
STU1664,ASSIGN8317,Mathematics,No,15,28
STU1664,ASSIGN8318,Chemistry,Yes,5,71
STU1664,ASSIGN8319,Physics,Yes,2,57
STU1664,ASSIGN8320,Mathematics,Yes,0,46
STU1665,ASSIGN8321,Mathematics,No,15,6
STU1665,ASSIGN8322,Physics,No,13,12
STU1665,ASSIGN8323,Biology,No,7,9
STU1665,ASSIGN8324,Chemistry,No,11,30
STU1665,ASSIGN8325,Mathematics,No,11,1
STU1666,ASSIGN8326,Physics,Yes,1,66
STU1666,ASSIGN8327,Chemistry,No,10,25
STU1666,ASSIGN8328,Mathematics,No,6,11
STU1666,ASSIGN8329,Physics,Yes,1,44
STU1666,ASSIGN8330,Biology,Yes,2,91
STU1667,ASSIGN8331,Physics,Yes,3,86
STU1667,ASSIGN8332,Chemistry,No,15,27
STU1667,ASSIGN8333,Chemistry,No,14,29
STU1667,ASSIGN8334,Biology,No,14,10
STU1667,ASSIGN8335,Physics,Yes,5,73
STU1668,ASSIGN8336,Biology,Yes,4,62
STU1668,ASSIGN8337,Chemistry,Yes,0,44
STU1668,ASSIGN8338,Physics,No,14,20
STU1668,ASSIGN8339,Biology,Yes,5,87
STU1668,ASSIGN8340,Mathematics,No,9,20
STU1669,ASSIGN8341,Physics,No,7,38
STU1669,ASSIGN8342,Mathematics,No,6,5
STU1669,ASSIGN8343,Chemistry,No,6,3
STU1669,ASSIGN8344,Biology,Yes,1,81
STU1669,ASSIGN8345,Mathematics,Yes,0,43
STU1670,ASSIGN8346,Mathematics,No,7,36
STU1670,ASSIGN8347,Chemistry,Yes,2,55
STU1670,ASSIGN8348,Biology,No,13,34
STU1670,ASSIGN8349,Mathematics,No,8,23
STU1670,ASSIGN8350,Physics,No,13,28
STU1671,ASSIGN8351,Physics,No,12,4
STU1671,ASSIGN8352,Biology,Yes,3,67
STU1671,ASSIGN8353,Mathematics,Yes,5,78
STU1671,ASSIGN8354,Mathematics,No,7,22
STU1671,ASSIGN8355,Physics,No,10,35
STU1672,ASSIGN8356,Physics,No,7,40
STU1672,ASSIGN8357,Biology,Yes,0,96
STU1672,ASSIGN8358,Mathematics,Yes,1,94
STU1672,ASSIGN8359,Biology,No,8,11
STU1672,ASSIGN8360,Biology,Yes,4,70
STU1673,ASSIGN8361,Mathematics,Yes,3,66
STU1673,ASSIGN8362,Physics,No,9,23
STU1673,ASSIGN8363,Biology,Yes,0,87
STU1673,ASSIGN8364,Mathematics,No,8,24
STU1673,ASSIGN8365,Biology,Yes,5,69
STU1674,ASSIGN8366,Physics,Yes,1,93
STU1674,ASSIGN8367,Biology,Yes,2,83
STU1674,ASSIGN8368,Chemistry,Yes,5,65
STU1674,ASSIGN8369,Mathematics,Yes,3,90
STU1674,ASSIGN8370,Chemistry,Yes,0,48
STU1675,ASSIGN8371,Mathematics,Yes,5,43
STU1675,ASSIGN8372,Mathematics,No,15,38
STU1675,ASSIGN8373,Mathematics,No,12,9
STU1675,ASSIGN8374,Physics,No,11,13
STU1675,ASSIGN8375,Physics,No,15,6
STU1676,ASSIGN8376,Chemistry,No,10,13
STU1676,ASSIGN8377,Biology,No,15,20
STU1676,ASSIGN8378,Chemistry,Yes,0,81
STU1676,ASSIGN8379,Physics,Yes,1,40
STU1676,ASSIGN8380,Mathematics,No,8,38
STU1677,ASSIGN8381,Biology,No,14,31
STU1677,ASSIGN8382,Biology,No,6,29
STU1677,ASSIGN8383,Physics,No,6,31
STU1677,ASSIGN8384,Physics,No,12,10
STU1677,ASSIGN8385,Physics,Yes,2,82
STU1678,ASSIGN8386,Chemistry,No,12,28
STU1678,ASSIGN8387,Mathematics,No,9,39
STU1678,ASSIGN8388,Biology,No,9,23
STU1678,ASSIGN8389,Physics,No,11,36
STU1678,ASSIGN8390,Mathematics,No,12,21
STU1679,ASSIGN8391,Mathematics,No,14,23
STU1679,ASSIGN8392,Physics,No,10,23
STU1679,ASSIGN8393,Mathematics,Yes,1,50
STU1679,ASSIGN8394,Mathematics,Yes,1,63
STU1679,ASSIGN8395,Physics,No,6,14
STU1680,ASSIGN8396,Mathematics,No,12,1
STU1680,ASSIGN8397,Chemistry,No,13,28
STU1680,ASSIGN8398,Mathematics,No,6,21
STU1680,ASSIGN8399,Physics,Yes,2,62
STU1680,ASSIGN8400,Biology,No,6,22
STU1681,ASSIGN8401,Biology,No,11,35
STU1681,ASSIGN8402,Mathematics,Yes,1,60
STU1681,ASSIGN8403,Physics,Yes,1,68
STU1681,ASSIGN8404,Mathematics,No,8,8
STU1681,ASSIGN8405,Biology,No,10,27
STU1682,ASSIGN8406,Biology,No,15,10
STU1682,ASSIGN8407,Chemistry,No,7,23
STU1682,ASSIGN8408,Chemistry,Yes,3,57
STU1682,ASSIGN8409,Chemistry,Yes,4,100
STU1682,ASSIGN8410,Chemistry,No,8,22
STU1683,ASSIGN8411,Chemistry,No,9,12
STU1683,ASSIGN8412,Biology,No,8,12
STU1683,ASSIGN8413,Chemistry,No,14,16
STU1683,ASSIGN8414,Chemistry,No,11,37
STU1683,ASSIGN8415,Biology,No,8,13
STU1684,ASSIGN8416,Mathematics,Yes,0,92
STU1684,ASSIGN8417,Physics,Yes,0,58
STU1684,ASSIGN8418,Mathematics,No,11,33
STU1684,ASSIGN8419,Physics,No,10,6
STU1684,ASSIGN8420,Chemistry,No,14,1
STU1685,ASSIGN8421,Biology,Yes,3,58
STU1685,ASSIGN8422,Biology,No,6,18
STU1685,ASSIGN8423,Mathematics,Yes,1,80
STU1685,ASSIGN8424,Mathematics,Yes,3,49
STU1685,ASSIGN8425,Biology,No,11,29
STU1686,ASSIGN8426,Chemistry,No,14,30
STU1686,ASSIGN8427,Biology,Yes,4,82
STU1686,ASSIGN8428,Chemistry,No,11,21
STU1686,ASSIGN8429,Chemistry,Yes,2,83
STU1686,ASSIGN8430,Biology,Yes,5,53
STU1687,ASSIGN8431,Physics,No,8,8
STU1687,ASSIGN8432,Mathematics,Yes,1,80
STU1687,ASSIGN8433,Chemistry,No,9,3
STU1687,ASSIGN8434,Chemistry,Yes,3,56
STU1687,ASSIGN8435,Mathematics,No,15,20
STU1688,ASSIGN8436,Chemistry,Yes,1,95
STU1688,ASSIGN8437,Chemistry,No,14,29
STU1688,ASSIGN8438,Mathematics,No,9,12
STU1688,ASSIGN8439,Biology,Yes,2,88
STU1688,ASSIGN8440,Chemistry,Yes,0,50
STU1689,ASSIGN8441,Mathematics,No,10,28
STU1689,ASSIGN8442,Physics,Yes,4,75
STU1689,ASSIGN8443,Mathematics,Yes,4,91
STU1689,ASSIGN8444,Chemistry,No,12,33
STU1689,ASSIGN8445,Chemistry,Yes,0,44
STU1690,ASSIGN8446,Physics,Yes,0,89
STU1690,ASSIGN8447,Chemistry,Yes,1,57
STU1690,ASSIGN8448,Biology,No,8,18
STU1690,ASSIGN8449,Biology,Yes,4,95
STU1690,ASSIGN8450,Biology,Yes,5,69
STU1691,ASSIGN8451,Chemistry,Yes,4,70
STU1691,ASSIGN8452,Physics,Yes,4,47
STU1691,ASSIGN8453,Chemistry,No,11,20
STU1691,ASSIGN8454,Physics,Yes,4,82
STU1691,ASSIGN8455,Biology,No,9,8
STU1692,ASSIGN8456,Physics,Yes,5,60
STU1692,ASSIGN8457,Physics,No,12,2
STU1692,ASSIGN8458,Physics,No,6,13
STU1692,ASSIGN8459,Chemistry,No,11,33
STU1692,ASSIGN8460,Chemistry,Yes,5,40
STU1693,ASSIGN8461,Biology,No,9,13
STU1693,ASSIGN8462,Chemistry,No,13,0
STU1693,ASSIGN8463,Physics,No,6,11
STU1693,ASSIGN8464,Chemistry,No,13,31
STU1693,ASSIGN8465,Chemistry,Yes,4,50
STU1694,ASSIGN8466,Biology,No,12,4
STU1694,ASSIGN8467,Chemistry,No,6,35
STU1694,ASSIGN8468,Mathematics,Yes,0,80
STU1694,ASSIGN8469,Chemistry,Yes,2,70
STU1694,ASSIGN8470,Chemistry,No,6,9
STU1695,ASSIGN8471,Physics,No,9,32
STU1695,ASSIGN8472,Physics,No,9,26
STU1695,ASSIGN8473,Chemistry,No,14,38
STU1695,ASSIGN8474,Mathematics,Yes,3,80
STU1695,ASSIGN8475,Mathematics,Yes,0,70
STU1696,ASSIGN8476,Biology,Yes,4,59
STU1696,ASSIGN8477,Physics,No,6,2
STU1696,ASSIGN8478,Biology,Yes,0,81
STU1696,ASSIGN8479,Biology,Yes,0,73
STU1696,ASSIGN8480,Physics,Yes,5,89
STU1697,ASSIGN8481,Chemistry,No,15,16
STU1697,ASSIGN8482,Mathematics,No,13,29
STU1697,ASSIGN8483,Biology,Yes,5,74
STU1697,ASSIGN8484,Biology,Yes,2,63
STU1697,ASSIGN8485,Chemistry,Yes,3,62
STU1698,ASSIGN8486,Biology,No,14,15
STU1698,ASSIGN8487,Biology,No,15,15
STU1698,ASSIGN8488,Biology,No,12,26
STU1698,ASSIGN8489,Mathematics,Yes,0,67
STU1698,ASSIGN8490,Biology,No,6,23
STU1699,ASSIGN8491,Physics,No,9,12
STU1699,ASSIGN8492,Physics,Yes,3,77
STU1699,ASSIGN8493,Chemistry,Yes,3,67
STU1699,ASSIGN8494,Biology,No,15,24
STU1699,ASSIGN8495,Physics,No,15,2
STU1700,ASSIGN8496,Mathematics,Yes,2,43
STU1700,ASSIGN8497,Chemistry,No,13,38
STU1700,ASSIGN8498,Mathematics,No,10,8
STU1700,ASSIGN8499,Physics,Yes,1,43
STU1700,ASSIGN8500,Mathematics,Yes,0,47
STU1701,ASSIGN8501,Physics,No,12,2
STU1701,ASSIGN8502,Mathematics,Yes,2,65
STU1701,ASSIGN8503,Mathematics,No,6,5
STU1701,ASSIGN8504,Mathematics,Yes,5,75
STU1701,ASSIGN8505,Mathematics,No,8,31
STU1702,ASSIGN8506,Chemistry,No,9,1
STU1702,ASSIGN8507,Physics,No,6,40
STU1702,ASSIGN8508,Biology,Yes,5,53
STU1702,ASSIGN8509,Chemistry,Yes,1,75
STU1702,ASSIGN8510,Physics,Yes,5,43
STU1703,ASSIGN8511,Chemistry,Yes,3,62
STU1703,ASSIGN8512,Biology,No,10,30
STU1703,ASSIGN8513,Physics,Yes,5,53
STU1703,ASSIGN8514,Chemistry,Yes,5,52
STU1703,ASSIGN8515,Mathematics,No,8,37
STU1704,ASSIGN8516,Mathematics,Yes,2,49
STU1704,ASSIGN8517,Chemistry,Yes,3,58
STU1704,ASSIGN8518,Chemistry,No,15,7
STU1704,ASSIGN8519,Physics,No,8,16
STU1704,ASSIGN8520,Biology,No,15,15
STU1705,ASSIGN8521,Mathematics,No,6,0
STU1705,ASSIGN8522,Chemistry,No,9,13
STU1705,ASSIGN8523,Chemistry,Yes,1,55
STU1705,ASSIGN8524,Biology,No,15,27
STU1705,ASSIGN8525,Physics,Yes,0,77
STU1706,ASSIGN8526,Biology,No,14,34
STU1706,ASSIGN8527,Mathematics,No,14,16
STU1706,ASSIGN8528,Biology,Yes,2,46
STU1706,ASSIGN8529,Biology,No,10,40
STU1706,ASSIGN8530,Biology,Yes,4,51
STU1707,ASSIGN8531,Chemistry,Yes,5,77
STU1707,ASSIGN8532,Biology,Yes,0,79
STU1707,ASSIGN8533,Chemistry,Yes,1,88
STU1707,ASSIGN8534,Chemistry,No,11,33
STU1707,ASSIGN8535,Biology,No,12,36
STU1708,ASSIGN8536,Chemistry,No,14,31
STU1708,ASSIGN8537,Chemistry,Yes,1,87
STU1708,ASSIGN8538,Biology,No,11,4
STU1708,ASSIGN8539,Chemistry,Yes,3,50
STU1708,ASSIGN8540,Biology,No,13,14
STU1709,ASSIGN8541,Physics,Yes,5,79
STU1709,ASSIGN8542,Physics,Yes,4,92
STU1709,ASSIGN8543,Biology,Yes,5,62
STU1709,ASSIGN8544,Mathematics,Yes,2,46
STU1709,ASSIGN8545,Chemistry,No,11,4
STU1710,ASSIGN8546,Chemistry,No,8,31
STU1710,ASSIGN8547,Physics,Yes,0,56
STU1710,ASSIGN8548,Mathematics,No,8,2
STU1710,ASSIGN8549,Physics,Yes,1,72
STU1710,ASSIGN8550,Mathematics,Yes,1,92
STU1711,ASSIGN8551,Chemistry,Yes,3,54
STU1711,ASSIGN8552,Mathematics,Yes,4,91
STU1711,ASSIGN8553,Physics,Yes,4,81
STU1711,ASSIGN8554,Chemistry,No,15,21
STU1711,ASSIGN8555,Physics,No,14,17
STU1712,ASSIGN8556,Mathematics,No,15,11
STU1712,ASSIGN8557,Physics,Yes,1,46
STU1712,ASSIGN8558,Biology,Yes,3,59
STU1712,ASSIGN8559,Chemistry,Yes,4,57
STU1712,ASSIGN8560,Biology,Yes,5,94
STU1713,ASSIGN8561,Chemistry,No,10,5
STU1713,ASSIGN8562,Physics,Yes,5,57
STU1713,ASSIGN8563,Biology,No,11,34
STU1713,ASSIGN8564,Biology,No,12,40
STU1713,ASSIGN8565,Biology,No,10,28
STU1714,ASSIGN8566,Chemistry,Yes,5,58
STU1714,ASSIGN8567,Mathematics,Yes,0,73
STU1714,ASSIGN8568,Biology,Yes,5,51
STU1714,ASSIGN8569,Chemistry,Yes,3,45
STU1714,ASSIGN8570,Mathematics,Yes,5,100
STU1715,ASSIGN8571,Physics,Yes,1,100
STU1715,ASSIGN8572,Mathematics,No,6,10
STU1715,ASSIGN8573,Mathematics,No,10,34
STU1715,ASSIGN8574,Physics,No,12,7
STU1715,ASSIGN8575,Mathematics,Yes,3,56
STU1716,ASSIGN8576,Mathematics,No,15,22
STU1716,ASSIGN8577,Biology,No,11,11
STU1716,ASSIGN8578,Biology,No,12,36
STU1716,ASSIGN8579,Physics,Yes,5,66
STU1716,ASSIGN8580,Biology,Yes,0,51
STU1717,ASSIGN8581,Chemistry,Yes,2,97
STU1717,ASSIGN8582,Mathematics,No,6,26
STU1717,ASSIGN8583,Physics,No,13,3
STU1717,ASSIGN8584,Physics,Yes,2,44
STU1717,ASSIGN8585,Mathematics,Yes,4,92
STU1718,ASSIGN8586,Physics,No,9,16
STU1718,ASSIGN8587,Physics,Yes,5,99
STU1718,ASSIGN8588,Physics,No,6,14
STU1718,ASSIGN8589,Chemistry,Yes,1,89
STU1718,ASSIGN8590,Biology,Yes,2,93
STU1719,ASSIGN8591,Mathematics,No,10,20
STU1719,ASSIGN8592,Mathematics,Yes,5,80
STU1719,ASSIGN8593,Chemistry,Yes,4,68
STU1719,ASSIGN8594,Mathematics,No,10,39
STU1719,ASSIGN8595,Chemistry,Yes,1,59
STU1720,ASSIGN8596,Physics,No,13,20
STU1720,ASSIGN8597,Chemistry,No,15,28
STU1720,ASSIGN8598,Biology,Yes,4,87
STU1720,ASSIGN8599,Mathematics,Yes,0,66
STU1720,ASSIGN8600,Biology,Yes,1,100
STU1721,ASSIGN8601,Biology,Yes,5,90
STU1721,ASSIGN8602,Chemistry,Yes,0,98
STU1721,ASSIGN8603,Physics,Yes,0,82
STU1721,ASSIGN8604,Physics,No,10,37
STU1721,ASSIGN8605,Biology,No,9,30
STU1722,ASSIGN8606,Biology,Yes,5,40
STU1722,ASSIGN8607,Mathematics,Yes,0,92
STU1722,ASSIGN8608,Biology,No,13,38
STU1722,ASSIGN8609,Chemistry,No,11,19
STU1722,ASSIGN8610,Biology,No,11,33
STU1723,ASSIGN8611,Biology,Yes,1,50
STU1723,ASSIGN8612,Mathematics,Yes,0,47
STU1723,ASSIGN8613,Mathematics,Yes,1,41
STU1723,ASSIGN8614,Chemistry,No,7,36
STU1723,ASSIGN8615,Mathematics,Yes,5,66
STU1724,ASSIGN8616,Mathematics,No,13,20
STU1724,ASSIGN8617,Chemistry,Yes,4,71
STU1724,ASSIGN8618,Physics,Yes,5,76
STU1724,ASSIGN8619,Chemistry,No,11,6
STU1724,ASSIGN8620,Chemistry,Yes,2,89
STU1725,ASSIGN8621,Physics,Yes,2,81
STU1725,ASSIGN8622,Chemistry,Yes,4,80
STU1725,ASSIGN8623,Physics,Yes,1,57
STU1725,ASSIGN8624,Physics,Yes,4,81
STU1725,ASSIGN8625,Biology,Yes,1,64
STU1726,ASSIGN8626,Biology,No,15,36
STU1726,ASSIGN8627,Chemistry,No,13,25
STU1726,ASSIGN8628,Chemistry,Yes,2,70
STU1726,ASSIGN8629,Biology,No,13,12
STU1726,ASSIGN8630,Chemistry,No,7,5
STU1727,ASSIGN8631,Chemistry,Yes,4,88
STU1727,ASSIGN8632,Biology,Yes,3,63
STU1727,ASSIGN8633,Biology,Yes,2,85
STU1727,ASSIGN8634,Chemistry,Yes,1,89
STU1727,ASSIGN8635,Biology,Yes,1,56
STU1728,ASSIGN8636,Physics,Yes,2,63
STU1728,ASSIGN8637,Physics,Yes,4,46
STU1728,ASSIGN8638,Physics,No,7,18
STU1728,ASSIGN8639,Mathematics,No,13,7
STU1728,ASSIGN8640,Physics,Yes,4,42
STU1729,ASSIGN8641,Physics,Yes,5,94
STU1729,ASSIGN8642,Biology,No,9,6
STU1729,ASSIGN8643,Mathematics,No,10,16
STU1729,ASSIGN8644,Physics,Yes,0,58
STU1729,ASSIGN8645,Mathematics,No,12,0
STU1730,ASSIGN8646,Physics,Yes,0,75
STU1730,ASSIGN8647,Mathematics,No,9,6
STU1730,ASSIGN8648,Biology,No,8,30
STU1730,ASSIGN8649,Mathematics,Yes,4,68
STU1730,ASSIGN8650,Biology,Yes,2,41
STU1731,ASSIGN8651,Physics,No,9,31
STU1731,ASSIGN8652,Chemistry,No,9,17
STU1731,ASSIGN8653,Biology,No,13,0
STU1731,ASSIGN8654,Chemistry,No,13,5
STU1731,ASSIGN8655,Mathematics,No,13,10
STU1732,ASSIGN8656,Biology,Yes,0,92
STU1732,ASSIGN8657,Biology,No,10,1
STU1732,ASSIGN8658,Chemistry,No,8,9
STU1732,ASSIGN8659,Mathematics,No,10,10
STU1732,ASSIGN8660,Chemistry,No,11,11
STU1733,ASSIGN8661,Chemistry,No,14,8
STU1733,ASSIGN8662,Chemistry,No,15,27
STU1733,ASSIGN8663,Biology,No,10,37
STU1733,ASSIGN8664,Biology,No,12,16
STU1733,ASSIGN8665,Physics,No,11,5
STU1734,ASSIGN8666,Chemistry,Yes,3,88
STU1734,ASSIGN8667,Chemistry,No,12,1
STU1734,ASSIGN8668,Mathematics,No,6,35
STU1734,ASSIGN8669,Chemistry,Yes,5,63
STU1734,ASSIGN8670,Mathematics,Yes,1,63
STU1735,ASSIGN8671,Chemistry,No,12,36
STU1735,ASSIGN8672,Physics,Yes,5,65
STU1735,ASSIGN8673,Physics,Yes,0,71
STU1735,ASSIGN8674,Chemistry,Yes,2,99
STU1735,ASSIGN8675,Biology,Yes,0,79
STU1736,ASSIGN8676,Biology,Yes,3,60
STU1736,ASSIGN8677,Physics,No,11,33
STU1736,ASSIGN8678,Mathematics,No,13,22
STU1736,ASSIGN8679,Biology,No,15,10
STU1736,ASSIGN8680,Biology,Yes,2,95
STU1737,ASSIGN8681,Physics,Yes,0,97
STU1737,ASSIGN8682,Biology,No,9,22
STU1737,ASSIGN8683,Physics,No,8,20
STU1737,ASSIGN8684,Mathematics,No,7,39
STU1737,ASSIGN8685,Biology,Yes,2,72
STU1738,ASSIGN8686,Physics,Yes,2,73
STU1738,ASSIGN8687,Mathematics,No,6,15
STU1738,ASSIGN8688,Mathematics,No,6,20
STU1738,ASSIGN8689,Chemistry,No,10,17
STU1738,ASSIGN8690,Biology,Yes,4,41
STU1739,ASSIGN8691,Physics,Yes,1,89
STU1739,ASSIGN8692,Physics,No,15,29
STU1739,ASSIGN8693,Physics,No,7,31
STU1739,ASSIGN8694,Biology,Yes,1,78
STU1739,ASSIGN8695,Mathematics,Yes,2,90
STU1740,ASSIGN8696,Biology,Yes,1,74
STU1740,ASSIGN8697,Physics,No,13,22
STU1740,ASSIGN8698,Mathematics,Yes,2,78
STU1740,ASSIGN8699,Chemistry,No,12,31
STU1740,ASSIGN8700,Mathematics,No,9,35
STU1741,ASSIGN8701,Physics,Yes,3,44
STU1741,ASSIGN8702,Biology,Yes,1,72
STU1741,ASSIGN8703,Chemistry,No,14,40
STU1741,ASSIGN8704,Chemistry,No,8,17
STU1741,ASSIGN8705,Mathematics,Yes,3,97
STU1742,ASSIGN8706,Chemistry,Yes,1,88
STU1742,ASSIGN8707,Chemistry,No,6,13
STU1742,ASSIGN8708,Physics,No,11,24
STU1742,ASSIGN8709,Biology,No,14,10
STU1742,ASSIGN8710,Chemistry,Yes,1,87
STU1743,ASSIGN8711,Physics,Yes,3,64
STU1743,ASSIGN8712,Chemistry,No,8,30
STU1743,ASSIGN8713,Chemistry,No,13,0
STU1743,ASSIGN8714,Physics,No,15,29
STU1743,ASSIGN8715,Mathematics,No,11,21
STU1744,ASSIGN8716,Biology,No,14,25
STU1744,ASSIGN8717,Mathematics,No,10,29
STU1744,ASSIGN8718,Physics,Yes,5,97
STU1744,ASSIGN8719,Mathematics,Yes,4,66
STU1744,ASSIGN8720,Biology,No,14,11
STU1745,ASSIGN8721,Mathematics,No,9,40
STU1745,ASSIGN8722,Mathematics,Yes,0,69
STU1745,ASSIGN8723,Chemistry,No,11,39
STU1745,ASSIGN8724,Biology,No,6,22
STU1745,ASSIGN8725,Chemistry,No,14,5
STU1746,ASSIGN8726,Biology,Yes,2,80
STU1746,ASSIGN8727,Biology,No,13,33
STU1746,ASSIGN8728,Chemistry,No,13,29
STU1746,ASSIGN8729,Physics,No,14,25
STU1746,ASSIGN8730,Mathematics,Yes,4,84
STU1747,ASSIGN8731,Physics,No,12,27
STU1747,ASSIGN8732,Mathematics,No,15,32
STU1747,ASSIGN8733,Biology,No,12,23
STU1747,ASSIGN8734,Chemistry,No,14,39
STU1747,ASSIGN8735,Chemistry,No,12,6
STU1748,ASSIGN8736,Biology,Yes,4,47
STU1748,ASSIGN8737,Chemistry,Yes,2,45
STU1748,ASSIGN8738,Biology,Yes,3,54
STU1748,ASSIGN8739,Biology,Yes,4,41
STU1748,ASSIGN8740,Physics,Yes,1,94
STU1749,ASSIGN8741,Biology,Yes,1,48
STU1749,ASSIGN8742,Chemistry,Yes,3,95
STU1749,ASSIGN8743,Biology,No,15,10
STU1749,ASSIGN8744,Biology,No,11,20
STU1749,ASSIGN8745,Mathematics,Yes,2,71
STU1750,ASSIGN8746,Physics,No,9,2
STU1750,ASSIGN8747,Biology,No,15,7
STU1750,ASSIGN8748,Mathematics,Yes,5,67
STU1750,ASSIGN8749,Physics,No,9,27
STU1750,ASSIGN8750,Biology,No,15,29
STU1751,ASSIGN8751,Chemistry,No,12,9
STU1751,ASSIGN8752,Chemistry,Yes,5,86
STU1751,ASSIGN8753,Physics,No,12,19
STU1751,ASSIGN8754,Mathematics,Yes,0,67
STU1751,ASSIGN8755,Chemistry,Yes,1,44
STU1752,ASSIGN8756,Physics,Yes,4,75
STU1752,ASSIGN8757,Biology,No,12,15
STU1752,ASSIGN8758,Biology,No,9,15
STU1752,ASSIGN8759,Physics,No,14,28
STU1752,ASSIGN8760,Biology,No,15,32
STU1753,ASSIGN8761,Biology,Yes,3,54
STU1753,ASSIGN8762,Biology,Yes,5,71
STU1753,ASSIGN8763,Biology,Yes,4,63
STU1753,ASSIGN8764,Mathematics,No,11,31
STU1753,ASSIGN8765,Mathematics,Yes,4,53
STU1754,ASSIGN8766,Mathematics,Yes,4,98
STU1754,ASSIGN8767,Biology,Yes,2,60
STU1754,ASSIGN8768,Chemistry,Yes,4,68
STU1754,ASSIGN8769,Chemistry,No,13,36
STU1754,ASSIGN8770,Chemistry,Yes,5,78
STU1755,ASSIGN8771,Biology,No,13,39
STU1755,ASSIGN8772,Mathematics,No,10,9
STU1755,ASSIGN8773,Mathematics,No,11,26
STU1755,ASSIGN8774,Chemistry,Yes,0,99
STU1755,ASSIGN8775,Physics,Yes,2,49
STU1756,ASSIGN8776,Biology,No,12,9
STU1756,ASSIGN8777,Physics,No,7,3
STU1756,ASSIGN8778,Chemistry,No,9,8
STU1756,ASSIGN8779,Chemistry,Yes,4,55
STU1756,ASSIGN8780,Mathematics,No,13,7
STU1757,ASSIGN8781,Biology,Yes,1,47
STU1757,ASSIGN8782,Physics,No,8,12
STU1757,ASSIGN8783,Biology,No,12,4
STU1757,ASSIGN8784,Mathematics,No,10,13
STU1757,ASSIGN8785,Chemistry,No,8,23
STU1758,ASSIGN8786,Biology,No,12,4
STU1758,ASSIGN8787,Physics,Yes,3,94
STU1758,ASSIGN8788,Physics,Yes,1,67
STU1758,ASSIGN8789,Mathematics,No,7,18
STU1758,ASSIGN8790,Physics,Yes,3,72
STU1759,ASSIGN8791,Mathematics,No,14,30
STU1759,ASSIGN8792,Mathematics,Yes,5,79
STU1759,ASSIGN8793,Chemistry,Yes,1,68
STU1759,ASSIGN8794,Mathematics,Yes,1,90
STU1759,ASSIGN8795,Chemistry,Yes,4,89
STU1760,ASSIGN8796,Biology,No,10,8
STU1760,ASSIGN8797,Chemistry,No,12,37
STU1760,ASSIGN8798,Biology,Yes,0,84
STU1760,ASSIGN8799,Physics,Yes,0,49
STU1760,ASSIGN8800,Physics,Yes,3,88
STU1761,ASSIGN8801,Physics,Yes,1,53
STU1761,ASSIGN8802,Chemistry,Yes,3,46
STU1761,ASSIGN8803,Chemistry,Yes,4,55
STU1761,ASSIGN8804,Biology,No,13,23
STU1761,ASSIGN8805,Biology,No,14,24
STU1762,ASSIGN8806,Mathematics,No,9,3
STU1762,ASSIGN8807,Biology,No,9,22
STU1762,ASSIGN8808,Mathematics,Yes,3,52
STU1762,ASSIGN8809,Chemistry,Yes,0,45
STU1762,ASSIGN8810,Biology,No,7,37
STU1763,ASSIGN8811,Chemistry,Yes,1,49
STU1763,ASSIGN8812,Biology,Yes,5,77
STU1763,ASSIGN8813,Biology,No,9,7
STU1763,ASSIGN8814,Chemistry,No,10,29
STU1763,ASSIGN8815,Physics,Yes,3,40
STU1764,ASSIGN8816,Biology,Yes,5,72
STU1764,ASSIGN8817,Biology,No,10,11
STU1764,ASSIGN8818,Mathematics,No,13,18
STU1764,ASSIGN8819,Mathematics,Yes,3,92
STU1764,ASSIGN8820,Biology,Yes,4,88
STU1765,ASSIGN8821,Chemistry,No,8,27
STU1765,ASSIGN8822,Biology,No,15,30
STU1765,ASSIGN8823,Physics,Yes,2,45
STU1765,ASSIGN8824,Physics,No,14,16
STU1765,ASSIGN8825,Biology,No,14,19
STU1766,ASSIGN8826,Mathematics,Yes,2,87
STU1766,ASSIGN8827,Biology,No,9,36
STU1766,ASSIGN8828,Chemistry,Yes,3,53
STU1766,ASSIGN8829,Mathematics,Yes,3,73
STU1766,ASSIGN8830,Biology,No,10,13
STU1767,ASSIGN8831,Chemistry,No,14,21
STU1767,ASSIGN8832,Mathematics,No,15,21
STU1767,ASSIGN8833,Mathematics,Yes,2,54
STU1767,ASSIGN8834,Biology,No,6,26
STU1767,ASSIGN8835,Chemistry,No,15,25
STU1768,ASSIGN8836,Biology,Yes,4,45
STU1768,ASSIGN8837,Physics,Yes,0,53
STU1768,ASSIGN8838,Biology,No,15,25
STU1768,ASSIGN8839,Mathematics,Yes,2,52
STU1768,ASSIGN8840,Physics,Yes,4,90
STU1769,ASSIGN8841,Mathematics,Yes,4,46
STU1769,ASSIGN8842,Mathematics,Yes,3,58
STU1769,ASSIGN8843,Biology,Yes,3,81
STU1769,ASSIGN8844,Biology,Yes,4,56
STU1769,ASSIGN8845,Chemistry,Yes,2,49
STU1770,ASSIGN8846,Physics,No,8,37
STU1770,ASSIGN8847,Mathematics,Yes,4,85
STU1770,ASSIGN8848,Mathematics,Yes,1,78
STU1770,ASSIGN8849,Mathematics,No,8,0
STU1770,ASSIGN8850,Physics,Yes,0,89
STU1771,ASSIGN8851,Chemistry,Yes,3,84
STU1771,ASSIGN8852,Biology,No,10,8
STU1771,ASSIGN8853,Physics,Yes,4,52
STU1771,ASSIGN8854,Chemistry,No,11,22
STU1771,ASSIGN8855,Physics,Yes,4,58
STU1772,ASSIGN8856,Biology,Yes,5,86
STU1772,ASSIGN8857,Physics,No,14,21
STU1772,ASSIGN8858,Chemistry,No,6,10
STU1772,ASSIGN8859,Biology,Yes,4,65
STU1772,ASSIGN8860,Mathematics,Yes,3,75
STU1773,ASSIGN8861,Mathematics,Yes,3,77
STU1773,ASSIGN8862,Physics,No,10,22
STU1773,ASSIGN8863,Biology,Yes,3,41
STU1773,ASSIGN8864,Physics,No,6,24
STU1773,ASSIGN8865,Biology,Yes,2,55
STU1774,ASSIGN8866,Physics,No,15,16
STU1774,ASSIGN8867,Mathematics,Yes,0,60
STU1774,ASSIGN8868,Biology,Yes,5,47
STU1774,ASSIGN8869,Chemistry,No,14,36
STU1774,ASSIGN8870,Biology,No,8,2
STU1775,ASSIGN8871,Chemistry,No,12,2
STU1775,ASSIGN8872,Biology,Yes,5,76
STU1775,ASSIGN8873,Biology,Yes,0,82
STU1775,ASSIGN8874,Biology,No,7,38
STU1775,ASSIGN8875,Mathematics,Yes,0,72
STU1776,ASSIGN8876,Mathematics,Yes,0,54
STU1776,ASSIGN8877,Chemistry,Yes,5,94
STU1776,ASSIGN8878,Chemistry,No,9,30
STU1776,ASSIGN8879,Physics,Yes,2,84
STU1776,ASSIGN8880,Physics,No,7,11
STU1777,ASSIGN8881,Physics,No,11,21
STU1777,ASSIGN8882,Biology,No,13,5
STU1777,ASSIGN8883,Mathematics,No,6,23
STU1777,ASSIGN8884,Chemistry,No,6,11
STU1777,ASSIGN8885,Mathematics,No,6,25
STU1778,ASSIGN8886,Physics,Yes,5,42
STU1778,ASSIGN8887,Biology,No,9,10
STU1778,ASSIGN8888,Chemistry,Yes,4,75
STU1778,ASSIGN8889,Physics,No,14,39
STU1778,ASSIGN8890,Biology,No,11,32
STU1779,ASSIGN8891,Biology,Yes,4,74
STU1779,ASSIGN8892,Physics,No,7,7
STU1779,ASSIGN8893,Biology,No,11,23
STU1779,ASSIGN8894,Biology,Yes,1,93
STU1779,ASSIGN8895,Chemistry,Yes,1,85
STU1780,ASSIGN8896,Mathematics,No,15,9
STU1780,ASSIGN8897,Mathematics,Yes,4,66
STU1780,ASSIGN8898,Chemistry,No,13,37
STU1780,ASSIGN8899,Chemistry,No,9,6
STU1780,ASSIGN8900,Physics,Yes,2,40
STU1781,ASSIGN8901,Physics,Yes,4,76
STU1781,ASSIGN8902,Physics,Yes,1,55
STU1781,ASSIGN8903,Chemistry,No,11,20
STU1781,ASSIGN8904,Mathematics,No,12,21
STU1781,ASSIGN8905,Mathematics,Yes,4,42
STU1782,ASSIGN8906,Biology,No,10,19
STU1782,ASSIGN8907,Mathematics,Yes,4,40
STU1782,ASSIGN8908,Chemistry,No,14,31
STU1782,ASSIGN8909,Mathematics,No,12,13
STU1782,ASSIGN8910,Chemistry,No,14,40
STU1783,ASSIGN8911,Biology,No,14,11
STU1783,ASSIGN8912,Physics,Yes,4,84
STU1783,ASSIGN8913,Biology,Yes,1,87
STU1783,ASSIGN8914,Mathematics,No,10,20
STU1783,ASSIGN8915,Biology,No,10,34
STU1784,ASSIGN8916,Mathematics,Yes,1,60
STU1784,ASSIGN8917,Physics,Yes,2,53
STU1784,ASSIGN8918,Mathematics,No,11,0
STU1784,ASSIGN8919,Physics,No,13,40
STU1784,ASSIGN8920,Chemistry,Yes,4,93
STU1785,ASSIGN8921,Biology,Yes,5,56
STU1785,ASSIGN8922,Mathematics,No,12,31
STU1785,ASSIGN8923,Chemistry,Yes,5,72
STU1785,ASSIGN8924,Biology,Yes,3,82
STU1785,ASSIGN8925,Biology,Yes,4,69
STU1786,ASSIGN8926,Physics,Yes,2,57
STU1786,ASSIGN8927,Biology,No,9,12
STU1786,ASSIGN8928,Biology,No,12,23
STU1786,ASSIGN8929,Biology,No,12,11
STU1786,ASSIGN8930,Physics,No,9,31
STU1787,ASSIGN8931,Chemistry,Yes,5,60
STU1787,ASSIGN8932,Mathematics,Yes,0,64
STU1787,ASSIGN8933,Biology,No,10,13
STU1787,ASSIGN8934,Chemistry,Yes,2,87
STU1787,ASSIGN8935,Physics,No,10,5
STU1788,ASSIGN8936,Physics,No,13,39
STU1788,ASSIGN8937,Physics,No,11,2
STU1788,ASSIGN8938,Chemistry,No,9,31
STU1788,ASSIGN8939,Chemistry,No,8,27
STU1788,ASSIGN8940,Physics,Yes,3,98
STU1789,ASSIGN8941,Chemistry,Yes,3,76
STU1789,ASSIGN8942,Biology,No,8,25
STU1789,ASSIGN8943,Physics,Yes,1,44
STU1789,ASSIGN8944,Mathematics,No,11,5
STU1789,ASSIGN8945,Mathematics,No,12,0
STU1790,ASSIGN8946,Mathematics,Yes,5,42
STU1790,ASSIGN8947,Biology,No,13,21
STU1790,ASSIGN8948,Biology,No,11,23
STU1790,ASSIGN8949,Mathematics,No,15,4
STU1790,ASSIGN8950,Chemistry,Yes,4,78
STU1791,ASSIGN8951,Mathematics,Yes,4,78
STU1791,ASSIGN8952,Biology,No,7,30
STU1791,ASSIGN8953,Mathematics,No,8,5
STU1791,ASSIGN8954,Biology,Yes,3,94
STU1791,ASSIGN8955,Chemistry,No,7,20
STU1792,ASSIGN8956,Chemistry,Yes,0,40
STU1792,ASSIGN8957,Mathematics,Yes,5,75
STU1792,ASSIGN8958,Physics,Yes,3,87
STU1792,ASSIGN8959,Physics,No,12,17
STU1792,ASSIGN8960,Physics,No,12,17
STU1793,ASSIGN8961,Mathematics,No,9,8
STU1793,ASSIGN8962,Physics,No,10,5
STU1793,ASSIGN8963,Mathematics,Yes,1,100
STU1793,ASSIGN8964,Physics,No,13,40
STU1793,ASSIGN8965,Chemistry,No,8,14
STU1794,ASSIGN8966,Biology,No,8,7
STU1794,ASSIGN8967,Physics,Yes,1,84
STU1794,ASSIGN8968,Chemistry,Yes,4,85
STU1794,ASSIGN8969,Biology,No,7,14
STU1794,ASSIGN8970,Mathematics,Yes,3,87
STU1795,ASSIGN8971,Biology,Yes,2,56
STU1795,ASSIGN8972,Chemistry,No,13,11
STU1795,ASSIGN8973,Biology,Yes,4,43
STU1795,ASSIGN8974,Mathematics,No,15,12
STU1795,ASSIGN8975,Physics,Yes,4,94
STU1796,ASSIGN8976,Physics,Yes,3,61
STU1796,ASSIGN8977,Biology,No,15,12
STU1796,ASSIGN8978,Physics,Yes,1,43
STU1796,ASSIGN8979,Biology,No,8,0
STU1796,ASSIGN8980,Biology,No,10,1
STU1797,ASSIGN8981,Mathematics,No,10,40
STU1797,ASSIGN8982,Biology,Yes,3,55
STU1797,ASSIGN8983,Chemistry,Yes,1,72
STU1797,ASSIGN8984,Mathematics,Yes,1,47
STU1797,ASSIGN8985,Chemistry,Yes,4,99
STU1798,ASSIGN8986,Mathematics,No,12,2
STU1798,ASSIGN8987,Chemistry,No,14,9
STU1798,ASSIGN8988,Biology,No,10,16
STU1798,ASSIGN8989,Biology,No,8,26
STU1798,ASSIGN8990,Biology,Yes,3,47
STU1799,ASSIGN8991,Biology,No,7,24
STU1799,ASSIGN8992,Physics,No,7,26
STU1799,ASSIGN8993,Biology,No,11,11
STU1799,ASSIGN8994,Chemistry,Yes,4,58
STU1799,ASSIGN8995,Physics,Yes,5,91
STU1800,ASSIGN8996,Physics,Yes,4,55
STU1800,ASSIGN8997,Biology,No,11,37
STU1800,ASSIGN8998,Physics,No,6,40
STU1800,ASSIGN8999,Chemistry,Yes,4,83
STU1800,ASSIGN9000,Physics,No,15,27
STU1801,ASSIGN9001,Mathematics,Yes,4,57
STU1801,ASSIGN9002,Mathematics,Yes,4,41
STU1801,ASSIGN9003,Biology,Yes,3,95
STU1801,ASSIGN9004,Biology,Yes,5,89
STU1801,ASSIGN9005,Biology,No,10,20
STU1802,ASSIGN9006,Physics,Yes,0,90
STU1802,ASSIGN9007,Mathematics,No,7,22
STU1802,ASSIGN9008,Mathematics,No,8,21
STU1802,ASSIGN9009,Physics,No,10,12
STU1802,ASSIGN9010,Chemistry,No,8,15
STU1803,ASSIGN9011,Biology,No,9,5
STU1803,ASSIGN9012,Mathematics,Yes,4,91
STU1803,ASSIGN9013,Physics,No,13,21
STU1803,ASSIGN9014,Physics,Yes,3,89
STU1803,ASSIGN9015,Chemistry,Yes,4,67
STU1804,ASSIGN9016,Chemistry,No,8,9
STU1804,ASSIGN9017,Physics,No,10,13
STU1804,ASSIGN9018,Chemistry,No,7,24
STU1804,ASSIGN9019,Biology,No,15,6
STU1804,ASSIGN9020,Physics,Yes,1,63
STU1805,ASSIGN9021,Physics,No,10,30
STU1805,ASSIGN9022,Physics,Yes,1,73
STU1805,ASSIGN9023,Chemistry,Yes,3,49
STU1805,ASSIGN9024,Chemistry,No,8,17
STU1805,ASSIGN9025,Chemistry,No,9,3
STU1806,ASSIGN9026,Chemistry,Yes,0,79
STU1806,ASSIGN9027,Physics,No,6,18
STU1806,ASSIGN9028,Mathematics,No,8,35
STU1806,ASSIGN9029,Physics,Yes,1,48
STU1806,ASSIGN9030,Chemistry,No,12,13
STU1807,ASSIGN9031,Physics,No,14,19
STU1807,ASSIGN9032,Biology,Yes,1,85
STU1807,ASSIGN9033,Mathematics,Yes,5,76
STU1807,ASSIGN9034,Chemistry,Yes,1,57
STU1807,ASSIGN9035,Physics,Yes,3,63
STU1808,ASSIGN9036,Chemistry,No,10,35
STU1808,ASSIGN9037,Biology,Yes,5,86
STU1808,ASSIGN9038,Mathematics,No,14,18
STU1808,ASSIGN9039,Biology,Yes,0,63
STU1808,ASSIGN9040,Biology,Yes,2,78
STU1809,ASSIGN9041,Physics,Yes,5,97
STU1809,ASSIGN9042,Chemistry,No,7,19
STU1809,ASSIGN9043,Biology,Yes,4,45
STU1809,ASSIGN9044,Chemistry,No,6,26
STU1809,ASSIGN9045,Biology,Yes,2,75
STU1810,ASSIGN9046,Chemistry,No,9,19
STU1810,ASSIGN9047,Chemistry,No,14,27
STU1810,ASSIGN9048,Mathematics,Yes,1,52
STU1810,ASSIGN9049,Biology,Yes,3,67
STU1810,ASSIGN9050,Biology,No,7,1
STU1811,ASSIGN9051,Biology,No,8,33
STU1811,ASSIGN9052,Physics,No,13,25
STU1811,ASSIGN9053,Mathematics,Yes,5,74
STU1811,ASSIGN9054,Biology,Yes,0,54
STU1811,ASSIGN9055,Mathematics,No,10,37
STU1812,ASSIGN9056,Physics,Yes,1,75
STU1812,ASSIGN9057,Physics,Yes,2,63
STU1812,ASSIGN9058,Mathematics,Yes,2,58
STU1812,ASSIGN9059,Physics,No,6,6
STU1812,ASSIGN9060,Chemistry,Yes,1,62
STU1813,ASSIGN9061,Mathematics,No,10,18
STU1813,ASSIGN9062,Physics,No,9,28
STU1813,ASSIGN9063,Mathematics,Yes,1,83
STU1813,ASSIGN9064,Mathematics,Yes,1,44
STU1813,ASSIGN9065,Mathematics,No,10,12
STU1814,ASSIGN9066,Chemistry,No,11,30
STU1814,ASSIGN9067,Mathematics,Yes,1,51
STU1814,ASSIGN9068,Physics,Yes,1,94
STU1814,ASSIGN9069,Mathematics,No,15,8
STU1814,ASSIGN9070,Physics,No,9,4
STU1815,ASSIGN9071,Mathematics,Yes,1,69
STU1815,ASSIGN9072,Mathematics,Yes,1,100
STU1815,ASSIGN9073,Chemistry,No,13,14
STU1815,ASSIGN9074,Mathematics,No,11,37
STU1815,ASSIGN9075,Chemistry,Yes,1,65
STU1816,ASSIGN9076,Physics,Yes,2,74
STU1816,ASSIGN9077,Mathematics,No,11,7
STU1816,ASSIGN9078,Mathematics,Yes,2,49
STU1816,ASSIGN9079,Physics,No,9,34
STU1816,ASSIGN9080,Physics,No,13,33
STU1817,ASSIGN9081,Mathematics,No,15,4
STU1817,ASSIGN9082,Biology,No,13,5
STU1817,ASSIGN9083,Mathematics,No,15,12
STU1817,ASSIGN9084,Biology,No,12,23
STU1817,ASSIGN9085,Mathematics,Yes,5,86
STU1818,ASSIGN9086,Chemistry,No,15,9
STU1818,ASSIGN9087,Chemistry,Yes,1,54
STU1818,ASSIGN9088,Physics,Yes,5,61
STU1818,ASSIGN9089,Chemistry,No,14,12
STU1818,ASSIGN9090,Chemistry,Yes,4,63
STU1819,ASSIGN9091,Physics,Yes,1,51
STU1819,ASSIGN9092,Chemistry,No,8,29
STU1819,ASSIGN9093,Biology,Yes,1,64
STU1819,ASSIGN9094,Mathematics,No,6,7
STU1819,ASSIGN9095,Mathematics,No,15,38
STU1820,ASSIGN9096,Biology,No,13,18
STU1820,ASSIGN9097,Chemistry,No,6,33
STU1820,ASSIGN9098,Chemistry,Yes,5,55
STU1820,ASSIGN9099,Chemistry,No,9,25
STU1820,ASSIGN9100,Biology,No,12,9
STU1821,ASSIGN9101,Biology,No,6,18
STU1821,ASSIGN9102,Mathematics,No,13,9
STU1821,ASSIGN9103,Biology,No,9,32
STU1821,ASSIGN9104,Chemistry,Yes,3,41
STU1821,ASSIGN9105,Mathematics,No,7,20
STU1822,ASSIGN9106,Mathematics,Yes,5,59
STU1822,ASSIGN9107,Biology,Yes,4,66
STU1822,ASSIGN9108,Mathematics,Yes,5,54
STU1822,ASSIGN9109,Biology,Yes,1,72
STU1822,ASSIGN9110,Physics,Yes,0,83
STU1823,ASSIGN9111,Physics,Yes,1,76
STU1823,ASSIGN9112,Chemistry,Yes,0,59
STU1823,ASSIGN9113,Chemistry,Yes,1,66
STU1823,ASSIGN9114,Physics,Yes,2,74
STU1823,ASSIGN9115,Biology,Yes,2,40
STU1824,ASSIGN9116,Chemistry,Yes,3,59
STU1824,ASSIGN9117,Biology,No,11,4
STU1824,ASSIGN9118,Biology,Yes,5,86
STU1824,ASSIGN9119,Biology,Yes,1,58
STU1824,ASSIGN9120,Physics,Yes,4,65
STU1825,ASSIGN9121,Mathematics,Yes,4,81
STU1825,ASSIGN9122,Mathematics,Yes,1,57
STU1825,ASSIGN9123,Chemistry,No,9,2
STU1825,ASSIGN9124,Mathematics,No,7,1
STU1825,ASSIGN9125,Chemistry,Yes,3,50
STU1826,ASSIGN9126,Biology,No,6,31
STU1826,ASSIGN9127,Physics,No,9,10
STU1826,ASSIGN9128,Physics,Yes,3,57
STU1826,ASSIGN9129,Physics,Yes,1,64
STU1826,ASSIGN9130,Physics,No,12,17
STU1827,ASSIGN9131,Physics,No,12,39
STU1827,ASSIGN9132,Physics,Yes,5,73
STU1827,ASSIGN9133,Chemistry,No,13,7
STU1827,ASSIGN9134,Physics,No,14,15
STU1827,ASSIGN9135,Physics,No,10,4
STU1828,ASSIGN9136,Chemistry,Yes,0,82
STU1828,ASSIGN9137,Physics,Yes,3,68
STU1828,ASSIGN9138,Biology,No,8,29
STU1828,ASSIGN9139,Mathematics,No,12,25
STU1828,ASSIGN9140,Physics,No,12,31
STU1829,ASSIGN9141,Chemistry,No,6,27
STU1829,ASSIGN9142,Biology,Yes,5,60
STU1829,ASSIGN9143,Physics,Yes,2,40
STU1829,ASSIGN9144,Biology,No,9,34
STU1829,ASSIGN9145,Physics,No,14,22
STU1830,ASSIGN9146,Physics,Yes,4,44
STU1830,ASSIGN9147,Mathematics,No,12,24
STU1830,ASSIGN9148,Physics,Yes,1,42
STU1830,ASSIGN9149,Physics,Yes,3,97
STU1830,ASSIGN9150,Physics,No,11,16
STU1831,ASSIGN9151,Physics,No,9,19
STU1831,ASSIGN9152,Chemistry,Yes,3,68
STU1831,ASSIGN9153,Physics,Yes,2,73
STU1831,ASSIGN9154,Biology,No,9,14
STU1831,ASSIGN9155,Mathematics,No,10,6
STU1832,ASSIGN9156,Physics,No,7,16
STU1832,ASSIGN9157,Biology,No,8,25
STU1832,ASSIGN9158,Physics,Yes,1,55
STU1832,ASSIGN9159,Mathematics,No,14,35
STU1832,ASSIGN9160,Mathematics,No,10,8
STU1833,ASSIGN9161,Chemistry,No,13,17
STU1833,ASSIGN9162,Mathematics,No,8,7
STU1833,ASSIGN9163,Biology,No,10,4
STU1833,ASSIGN9164,Chemistry,No,9,3
STU1833,ASSIGN9165,Physics,No,6,8
STU1834,ASSIGN9166,Chemistry,No,11,40
STU1834,ASSIGN9167,Chemistry,Yes,4,76
STU1834,ASSIGN9168,Chemistry,No,6,18
STU1834,ASSIGN9169,Physics,Yes,4,75
STU1834,ASSIGN9170,Chemistry,No,8,11
STU1835,ASSIGN9171,Mathematics,No,13,38
STU1835,ASSIGN9172,Chemistry,No,13,18
STU1835,ASSIGN9173,Physics,No,13,38
STU1835,ASSIGN9174,Biology,No,9,38
STU1835,ASSIGN9175,Mathematics,No,14,27
STU1836,ASSIGN9176,Chemistry,No,7,3
STU1836,ASSIGN9177,Physics,Yes,5,92
STU1836,ASSIGN9178,Mathematics,No,8,14
STU1836,ASSIGN9179,Biology,No,9,2
STU1836,ASSIGN9180,Chemistry,No,9,37
STU1837,ASSIGN9181,Biology,Yes,0,90
STU1837,ASSIGN9182,Mathematics,Yes,1,84
STU1837,ASSIGN9183,Biology,No,13,31
STU1837,ASSIGN9184,Biology,No,8,3
STU1837,ASSIGN9185,Biology,Yes,4,42
STU1838,ASSIGN9186,Mathematics,No,11,4
STU1838,ASSIGN9187,Biology,No,11,35
STU1838,ASSIGN9188,Chemistry,No,12,13
STU1838,ASSIGN9189,Biology,No,13,35
STU1838,ASSIGN9190,Biology,Yes,5,99
STU1839,ASSIGN9191,Chemistry,Yes,5,80
STU1839,ASSIGN9192,Biology,No,15,25
STU1839,ASSIGN9193,Physics,No,7,25
STU1839,ASSIGN9194,Biology,Yes,3,86
STU1839,ASSIGN9195,Biology,No,14,8
STU1840,ASSIGN9196,Biology,Yes,1,70
STU1840,ASSIGN9197,Physics,No,13,8
STU1840,ASSIGN9198,Biology,No,10,24
STU1840,ASSIGN9199,Physics,No,15,3
STU1840,ASSIGN9200,Chemistry,Yes,3,51
STU1841,ASSIGN9201,Mathematics,Yes,3,99
STU1841,ASSIGN9202,Mathematics,Yes,5,82
STU1841,ASSIGN9203,Chemistry,No,12,40
STU1841,ASSIGN9204,Physics,Yes,2,51
STU1841,ASSIGN9205,Physics,No,11,9
STU1842,ASSIGN9206,Physics,No,12,37
STU1842,ASSIGN9207,Physics,No,6,40
STU1842,ASSIGN9208,Biology,Yes,5,44
STU1842,ASSIGN9209,Mathematics,Yes,4,87
STU1842,ASSIGN9210,Physics,Yes,5,72
STU1843,ASSIGN9211,Chemistry,Yes,0,92
STU1843,ASSIGN9212,Physics,No,13,1
STU1843,ASSIGN9213,Mathematics,Yes,1,81
STU1843,ASSIGN9214,Chemistry,Yes,1,57
STU1843,ASSIGN9215,Chemistry,No,10,3
STU1844,ASSIGN9216,Physics,No,9,17
STU1844,ASSIGN9217,Biology,No,11,26
STU1844,ASSIGN9218,Chemistry,Yes,1,54
STU1844,ASSIGN9219,Mathematics,No,15,36
STU1844,ASSIGN9220,Chemistry,Yes,4,55
STU1845,ASSIGN9221,Chemistry,Yes,4,73
STU1845,ASSIGN9222,Physics,No,10,36
STU1845,ASSIGN9223,Mathematics,Yes,1,72
STU1845,ASSIGN9224,Chemistry,Yes,0,70
STU1845,ASSIGN9225,Physics,Yes,0,100
STU1846,ASSIGN9226,Mathematics,Yes,4,95
STU1846,ASSIGN9227,Biology,No,8,29
STU1846,ASSIGN9228,Biology,Yes,2,53
STU1846,ASSIGN9229,Mathematics,Yes,5,93
STU1846,ASSIGN9230,Chemistry,No,12,38
STU1847,ASSIGN9231,Mathematics,No,13,5
STU1847,ASSIGN9232,Mathematics,Yes,2,86
STU1847,ASSIGN9233,Chemistry,No,14,3
STU1847,ASSIGN9234,Mathematics,No,14,30
STU1847,ASSIGN9235,Biology,No,13,26
STU1848,ASSIGN9236,Mathematics,No,13,11
STU1848,ASSIGN9237,Chemistry,No,7,17
STU1848,ASSIGN9238,Physics,No,12,16
STU1848,ASSIGN9239,Physics,Yes,0,51
STU1848,ASSIGN9240,Physics,Yes,0,72
STU1849,ASSIGN9241,Physics,Yes,5,47
STU1849,ASSIGN9242,Physics,Yes,2,93
STU1849,ASSIGN9243,Physics,Yes,0,79
STU1849,ASSIGN9244,Physics,Yes,1,73
STU1849,ASSIGN9245,Mathematics,Yes,5,71
STU1850,ASSIGN9246,Physics,No,13,27
STU1850,ASSIGN9247,Mathematics,Yes,4,49
STU1850,ASSIGN9248,Biology,No,13,36
STU1850,ASSIGN9249,Mathematics,Yes,5,66
STU1850,ASSIGN9250,Chemistry,Yes,5,46
STU1851,ASSIGN9251,Chemistry,No,6,22
STU1851,ASSIGN9252,Mathematics,No,14,11
STU1851,ASSIGN9253,Physics,No,10,3
STU1851,ASSIGN9254,Physics,Yes,1,83
STU1851,ASSIGN9255,Mathematics,No,11,5
STU1852,ASSIGN9256,Biology,Yes,4,73
STU1852,ASSIGN9257,Biology,No,12,17
STU1852,ASSIGN9258,Mathematics,No,8,33
STU1852,ASSIGN9259,Physics,No,14,14
STU1852,ASSIGN9260,Chemistry,Yes,4,78
STU1853,ASSIGN9261,Physics,No,12,0
STU1853,ASSIGN9262,Physics,Yes,5,59
STU1853,ASSIGN9263,Physics,No,9,35
STU1853,ASSIGN9264,Physics,Yes,3,75
STU1853,ASSIGN9265,Biology,No,12,15
STU1854,ASSIGN9266,Biology,No,12,15
STU1854,ASSIGN9267,Chemistry,No,10,17
STU1854,ASSIGN9268,Mathematics,Yes,4,64
STU1854,ASSIGN9269,Mathematics,No,10,34
STU1854,ASSIGN9270,Chemistry,Yes,0,98
STU1855,ASSIGN9271,Physics,No,12,11
STU1855,ASSIGN9272,Biology,Yes,5,79
STU1855,ASSIGN9273,Mathematics,Yes,5,76
STU1855,ASSIGN9274,Chemistry,No,7,9
STU1855,ASSIGN9275,Chemistry,No,11,13
STU1856,ASSIGN9276,Mathematics,Yes,2,54
STU1856,ASSIGN9277,Mathematics,No,7,28
STU1856,ASSIGN9278,Physics,No,15,37
STU1856,ASSIGN9279,Chemistry,No,9,23
STU1856,ASSIGN9280,Physics,No,13,35
STU1857,ASSIGN9281,Mathematics,No,7,22
STU1857,ASSIGN9282,Biology,No,10,21
STU1857,ASSIGN9283,Biology,No,8,32
STU1857,ASSIGN9284,Physics,No,7,12
STU1857,ASSIGN9285,Physics,Yes,5,50
STU1858,ASSIGN9286,Biology,Yes,4,96
STU1858,ASSIGN9287,Biology,Yes,1,70
STU1858,ASSIGN9288,Mathematics,Yes,0,76
STU1858,ASSIGN9289,Chemistry,No,8,31
STU1858,ASSIGN9290,Physics,Yes,2,53
STU1859,ASSIGN9291,Chemistry,Yes,3,79
STU1859,ASSIGN9292,Mathematics,Yes,0,66
STU1859,ASSIGN9293,Physics,No,7,1
STU1859,ASSIGN9294,Physics,Yes,0,64
STU1859,ASSIGN9295,Chemistry,No,10,38
STU1860,ASSIGN9296,Mathematics,No,11,28
STU1860,ASSIGN9297,Mathematics,Yes,3,68
STU1860,ASSIGN9298,Biology,Yes,1,84
STU1860,ASSIGN9299,Chemistry,No,12,23
STU1860,ASSIGN9300,Biology,Yes,4,42
STU1861,ASSIGN9301,Biology,Yes,2,57
STU1861,ASSIGN9302,Chemistry,Yes,3,58
STU1861,ASSIGN9303,Mathematics,No,9,22
STU1861,ASSIGN9304,Chemistry,Yes,2,68
STU1861,ASSIGN9305,Mathematics,No,10,20
STU1862,ASSIGN9306,Chemistry,Yes,3,71
STU1862,ASSIGN9307,Physics,No,9,35
STU1862,ASSIGN9308,Mathematics,Yes,1,94
STU1862,ASSIGN9309,Physics,No,9,2
STU1862,ASSIGN9310,Physics,No,8,19
STU1863,ASSIGN9311,Physics,Yes,2,96
STU1863,ASSIGN9312,Biology,No,15,18
STU1863,ASSIGN9313,Biology,No,12,14
STU1863,ASSIGN9314,Chemistry,Yes,3,53
STU1863,ASSIGN9315,Chemistry,No,14,12
STU1864,ASSIGN9316,Biology,No,6,32
STU1864,ASSIGN9317,Mathematics,Yes,1,68
STU1864,ASSIGN9318,Chemistry,Yes,1,89
STU1864,ASSIGN9319,Physics,Yes,1,89
STU1864,ASSIGN9320,Biology,No,15,12
STU1865,ASSIGN9321,Physics,No,6,35
STU1865,ASSIGN9322,Chemistry,No,8,15
STU1865,ASSIGN9323,Physics,Yes,0,45
STU1865,ASSIGN9324,Physics,No,10,2
STU1865,ASSIGN9325,Physics,No,11,40
STU1866,ASSIGN9326,Chemistry,No,8,29
STU1866,ASSIGN9327,Physics,No,13,36
STU1866,ASSIGN9328,Biology,Yes,2,98
STU1866,ASSIGN9329,Mathematics,Yes,2,75
STU1866,ASSIGN9330,Mathematics,No,13,8
STU1867,ASSIGN9331,Chemistry,Yes,2,96
STU1867,ASSIGN9332,Physics,No,8,12
STU1867,ASSIGN9333,Mathematics,Yes,5,60
STU1867,ASSIGN9334,Physics,No,12,38
STU1867,ASSIGN9335,Physics,No,8,11
STU1868,ASSIGN9336,Mathematics,No,12,6
STU1868,ASSIGN9337,Physics,No,7,22
STU1868,ASSIGN9338,Biology,No,9,8
STU1868,ASSIGN9339,Chemistry,Yes,1,92
STU1868,ASSIGN9340,Chemistry,No,11,24
STU1869,ASSIGN9341,Biology,Yes,2,69
STU1869,ASSIGN9342,Chemistry,No,9,17
STU1869,ASSIGN9343,Biology,No,8,32
STU1869,ASSIGN9344,Biology,No,15,24
STU1869,ASSIGN9345,Chemistry,Yes,3,99
STU1870,ASSIGN9346,Physics,No,7,14
STU1870,ASSIGN9347,Biology,No,11,40
STU1870,ASSIGN9348,Chemistry,Yes,4,74
STU1870,ASSIGN9349,Biology,Yes,5,49
STU1870,ASSIGN9350,Mathematics,No,10,37
STU1871,ASSIGN9351,Chemistry,No,11,29
STU1871,ASSIGN9352,Biology,No,13,29
STU1871,ASSIGN9353,Chemistry,No,10,2
STU1871,ASSIGN9354,Biology,Yes,3,66
STU1871,ASSIGN9355,Chemistry,No,7,24
STU1872,ASSIGN9356,Biology,Yes,5,60
STU1872,ASSIGN9357,Physics,No,14,28
STU1872,ASSIGN9358,Mathematics,Yes,1,95
STU1872,ASSIGN9359,Physics,Yes,2,54
STU1872,ASSIGN9360,Mathematics,Yes,4,88
STU1873,ASSIGN9361,Chemistry,Yes,0,70
STU1873,ASSIGN9362,Mathematics,No,8,17
STU1873,ASSIGN9363,Biology,No,8,36
STU1873,ASSIGN9364,Mathematics,Yes,1,69
STU1873,ASSIGN9365,Mathematics,No,14,8
STU1874,ASSIGN9366,Physics,No,13,22
STU1874,ASSIGN9367,Biology,Yes,3,57
STU1874,ASSIGN9368,Chemistry,No,13,34
STU1874,ASSIGN9369,Mathematics,Yes,4,63
STU1874,ASSIGN9370,Biology,Yes,5,70
STU1875,ASSIGN9371,Biology,No,13,3
STU1875,ASSIGN9372,Mathematics,Yes,3,52
STU1875,ASSIGN9373,Biology,No,10,6
STU1875,ASSIGN9374,Physics,Yes,2,94
STU1875,ASSIGN9375,Biology,Yes,3,90
STU1876,ASSIGN9376,Physics,No,13,3
STU1876,ASSIGN9377,Biology,Yes,2,90
STU1876,ASSIGN9378,Biology,Yes,4,76
STU1876,ASSIGN9379,Chemistry,No,7,3
STU1876,ASSIGN9380,Mathematics,No,11,33
STU1877,ASSIGN9381,Biology,No,6,10
STU1877,ASSIGN9382,Biology,No,12,35
STU1877,ASSIGN9383,Mathematics,Yes,2,87
STU1877,ASSIGN9384,Biology,Yes,4,76
STU1877,ASSIGN9385,Biology,Yes,5,86
STU1878,ASSIGN9386,Biology,Yes,5,77
STU1878,ASSIGN9387,Mathematics,Yes,2,55
STU1878,ASSIGN9388,Mathematics,No,14,6
STU1878,ASSIGN9389,Physics,No,10,2
STU1878,ASSIGN9390,Biology,No,7,13
STU1879,ASSIGN9391,Chemistry,No,10,23
STU1879,ASSIGN9392,Mathematics,No,15,16
STU1879,ASSIGN9393,Mathematics,No,11,12
STU1879,ASSIGN9394,Physics,Yes,3,82
STU1879,ASSIGN9395,Physics,Yes,1,69
STU1880,ASSIGN9396,Biology,No,12,12
STU1880,ASSIGN9397,Biology,Yes,2,88
STU1880,ASSIGN9398,Chemistry,No,13,9
STU1880,ASSIGN9399,Physics,No,6,9
STU1880,ASSIGN9400,Physics,No,11,0
STU1881,ASSIGN9401,Biology,Yes,4,58
STU1881,ASSIGN9402,Chemistry,Yes,1,66
STU1881,ASSIGN9403,Biology,Yes,0,100
STU1881,ASSIGN9404,Mathematics,Yes,0,85
STU1881,ASSIGN9405,Biology,Yes,1,69
STU1882,ASSIGN9406,Mathematics,Yes,1,58
STU1882,ASSIGN9407,Chemistry,Yes,2,75
STU1882,ASSIGN9408,Chemistry,Yes,1,100
STU1882,ASSIGN9409,Mathematics,Yes,3,71
STU1882,ASSIGN9410,Chemistry,Yes,5,80
STU1883,ASSIGN9411,Chemistry,Yes,1,100
STU1883,ASSIGN9412,Physics,Yes,4,100
STU1883,ASSIGN9413,Physics,Yes,1,49
STU1883,ASSIGN9414,Mathematics,Yes,4,49
STU1883,ASSIGN9415,Biology,Yes,3,59
STU1884,ASSIGN9416,Physics,Yes,1,56
STU1884,ASSIGN9417,Biology,Yes,5,87
STU1884,ASSIGN9418,Biology,No,15,0
STU1884,ASSIGN9419,Biology,No,11,20
STU1884,ASSIGN9420,Chemistry,Yes,4,56
STU1885,ASSIGN9421,Physics,No,7,34
STU1885,ASSIGN9422,Physics,Yes,1,41
STU1885,ASSIGN9423,Biology,Yes,2,62
STU1885,ASSIGN9424,Biology,No,7,8
STU1885,ASSIGN9425,Biology,No,15,12
STU1886,ASSIGN9426,Biology,No,7,27
STU1886,ASSIGN9427,Physics,Yes,1,66
STU1886,ASSIGN9428,Biology,Yes,4,45
STU1886,ASSIGN9429,Physics,Yes,1,54
STU1886,ASSIGN9430,Chemistry,Yes,2,43
STU1887,ASSIGN9431,Chemistry,Yes,4,69
STU1887,ASSIGN9432,Chemistry,Yes,4,62
STU1887,ASSIGN9433,Biology,No,7,10
STU1887,ASSIGN9434,Biology,Yes,0,54
STU1887,ASSIGN9435,Chemistry,Yes,4,93
STU1888,ASSIGN9436,Biology,No,8,7
STU1888,ASSIGN9437,Chemistry,No,9,18
STU1888,ASSIGN9438,Physics,Yes,0,79
STU1888,ASSIGN9439,Biology,Yes,1,71
STU1888,ASSIGN9440,Mathematics,Yes,2,89
STU1889,ASSIGN9441,Biology,Yes,3,71
STU1889,ASSIGN9442,Chemistry,No,14,2
STU1889,ASSIGN9443,Biology,No,10,13
STU1889,ASSIGN9444,Biology,No,10,21
STU1889,ASSIGN9445,Chemistry,Yes,2,76
STU1890,ASSIGN9446,Chemistry,No,8,7
STU1890,ASSIGN9447,Chemistry,No,7,2
STU1890,ASSIGN9448,Physics,Yes,4,56
STU1890,ASSIGN9449,Physics,No,10,3
STU1890,ASSIGN9450,Chemistry,No,14,2
STU1891,ASSIGN9451,Biology,Yes,3,81
STU1891,ASSIGN9452,Mathematics,Yes,2,42
STU1891,ASSIGN9453,Chemistry,Yes,3,76
STU1891,ASSIGN9454,Mathematics,No,8,3
STU1891,ASSIGN9455,Physics,Yes,5,95
STU1892,ASSIGN9456,Chemistry,No,9,23
STU1892,ASSIGN9457,Physics,Yes,1,44
STU1892,ASSIGN9458,Mathematics,Yes,4,89
STU1892,ASSIGN9459,Biology,No,7,37
STU1892,ASSIGN9460,Biology,Yes,0,63
STU1893,ASSIGN9461,Biology,No,11,10
STU1893,ASSIGN9462,Chemistry,Yes,1,88
STU1893,ASSIGN9463,Biology,Yes,2,76
STU1893,ASSIGN9464,Chemistry,Yes,3,59
STU1893,ASSIGN9465,Biology,No,15,11
STU1894,ASSIGN9466,Biology,Yes,1,64
STU1894,ASSIGN9467,Physics,Yes,1,97
STU1894,ASSIGN9468,Chemistry,Yes,0,75
STU1894,ASSIGN9469,Mathematics,No,13,7
STU1894,ASSIGN9470,Physics,Yes,5,57
STU1895,ASSIGN9471,Biology,No,9,21
STU1895,ASSIGN9472,Biology,Yes,4,57
STU1895,ASSIGN9473,Chemistry,Yes,5,68
STU1895,ASSIGN9474,Mathematics,Yes,3,99
STU1895,ASSIGN9475,Mathematics,Yes,3,59
STU1896,ASSIGN9476,Biology,No,13,38
STU1896,ASSIGN9477,Physics,No,7,11
STU1896,ASSIGN9478,Biology,No,8,36
STU1896,ASSIGN9479,Chemistry,No,10,15
STU1896,ASSIGN9480,Mathematics,Yes,0,94
STU1897,ASSIGN9481,Chemistry,Yes,2,77
STU1897,ASSIGN9482,Mathematics,Yes,3,78
STU1897,ASSIGN9483,Chemistry,No,6,12
STU1897,ASSIGN9484,Physics,Yes,1,50
STU1897,ASSIGN9485,Mathematics,Yes,1,64
STU1898,ASSIGN9486,Physics,Yes,2,80
STU1898,ASSIGN9487,Physics,No,11,18
STU1898,ASSIGN9488,Physics,No,10,4
STU1898,ASSIGN9489,Biology,No,7,21
STU1898,ASSIGN9490,Chemistry,Yes,2,71
STU1899,ASSIGN9491,Biology,Yes,0,89
STU1899,ASSIGN9492,Biology,Yes,5,76
STU1899,ASSIGN9493,Biology,No,10,10
STU1899,ASSIGN9494,Biology,Yes,4,79
STU1899,ASSIGN9495,Physics,No,8,38
STU1900,ASSIGN9496,Physics,No,12,5
STU1900,ASSIGN9497,Physics,Yes,2,45
STU1900,ASSIGN9498,Chemistry,No,15,33
STU1900,ASSIGN9499,Biology,Yes,3,100
STU1900,ASSIGN9500,Biology,Yes,0,62
STU1901,ASSIGN9501,Biology,Yes,5,95
STU1901,ASSIGN9502,Mathematics,Yes,3,78
STU1901,ASSIGN9503,Biology,No,7,23
STU1901,ASSIGN9504,Biology,No,7,22
STU1901,ASSIGN9505,Mathematics,Yes,1,87
STU1902,ASSIGN9506,Mathematics,Yes,5,73
STU1902,ASSIGN9507,Chemistry,No,8,8
STU1902,ASSIGN9508,Mathematics,Yes,0,98
STU1902,ASSIGN9509,Mathematics,No,8,12
STU1902,ASSIGN9510,Biology,Yes,3,83
STU1903,ASSIGN9511,Physics,No,8,11
STU1903,ASSIGN9512,Physics,No,14,17
STU1903,ASSIGN9513,Biology,No,7,34
STU1903,ASSIGN9514,Mathematics,No,14,16
STU1903,ASSIGN9515,Biology,No,11,20
STU1904,ASSIGN9516,Biology,No,10,16
STU1904,ASSIGN9517,Physics,No,13,7
STU1904,ASSIGN9518,Chemistry,Yes,4,89
STU1904,ASSIGN9519,Mathematics,Yes,5,50
STU1904,ASSIGN9520,Chemistry,Yes,4,98
STU1905,ASSIGN9521,Mathematics,Yes,1,89
STU1905,ASSIGN9522,Physics,No,13,23
STU1905,ASSIGN9523,Physics,Yes,4,88
STU1905,ASSIGN9524,Mathematics,No,15,38
STU1905,ASSIGN9525,Mathematics,Yes,1,76
STU1906,ASSIGN9526,Chemistry,Yes,2,87
STU1906,ASSIGN9527,Physics,Yes,1,86
STU1906,ASSIGN9528,Mathematics,Yes,5,44
STU1906,ASSIGN9529,Biology,Yes,4,63
STU1906,ASSIGN9530,Biology,No,12,14
STU1907,ASSIGN9531,Mathematics,Yes,1,60
STU1907,ASSIGN9532,Physics,Yes,4,86
STU1907,ASSIGN9533,Physics,Yes,3,67
STU1907,ASSIGN9534,Physics,No,14,18
STU1907,ASSIGN9535,Physics,Yes,5,46
STU1908,ASSIGN9536,Chemistry,No,15,35
STU1908,ASSIGN9537,Mathematics,Yes,1,53
STU1908,ASSIGN9538,Physics,Yes,1,85
STU1908,ASSIGN9539,Mathematics,Yes,4,91
STU1908,ASSIGN9540,Mathematics,Yes,4,99
STU1909,ASSIGN9541,Physics,No,9,10
STU1909,ASSIGN9542,Chemistry,Yes,0,79
STU1909,ASSIGN9543,Physics,No,13,18
STU1909,ASSIGN9544,Mathematics,No,14,32
STU1909,ASSIGN9545,Physics,Yes,5,88
STU1910,ASSIGN9546,Physics,No,6,28
STU1910,ASSIGN9547,Chemistry,No,15,26
STU1910,ASSIGN9548,Mathematics,No,13,3
STU1910,ASSIGN9549,Mathematics,No,10,14
STU1910,ASSIGN9550,Mathematics,No,11,15
STU1911,ASSIGN9551,Chemistry,No,7,6
STU1911,ASSIGN9552,Mathematics,No,8,37
STU1911,ASSIGN9553,Mathematics,Yes,2,52
STU1911,ASSIGN9554,Physics,No,6,14
STU1911,ASSIGN9555,Mathematics,Yes,5,72
STU1912,ASSIGN9556,Physics,No,9,29
STU1912,ASSIGN9557,Physics,No,7,3
STU1912,ASSIGN9558,Physics,No,15,35
STU1912,ASSIGN9559,Biology,No,12,40
STU1912,ASSIGN9560,Physics,No,12,12
STU1913,ASSIGN9561,Mathematics,Yes,1,56
STU1913,ASSIGN9562,Biology,Yes,0,99
STU1913,ASSIGN9563,Biology,Yes,1,58
STU1913,ASSIGN9564,Biology,No,10,16
STU1913,ASSIGN9565,Physics,No,12,29
STU1914,ASSIGN9566,Physics,Yes,4,59
STU1914,ASSIGN9567,Chemistry,Yes,0,77
STU1914,ASSIGN9568,Biology,Yes,5,57
STU1914,ASSIGN9569,Biology,Yes,0,52
STU1914,ASSIGN9570,Chemistry,No,11,30
STU1915,ASSIGN9571,Biology,Yes,4,99
STU1915,ASSIGN9572,Physics,Yes,1,78
STU1915,ASSIGN9573,Physics,No,10,4
STU1915,ASSIGN9574,Chemistry,No,7,29
STU1915,ASSIGN9575,Physics,Yes,5,87
STU1916,ASSIGN9576,Biology,No,12,2
STU1916,ASSIGN9577,Chemistry,No,15,13
STU1916,ASSIGN9578,Chemistry,Yes,0,69
STU1916,ASSIGN9579,Biology,Yes,5,47
STU1916,ASSIGN9580,Chemistry,No,11,27
STU1917,ASSIGN9581,Mathematics,Yes,1,77
STU1917,ASSIGN9582,Chemistry,No,9,19
STU1917,ASSIGN9583,Physics,Yes,4,40
STU1917,ASSIGN9584,Chemistry,No,10,26
STU1917,ASSIGN9585,Biology,No,6,10
STU1918,ASSIGN9586,Chemistry,No,9,26
STU1918,ASSIGN9587,Chemistry,Yes,4,73
STU1918,ASSIGN9588,Chemistry,No,10,36
STU1918,ASSIGN9589,Chemistry,No,7,6
STU1918,ASSIGN9590,Mathematics,Yes,2,59
STU1919,ASSIGN9591,Chemistry,Yes,1,85
STU1919,ASSIGN9592,Physics,No,10,30
STU1919,ASSIGN9593,Mathematics,No,12,40
STU1919,ASSIGN9594,Physics,Yes,5,92
STU1919,ASSIGN9595,Physics,Yes,4,72
STU1920,ASSIGN9596,Biology,No,13,13
STU1920,ASSIGN9597,Chemistry,No,8,17
STU1920,ASSIGN9598,Mathematics,Yes,3,69
STU1920,ASSIGN9599,Mathematics,No,7,7
STU1920,ASSIGN9600,Physics,No,15,6
STU1921,ASSIGN9601,Physics,No,14,35
STU1921,ASSIGN9602,Physics,Yes,2,56
STU1921,ASSIGN9603,Physics,No,15,40
STU1921,ASSIGN9604,Physics,No,8,17
STU1921,ASSIGN9605,Mathematics,No,15,2
STU1922,ASSIGN9606,Chemistry,Yes,1,60
STU1922,ASSIGN9607,Chemistry,Yes,0,49
STU1922,ASSIGN9608,Biology,No,15,14
STU1922,ASSIGN9609,Chemistry,No,15,13
STU1922,ASSIGN9610,Mathematics,No,8,37
STU1923,ASSIGN9611,Chemistry,No,8,30
STU1923,ASSIGN9612,Mathematics,Yes,5,47
STU1923,ASSIGN9613,Mathematics,Yes,5,40
STU1923,ASSIGN9614,Chemistry,Yes,3,62
STU1923,ASSIGN9615,Biology,Yes,4,89
STU1924,ASSIGN9616,Mathematics,No,10,2
STU1924,ASSIGN9617,Physics,Yes,3,99
STU1924,ASSIGN9618,Mathematics,Yes,5,67
STU1924,ASSIGN9619,Biology,No,10,1
STU1924,ASSIGN9620,Mathematics,No,12,9
STU1925,ASSIGN9621,Physics,Yes,5,87
STU1925,ASSIGN9622,Mathematics,Yes,4,45
STU1925,ASSIGN9623,Chemistry,No,15,2
STU1925,ASSIGN9624,Physics,No,7,11
STU1925,ASSIGN9625,Biology,No,8,33
STU1926,ASSIGN9626,Mathematics,Yes,3,96
STU1926,ASSIGN9627,Biology,No,14,33
STU1926,ASSIGN9628,Physics,Yes,3,47
STU1926,ASSIGN9629,Physics,Yes,3,42
STU1926,ASSIGN9630,Biology,Yes,5,44
STU1927,ASSIGN9631,Chemistry,No,7,5
STU1927,ASSIGN9632,Chemistry,Yes,2,80
STU1927,ASSIGN9633,Physics,No,10,18
STU1927,ASSIGN9634,Mathematics,Yes,1,78
STU1927,ASSIGN9635,Biology,Yes,3,80
STU1928,ASSIGN9636,Biology,Yes,0,43
STU1928,ASSIGN9637,Biology,Yes,5,82
STU1928,ASSIGN9638,Biology,Yes,4,67
STU1928,ASSIGN9639,Physics,No,12,11
STU1928,ASSIGN9640,Chemistry,Yes,1,66
STU1929,ASSIGN9641,Biology,No,13,18
STU1929,ASSIGN9642,Mathematics,No,15,11
STU1929,ASSIGN9643,Physics,No,15,36
STU1929,ASSIGN9644,Mathematics,No,7,19
STU1929,ASSIGN9645,Mathematics,Yes,1,57
STU1930,ASSIGN9646,Biology,No,8,19
STU1930,ASSIGN9647,Chemistry,Yes,4,51
STU1930,ASSIGN9648,Chemistry,No,9,6
STU1930,ASSIGN9649,Chemistry,No,8,37
STU1930,ASSIGN9650,Physics,No,6,3
STU1931,ASSIGN9651,Mathematics,Yes,1,93
STU1931,ASSIGN9652,Mathematics,Yes,0,68
STU1931,ASSIGN9653,Biology,No,12,33
STU1931,ASSIGN9654,Mathematics,No,14,38
STU1931,ASSIGN9655,Chemistry,Yes,3,52
STU1932,ASSIGN9656,Mathematics,Yes,5,71
STU1932,ASSIGN9657,Physics,No,10,17
STU1932,ASSIGN9658,Biology,No,12,35
STU1932,ASSIGN9659,Physics,No,8,29
STU1932,ASSIGN9660,Physics,Yes,2,74
STU1933,ASSIGN9661,Mathematics,Yes,0,73
STU1933,ASSIGN9662,Biology,No,13,8
STU1933,ASSIGN9663,Biology,Yes,0,85
STU1933,ASSIGN9664,Mathematics,No,14,4
STU1933,ASSIGN9665,Physics,Yes,1,78
STU1934,ASSIGN9666,Biology,No,6,36
STU1934,ASSIGN9667,Physics,No,13,6
STU1934,ASSIGN9668,Mathematics,Yes,1,86
STU1934,ASSIGN9669,Biology,No,6,36
STU1934,ASSIGN9670,Physics,Yes,4,86
STU1935,ASSIGN9671,Mathematics,Yes,3,95
STU1935,ASSIGN9672,Mathematics,Yes,4,67
STU1935,ASSIGN9673,Chemistry,Yes,3,91
STU1935,ASSIGN9674,Chemistry,Yes,0,98
STU1935,ASSIGN9675,Chemistry,No,9,11
STU1936,ASSIGN9676,Biology,No,12,8
STU1936,ASSIGN9677,Chemistry,No,15,35
STU1936,ASSIGN9678,Biology,Yes,1,50
STU1936,ASSIGN9679,Biology,Yes,3,98
STU1936,ASSIGN9680,Biology,Yes,1,86
STU1937,ASSIGN9681,Mathematics,No,14,40
STU1937,ASSIGN9682,Physics,No,6,36
STU1937,ASSIGN9683,Chemistry,No,12,28
STU1937,ASSIGN9684,Physics,No,13,0
STU1937,ASSIGN9685,Chemistry,Yes,3,51
STU1938,ASSIGN9686,Biology,No,10,13
STU1938,ASSIGN9687,Physics,Yes,4,63
STU1938,ASSIGN9688,Chemistry,Yes,4,59
STU1938,ASSIGN9689,Mathematics,Yes,0,55
STU1938,ASSIGN9690,Physics,No,8,34
STU1939,ASSIGN9691,Biology,No,12,31
STU1939,ASSIGN9692,Mathematics,Yes,2,63
STU1939,ASSIGN9693,Chemistry,Yes,4,42
STU1939,ASSIGN9694,Chemistry,No,12,17
STU1939,ASSIGN9695,Chemistry,Yes,4,73
STU1940,ASSIGN9696,Physics,Yes,2,65
STU1940,ASSIGN9697,Physics,No,6,10
STU1940,ASSIGN9698,Physics,Yes,4,90
STU1940,ASSIGN9699,Physics,Yes,4,70
STU1940,ASSIGN9700,Mathematics,No,11,37
STU1941,ASSIGN9701,Mathematics,No,15,4
STU1941,ASSIGN9702,Biology,Yes,0,73
STU1941,ASSIGN9703,Physics,No,10,20
STU1941,ASSIGN9704,Biology,No,12,17
STU1941,ASSIGN9705,Biology,No,9,11
STU1942,ASSIGN9706,Mathematics,No,11,19
STU1942,ASSIGN9707,Mathematics,Yes,1,44
STU1942,ASSIGN9708,Mathematics,No,12,19
STU1942,ASSIGN9709,Mathematics,No,9,15
STU1942,ASSIGN9710,Physics,Yes,5,95
STU1943,ASSIGN9711,Physics,No,14,25
STU1943,ASSIGN9712,Physics,Yes,3,65
STU1943,ASSIGN9713,Physics,No,12,30
STU1943,ASSIGN9714,Biology,Yes,5,74
STU1943,ASSIGN9715,Mathematics,No,8,33
STU1944,ASSIGN9716,Chemistry,Yes,2,88
STU1944,ASSIGN9717,Biology,No,6,25
STU1944,ASSIGN9718,Biology,Yes,3,42
STU1944,ASSIGN9719,Chemistry,Yes,5,91
STU1944,ASSIGN9720,Mathematics,Yes,5,61
STU1945,ASSIGN9721,Chemistry,No,9,21
STU1945,ASSIGN9722,Physics,Yes,3,67
STU1945,ASSIGN9723,Chemistry,No,11,8
STU1945,ASSIGN9724,Chemistry,No,12,36
STU1945,ASSIGN9725,Chemistry,No,6,31
STU1946,ASSIGN9726,Chemistry,Yes,1,54
STU1946,ASSIGN9727,Biology,Yes,3,85
STU1946,ASSIGN9728,Mathematics,Yes,1,84
STU1946,ASSIGN9729,Biology,No,14,4
STU1946,ASSIGN9730,Chemistry,Yes,4,88
STU1947,ASSIGN9731,Mathematics,No,15,40
STU1947,ASSIGN9732,Mathematics,Yes,1,91
STU1947,ASSIGN9733,Physics,Yes,2,59
STU1947,ASSIGN9734,Chemistry,No,6,1
STU1947,ASSIGN9735,Physics,Yes,5,96
STU1948,ASSIGN9736,Chemistry,No,6,20
STU1948,ASSIGN9737,Chemistry,Yes,3,61
STU1948,ASSIGN9738,Physics,Yes,2,62
STU1948,ASSIGN9739,Biology,No,7,19
STU1948,ASSIGN9740,Mathematics,No,13,8
STU1949,ASSIGN9741,Chemistry,No,10,30
STU1949,ASSIGN9742,Chemistry,Yes,4,45
STU1949,ASSIGN9743,Mathematics,No,12,26
STU1949,ASSIGN9744,Mathematics,No,13,27
STU1949,ASSIGN9745,Biology,Yes,2,87
STU1950,ASSIGN9746,Biology,No,12,24
STU1950,ASSIGN9747,Biology,No,14,14
STU1950,ASSIGN9748,Biology,Yes,3,76
STU1950,ASSIGN9749,Chemistry,Yes,2,89
STU1950,ASSIGN9750,Physics,Yes,3,68
STU1951,ASSIGN9751,Physics,Yes,5,56
STU1951,ASSIGN9752,Biology,Yes,1,69
STU1951,ASSIGN9753,Chemistry,Yes,4,43
STU1951,ASSIGN9754,Physics,No,14,16
STU1951,ASSIGN9755,Biology,Yes,0,47
STU1952,ASSIGN9756,Biology,No,11,39
STU1952,ASSIGN9757,Biology,Yes,4,44
STU1952,ASSIGN9758,Biology,No,9,40
STU1952,ASSIGN9759,Biology,No,7,20
STU1952,ASSIGN9760,Biology,No,11,35
STU1953,ASSIGN9761,Mathematics,No,14,5
STU1953,ASSIGN9762,Biology,No,12,37
STU1953,ASSIGN9763,Chemistry,No,9,4
STU1953,ASSIGN9764,Physics,Yes,2,84
STU1953,ASSIGN9765,Mathematics,Yes,0,62
STU1954,ASSIGN9766,Physics,No,12,19
STU1954,ASSIGN9767,Physics,Yes,0,70
STU1954,ASSIGN9768,Physics,Yes,5,77
STU1954,ASSIGN9769,Chemistry,No,6,13
STU1954,ASSIGN9770,Physics,No,12,40
STU1955,ASSIGN9771,Biology,No,9,23
STU1955,ASSIGN9772,Mathematics,No,13,20
STU1955,ASSIGN9773,Physics,No,9,12
STU1955,ASSIGN9774,Chemistry,Yes,2,96
STU1955,ASSIGN9775,Biology,Yes,5,91
STU1956,ASSIGN9776,Mathematics,No,9,11
STU1956,ASSIGN9777,Physics,No,10,27
STU1956,ASSIGN9778,Physics,No,7,39
STU1956,ASSIGN9779,Biology,No,10,23
STU1956,ASSIGN9780,Biology,Yes,1,79
STU1957,ASSIGN9781,Chemistry,Yes,5,53
STU1957,ASSIGN9782,Mathematics,Yes,3,98
STU1957,ASSIGN9783,Mathematics,Yes,2,66
STU1957,ASSIGN9784,Biology,No,9,19
STU1957,ASSIGN9785,Chemistry,Yes,3,61
STU1958,ASSIGN9786,Mathematics,Yes,4,83
STU1958,ASSIGN9787,Biology,Yes,3,55
STU1958,ASSIGN9788,Biology,Yes,2,68
STU1958,ASSIGN9789,Mathematics,No,13,39
STU1958,ASSIGN9790,Mathematics,No,14,25
STU1959,ASSIGN9791,Mathematics,No,13,33
STU1959,ASSIGN9792,Physics,Yes,4,78
STU1959,ASSIGN9793,Chemistry,Yes,0,58
STU1959,ASSIGN9794,Mathematics,No,6,21
STU1959,ASSIGN9795,Biology,Yes,2,86
STU1960,ASSIGN9796,Biology,No,9,29
STU1960,ASSIGN9797,Chemistry,No,13,17
STU1960,ASSIGN9798,Biology,No,6,39
STU1960,ASSIGN9799,Biology,No,13,12
STU1960,ASSIGN9800,Biology,Yes,0,78
STU1961,ASSIGN9801,Biology,No,8,33
STU1961,ASSIGN9802,Physics,No,15,5
STU1961,ASSIGN9803,Mathematics,No,13,13
STU1961,ASSIGN9804,Mathematics,Yes,5,96
STU1961,ASSIGN9805,Biology,Yes,0,99
STU1962,ASSIGN9806,Biology,Yes,1,52
STU1962,ASSIGN9807,Mathematics,Yes,0,87
STU1962,ASSIGN9808,Biology,No,12,18
STU1962,ASSIGN9809,Chemistry,No,9,32
STU1962,ASSIGN9810,Physics,No,8,7
STU1963,ASSIGN9811,Mathematics,Yes,5,46
STU1963,ASSIGN9812,Biology,No,9,17
STU1963,ASSIGN9813,Biology,No,10,8
STU1963,ASSIGN9814,Mathematics,Yes,1,60
STU1963,ASSIGN9815,Chemistry,Yes,5,58
STU1964,ASSIGN9816,Physics,Yes,4,92
STU1964,ASSIGN9817,Biology,Yes,3,42
STU1964,ASSIGN9818,Mathematics,Yes,4,53
STU1964,ASSIGN9819,Biology,Yes,4,71
STU1964,ASSIGN9820,Mathematics,Yes,5,95
STU1965,ASSIGN9821,Mathematics,No,7,18
STU1965,ASSIGN9822,Mathematics,Yes,1,47
STU1965,ASSIGN9823,Physics,No,9,1
STU1965,ASSIGN9824,Chemistry,Yes,1,56
STU1965,ASSIGN9825,Chemistry,Yes,0,83
STU1966,ASSIGN9826,Biology,No,8,16
STU1966,ASSIGN9827,Chemistry,Yes,0,65
STU1966,ASSIGN9828,Chemistry,No,9,30
STU1966,ASSIGN9829,Chemistry,Yes,1,67
STU1966,ASSIGN9830,Chemistry,No,15,17
STU1967,ASSIGN9831,Chemistry,Yes,0,58
STU1967,ASSIGN9832,Chemistry,No,13,9
STU1967,ASSIGN9833,Chemistry,Yes,2,50
STU1967,ASSIGN9834,Physics,No,13,2
STU1967,ASSIGN9835,Chemistry,Yes,2,73
STU1968,ASSIGN9836,Physics,Yes,1,93
STU1968,ASSIGN9837,Mathematics,Yes,2,66
STU1968,ASSIGN9838,Mathematics,Yes,5,82
STU1968,ASSIGN9839,Physics,No,8,23
STU1968,ASSIGN9840,Physics,Yes,0,85
STU1969,ASSIGN9841,Chemistry,Yes,0,89
STU1969,ASSIGN9842,Physics,No,14,9
STU1969,ASSIGN9843,Biology,No,14,2
STU1969,ASSIGN9844,Mathematics,No,10,9
STU1969,ASSIGN9845,Mathematics,Yes,0,88
STU1970,ASSIGN9846,Chemistry,No,9,6
STU1970,ASSIGN9847,Chemistry,Yes,2,64
STU1970,ASSIGN9848,Physics,No,14,19
STU1970,ASSIGN9849,Mathematics,No,7,23
STU1970,ASSIGN9850,Physics,No,12,39
STU1971,ASSIGN9851,Biology,No,10,27
STU1971,ASSIGN9852,Biology,No,8,35
STU1971,ASSIGN9853,Physics,No,15,30
STU1971,ASSIGN9854,Mathematics,Yes,1,78
STU1971,ASSIGN9855,Mathematics,No,15,40
STU1972,ASSIGN9856,Chemistry,No,14,33
STU1972,ASSIGN9857,Chemistry,Yes,3,94
STU1972,ASSIGN9858,Physics,No,13,14
STU1972,ASSIGN9859,Chemistry,No,7,31
STU1972,ASSIGN9860,Chemistry,No,10,33
STU1973,ASSIGN9861,Biology,No,8,24
STU1973,ASSIGN9862,Physics,No,12,31
STU1973,ASSIGN9863,Physics,No,8,20
STU1973,ASSIGN9864,Biology,Yes,4,96
STU1973,ASSIGN9865,Chemistry,Yes,4,77
STU1974,ASSIGN9866,Physics,Yes,5,99
STU1974,ASSIGN9867,Chemistry,No,11,14
STU1974,ASSIGN9868,Physics,No,14,40
STU1974,ASSIGN9869,Chemistry,Yes,2,88
STU1974,ASSIGN9870,Physics,Yes,1,44
STU1975,ASSIGN9871,Biology,No,12,6
STU1975,ASSIGN9872,Mathematics,No,10,28
STU1975,ASSIGN9873,Physics,No,11,30
STU1975,ASSIGN9874,Mathematics,No,9,12
STU1975,ASSIGN9875,Biology,No,15,4
STU1976,ASSIGN9876,Physics,Yes,5,78
STU1976,ASSIGN9877,Biology,No,14,7
STU1976,ASSIGN9878,Mathematics,No,11,7
STU1976,ASSIGN9879,Physics,Yes,1,82
STU1976,ASSIGN9880,Biology,No,7,8
STU1977,ASSIGN9881,Mathematics,No,10,1
STU1977,ASSIGN9882,Mathematics,Yes,1,75
STU1977,ASSIGN9883,Chemistry,No,7,10
STU1977,ASSIGN9884,Physics,Yes,0,78
STU1977,ASSIGN9885,Mathematics,No,15,17
STU1978,ASSIGN9886,Biology,Yes,0,95
STU1978,ASSIGN9887,Biology,No,14,0
STU1978,ASSIGN9888,Biology,No,14,39
STU1978,ASSIGN9889,Chemistry,Yes,5,83
STU1978,ASSIGN9890,Physics,No,10,7
STU1979,ASSIGN9891,Mathematics,Yes,5,51
STU1979,ASSIGN9892,Physics,Yes,1,55
STU1979,ASSIGN9893,Mathematics,No,7,40
STU1979,ASSIGN9894,Chemistry,No,10,40
STU1979,ASSIGN9895,Biology,Yes,2,67
STU1980,ASSIGN9896,Biology,No,14,36
STU1980,ASSIGN9897,Biology,Yes,0,50
STU1980,ASSIGN9898,Biology,No,15,37
STU1980,ASSIGN9899,Biology,No,8,19
STU1980,ASSIGN9900,Chemistry,Yes,4,92
STU1981,ASSIGN9901,Physics,Yes,0,60
STU1981,ASSIGN9902,Mathematics,Yes,5,95
STU1981,ASSIGN9903,Mathematics,No,13,30
STU1981,ASSIGN9904,Physics,No,11,33
STU1981,ASSIGN9905,Mathematics,No,15,34
STU1982,ASSIGN9906,Chemistry,Yes,0,54
STU1982,ASSIGN9907,Physics,No,14,39
STU1982,ASSIGN9908,Mathematics,Yes,1,74
STU1982,ASSIGN9909,Physics,Yes,0,52
STU1982,ASSIGN9910,Mathematics,No,10,24
STU1983,ASSIGN9911,Biology,No,10,33
STU1983,ASSIGN9912,Biology,Yes,1,72
STU1983,ASSIGN9913,Mathematics,No,10,35
STU1983,ASSIGN9914,Chemistry,No,6,23
STU1983,ASSIGN9915,Mathematics,No,11,7
STU1984,ASSIGN9916,Biology,Yes,0,96
STU1984,ASSIGN9917,Physics,Yes,0,45
STU1984,ASSIGN9918,Chemistry,Yes,0,40
STU1984,ASSIGN9919,Physics,No,11,21
STU1984,ASSIGN9920,Chemistry,No,15,18
STU1985,ASSIGN9921,Chemistry,Yes,3,63
STU1985,ASSIGN9922,Biology,Yes,1,86
STU1985,ASSIGN9923,Physics,No,7,14
STU1985,ASSIGN9924,Biology,No,12,35
STU1985,ASSIGN9925,Physics,Yes,5,81
STU1986,ASSIGN9926,Chemistry,Yes,0,57
STU1986,ASSIGN9927,Mathematics,Yes,0,96
STU1986,ASSIGN9928,Physics,Yes,3,50
STU1986,ASSIGN9929,Physics,Yes,5,84
STU1986,ASSIGN9930,Physics,No,8,27
STU1987,ASSIGN9931,Mathematics,Yes,4,66
STU1987,ASSIGN9932,Chemistry,No,7,4
STU1987,ASSIGN9933,Chemistry,No,10,14
STU1987,ASSIGN9934,Physics,No,12,13
STU1987,ASSIGN9935,Biology,Yes,3,82
STU1988,ASSIGN9936,Mathematics,Yes,1,46
STU1988,ASSIGN9937,Physics,Yes,1,55
STU1988,ASSIGN9938,Chemistry,No,11,18
STU1988,ASSIGN9939,Biology,No,15,7
STU1988,ASSIGN9940,Physics,No,15,5
STU1989,ASSIGN9941,Physics,Yes,3,72
STU1989,ASSIGN9942,Mathematics,No,14,29
STU1989,ASSIGN9943,Physics,No,10,21
STU1989,ASSIGN9944,Physics,No,8,38
STU1989,ASSIGN9945,Biology,No,7,18
STU1990,ASSIGN9946,Physics,No,12,22
STU1990,ASSIGN9947,Chemistry,Yes,1,56
STU1990,ASSIGN9948,Mathematics,No,8,10
STU1990,ASSIGN9949,Physics,Yes,4,96
STU1990,ASSIGN9950,Chemistry,No,10,24
STU1991,ASSIGN9951,Chemistry,No,9,30
STU1991,ASSIGN9952,Chemistry,Yes,0,99
STU1991,ASSIGN9953,Mathematics,No,10,8
STU1991,ASSIGN9954,Biology,Yes,4,67
STU1991,ASSIGN9955,Chemistry,Yes,5,42
STU1992,ASSIGN9956,Mathematics,No,14,29
STU1992,ASSIGN9957,Chemistry,Yes,3,81
STU1992,ASSIGN9958,Physics,No,10,40
STU1992,ASSIGN9959,Mathematics,Yes,4,42
STU1992,ASSIGN9960,Biology,Yes,3,71
STU1993,ASSIGN9961,Biology,No,6,34
STU1993,ASSIGN9962,Mathematics,Yes,0,100
STU1993,ASSIGN9963,Chemistry,No,11,4
STU1993,ASSIGN9964,Biology,Yes,2,80
STU1993,ASSIGN9965,Biology,Yes,1,77
STU1994,ASSIGN9966,Mathematics,No,10,25
STU1994,ASSIGN9967,Mathematics,No,9,24
STU1994,ASSIGN9968,Physics,No,10,19
STU1994,ASSIGN9969,Biology,Yes,3,53
STU1994,ASSIGN9970,Biology,No,7,33
STU1995,ASSIGN9971,Mathematics,Yes,3,45
STU1995,ASSIGN9972,Mathematics,Yes,4,56
STU1995,ASSIGN9973,Biology,No,10,34
STU1995,ASSIGN9974,Mathematics,Yes,5,94
STU1995,ASSIGN9975,Mathematics,No,13,30
STU1996,ASSIGN9976,Biology,No,6,34
STU1996,ASSIGN9977,Biology,Yes,5,70
STU1996,ASSIGN9978,Physics,Yes,4,77
STU1996,ASSIGN9979,Physics,Yes,4,55
STU1996,ASSIGN9980,Chemistry,No,12,23
STU1997,ASSIGN9981,Physics,No,10,9
STU1997,ASSIGN9982,Chemistry,Yes,2,88
STU1997,ASSIGN9983,Biology,Yes,4,73
STU1997,ASSIGN9984,Chemistry,No,13,1
STU1997,ASSIGN9985,Chemistry,No,8,25
STU1998,ASSIGN9986,Mathematics,No,7,29
STU1998,ASSIGN9987,Mathematics,No,9,30
STU1998,ASSIGN9988,Chemistry,No,13,29
STU1998,ASSIGN9989,Mathematics,Yes,4,92
STU1998,ASSIGN9990,Biology,Yes,1,47
STU1999,ASSIGN9991,Mathematics,Yes,4,91
STU1999,ASSIGN9992,Physics,No,6,40
STU1999,ASSIGN9993,Mathematics,Yes,4,93
STU1999,ASSIGN9994,Chemistry,Yes,2,93
STU1999,ASSIGN9995,Chemistry,Yes,2,76
STU2000,ASSIGN9996,Mathematics,No,9,26
STU2000,ASSIGN9997,Mathematics,No,10,31
STU2000,ASSIGN9998,Physics,Yes,4,80
STU2000,ASSIGN9999,Chemistry,No,8,8
STU2000,ASSIGN10000,Chemistry,Yes,3,48
