Student_ID,Quiz_ID,Subject,Chapter,Questions_Attempted,Correct,Incorrect,Accuracy,Average_Time_Per_Question
STU0001,QUIZ0001,Biology,Genetics,28,13,15,46.43,64.6
STU0001,QUIZ0002,Biology,Plant Physiology,18,6,12,33.33,34.7
STU0001,QUIZ0003,Physics,Electricity,20,6,14,30.0,32.54
STU0001,QUIZ0004,Biology,Cell,30,10,20,33.33,25.22
STU0001,QUIZ0005,Chemistry,Organic Chemistry,25,10,15,40.0,81.35
STU0001,QUIZ0006,Mathematics,Calculus,30,13,17,43.33,63.56
STU0002,QUIZ0007,Biology,Cell,23,12,11,52.17,66.91
STU0002,QUIZ0008,Chemistry,Atoms,25,5,20,20.0,27.14
STU0002,QUIZ0009,Biology,Genetics,23,19,4,82.61,35.38
STU0002,QUIZ0010,Chemistry,Chemical Bonding,17,16,1,94.12,52.65
STU0002,QUIZ0011,Mathematics,Calculus,29,22,7,75.86,47.99
STU0002,QUIZ0012,Chemistry,Chemical Bonding,18,8,10,44.44,23.39
STU0003,QUIZ0013,Biology,Human Body,19,17,2,89.47,78.34
STU0003,QUIZ0014,Chemistry,Chemical Bonding,30,21,9,70.0,74.59
STU0003,QUIZ0015,Physics,Electricity,19,8,11,42.11,31.6
STU0003,QUIZ0016,Physics,Work and Energy,16,11,5,68.75,58.85
STU0003,QUIZ0017,Physics,Electricity,21,8,13,38.1,50.97
STU0003,QUIZ0018,Physics,Laws of Motion,22,21,1,95.45,32.71
STU0004,QUIZ0019,Mathematics,Algebra,28,20,8,71.43,87.01
STU0004,QUIZ0020,Mathematics,Trigonometry,18,17,1,94.44,64.22
STU0004,QUIZ0021,Physics,Electricity,15,11,4,73.33,82.3
STU0004,QUIZ0022,Biology,Plant Physiology,27,26,1,96.3,63.94
STU0004,QUIZ0023,Biology,Genetics,30,30,0,100.0,21.73
STU0004,QUIZ0024,Mathematics,Algebra,19,11,8,57.89,29.02
STU0005,QUIZ0025,Chemistry,Atoms,21,13,8,61.9,77.27
STU0005,QUIZ0026,Mathematics,Algebra,30,23,7,76.67,28.68
STU0005,QUIZ0027,Chemistry,Chemical Bonding,27,20,7,74.07,24.26
STU0005,QUIZ0028,Physics,Laws of Motion,29,21,8,72.41,83.14
STU0005,QUIZ0029,Biology,Plant Physiology,23,13,10,56.52,34.96
STU0005,QUIZ0030,Chemistry,Atoms,18,8,10,44.44,63.85
STU0006,QUIZ0031,Physics,Motion,28,6,22,21.43,65.39
STU0006,QUIZ0032,Physics,Motion,25,22,3,88.0,88.34
STU0006,QUIZ0033,Biology,Plant Physiology,22,5,17,22.73,65.26
STU0006,QUIZ0034,Biology,Genetics,20,8,12,40.0,80.27
STU0006,QUIZ0035,Physics,Laws of Motion,23,16,7,69.57,31.67
STU0006,QUIZ0036,Mathematics,Algebra,26,7,19,26.92,72.0
STU0007,QUIZ0037,Chemistry,Atoms,15,15,0,100.0,28.94
STU0007,QUIZ0038,Biology,Human Body,25,8,17,32.0,76.45
STU0007,QUIZ0039,Chemistry,Organic Chemistry,25,14,11,56.0,22.68
STU0007,QUIZ0040,Physics,Motion,26,21,5,80.77,47.29
STU0007,QUIZ0041,Chemistry,Acids and Bases,29,7,22,24.14,49.4
STU0007,QUIZ0042,Chemistry,Acids and Bases,19,6,13,31.58,38.38
STU0008,QUIZ0043,Biology,Genetics,28,12,16,42.86,31.98
STU0008,QUIZ0044,Physics,Laws of Motion,17,5,12,29.41,24.73
STU0008,QUIZ0045,Chemistry,Organic Chemistry,25,12,13,48.0,24.29
STU0008,QUIZ0046,Chemistry,Organic Chemistry,16,11,5,68.75,72.6
STU0008,QUIZ0047,Chemistry,Organic Chemistry,30,7,23,23.33,76.39
STU0008,QUIZ0048,Biology,Cell,22,16,6,72.73,68.55
STU0009,QUIZ0049,Physics,Laws of Motion,26,22,4,84.62,53.02
STU0009,QUIZ0050,Physics,Electricity,20,14,6,70.0,52.55
STU0009,QUIZ0051,Physics,Work and Energy,26,10,16,38.46,48.86
STU0009,QUIZ0052,Biology,Plant Physiology,17,7,10,41.18,67.31
STU0009,QUIZ0053,Chemistry,Atoms,24,16,8,66.67,45.95
STU0009,QUIZ0054,Physics,Electricity,30,29,1,96.67,74.93
STU0010,QUIZ0055,Mathematics,Trigonometry,30,16,14,53.33,43.84
STU0010,QUIZ0056,Physics,Work and Energy,20,17,3,85.0,43.49
STU0010,QUIZ0057,Physics,Laws of Motion,21,6,15,28.57,71.19
STU0010,QUIZ0058,Biology,Genetics,27,24,3,88.89,69.3
STU0010,QUIZ0059,Mathematics,Trigonometry,29,14,15,48.28,72.4
STU0010,QUIZ0060,Biology,Cell,20,7,13,35.0,75.3
STU0011,QUIZ0061,Biology,Cell,22,14,8,63.64,56.63
STU0011,QUIZ0062,Chemistry,Organic Chemistry,29,23,6,79.31,37.92
STU0011,QUIZ0063,Physics,Work and Energy,18,12,6,66.67,52.82
STU0011,QUIZ0064,Physics,Electricity,17,7,10,41.18,29.0
STU0011,QUIZ0065,Biology,Cell,27,9,18,33.33,87.62
STU0011,QUIZ0066,Chemistry,Organic Chemistry,25,17,8,68.0,40.66
STU0012,QUIZ0067,Biology,Human Body,22,9,13,40.91,60.72
STU0012,QUIZ0068,Chemistry,Atoms,29,22,7,75.86,79.61
STU0012,QUIZ0069,Mathematics,Probability,25,22,3,88.0,27.36
STU0012,QUIZ0070,Mathematics,Probability,19,14,5,73.68,44.5
STU0012,QUIZ0071,Physics,Work and Energy,26,16,10,61.54,82.5
STU0012,QUIZ0072,Biology,Genetics,17,15,2,88.24,51.67
STU0013,QUIZ0073,Chemistry,Atoms,18,6,12,33.33,48.57
STU0013,QUIZ0074,Physics,Motion,24,18,6,75.0,38.71
STU0013,QUIZ0075,Chemistry,Acids and Bases,21,17,4,80.95,69.61
STU0013,QUIZ0076,Physics,Electricity,30,19,11,63.33,28.76
STU0013,QUIZ0077,Mathematics,Probability,21,16,5,76.19,39.19
STU0013,QUIZ0078,Biology,Cell,25,16,9,64.0,54.77
STU0014,QUIZ0079,Physics,Work and Energy,28,22,6,78.57,33.97
STU0014,QUIZ0080,Biology,Human Body,20,20,0,100.0,66.58
STU0014,QUIZ0081,Mathematics,Calculus,15,10,5,66.67,86.79
STU0014,QUIZ0082,Physics,Motion,20,15,5,75.0,61.31
STU0014,QUIZ0083,Biology,Plant Physiology,30,18,12,60.0,59.96
STU0014,QUIZ0084,Physics,Motion,15,5,10,33.33,68.3
STU0015,QUIZ0085,Biology,Cell,20,14,6,70.0,83.78
STU0015,QUIZ0086,Biology,Human Body,22,17,5,77.27,60.65
STU0015,QUIZ0087,Physics,Electricity,17,13,4,76.47,33.16
STU0015,QUIZ0088,Mathematics,Calculus,19,5,14,26.32,32.63
STU0015,QUIZ0089,Mathematics,Probability,24,23,1,95.83,23.7
STU0015,QUIZ0090,Physics,Motion,18,17,1,94.44,26.74
STU0016,QUIZ0091,Chemistry,Chemical Bonding,17,14,3,82.35,43.78
STU0016,QUIZ0092,Biology,Plant Physiology,21,17,4,80.95,65.01
STU0016,QUIZ0093,Biology,Genetics,27,9,18,33.33,82.98
STU0016,QUIZ0094,Chemistry,Atoms,20,19,1,95.0,72.08
STU0016,QUIZ0095,Physics,Laws of Motion,20,11,9,55.0,73.2
STU0016,QUIZ0096,Mathematics,Probability,29,12,17,41.38,41.15
STU0017,QUIZ0097,Biology,Genetics,18,16,2,88.89,22.01
STU0017,QUIZ0098,Biology,Human Body,27,26,1,96.3,38.6
STU0017,QUIZ0099,Physics,Work and Energy,30,14,16,46.67,60.15
STU0017,QUIZ0100,Chemistry,Atoms,24,5,19,20.83,30.25
STU0017,QUIZ0101,Chemistry,Chemical Bonding,28,5,23,17.86,28.11
STU0017,QUIZ0102,Chemistry,Chemical Bonding,15,14,1,93.33,38.79
STU0018,QUIZ0103,Mathematics,Probability,22,14,8,63.64,26.76
STU0018,QUIZ0104,Mathematics,Trigonometry,27,14,13,51.85,31.51
STU0018,QUIZ0105,Mathematics,Algebra,28,12,16,42.86,56.97
STU0018,QUIZ0106,Physics,Motion,27,16,11,59.26,66.49
STU0018,QUIZ0107,Biology,Cell,30,16,14,53.33,59.47
STU0018,QUIZ0108,Chemistry,Organic Chemistry,20,9,11,45.0,39.85
STU0019,QUIZ0109,Mathematics,Probability,23,9,14,39.13,70.46
STU0019,QUIZ0110,Biology,Genetics,15,7,8,46.67,79.57
STU0019,QUIZ0111,Physics,Electricity,24,16,8,66.67,82.7
STU0019,QUIZ0112,Physics,Laws of Motion,16,5,11,31.25,64.64
STU0019,QUIZ0113,Biology,Genetics,30,30,0,100.0,85.59
STU0019,QUIZ0114,Chemistry,Chemical Bonding,18,18,0,100.0,25.57
STU0020,QUIZ0115,Physics,Work and Energy,28,13,15,46.43,75.26
STU0020,QUIZ0116,Mathematics,Calculus,20,16,4,80.0,70.39
STU0020,QUIZ0117,Mathematics,Trigonometry,25,14,11,56.0,47.18
STU0020,QUIZ0118,Chemistry,Chemical Bonding,17,17,0,100.0,74.68
STU0020,QUIZ0119,Mathematics,Algebra,16,5,11,31.25,28.88
STU0020,QUIZ0120,Chemistry,Atoms,26,5,21,19.23,59.54
STU0021,QUIZ0121,Biology,Plant Physiology,19,19,0,100.0,44.0
STU0021,QUIZ0122,Physics,Laws of Motion,20,20,0,100.0,54.65
STU0021,QUIZ0123,Mathematics,Algebra,22,13,9,59.09,79.47
STU0021,QUIZ0124,Mathematics,Calculus,27,17,10,62.96,64.76
STU0021,QUIZ0125,Physics,Laws of Motion,16,5,11,31.25,28.13
STU0021,QUIZ0126,Chemistry,Acids and Bases,15,14,1,93.33,27.86
STU0022,QUIZ0127,Mathematics,Probability,19,13,6,68.42,81.82
STU0022,QUIZ0128,Physics,Laws of Motion,19,6,13,31.58,31.83
STU0022,QUIZ0129,Physics,Work and Energy,30,5,25,16.67,46.33
STU0022,QUIZ0130,Chemistry,Atoms,26,12,14,46.15,50.93
STU0022,QUIZ0131,Chemistry,Atoms,25,20,5,80.0,79.59
STU0022,QUIZ0132,Biology,Cell,24,13,11,54.17,51.07
STU0023,QUIZ0133,Mathematics,Trigonometry,19,13,6,68.42,89.81
STU0023,QUIZ0134,Biology,Human Body,15,7,8,46.67,89.56
STU0023,QUIZ0135,Chemistry,Organic Chemistry,25,20,5,80.0,57.03
STU0023,QUIZ0136,Mathematics,Trigonometry,27,5,22,18.52,85.63
STU0023,QUIZ0137,Chemistry,Chemical Bonding,23,20,3,86.96,52.67
STU0023,QUIZ0138,Biology,Human Body,30,29,1,96.67,26.46
STU0024,QUIZ0139,Biology,Genetics,28,26,2,92.86,27.61
STU0024,QUIZ0140,Physics,Motion,26,13,13,50.0,51.46
STU0024,QUIZ0141,Biology,Human Body,18,14,4,77.78,71.83
STU0024,QUIZ0142,Mathematics,Probability,23,15,8,65.22,43.02
STU0024,QUIZ0143,Biology,Human Body,30,7,23,23.33,87.9
STU0024,QUIZ0144,Physics,Laws of Motion,18,12,6,66.67,53.7
STU0025,QUIZ0145,Biology,Cell,22,5,17,22.73,49.36
STU0025,QUIZ0146,Chemistry,Acids and Bases,26,8,18,30.77,60.31
STU0025,QUIZ0147,Chemistry,Chemical Bonding,29,15,14,51.72,52.5
STU0025,QUIZ0148,Chemistry,Organic Chemistry,18,17,1,94.44,34.22
STU0025,QUIZ0149,Biology,Plant Physiology,15,9,6,60.0,20.85
STU0025,QUIZ0150,Physics,Work and Energy,23,16,7,69.57,31.42
STU0026,QUIZ0151,Biology,Cell,30,7,23,23.33,56.55
STU0026,QUIZ0152,Physics,Laws of Motion,29,9,20,31.03,61.49
STU0026,QUIZ0153,Mathematics,Trigonometry,24,13,11,54.17,58.83
STU0026,QUIZ0154,Biology,Human Body,21,6,15,28.57,42.93
STU0026,QUIZ0155,Chemistry,Organic Chemistry,15,11,4,73.33,59.86
STU0026,QUIZ0156,Mathematics,Probability,25,18,7,72.0,83.03
STU0027,QUIZ0157,Chemistry,Atoms,30,8,22,26.67,46.84
STU0027,QUIZ0158,Chemistry,Organic Chemistry,16,8,8,50.0,39.8
STU0027,QUIZ0159,Biology,Genetics,27,25,2,92.59,84.82
STU0027,QUIZ0160,Mathematics,Probability,29,20,9,68.97,31.74
STU0027,QUIZ0161,Physics,Motion,23,15,8,65.22,47.37
STU0027,QUIZ0162,Chemistry,Atoms,24,10,14,41.67,43.81
STU0028,QUIZ0163,Mathematics,Calculus,25,13,12,52.0,32.82
STU0028,QUIZ0164,Physics,Motion,20,8,12,40.0,54.08
STU0028,QUIZ0165,Physics,Motion,20,10,10,50.0,24.95
STU0028,QUIZ0166,Mathematics,Probability,24,5,19,20.83,53.41
STU0028,QUIZ0167,Mathematics,Probability,25,9,16,36.0,23.8
STU0028,QUIZ0168,Biology,Human Body,17,16,1,94.12,50.88
STU0029,QUIZ0169,Physics,Work and Energy,20,19,1,95.0,39.18
STU0029,QUIZ0170,Physics,Electricity,29,8,21,27.59,49.24
STU0029,QUIZ0171,Mathematics,Calculus,21,17,4,80.95,45.21
STU0029,QUIZ0172,Physics,Work and Energy,25,10,15,40.0,82.41
STU0029,QUIZ0173,Physics,Laws of Motion,20,8,12,40.0,20.08
STU0029,QUIZ0174,Physics,Work and Energy,29,25,4,86.21,36.12
STU0030,QUIZ0175,Physics,Laws of Motion,17,8,9,47.06,64.48
STU0030,QUIZ0176,Mathematics,Probability,15,5,10,33.33,62.78
STU0030,QUIZ0177,Physics,Electricity,25,23,2,92.0,31.5
STU0030,QUIZ0178,Biology,Cell,23,11,12,47.83,35.78
STU0030,QUIZ0179,Chemistry,Atoms,30,9,21,30.0,80.52
STU0030,QUIZ0180,Biology,Genetics,28,14,14,50.0,66.5
STU0031,QUIZ0181,Chemistry,Acids and Bases,20,5,15,25.0,81.8
STU0031,QUIZ0182,Biology,Genetics,26,12,14,46.15,66.96
STU0031,QUIZ0183,Biology,Human Body,25,6,19,24.0,75.58
STU0031,QUIZ0184,Mathematics,Probability,30,15,15,50.0,53.66
STU0031,QUIZ0185,Biology,Cell,16,11,5,68.75,70.87
STU0031,QUIZ0186,Mathematics,Trigonometry,30,12,18,40.0,30.92
STU0032,QUIZ0187,Physics,Work and Energy,28,23,5,82.14,77.77
STU0032,QUIZ0188,Chemistry,Organic Chemistry,17,7,10,41.18,57.17
STU0032,QUIZ0189,Mathematics,Probability,18,9,9,50.0,63.2
STU0032,QUIZ0190,Biology,Human Body,19,10,9,52.63,53.45
STU0032,QUIZ0191,Physics,Laws of Motion,26,24,2,92.31,20.56
STU0032,QUIZ0192,Chemistry,Chemical Bonding,21,12,9,57.14,41.19
STU0033,QUIZ0193,Physics,Laws of Motion,27,27,0,100.0,27.39
STU0033,QUIZ0194,Biology,Cell,28,11,17,39.29,20.28
STU0033,QUIZ0195,Physics,Laws of Motion,22,16,6,72.73,51.4
STU0033,QUIZ0196,Chemistry,Atoms,27,21,6,77.78,44.92
STU0033,QUIZ0197,Physics,Motion,27,10,17,37.04,67.73
STU0033,QUIZ0198,Chemistry,Atoms,30,19,11,63.33,55.54
STU0034,QUIZ0199,Chemistry,Acids and Bases,28,17,11,60.71,60.56
STU0034,QUIZ0200,Chemistry,Chemical Bonding,28,26,2,92.86,51.91
STU0034,QUIZ0201,Physics,Work and Energy,16,15,1,93.75,21.12
STU0034,QUIZ0202,Physics,Laws of Motion,23,21,2,91.3,49.91
STU0034,QUIZ0203,Biology,Cell,29,5,24,17.24,79.17
STU0034,QUIZ0204,Biology,Cell,28,18,10,64.29,75.64
STU0035,QUIZ0205,Physics,Work and Energy,22,10,12,45.45,24.92
STU0035,QUIZ0206,Mathematics,Algebra,16,9,7,56.25,48.94
STU0035,QUIZ0207,Physics,Electricity,21,15,6,71.43,73.35
STU0035,QUIZ0208,Physics,Laws of Motion,27,27,0,100.0,84.9
STU0035,QUIZ0209,Physics,Motion,29,5,24,17.24,25.31
STU0035,QUIZ0210,Chemistry,Organic Chemistry,15,10,5,66.67,55.74
STU0036,QUIZ0211,Mathematics,Probability,30,11,19,36.67,67.92
STU0036,QUIZ0212,Chemistry,Organic Chemistry,22,21,1,95.45,29.12
STU0036,QUIZ0213,Chemistry,Chemical Bonding,17,5,12,29.41,65.91
STU0036,QUIZ0214,Physics,Laws of Motion,17,13,4,76.47,35.5
STU0036,QUIZ0215,Mathematics,Probability,27,20,7,74.07,49.53
STU0036,QUIZ0216,Biology,Plant Physiology,26,20,6,76.92,56.64
STU0037,QUIZ0217,Mathematics,Calculus,20,7,13,35.0,26.48
STU0037,QUIZ0218,Chemistry,Acids and Bases,21,18,3,85.71,45.14
STU0037,QUIZ0219,Mathematics,Calculus,25,23,2,92.0,70.04
STU0037,QUIZ0220,Biology,Cell,27,10,17,37.04,58.72
STU0037,QUIZ0221,Physics,Motion,16,16,0,100.0,23.06
STU0037,QUIZ0222,Chemistry,Atoms,28,12,16,42.86,66.29
STU0038,QUIZ0223,Physics,Electricity,27,15,12,55.56,56.67
STU0038,QUIZ0224,Physics,Motion,20,8,12,40.0,87.2
STU0038,QUIZ0225,Mathematics,Algebra,15,13,2,86.67,35.74
STU0038,QUIZ0226,Physics,Electricity,20,15,5,75.0,68.18
STU0038,QUIZ0227,Biology,Human Body,30,28,2,93.33,36.59
STU0038,QUIZ0228,Biology,Plant Physiology,15,14,1,93.33,25.29
STU0039,QUIZ0229,Physics,Work and Energy,29,8,21,27.59,87.11
STU0039,QUIZ0230,Mathematics,Trigonometry,15,9,6,60.0,83.17
STU0039,QUIZ0231,Mathematics,Algebra,30,16,14,53.33,31.73
STU0039,QUIZ0232,Physics,Laws of Motion,17,8,9,47.06,48.43
STU0039,QUIZ0233,Mathematics,Algebra,18,14,4,77.78,82.53
STU0039,QUIZ0234,Biology,Plant Physiology,18,7,11,38.89,52.68
STU0040,QUIZ0235,Physics,Work and Energy,18,14,4,77.78,33.89
STU0040,QUIZ0236,Physics,Work and Energy,30,7,23,23.33,69.75
STU0040,QUIZ0237,Mathematics,Probability,22,6,16,27.27,62.14
STU0040,QUIZ0238,Physics,Work and Energy,25,5,20,20.0,54.7
STU0040,QUIZ0239,Chemistry,Acids and Bases,16,5,11,31.25,72.11
STU0040,QUIZ0240,Mathematics,Calculus,20,20,0,100.0,60.14
STU0041,QUIZ0241,Chemistry,Acids and Bases,28,21,7,75.0,74.14
STU0041,QUIZ0242,Biology,Plant Physiology,29,13,16,44.83,49.75
STU0041,QUIZ0243,Biology,Plant Physiology,28,17,11,60.71,53.88
STU0041,QUIZ0244,Physics,Work and Energy,17,10,7,58.82,22.21
STU0041,QUIZ0245,Biology,Cell,25,11,14,44.0,51.12
STU0041,QUIZ0246,Chemistry,Chemical Bonding,15,5,10,33.33,69.14
STU0042,QUIZ0247,Biology,Human Body,25,15,10,60.0,23.83
STU0042,QUIZ0248,Biology,Human Body,24,6,18,25.0,31.43
STU0042,QUIZ0249,Chemistry,Chemical Bonding,22,15,7,68.18,88.66
STU0042,QUIZ0250,Chemistry,Acids and Bases,22,8,14,36.36,87.81
STU0042,QUIZ0251,Mathematics,Trigonometry,18,17,1,94.44,27.04
STU0042,QUIZ0252,Physics,Electricity,21,21,0,100.0,67.97
STU0043,QUIZ0253,Biology,Genetics,23,7,16,30.43,56.96
STU0043,QUIZ0254,Mathematics,Probability,22,5,17,22.73,24.54
STU0043,QUIZ0255,Biology,Cell,28,5,23,17.86,82.18
STU0043,QUIZ0256,Biology,Human Body,26,6,20,23.08,62.06
STU0043,QUIZ0257,Mathematics,Algebra,15,12,3,80.0,29.58
STU0043,QUIZ0258,Mathematics,Calculus,20,15,5,75.0,23.86
STU0044,QUIZ0259,Mathematics,Calculus,26,10,16,38.46,22.08
STU0044,QUIZ0260,Physics,Laws of Motion,19,12,7,63.16,28.09
STU0044,QUIZ0261,Physics,Motion,30,23,7,76.67,77.26
STU0044,QUIZ0262,Biology,Human Body,29,13,16,44.83,47.15
STU0044,QUIZ0263,Biology,Human Body,25,24,1,96.0,56.96
STU0044,QUIZ0264,Chemistry,Atoms,17,9,8,52.94,55.63
STU0045,QUIZ0265,Physics,Work and Energy,21,10,11,47.62,61.15
STU0045,QUIZ0266,Biology,Genetics,22,21,1,95.45,67.96
STU0045,QUIZ0267,Biology,Cell,27,17,10,62.96,75.4
STU0045,QUIZ0268,Biology,Human Body,26,20,6,76.92,84.89
STU0045,QUIZ0269,Mathematics,Probability,25,6,19,24.0,59.61
STU0045,QUIZ0270,Physics,Work and Energy,16,10,6,62.5,44.56
STU0046,QUIZ0271,Mathematics,Calculus,19,13,6,68.42,60.96
STU0046,QUIZ0272,Physics,Electricity,26,16,10,61.54,71.78
STU0046,QUIZ0273,Mathematics,Algebra,17,7,10,41.18,27.06
STU0046,QUIZ0274,Biology,Human Body,23,19,4,82.61,27.47
STU0046,QUIZ0275,Chemistry,Atoms,29,11,18,37.93,84.84
STU0046,QUIZ0276,Mathematics,Algebra,26,5,21,19.23,85.38
STU0047,QUIZ0277,Physics,Laws of Motion,28,9,19,32.14,25.2
STU0047,QUIZ0278,Chemistry,Atoms,27,6,21,22.22,38.25
STU0047,QUIZ0279,Physics,Electricity,23,13,10,56.52,67.26
STU0047,QUIZ0280,Physics,Electricity,18,13,5,72.22,24.79
STU0047,QUIZ0281,Mathematics,Calculus,26,25,1,96.15,20.28
STU0047,QUIZ0282,Mathematics,Algebra,29,17,12,58.62,83.66
STU0048,QUIZ0283,Biology,Plant Physiology,21,10,11,47.62,35.22
STU0048,QUIZ0284,Mathematics,Probability,15,6,9,40.0,84.1
STU0048,QUIZ0285,Mathematics,Probability,27,15,12,55.56,73.65
STU0048,QUIZ0286,Chemistry,Chemical Bonding,28,17,11,60.71,25.14
STU0048,QUIZ0287,Biology,Genetics,21,6,15,28.57,40.96
STU0048,QUIZ0288,Physics,Work and Energy,26,16,10,61.54,39.63
STU0049,QUIZ0289,Biology,Cell,29,24,5,82.76,26.9
STU0049,QUIZ0290,Mathematics,Calculus,20,20,0,100.0,41.36
STU0049,QUIZ0291,Chemistry,Organic Chemistry,19,17,2,89.47,37.4
STU0049,QUIZ0292,Chemistry,Atoms,20,19,1,95.0,20.4
STU0049,QUIZ0293,Biology,Cell,20,10,10,50.0,35.21
STU0049,QUIZ0294,Mathematics,Calculus,21,5,16,23.81,70.39
STU0050,QUIZ0295,Chemistry,Chemical Bonding,28,24,4,85.71,27.61
STU0050,QUIZ0296,Chemistry,Atoms,22,12,10,54.55,65.93
STU0050,QUIZ0297,Mathematics,Calculus,18,18,0,100.0,34.81
STU0050,QUIZ0298,Physics,Motion,27,11,16,40.74,87.39
STU0050,QUIZ0299,Chemistry,Atoms,21,7,14,33.33,31.29
STU0050,QUIZ0300,Chemistry,Atoms,22,6,16,27.27,62.65
STU0051,QUIZ0301,Physics,Electricity,24,7,17,29.17,59.52
STU0051,QUIZ0302,Biology,Human Body,18,13,5,72.22,44.54
STU0051,QUIZ0303,Biology,Plant Physiology,29,9,20,31.03,70.69
STU0051,QUIZ0304,Chemistry,Organic Chemistry,15,13,2,86.67,75.41
STU0051,QUIZ0305,Chemistry,Atoms,20,19,1,95.0,46.45
STU0051,QUIZ0306,Biology,Plant Physiology,27,9,18,33.33,71.81
STU0052,QUIZ0307,Physics,Laws of Motion,18,7,11,38.89,62.11
STU0052,QUIZ0308,Physics,Work and Energy,20,18,2,90.0,81.5
STU0052,QUIZ0309,Mathematics,Calculus,26,7,19,26.92,74.01
STU0052,QUIZ0310,Physics,Electricity,15,6,9,40.0,89.7
STU0052,QUIZ0311,Biology,Cell,28,22,6,78.57,62.15
STU0052,QUIZ0312,Chemistry,Organic Chemistry,29,15,14,51.72,70.02
STU0053,QUIZ0313,Chemistry,Atoms,29,26,3,89.66,87.4
STU0053,QUIZ0314,Chemistry,Atoms,18,15,3,83.33,50.25
STU0053,QUIZ0315,Physics,Motion,29,5,24,17.24,33.14
STU0053,QUIZ0316,Mathematics,Algebra,28,6,22,21.43,42.17
STU0053,QUIZ0317,Biology,Human Body,29,18,11,62.07,31.39
STU0053,QUIZ0318,Physics,Motion,26,23,3,88.46,31.21
STU0054,QUIZ0319,Physics,Laws of Motion,25,20,5,80.0,64.3
STU0054,QUIZ0320,Biology,Human Body,25,20,5,80.0,39.73
STU0054,QUIZ0321,Chemistry,Acids and Bases,21,16,5,76.19,52.56
STU0054,QUIZ0322,Mathematics,Probability,22,13,9,59.09,45.71
STU0054,QUIZ0323,Physics,Electricity,22,21,1,95.45,75.21
STU0054,QUIZ0324,Mathematics,Trigonometry,28,13,15,46.43,27.07
STU0055,QUIZ0325,Chemistry,Acids and Bases,16,12,4,75.0,31.01
STU0055,QUIZ0326,Physics,Laws of Motion,25,8,17,32.0,52.21
STU0055,QUIZ0327,Mathematics,Probability,27,26,1,96.3,53.55
STU0055,QUIZ0328,Mathematics,Trigonometry,28,15,13,53.57,73.06
STU0055,QUIZ0329,Physics,Electricity,25,14,11,56.0,75.66
STU0055,QUIZ0330,Physics,Electricity,23,11,12,47.83,60.58
STU0056,QUIZ0331,Chemistry,Organic Chemistry,25,9,16,36.0,62.91
STU0056,QUIZ0332,Chemistry,Atoms,19,7,12,36.84,34.04
STU0056,QUIZ0333,Physics,Laws of Motion,26,7,19,26.92,34.34
STU0056,QUIZ0334,Physics,Motion,26,12,14,46.15,71.14
STU0056,QUIZ0335,Biology,Human Body,26,14,12,53.85,70.92
STU0056,QUIZ0336,Biology,Plant Physiology,26,13,13,50.0,24.91
STU0057,QUIZ0337,Mathematics,Trigonometry,24,6,18,25.0,68.37
STU0057,QUIZ0338,Physics,Work and Energy,26,17,9,65.38,80.02
STU0057,QUIZ0339,Mathematics,Trigonometry,30,19,11,63.33,54.69
STU0057,QUIZ0340,Physics,Laws of Motion,25,15,10,60.0,30.5
STU0057,QUIZ0341,Physics,Laws of Motion,28,6,22,21.43,53.47
STU0057,QUIZ0342,Mathematics,Trigonometry,19,13,6,68.42,59.49
STU0058,QUIZ0343,Chemistry,Organic Chemistry,15,8,7,53.33,83.77
STU0058,QUIZ0344,Chemistry,Atoms,27,27,0,100.0,40.66
STU0058,QUIZ0345,Chemistry,Chemical Bonding,27,21,6,77.78,27.43
STU0058,QUIZ0346,Physics,Laws of Motion,16,16,0,100.0,50.19
STU0058,QUIZ0347,Physics,Electricity,18,17,1,94.44,81.03
STU0058,QUIZ0348,Physics,Laws of Motion,30,14,16,46.67,28.56
STU0059,QUIZ0349,Chemistry,Chemical Bonding,19,7,12,36.84,27.71
STU0059,QUIZ0350,Physics,Electricity,23,7,16,30.43,44.27
STU0059,QUIZ0351,Biology,Human Body,20,12,8,60.0,81.94
STU0059,QUIZ0352,Physics,Work and Energy,30,19,11,63.33,25.93
STU0059,QUIZ0353,Chemistry,Organic Chemistry,29,18,11,62.07,66.22
STU0059,QUIZ0354,Chemistry,Acids and Bases,25,14,11,56.0,41.2
STU0060,QUIZ0355,Mathematics,Probability,16,14,2,87.5,30.71
STU0060,QUIZ0356,Physics,Motion,23,14,9,60.87,43.3
STU0060,QUIZ0357,Chemistry,Atoms,29,29,0,100.0,87.63
STU0060,QUIZ0358,Physics,Electricity,16,12,4,75.0,41.13
STU0060,QUIZ0359,Mathematics,Trigonometry,21,14,7,66.67,45.92
STU0060,QUIZ0360,Physics,Work and Energy,29,26,3,89.66,40.51
STU0061,QUIZ0361,Physics,Motion,28,7,21,25.0,40.97
STU0061,QUIZ0362,Biology,Cell,23,10,13,43.48,63.34
STU0061,QUIZ0363,Physics,Motion,15,5,10,33.33,25.02
STU0061,QUIZ0364,Chemistry,Organic Chemistry,23,19,4,82.61,72.22
STU0061,QUIZ0365,Chemistry,Atoms,21,19,2,90.48,88.74
STU0061,QUIZ0366,Chemistry,Atoms,17,14,3,82.35,46.87
STU0062,QUIZ0367,Physics,Work and Energy,30,25,5,83.33,86.48
STU0062,QUIZ0368,Biology,Genetics,21,7,14,33.33,52.86
STU0062,QUIZ0369,Mathematics,Calculus,28,10,18,35.71,83.16
STU0062,QUIZ0370,Chemistry,Atoms,28,11,17,39.29,41.58
STU0062,QUIZ0371,Physics,Laws of Motion,24,9,15,37.5,40.86
STU0062,QUIZ0372,Physics,Electricity,22,6,16,27.27,44.67
STU0063,QUIZ0373,Chemistry,Chemical Bonding,16,14,2,87.5,87.05
STU0063,QUIZ0374,Biology,Genetics,18,13,5,72.22,62.59
STU0063,QUIZ0375,Mathematics,Probability,23,17,6,73.91,61.78
STU0063,QUIZ0376,Biology,Genetics,25,21,4,84.0,81.53
STU0063,QUIZ0377,Mathematics,Trigonometry,25,25,0,100.0,40.93
STU0063,QUIZ0378,Chemistry,Chemical Bonding,29,28,1,96.55,83.93
STU0064,QUIZ0379,Biology,Human Body,21,16,5,76.19,44.06
STU0064,QUIZ0380,Chemistry,Acids and Bases,18,7,11,38.89,70.99
STU0064,QUIZ0381,Physics,Laws of Motion,25,23,2,92.0,54.45
STU0064,QUIZ0382,Chemistry,Organic Chemistry,26,23,3,88.46,61.57
STU0064,QUIZ0383,Mathematics,Trigonometry,26,12,14,46.15,24.9
STU0064,QUIZ0384,Physics,Motion,23,22,1,95.65,78.16
STU0065,QUIZ0385,Biology,Genetics,23,7,16,30.43,59.02
STU0065,QUIZ0386,Physics,Motion,20,18,2,90.0,72.03
STU0065,QUIZ0387,Chemistry,Acids and Bases,28,21,7,75.0,58.22
STU0065,QUIZ0388,Mathematics,Calculus,16,10,6,62.5,88.21
STU0065,QUIZ0389,Mathematics,Calculus,29,29,0,100.0,72.08
STU0065,QUIZ0390,Physics,Electricity,24,6,18,25.0,47.11
STU0066,QUIZ0391,Biology,Cell,27,11,16,40.74,67.41
STU0066,QUIZ0392,Biology,Plant Physiology,20,15,5,75.0,26.97
STU0066,QUIZ0393,Physics,Work and Energy,15,15,0,100.0,88.69
STU0066,QUIZ0394,Biology,Plant Physiology,19,9,10,47.37,65.72
STU0066,QUIZ0395,Physics,Electricity,18,14,4,77.78,50.11
STU0066,QUIZ0396,Chemistry,Acids and Bases,23,10,13,43.48,39.09
STU0067,QUIZ0397,Mathematics,Trigonometry,27,27,0,100.0,45.66
STU0067,QUIZ0398,Physics,Electricity,15,8,7,53.33,84.5
STU0067,QUIZ0399,Mathematics,Algebra,25,9,16,36.0,43.19
STU0067,QUIZ0400,Mathematics,Trigonometry,28,6,22,21.43,89.75
STU0067,QUIZ0401,Chemistry,Acids and Bases,24,21,3,87.5,49.29
STU0067,QUIZ0402,Physics,Electricity,24,13,11,54.17,24.01
STU0068,QUIZ0403,Biology,Genetics,15,10,5,66.67,21.36
STU0068,QUIZ0404,Mathematics,Trigonometry,28,16,12,57.14,39.9
STU0068,QUIZ0405,Physics,Work and Energy,23,16,7,69.57,32.72
STU0068,QUIZ0406,Biology,Cell,30,14,16,46.67,53.85
STU0068,QUIZ0407,Mathematics,Calculus,25,15,10,60.0,72.23
STU0068,QUIZ0408,Physics,Electricity,20,16,4,80.0,54.42
STU0069,QUIZ0409,Physics,Laws of Motion,16,15,1,93.75,61.7
STU0069,QUIZ0410,Biology,Plant Physiology,29,28,1,96.55,62.69
STU0069,QUIZ0411,Physics,Motion,21,5,16,23.81,27.29
STU0069,QUIZ0412,Biology,Human Body,21,6,15,28.57,24.48
STU0069,QUIZ0413,Biology,Plant Physiology,20,19,1,95.0,34.55
STU0069,QUIZ0414,Physics,Work and Energy,28,23,5,82.14,35.77
STU0070,QUIZ0415,Chemistry,Atoms,17,17,0,100.0,67.58
STU0070,QUIZ0416,Mathematics,Probability,23,17,6,73.91,80.73
STU0070,QUIZ0417,Chemistry,Atoms,22,7,15,31.82,59.81
STU0070,QUIZ0418,Physics,Electricity,21,20,1,95.24,59.01
STU0070,QUIZ0419,Chemistry,Atoms,29,11,18,37.93,57.34
STU0070,QUIZ0420,Chemistry,Acids and Bases,28,17,11,60.71,86.47
STU0071,QUIZ0421,Chemistry,Atoms,28,22,6,78.57,81.84
STU0071,QUIZ0422,Mathematics,Trigonometry,21,10,11,47.62,41.47
STU0071,QUIZ0423,Chemistry,Acids and Bases,16,6,10,37.5,83.45
STU0071,QUIZ0424,Physics,Laws of Motion,21,6,15,28.57,57.89
STU0071,QUIZ0425,Physics,Electricity,21,5,16,23.81,69.91
STU0071,QUIZ0426,Mathematics,Probability,20,13,7,65.0,25.67
STU0072,QUIZ0427,Physics,Electricity,24,11,13,45.83,24.46
STU0072,QUIZ0428,Biology,Genetics,29,17,12,58.62,41.1
STU0072,QUIZ0429,Chemistry,Atoms,23,13,10,56.52,70.18
STU0072,QUIZ0430,Physics,Work and Energy,19,14,5,73.68,76.07
STU0072,QUIZ0431,Physics,Laws of Motion,15,14,1,93.33,68.78
STU0072,QUIZ0432,Biology,Plant Physiology,19,12,7,63.16,34.31
STU0073,QUIZ0433,Mathematics,Calculus,25,19,6,76.0,72.2
STU0073,QUIZ0434,Chemistry,Organic Chemistry,20,12,8,60.0,62.41
STU0073,QUIZ0435,Mathematics,Trigonometry,24,6,18,25.0,71.71
STU0073,QUIZ0436,Physics,Work and Energy,17,9,8,52.94,61.94
STU0073,QUIZ0437,Physics,Motion,29,21,8,72.41,31.63
STU0073,QUIZ0438,Physics,Motion,21,9,12,42.86,81.9
STU0074,QUIZ0439,Physics,Work and Energy,18,13,5,72.22,52.36
STU0074,QUIZ0440,Biology,Genetics,17,11,6,64.71,81.53
STU0074,QUIZ0441,Physics,Motion,23,23,0,100.0,63.7
STU0074,QUIZ0442,Chemistry,Chemical Bonding,26,16,10,61.54,72.06
STU0074,QUIZ0443,Physics,Motion,28,28,0,100.0,24.57
STU0074,QUIZ0444,Physics,Motion,24,22,2,91.67,53.17
STU0075,QUIZ0445,Physics,Motion,30,29,1,96.67,78.07
STU0075,QUIZ0446,Biology,Genetics,15,11,4,73.33,75.1
STU0075,QUIZ0447,Chemistry,Organic Chemistry,21,9,12,42.86,48.58
STU0075,QUIZ0448,Mathematics,Probability,15,5,10,33.33,70.12
STU0075,QUIZ0449,Mathematics,Algebra,19,12,7,63.16,74.45
STU0075,QUIZ0450,Chemistry,Organic Chemistry,21,7,14,33.33,59.46
STU0076,QUIZ0451,Biology,Genetics,26,11,15,42.31,65.5
STU0076,QUIZ0452,Mathematics,Calculus,28,13,15,46.43,30.41
STU0076,QUIZ0453,Mathematics,Probability,18,13,5,72.22,81.31
STU0076,QUIZ0454,Physics,Laws of Motion,18,10,8,55.56,52.53
STU0076,QUIZ0455,Biology,Genetics,16,9,7,56.25,83.8
STU0076,QUIZ0456,Biology,Human Body,26,10,16,38.46,52.1
STU0077,QUIZ0457,Chemistry,Atoms,22,11,11,50.0,65.6
STU0077,QUIZ0458,Chemistry,Atoms,19,10,9,52.63,86.47
STU0077,QUIZ0459,Mathematics,Trigonometry,16,14,2,87.5,20.93
STU0077,QUIZ0460,Biology,Genetics,30,30,0,100.0,64.27
STU0077,QUIZ0461,Physics,Work and Energy,30,14,16,46.67,79.31
STU0077,QUIZ0462,Chemistry,Acids and Bases,22,7,15,31.82,44.39
STU0078,QUIZ0463,Chemistry,Atoms,29,25,4,86.21,56.96
STU0078,QUIZ0464,Physics,Motion,21,9,12,42.86,68.75
STU0078,QUIZ0465,Biology,Genetics,22,19,3,86.36,61.36
STU0078,QUIZ0466,Physics,Motion,24,13,11,54.17,23.3
STU0078,QUIZ0467,Mathematics,Calculus,26,5,21,19.23,35.56
STU0078,QUIZ0468,Mathematics,Algebra,21,10,11,47.62,82.29
STU0079,QUIZ0469,Biology,Genetics,28,28,0,100.0,70.99
STU0079,QUIZ0470,Biology,Plant Physiology,22,7,15,31.82,60.35
STU0079,QUIZ0471,Chemistry,Atoms,19,11,8,57.89,74.24
STU0079,QUIZ0472,Chemistry,Atoms,24,19,5,79.17,66.37
STU0079,QUIZ0473,Biology,Genetics,29,27,2,93.1,35.58
STU0079,QUIZ0474,Biology,Human Body,15,10,5,66.67,39.3
STU0080,QUIZ0475,Physics,Laws of Motion,24,11,13,45.83,82.73
STU0080,QUIZ0476,Biology,Human Body,16,15,1,93.75,36.73
STU0080,QUIZ0477,Chemistry,Organic Chemistry,23,13,10,56.52,56.14
STU0080,QUIZ0478,Biology,Plant Physiology,16,15,1,93.75,63.59
STU0080,QUIZ0479,Mathematics,Calculus,27,5,22,18.52,48.39
STU0080,QUIZ0480,Mathematics,Algebra,27,10,17,37.04,58.74
STU0081,QUIZ0481,Chemistry,Acids and Bases,22,14,8,63.64,59.13
STU0081,QUIZ0482,Biology,Plant Physiology,24,13,11,54.17,77.79
STU0081,QUIZ0483,Chemistry,Chemical Bonding,27,17,10,62.96,63.44
STU0081,QUIZ0484,Biology,Plant Physiology,23,22,1,95.65,50.73
STU0081,QUIZ0485,Chemistry,Chemical Bonding,20,9,11,45.0,46.81
STU0081,QUIZ0486,Mathematics,Trigonometry,20,5,15,25.0,31.85
STU0082,QUIZ0487,Physics,Laws of Motion,22,9,13,40.91,46.75
STU0082,QUIZ0488,Mathematics,Calculus,24,7,17,29.17,70.93
STU0082,QUIZ0489,Biology,Plant Physiology,17,15,2,88.24,41.56
STU0082,QUIZ0490,Chemistry,Acids and Bases,15,10,5,66.67,49.39
STU0082,QUIZ0491,Physics,Motion,22,20,2,90.91,84.46
STU0082,QUIZ0492,Chemistry,Chemical Bonding,29,26,3,89.66,24.45
STU0083,QUIZ0493,Chemistry,Chemical Bonding,28,9,19,32.14,56.13
STU0083,QUIZ0494,Chemistry,Acids and Bases,18,16,2,88.89,54.45
STU0083,QUIZ0495,Mathematics,Probability,27,21,6,77.78,34.19
STU0083,QUIZ0496,Chemistry,Organic Chemistry,18,18,0,100.0,68.87
STU0083,QUIZ0497,Chemistry,Chemical Bonding,22,20,2,90.91,40.2
STU0083,QUIZ0498,Mathematics,Calculus,23,15,8,65.22,70.96
STU0084,QUIZ0499,Chemistry,Atoms,29,27,2,93.1,68.36
STU0084,QUIZ0500,Physics,Work and Energy,25,19,6,76.0,88.99
STU0084,QUIZ0501,Chemistry,Atoms,22,6,16,27.27,27.44
STU0084,QUIZ0502,Mathematics,Calculus,27,20,7,74.07,38.79
STU0084,QUIZ0503,Chemistry,Chemical Bonding,20,5,15,25.0,79.03
STU0084,QUIZ0504,Biology,Cell,24,10,14,41.67,26.53
STU0085,QUIZ0505,Chemistry,Atoms,26,11,15,42.31,23.41
STU0085,QUIZ0506,Mathematics,Calculus,15,12,3,80.0,38.99
STU0085,QUIZ0507,Mathematics,Calculus,18,8,10,44.44,39.26
STU0085,QUIZ0508,Biology,Genetics,20,7,13,35.0,56.57
STU0085,QUIZ0509,Biology,Genetics,21,16,5,76.19,87.85
STU0085,QUIZ0510,Chemistry,Acids and Bases,23,23,0,100.0,41.55
STU0086,QUIZ0511,Chemistry,Organic Chemistry,25,25,0,100.0,56.08
STU0086,QUIZ0512,Physics,Laws of Motion,17,14,3,82.35,31.19
STU0086,QUIZ0513,Chemistry,Atoms,24,10,14,41.67,30.4
STU0086,QUIZ0514,Mathematics,Probability,21,15,6,71.43,32.43
STU0086,QUIZ0515,Mathematics,Trigonometry,16,10,6,62.5,46.96
STU0086,QUIZ0516,Physics,Work and Energy,28,23,5,82.14,54.47
STU0087,QUIZ0517,Biology,Genetics,29,18,11,62.07,64.59
STU0087,QUIZ0518,Mathematics,Algebra,18,14,4,77.78,56.54
STU0087,QUIZ0519,Mathematics,Probability,26,10,16,38.46,86.15
STU0087,QUIZ0520,Biology,Human Body,17,16,1,94.12,86.53
STU0087,QUIZ0521,Chemistry,Atoms,16,12,4,75.0,23.01
STU0087,QUIZ0522,Physics,Motion,24,17,7,70.83,26.67
STU0088,QUIZ0523,Mathematics,Calculus,17,14,3,82.35,72.73
STU0088,QUIZ0524,Chemistry,Organic Chemistry,27,14,13,51.85,75.47
STU0088,QUIZ0525,Mathematics,Trigonometry,22,15,7,68.18,32.65
STU0088,QUIZ0526,Biology,Plant Physiology,20,11,9,55.0,85.83
STU0088,QUIZ0527,Physics,Work and Energy,16,8,8,50.0,59.73
STU0088,QUIZ0528,Chemistry,Organic Chemistry,23,5,18,21.74,50.35
STU0089,QUIZ0529,Physics,Work and Energy,17,15,2,88.24,21.84
STU0089,QUIZ0530,Chemistry,Organic Chemistry,22,7,15,31.82,22.7
STU0089,QUIZ0531,Biology,Human Body,15,14,1,93.33,57.31
STU0089,QUIZ0532,Biology,Genetics,23,19,4,82.61,73.62
STU0089,QUIZ0533,Chemistry,Chemical Bonding,25,8,17,32.0,43.16
STU0089,QUIZ0534,Physics,Electricity,30,22,8,73.33,35.98
STU0090,QUIZ0535,Mathematics,Trigonometry,24,22,2,91.67,78.02
STU0090,QUIZ0536,Physics,Electricity,29,29,0,100.0,87.48
STU0090,QUIZ0537,Biology,Plant Physiology,21,12,9,57.14,35.45
STU0090,QUIZ0538,Biology,Human Body,27,15,12,55.56,68.29
STU0090,QUIZ0539,Mathematics,Trigonometry,30,8,22,26.67,64.93
STU0090,QUIZ0540,Biology,Plant Physiology,29,13,16,44.83,73.1
STU0091,QUIZ0541,Chemistry,Atoms,29,18,11,62.07,86.23
STU0091,QUIZ0542,Physics,Electricity,25,14,11,56.0,45.93
STU0091,QUIZ0543,Biology,Cell,19,9,10,47.37,62.03
STU0091,QUIZ0544,Chemistry,Acids and Bases,22,16,6,72.73,25.94
STU0091,QUIZ0545,Mathematics,Trigonometry,16,8,8,50.0,37.47
STU0091,QUIZ0546,Chemistry,Atoms,27,10,17,37.04,82.37
STU0092,QUIZ0547,Mathematics,Probability,17,14,3,82.35,48.71
STU0092,QUIZ0548,Biology,Genetics,20,19,1,95.0,59.02
STU0092,QUIZ0549,Physics,Electricity,15,5,10,33.33,29.78
STU0092,QUIZ0550,Biology,Cell,20,19,1,95.0,28.59
STU0092,QUIZ0551,Mathematics,Calculus,26,21,5,80.77,54.68
STU0092,QUIZ0552,Chemistry,Acids and Bases,26,15,11,57.69,83.97
STU0093,QUIZ0553,Chemistry,Chemical Bonding,19,5,14,26.32,72.92
STU0093,QUIZ0554,Physics,Laws of Motion,27,14,13,51.85,73.25
STU0093,QUIZ0555,Mathematics,Trigonometry,20,5,15,25.0,71.08
STU0093,QUIZ0556,Physics,Electricity,23,22,1,95.65,84.78
STU0093,QUIZ0557,Mathematics,Probability,23,18,5,78.26,54.48
STU0093,QUIZ0558,Physics,Electricity,25,23,2,92.0,81.01
STU0094,QUIZ0559,Physics,Laws of Motion,23,20,3,86.96,68.45
STU0094,QUIZ0560,Biology,Genetics,18,16,2,88.89,51.82
STU0094,QUIZ0561,Physics,Electricity,25,10,15,40.0,36.47
STU0094,QUIZ0562,Biology,Human Body,19,8,11,42.11,22.53
STU0094,QUIZ0563,Biology,Plant Physiology,21,21,0,100.0,86.69
STU0094,QUIZ0564,Mathematics,Algebra,20,11,9,55.0,27.23
STU0095,QUIZ0565,Chemistry,Chemical Bonding,19,10,9,52.63,27.41
STU0095,QUIZ0566,Biology,Human Body,25,22,3,88.0,28.65
STU0095,QUIZ0567,Chemistry,Organic Chemistry,16,15,1,93.75,20.22
STU0095,QUIZ0568,Chemistry,Organic Chemistry,20,18,2,90.0,35.69
STU0095,QUIZ0569,Biology,Plant Physiology,25,15,10,60.0,61.07
STU0095,QUIZ0570,Mathematics,Probability,30,17,13,56.67,72.47
STU0096,QUIZ0571,Mathematics,Algebra,29,22,7,75.86,64.84
STU0096,QUIZ0572,Biology,Genetics,25,13,12,52.0,81.98
STU0096,QUIZ0573,Physics,Work and Energy,30,24,6,80.0,51.13
STU0096,QUIZ0574,Physics,Laws of Motion,18,11,7,61.11,22.66
STU0096,QUIZ0575,Physics,Laws of Motion,29,11,18,37.93,39.79
STU0096,QUIZ0576,Physics,Laws of Motion,15,9,6,60.0,67.07
STU0097,QUIZ0577,Chemistry,Acids and Bases,25,18,7,72.0,70.58
STU0097,QUIZ0578,Physics,Laws of Motion,29,7,22,24.14,68.58
STU0097,QUIZ0579,Mathematics,Algebra,28,12,16,42.86,31.49
STU0097,QUIZ0580,Chemistry,Chemical Bonding,18,12,6,66.67,50.26
STU0097,QUIZ0581,Biology,Genetics,20,14,6,70.0,26.14
STU0097,QUIZ0582,Mathematics,Algebra,22,21,1,95.45,64.37
STU0098,QUIZ0583,Mathematics,Calculus,16,15,1,93.75,44.56
STU0098,QUIZ0584,Mathematics,Probability,23,13,10,56.52,85.0
STU0098,QUIZ0585,Chemistry,Acids and Bases,25,6,19,24.0,86.8
STU0098,QUIZ0586,Biology,Cell,26,16,10,61.54,80.53
STU0098,QUIZ0587,Chemistry,Acids and Bases,16,8,8,50.0,51.97
STU0098,QUIZ0588,Biology,Genetics,26,24,2,92.31,67.29
STU0099,QUIZ0589,Physics,Laws of Motion,29,9,20,31.03,72.99
STU0099,QUIZ0590,Biology,Human Body,25,24,1,96.0,58.24
STU0099,QUIZ0591,Mathematics,Trigonometry,23,7,16,30.43,79.93
STU0099,QUIZ0592,Chemistry,Organic Chemistry,24,12,12,50.0,57.62
STU0099,QUIZ0593,Biology,Genetics,15,9,6,60.0,65.7
STU0099,QUIZ0594,Chemistry,Atoms,24,20,4,83.33,72.89
STU0100,QUIZ0595,Chemistry,Organic Chemistry,27,18,9,66.67,21.58
STU0100,QUIZ0596,Physics,Electricity,24,10,14,41.67,43.32
STU0100,QUIZ0597,Chemistry,Organic Chemistry,20,20,0,100.0,28.61
STU0100,QUIZ0598,Physics,Work and Energy,21,10,11,47.62,74.7
STU0100,QUIZ0599,Biology,Plant Physiology,30,21,9,70.0,40.88
STU0100,QUIZ0600,Biology,Genetics,17,17,0,100.0,47.42
STU0101,QUIZ0601,Physics,Laws of Motion,25,16,9,64.0,36.31
STU0101,QUIZ0602,Mathematics,Algebra,16,14,2,87.5,37.15
STU0101,QUIZ0603,Chemistry,Atoms,16,10,6,62.5,66.96
STU0101,QUIZ0604,Biology,Cell,16,8,8,50.0,70.6
STU0101,QUIZ0605,Physics,Electricity,30,18,12,60.0,60.15
STU0101,QUIZ0606,Chemistry,Atoms,20,6,14,30.0,73.72
STU0102,QUIZ0607,Mathematics,Algebra,30,13,17,43.33,39.7
STU0102,QUIZ0608,Mathematics,Trigonometry,20,6,14,30.0,40.33
STU0102,QUIZ0609,Physics,Work and Energy,30,25,5,83.33,77.49
STU0102,QUIZ0610,Physics,Laws of Motion,21,5,16,23.81,74.11
STU0102,QUIZ0611,Mathematics,Trigonometry,19,10,9,52.63,62.41
STU0102,QUIZ0612,Mathematics,Calculus,16,9,7,56.25,35.11
STU0103,QUIZ0613,Biology,Cell,30,13,17,43.33,76.41
STU0103,QUIZ0614,Mathematics,Calculus,30,12,18,40.0,75.59
STU0103,QUIZ0615,Chemistry,Atoms,15,13,2,86.67,62.75
STU0103,QUIZ0616,Mathematics,Trigonometry,15,13,2,86.67,37.77
STU0103,QUIZ0617,Physics,Laws of Motion,16,9,7,56.25,71.8
STU0103,QUIZ0618,Biology,Cell,20,18,2,90.0,64.58
STU0104,QUIZ0619,Physics,Motion,17,14,3,82.35,57.75
STU0104,QUIZ0620,Biology,Human Body,30,19,11,63.33,78.65
STU0104,QUIZ0621,Physics,Electricity,24,5,19,20.83,29.57
STU0104,QUIZ0622,Chemistry,Organic Chemistry,26,18,8,69.23,80.52
STU0104,QUIZ0623,Biology,Human Body,18,13,5,72.22,87.93
STU0104,QUIZ0624,Physics,Work and Energy,26,10,16,38.46,56.47
STU0105,QUIZ0625,Physics,Laws of Motion,18,17,1,94.44,53.06
STU0105,QUIZ0626,Chemistry,Organic Chemistry,26,19,7,73.08,50.91
STU0105,QUIZ0627,Mathematics,Trigonometry,29,18,11,62.07,86.4
STU0105,QUIZ0628,Mathematics,Trigonometry,24,8,16,33.33,85.32
STU0105,QUIZ0629,Mathematics,Probability,16,15,1,93.75,51.18
STU0105,QUIZ0630,Biology,Genetics,25,18,7,72.0,55.07
STU0106,QUIZ0631,Chemistry,Atoms,22,10,12,45.45,38.28
STU0106,QUIZ0632,Biology,Human Body,23,17,6,73.91,86.98
STU0106,QUIZ0633,Chemistry,Atoms,30,17,13,56.67,77.89
STU0106,QUIZ0634,Biology,Human Body,25,6,19,24.0,52.25
STU0106,QUIZ0635,Chemistry,Atoms,18,8,10,44.44,72.76
STU0106,QUIZ0636,Chemistry,Atoms,16,5,11,31.25,35.8
STU0107,QUIZ0637,Biology,Genetics,18,12,6,66.67,75.14
STU0107,QUIZ0638,Chemistry,Acids and Bases,18,11,7,61.11,80.23
STU0107,QUIZ0639,Physics,Laws of Motion,29,10,19,34.48,26.84
STU0107,QUIZ0640,Chemistry,Organic Chemistry,22,16,6,72.73,69.91
STU0107,QUIZ0641,Mathematics,Probability,18,5,13,27.78,80.29
STU0107,QUIZ0642,Biology,Genetics,24,10,14,41.67,37.96
STU0108,QUIZ0643,Chemistry,Chemical Bonding,22,15,7,68.18,49.56
STU0108,QUIZ0644,Biology,Genetics,28,18,10,64.29,44.29
STU0108,QUIZ0645,Physics,Electricity,26,12,14,46.15,54.78
STU0108,QUIZ0646,Biology,Plant Physiology,30,12,18,40.0,28.3
STU0108,QUIZ0647,Mathematics,Probability,25,22,3,88.0,43.76
STU0108,QUIZ0648,Physics,Electricity,24,12,12,50.0,69.22
STU0109,QUIZ0649,Physics,Electricity,17,10,7,58.82,69.23
STU0109,QUIZ0650,Physics,Work and Energy,22,7,15,31.82,56.4
STU0109,QUIZ0651,Chemistry,Atoms,29,7,22,24.14,75.45
STU0109,QUIZ0652,Chemistry,Atoms,17,10,7,58.82,35.11
STU0109,QUIZ0653,Physics,Work and Energy,15,6,9,40.0,22.8
STU0109,QUIZ0654,Biology,Plant Physiology,23,19,4,82.61,74.94
STU0110,QUIZ0655,Chemistry,Atoms,19,9,10,47.37,59.6
STU0110,QUIZ0656,Mathematics,Algebra,17,14,3,82.35,22.7
STU0110,QUIZ0657,Biology,Genetics,19,5,14,26.32,31.13
STU0110,QUIZ0658,Physics,Electricity,19,8,11,42.11,55.56
STU0110,QUIZ0659,Biology,Genetics,21,18,3,85.71,38.54
STU0110,QUIZ0660,Chemistry,Atoms,20,11,9,55.0,25.86
STU0111,QUIZ0661,Biology,Human Body,17,7,10,41.18,48.01
STU0111,QUIZ0662,Mathematics,Algebra,16,13,3,81.25,83.46
STU0111,QUIZ0663,Physics,Work and Energy,20,8,12,40.0,71.31
STU0111,QUIZ0664,Chemistry,Organic Chemistry,29,29,0,100.0,61.53
STU0111,QUIZ0665,Mathematics,Trigonometry,30,30,0,100.0,59.5
STU0111,QUIZ0666,Biology,Cell,21,20,1,95.24,73.48
STU0112,QUIZ0667,Mathematics,Trigonometry,23,9,14,39.13,70.73
STU0112,QUIZ0668,Biology,Genetics,17,14,3,82.35,45.31
STU0112,QUIZ0669,Mathematics,Algebra,15,15,0,100.0,78.42
STU0112,QUIZ0670,Mathematics,Trigonometry,16,15,1,93.75,27.33
STU0112,QUIZ0671,Physics,Electricity,18,11,7,61.11,43.59
STU0112,QUIZ0672,Biology,Cell,23,19,4,82.61,79.6
STU0113,QUIZ0673,Physics,Laws of Motion,18,14,4,77.78,86.71
STU0113,QUIZ0674,Chemistry,Acids and Bases,27,17,10,62.96,54.12
STU0113,QUIZ0675,Physics,Electricity,21,19,2,90.48,89.27
STU0113,QUIZ0676,Mathematics,Algebra,23,23,0,100.0,21.5
STU0113,QUIZ0677,Mathematics,Trigonometry,29,21,8,72.41,81.47
STU0113,QUIZ0678,Chemistry,Chemical Bonding,20,12,8,60.0,72.65
STU0114,QUIZ0679,Biology,Human Body,15,7,8,46.67,41.7
STU0114,QUIZ0680,Mathematics,Algebra,28,5,23,17.86,79.49
STU0114,QUIZ0681,Mathematics,Probability,24,22,2,91.67,59.09
STU0114,QUIZ0682,Physics,Motion,20,6,14,30.0,54.38
STU0114,QUIZ0683,Chemistry,Atoms,15,12,3,80.0,66.45
STU0114,QUIZ0684,Biology,Cell,16,9,7,56.25,26.83
STU0115,QUIZ0685,Physics,Motion,18,15,3,83.33,88.24
STU0115,QUIZ0686,Physics,Laws of Motion,28,8,20,28.57,36.84
STU0115,QUIZ0687,Physics,Electricity,30,16,14,53.33,24.25
STU0115,QUIZ0688,Physics,Work and Energy,24,15,9,62.5,57.45
STU0115,QUIZ0689,Biology,Plant Physiology,17,15,2,88.24,33.16
STU0115,QUIZ0690,Biology,Plant Physiology,28,25,3,89.29,38.62
STU0116,QUIZ0691,Biology,Cell,21,20,1,95.24,26.76
STU0116,QUIZ0692,Mathematics,Probability,15,13,2,86.67,77.95
STU0116,QUIZ0693,Physics,Motion,29,19,10,65.52,30.74
STU0116,QUIZ0694,Mathematics,Calculus,17,6,11,35.29,79.25
STU0116,QUIZ0695,Mathematics,Calculus,28,23,5,82.14,71.23
STU0116,QUIZ0696,Biology,Cell,24,7,17,29.17,40.49
STU0117,QUIZ0697,Chemistry,Chemical Bonding,27,12,15,44.44,21.4
STU0117,QUIZ0698,Physics,Motion,23,17,6,73.91,56.21
STU0117,QUIZ0699,Physics,Electricity,22,16,6,72.73,79.94
STU0117,QUIZ0700,Mathematics,Probability,25,13,12,52.0,31.76
STU0117,QUIZ0701,Biology,Human Body,15,9,6,60.0,80.55
STU0117,QUIZ0702,Physics,Motion,24,24,0,100.0,25.52
STU0118,QUIZ0703,Chemistry,Acids and Bases,18,18,0,100.0,66.01
STU0118,QUIZ0704,Chemistry,Acids and Bases,18,10,8,55.56,71.11
STU0118,QUIZ0705,Chemistry,Chemical Bonding,15,6,9,40.0,81.4
STU0118,QUIZ0706,Chemistry,Organic Chemistry,26,20,6,76.92,82.02
STU0118,QUIZ0707,Physics,Motion,17,11,6,64.71,48.12
STU0118,QUIZ0708,Physics,Work and Energy,23,19,4,82.61,74.54
STU0119,QUIZ0709,Chemistry,Acids and Bases,23,18,5,78.26,55.0
STU0119,QUIZ0710,Biology,Human Body,22,9,13,40.91,31.16
STU0119,QUIZ0711,Physics,Work and Energy,30,24,6,80.0,62.36
STU0119,QUIZ0712,Chemistry,Atoms,28,19,9,67.86,47.17
STU0119,QUIZ0713,Mathematics,Algebra,18,17,1,94.44,30.43
STU0119,QUIZ0714,Chemistry,Acids and Bases,20,9,11,45.0,20.47
STU0120,QUIZ0715,Physics,Motion,29,20,9,68.97,77.0
STU0120,QUIZ0716,Mathematics,Trigonometry,27,8,19,29.63,71.27
STU0120,QUIZ0717,Chemistry,Atoms,22,10,12,45.45,77.48
STU0120,QUIZ0718,Biology,Plant Physiology,22,17,5,77.27,74.27
STU0120,QUIZ0719,Biology,Human Body,25,11,14,44.0,79.69
STU0120,QUIZ0720,Chemistry,Organic Chemistry,15,10,5,66.67,20.15
STU0121,QUIZ0721,Chemistry,Organic Chemistry,27,19,8,70.37,40.22
STU0121,QUIZ0722,Biology,Genetics,19,16,3,84.21,37.48
STU0121,QUIZ0723,Chemistry,Acids and Bases,20,19,1,95.0,81.88
STU0121,QUIZ0724,Mathematics,Probability,18,7,11,38.89,50.17
STU0121,QUIZ0725,Mathematics,Algebra,30,20,10,66.67,89.23
STU0121,QUIZ0726,Mathematics,Trigonometry,19,14,5,73.68,75.51
STU0122,QUIZ0727,Biology,Human Body,19,11,8,57.89,40.97
STU0122,QUIZ0728,Mathematics,Calculus,27,5,22,18.52,41.54
STU0122,QUIZ0729,Biology,Genetics,21,13,8,61.9,20.91
STU0122,QUIZ0730,Biology,Human Body,30,23,7,76.67,66.15
STU0122,QUIZ0731,Chemistry,Atoms,17,5,12,29.41,82.47
STU0122,QUIZ0732,Mathematics,Trigonometry,23,11,12,47.83,31.49
STU0123,QUIZ0733,Chemistry,Chemical Bonding,16,9,7,56.25,87.88
STU0123,QUIZ0734,Biology,Plant Physiology,20,14,6,70.0,38.44
STU0123,QUIZ0735,Biology,Genetics,24,19,5,79.17,25.36
STU0123,QUIZ0736,Biology,Plant Physiology,19,9,10,47.37,49.44
STU0123,QUIZ0737,Biology,Plant Physiology,15,11,4,73.33,61.04
STU0123,QUIZ0738,Mathematics,Trigonometry,24,9,15,37.5,89.8
STU0124,QUIZ0739,Physics,Work and Energy,22,9,13,40.91,20.86
STU0124,QUIZ0740,Mathematics,Calculus,20,8,12,40.0,22.94
STU0124,QUIZ0741,Physics,Work and Energy,15,12,3,80.0,48.19
STU0124,QUIZ0742,Physics,Electricity,18,11,7,61.11,46.82
STU0124,QUIZ0743,Physics,Electricity,20,19,1,95.0,49.73
STU0124,QUIZ0744,Chemistry,Atoms,18,6,12,33.33,20.18
STU0125,QUIZ0745,Biology,Cell,28,19,9,67.86,44.45
STU0125,QUIZ0746,Mathematics,Trigonometry,27,13,14,48.15,65.2
STU0125,QUIZ0747,Mathematics,Trigonometry,19,13,6,68.42,33.72
STU0125,QUIZ0748,Mathematics,Calculus,30,28,2,93.33,49.57
STU0125,QUIZ0749,Biology,Plant Physiology,27,7,20,25.93,28.0
STU0125,QUIZ0750,Biology,Cell,23,13,10,56.52,57.89
STU0126,QUIZ0751,Physics,Laws of Motion,25,20,5,80.0,45.62
STU0126,QUIZ0752,Chemistry,Organic Chemistry,17,10,7,58.82,73.24
STU0126,QUIZ0753,Biology,Human Body,26,12,14,46.15,47.29
STU0126,QUIZ0754,Mathematics,Algebra,26,22,4,84.62,45.81
STU0126,QUIZ0755,Biology,Cell,16,10,6,62.5,29.69
STU0126,QUIZ0756,Chemistry,Acids and Bases,27,15,12,55.56,71.01
STU0127,QUIZ0757,Mathematics,Trigonometry,30,17,13,56.67,25.95
STU0127,QUIZ0758,Physics,Work and Energy,24,14,10,58.33,34.11
STU0127,QUIZ0759,Chemistry,Organic Chemistry,23,21,2,91.3,35.69
STU0127,QUIZ0760,Chemistry,Acids and Bases,25,5,20,20.0,46.93
STU0127,QUIZ0761,Mathematics,Calculus,16,16,0,100.0,58.32
STU0127,QUIZ0762,Biology,Human Body,16,8,8,50.0,71.19
STU0128,QUIZ0763,Biology,Plant Physiology,29,5,24,17.24,22.63
STU0128,QUIZ0764,Physics,Electricity,25,25,0,100.0,52.42
STU0128,QUIZ0765,Mathematics,Algebra,17,16,1,94.12,22.2
STU0128,QUIZ0766,Chemistry,Atoms,25,13,12,52.0,58.06
STU0128,QUIZ0767,Chemistry,Acids and Bases,30,19,11,63.33,36.55
STU0128,QUIZ0768,Biology,Cell,30,15,15,50.0,57.75
STU0129,QUIZ0769,Physics,Motion,22,16,6,72.73,68.02
STU0129,QUIZ0770,Biology,Human Body,30,14,16,46.67,67.21
STU0129,QUIZ0771,Physics,Work and Energy,22,16,6,72.73,30.87
STU0129,QUIZ0772,Physics,Work and Energy,15,10,5,66.67,66.07
STU0129,QUIZ0773,Chemistry,Atoms,24,17,7,70.83,56.99
STU0129,QUIZ0774,Physics,Electricity,30,27,3,90.0,44.82
STU0130,QUIZ0775,Physics,Electricity,26,13,13,50.0,59.28
STU0130,QUIZ0776,Physics,Motion,15,8,7,53.33,34.85
STU0130,QUIZ0777,Chemistry,Chemical Bonding,29,18,11,62.07,33.42
STU0130,QUIZ0778,Chemistry,Organic Chemistry,25,17,8,68.0,82.54
STU0130,QUIZ0779,Biology,Cell,24,8,16,33.33,73.44
STU0130,QUIZ0780,Chemistry,Acids and Bases,26,6,20,23.08,35.39
STU0131,QUIZ0781,Chemistry,Organic Chemistry,20,7,13,35.0,72.28
STU0131,QUIZ0782,Mathematics,Probability,25,10,15,40.0,73.05
STU0131,QUIZ0783,Mathematics,Trigonometry,24,11,13,45.83,65.9
STU0131,QUIZ0784,Chemistry,Organic Chemistry,22,14,8,63.64,50.91
STU0131,QUIZ0785,Biology,Genetics,25,15,10,60.0,72.23
STU0131,QUIZ0786,Chemistry,Organic Chemistry,29,14,15,48.28,23.07
STU0132,QUIZ0787,Chemistry,Acids and Bases,16,9,7,56.25,83.18
STU0132,QUIZ0788,Chemistry,Organic Chemistry,22,20,2,90.91,24.94
STU0132,QUIZ0789,Biology,Human Body,25,15,10,60.0,23.9
STU0132,QUIZ0790,Chemistry,Acids and Bases,27,19,8,70.37,85.78
STU0132,QUIZ0791,Chemistry,Chemical Bonding,26,6,20,23.08,66.79
STU0132,QUIZ0792,Physics,Work and Energy,24,16,8,66.67,56.18
STU0133,QUIZ0793,Biology,Plant Physiology,19,16,3,84.21,26.53
STU0133,QUIZ0794,Biology,Human Body,19,5,14,26.32,21.68
STU0133,QUIZ0795,Biology,Genetics,23,19,4,82.61,66.89
STU0133,QUIZ0796,Chemistry,Atoms,18,15,3,83.33,30.31
STU0133,QUIZ0797,Mathematics,Algebra,19,14,5,73.68,66.09
STU0133,QUIZ0798,Physics,Laws of Motion,28,28,0,100.0,84.58
STU0134,QUIZ0799,Mathematics,Trigonometry,28,25,3,89.29,54.43
STU0134,QUIZ0800,Physics,Motion,28,7,21,25.0,24.55
STU0134,QUIZ0801,Biology,Cell,25,12,13,48.0,87.37
STU0134,QUIZ0802,Chemistry,Atoms,15,7,8,46.67,80.32
STU0134,QUIZ0803,Physics,Motion,27,5,22,18.52,50.97
STU0134,QUIZ0804,Mathematics,Probability,25,16,9,64.0,30.43
STU0135,QUIZ0805,Biology,Plant Physiology,23,21,2,91.3,68.04
STU0135,QUIZ0806,Biology,Human Body,29,11,18,37.93,80.88
STU0135,QUIZ0807,Biology,Human Body,16,6,10,37.5,82.43
STU0135,QUIZ0808,Physics,Electricity,22,7,15,31.82,51.26
STU0135,QUIZ0809,Chemistry,Acids and Bases,22,7,15,31.82,55.76
STU0135,QUIZ0810,Biology,Genetics,29,9,20,31.03,40.38
STU0136,QUIZ0811,Mathematics,Calculus,16,5,11,31.25,21.76
STU0136,QUIZ0812,Chemistry,Chemical Bonding,15,7,8,46.67,82.78
STU0136,QUIZ0813,Biology,Plant Physiology,23,8,15,34.78,88.92
STU0136,QUIZ0814,Physics,Laws of Motion,24,13,11,54.17,31.49
STU0136,QUIZ0815,Chemistry,Organic Chemistry,23,5,18,21.74,79.28
STU0136,QUIZ0816,Physics,Electricity,20,15,5,75.0,63.92
STU0137,QUIZ0817,Mathematics,Probability,20,17,3,85.0,39.83
STU0137,QUIZ0818,Biology,Cell,27,16,11,59.26,70.43
STU0137,QUIZ0819,Physics,Motion,28,8,20,28.57,35.22
STU0137,QUIZ0820,Mathematics,Calculus,28,21,7,75.0,76.1
STU0137,QUIZ0821,Biology,Cell,23,15,8,65.22,49.43
STU0137,QUIZ0822,Biology,Genetics,27,12,15,44.44,84.29
STU0138,QUIZ0823,Mathematics,Algebra,22,11,11,50.0,39.73
STU0138,QUIZ0824,Chemistry,Acids and Bases,26,8,18,30.77,23.62
STU0138,QUIZ0825,Biology,Human Body,15,13,2,86.67,63.33
STU0138,QUIZ0826,Physics,Laws of Motion,17,15,2,88.24,63.2
STU0138,QUIZ0827,Physics,Work and Energy,29,12,17,41.38,27.34
STU0138,QUIZ0828,Physics,Work and Energy,26,17,9,65.38,61.47
STU0139,QUIZ0829,Chemistry,Acids and Bases,30,10,20,33.33,52.44
STU0139,QUIZ0830,Chemistry,Chemical Bonding,18,9,9,50.0,67.57
STU0139,QUIZ0831,Mathematics,Algebra,21,5,16,23.81,61.12
STU0139,QUIZ0832,Chemistry,Organic Chemistry,29,17,12,58.62,57.88
STU0139,QUIZ0833,Physics,Work and Energy,23,17,6,73.91,48.44
STU0139,QUIZ0834,Chemistry,Organic Chemistry,19,15,4,78.95,45.13
STU0140,QUIZ0835,Physics,Work and Energy,19,9,10,47.37,73.14
STU0140,QUIZ0836,Chemistry,Atoms,20,12,8,60.0,81.41
STU0140,QUIZ0837,Mathematics,Calculus,23,22,1,95.65,40.19
STU0140,QUIZ0838,Chemistry,Acids and Bases,27,26,1,96.3,22.49
STU0140,QUIZ0839,Biology,Genetics,17,17,0,100.0,86.25
STU0140,QUIZ0840,Biology,Genetics,20,15,5,75.0,51.28
STU0141,QUIZ0841,Physics,Work and Energy,17,11,6,64.71,26.17
STU0141,QUIZ0842,Mathematics,Algebra,20,13,7,65.0,84.91
STU0141,QUIZ0843,Physics,Motion,15,9,6,60.0,25.1
STU0141,QUIZ0844,Chemistry,Chemical Bonding,15,13,2,86.67,78.3
STU0141,QUIZ0845,Mathematics,Trigonometry,16,7,9,43.75,55.72
STU0141,QUIZ0846,Mathematics,Probability,20,15,5,75.0,47.26
STU0142,QUIZ0847,Biology,Genetics,22,8,14,36.36,27.07
STU0142,QUIZ0848,Mathematics,Algebra,24,21,3,87.5,78.5
STU0142,QUIZ0849,Chemistry,Organic Chemistry,26,22,4,84.62,53.38
STU0142,QUIZ0850,Mathematics,Trigonometry,25,6,19,24.0,68.04
STU0142,QUIZ0851,Physics,Work and Energy,24,13,11,54.17,56.16
STU0142,QUIZ0852,Physics,Work and Energy,23,19,4,82.61,26.33
STU0143,QUIZ0853,Physics,Motion,26,13,13,50.0,22.01
STU0143,QUIZ0854,Chemistry,Acids and Bases,20,7,13,35.0,41.4
STU0143,QUIZ0855,Mathematics,Probability,30,20,10,66.67,74.26
STU0143,QUIZ0856,Mathematics,Calculus,28,19,9,67.86,29.78
STU0143,QUIZ0857,Physics,Motion,25,16,9,64.0,88.31
STU0143,QUIZ0858,Chemistry,Atoms,20,6,14,30.0,57.27
STU0144,QUIZ0859,Physics,Electricity,28,21,7,75.0,78.4
STU0144,QUIZ0860,Chemistry,Acids and Bases,17,17,0,100.0,40.78
STU0144,QUIZ0861,Mathematics,Calculus,21,9,12,42.86,20.95
STU0144,QUIZ0862,Chemistry,Atoms,24,6,18,25.0,74.87
STU0144,QUIZ0863,Physics,Work and Energy,29,18,11,62.07,29.37
STU0144,QUIZ0864,Mathematics,Probability,26,7,19,26.92,65.29
STU0145,QUIZ0865,Physics,Laws of Motion,27,24,3,88.89,36.5
STU0145,QUIZ0866,Physics,Laws of Motion,27,25,2,92.59,73.72
STU0145,QUIZ0867,Physics,Laws of Motion,20,15,5,75.0,72.99
STU0145,QUIZ0868,Chemistry,Chemical Bonding,16,12,4,75.0,38.83
STU0145,QUIZ0869,Mathematics,Trigonometry,19,10,9,52.63,46.49
STU0145,QUIZ0870,Chemistry,Atoms,24,21,3,87.5,79.76
STU0146,QUIZ0871,Physics,Work and Energy,22,16,6,72.73,46.88
STU0146,QUIZ0872,Mathematics,Calculus,27,12,15,44.44,65.08
STU0146,QUIZ0873,Chemistry,Atoms,16,11,5,68.75,67.75
STU0146,QUIZ0874,Mathematics,Algebra,17,16,1,94.12,81.53
STU0146,QUIZ0875,Biology,Human Body,27,14,13,51.85,20.54
STU0146,QUIZ0876,Mathematics,Trigonometry,17,5,12,29.41,25.33
STU0147,QUIZ0877,Biology,Cell,26,7,19,26.92,79.42
STU0147,QUIZ0878,Mathematics,Calculus,23,16,7,69.57,20.51
STU0147,QUIZ0879,Physics,Work and Energy,25,19,6,76.0,75.76
STU0147,QUIZ0880,Chemistry,Atoms,23,19,4,82.61,71.18
STU0147,QUIZ0881,Physics,Electricity,25,13,12,52.0,68.83
STU0147,QUIZ0882,Mathematics,Probability,24,20,4,83.33,50.88
STU0148,QUIZ0883,Mathematics,Trigonometry,15,10,5,66.67,59.48
STU0148,QUIZ0884,Physics,Electricity,25,16,9,64.0,40.33
STU0148,QUIZ0885,Chemistry,Organic Chemistry,19,15,4,78.95,66.69
STU0148,QUIZ0886,Chemistry,Chemical Bonding,24,13,11,54.17,40.22
STU0148,QUIZ0887,Chemistry,Organic Chemistry,17,8,9,47.06,25.39
STU0148,QUIZ0888,Biology,Human Body,15,12,3,80.0,25.39
STU0149,QUIZ0889,Biology,Genetics,29,16,13,55.17,76.11
STU0149,QUIZ0890,Biology,Plant Physiology,27,9,18,33.33,53.12
STU0149,QUIZ0891,Biology,Human Body,24,11,13,45.83,60.23
STU0149,QUIZ0892,Chemistry,Acids and Bases,22,16,6,72.73,20.63
STU0149,QUIZ0893,Chemistry,Acids and Bases,16,13,3,81.25,72.43
STU0149,QUIZ0894,Biology,Plant Physiology,24,18,6,75.0,71.36
STU0150,QUIZ0895,Mathematics,Calculus,17,8,9,47.06,35.93
STU0150,QUIZ0896,Mathematics,Algebra,21,18,3,85.71,39.62
STU0150,QUIZ0897,Physics,Motion,15,12,3,80.0,54.68
STU0150,QUIZ0898,Biology,Genetics,22,14,8,63.64,43.38
STU0150,QUIZ0899,Physics,Work and Energy,17,16,1,94.12,44.97
STU0150,QUIZ0900,Physics,Electricity,30,27,3,90.0,63.62
STU0151,QUIZ0901,Physics,Work and Energy,28,12,16,42.86,57.2
STU0151,QUIZ0902,Mathematics,Trigonometry,24,23,1,95.83,53.12
STU0151,QUIZ0903,Mathematics,Probability,28,19,9,67.86,53.6
STU0151,QUIZ0904,Chemistry,Acids and Bases,26,15,11,57.69,85.91
STU0151,QUIZ0905,Physics,Work and Energy,27,8,19,29.63,89.16
STU0151,QUIZ0906,Mathematics,Trigonometry,20,19,1,95.0,25.61
STU0152,QUIZ0907,Physics,Motion,16,16,0,100.0,54.51
STU0152,QUIZ0908,Biology,Genetics,16,14,2,87.5,45.89
STU0152,QUIZ0909,Mathematics,Algebra,15,6,9,40.0,61.6
STU0152,QUIZ0910,Mathematics,Calculus,17,16,1,94.12,73.36
STU0152,QUIZ0911,Biology,Plant Physiology,19,16,3,84.21,31.88
STU0152,QUIZ0912,Physics,Work and Energy,30,25,5,83.33,46.01
STU0153,QUIZ0913,Physics,Work and Energy,27,13,14,48.15,40.62
STU0153,QUIZ0914,Mathematics,Calculus,24,18,6,75.0,41.77
STU0153,QUIZ0915,Biology,Human Body,27,11,16,40.74,41.01
STU0153,QUIZ0916,Physics,Motion,24,6,18,25.0,71.64
STU0153,QUIZ0917,Biology,Genetics,15,15,0,100.0,72.28
STU0153,QUIZ0918,Chemistry,Organic Chemistry,19,11,8,57.89,47.78
STU0154,QUIZ0919,Biology,Genetics,15,5,10,33.33,75.13
STU0154,QUIZ0920,Chemistry,Atoms,15,9,6,60.0,32.46
STU0154,QUIZ0921,Chemistry,Acids and Bases,24,8,16,33.33,58.05
STU0154,QUIZ0922,Biology,Genetics,28,13,15,46.43,29.42
STU0154,QUIZ0923,Mathematics,Probability,23,11,12,47.83,23.38
STU0154,QUIZ0924,Chemistry,Organic Chemistry,25,6,19,24.0,55.8
STU0155,QUIZ0925,Chemistry,Organic Chemistry,27,21,6,77.78,88.81
STU0155,QUIZ0926,Chemistry,Chemical Bonding,16,12,4,75.0,87.9
STU0155,QUIZ0927,Biology,Genetics,27,26,1,96.3,65.07
STU0155,QUIZ0928,Biology,Plant Physiology,24,9,15,37.5,73.0
STU0155,QUIZ0929,Mathematics,Trigonometry,15,5,10,33.33,76.77
STU0155,QUIZ0930,Mathematics,Calculus,19,19,0,100.0,23.04
STU0156,QUIZ0931,Physics,Work and Energy,29,19,10,65.52,24.66
STU0156,QUIZ0932,Chemistry,Atoms,16,5,11,31.25,36.09
STU0156,QUIZ0933,Chemistry,Atoms,19,9,10,47.37,28.23
STU0156,QUIZ0934,Biology,Genetics,24,16,8,66.67,57.58
STU0156,QUIZ0935,Chemistry,Chemical Bonding,25,12,13,48.0,78.64
STU0156,QUIZ0936,Biology,Human Body,19,16,3,84.21,85.9
STU0157,QUIZ0937,Chemistry,Acids and Bases,15,11,4,73.33,74.78
STU0157,QUIZ0938,Physics,Work and Energy,19,6,13,31.58,22.46
STU0157,QUIZ0939,Physics,Motion,30,11,19,36.67,49.33
STU0157,QUIZ0940,Physics,Laws of Motion,16,7,9,43.75,67.16
STU0157,QUIZ0941,Biology,Cell,17,14,3,82.35,64.86
STU0157,QUIZ0942,Physics,Work and Energy,30,19,11,63.33,56.01
STU0158,QUIZ0943,Biology,Genetics,21,10,11,47.62,67.68
STU0158,QUIZ0944,Physics,Motion,19,7,12,36.84,23.56
STU0158,QUIZ0945,Mathematics,Probability,24,9,15,37.5,52.62
STU0158,QUIZ0946,Biology,Plant Physiology,30,7,23,23.33,69.39
STU0158,QUIZ0947,Chemistry,Atoms,18,16,2,88.89,79.86
STU0158,QUIZ0948,Chemistry,Atoms,19,9,10,47.37,22.59
STU0159,QUIZ0949,Biology,Plant Physiology,18,5,13,27.78,36.64
STU0159,QUIZ0950,Mathematics,Algebra,24,7,17,29.17,25.35
STU0159,QUIZ0951,Physics,Work and Energy,18,7,11,38.89,52.34
STU0159,QUIZ0952,Biology,Human Body,30,9,21,30.0,20.72
STU0159,QUIZ0953,Biology,Genetics,17,7,10,41.18,68.35
STU0159,QUIZ0954,Chemistry,Atoms,27,7,20,25.93,27.1
STU0160,QUIZ0955,Physics,Motion,25,14,11,56.0,37.04
STU0160,QUIZ0956,Mathematics,Probability,15,12,3,80.0,80.27
STU0160,QUIZ0957,Mathematics,Trigonometry,18,14,4,77.78,38.79
STU0160,QUIZ0958,Physics,Motion,15,13,2,86.67,48.46
STU0160,QUIZ0959,Physics,Electricity,20,8,12,40.0,30.33
STU0160,QUIZ0960,Physics,Electricity,20,20,0,100.0,28.24
STU0161,QUIZ0961,Physics,Electricity,30,21,9,70.0,80.1
STU0161,QUIZ0962,Physics,Electricity,28,23,5,82.14,70.59
STU0161,QUIZ0963,Biology,Human Body,24,12,12,50.0,57.34
STU0161,QUIZ0964,Mathematics,Probability,25,8,17,32.0,60.22
STU0161,QUIZ0965,Biology,Cell,15,5,10,33.33,75.71
STU0161,QUIZ0966,Biology,Plant Physiology,21,13,8,61.9,62.17
STU0162,QUIZ0967,Biology,Human Body,22,6,16,27.27,53.48
STU0162,QUIZ0968,Mathematics,Algebra,28,28,0,100.0,78.45
STU0162,QUIZ0969,Mathematics,Calculus,18,15,3,83.33,53.04
STU0162,QUIZ0970,Biology,Genetics,20,10,10,50.0,82.16
STU0162,QUIZ0971,Mathematics,Calculus,22,14,8,63.64,66.08
STU0162,QUIZ0972,Mathematics,Calculus,17,7,10,41.18,52.23
STU0163,QUIZ0973,Biology,Human Body,17,7,10,41.18,63.21
STU0163,QUIZ0974,Chemistry,Chemical Bonding,30,5,25,16.67,50.37
STU0163,QUIZ0975,Mathematics,Probability,20,14,6,70.0,59.33
STU0163,QUIZ0976,Biology,Cell,15,5,10,33.33,63.63
STU0163,QUIZ0977,Physics,Electricity,15,11,4,73.33,69.31
STU0163,QUIZ0978,Physics,Work and Energy,30,20,10,66.67,45.48
STU0164,QUIZ0979,Mathematics,Probability,22,7,15,31.82,72.3
STU0164,QUIZ0980,Physics,Laws of Motion,16,8,8,50.0,89.58
STU0164,QUIZ0981,Chemistry,Atoms,18,8,10,44.44,66.07
STU0164,QUIZ0982,Physics,Laws of Motion,19,16,3,84.21,63.15
STU0164,QUIZ0983,Physics,Laws of Motion,22,16,6,72.73,89.72
STU0164,QUIZ0984,Mathematics,Calculus,15,12,3,80.0,72.45
STU0165,QUIZ0985,Physics,Work and Energy,26,14,12,53.85,85.58
STU0165,QUIZ0986,Chemistry,Organic Chemistry,23,14,9,60.87,56.63
STU0165,QUIZ0987,Biology,Plant Physiology,19,15,4,78.95,77.63
STU0165,QUIZ0988,Mathematics,Probability,22,16,6,72.73,47.4
STU0165,QUIZ0989,Chemistry,Atoms,30,6,24,20.0,56.59
STU0165,QUIZ0990,Chemistry,Organic Chemistry,29,11,18,37.93,53.89
STU0166,QUIZ0991,Mathematics,Calculus,26,24,2,92.31,34.51
STU0166,QUIZ0992,Physics,Motion,28,8,20,28.57,44.58
STU0166,QUIZ0993,Chemistry,Acids and Bases,22,9,13,40.91,72.74
STU0166,QUIZ0994,Physics,Motion,28,6,22,21.43,81.05
STU0166,QUIZ0995,Physics,Electricity,16,9,7,56.25,20.96
STU0166,QUIZ0996,Physics,Work and Energy,20,9,11,45.0,80.9
STU0167,QUIZ0997,Biology,Cell,16,14,2,87.5,30.24
STU0167,QUIZ0998,Mathematics,Calculus,17,8,9,47.06,49.96
STU0167,QUIZ0999,Biology,Plant Physiology,22,6,16,27.27,72.91
STU0167,QUIZ1000,Mathematics,Calculus,27,21,6,77.78,21.4
STU0167,QUIZ1001,Biology,Cell,28,12,16,42.86,82.7
STU0167,QUIZ1002,Chemistry,Chemical Bonding,22,16,6,72.73,41.42
STU0168,QUIZ1003,Chemistry,Atoms,22,9,13,40.91,20.35
STU0168,QUIZ1004,Mathematics,Probability,27,19,8,70.37,61.05
STU0168,QUIZ1005,Chemistry,Acids and Bases,17,10,7,58.82,72.58
STU0168,QUIZ1006,Mathematics,Probability,25,13,12,52.0,63.75
STU0168,QUIZ1007,Physics,Electricity,21,5,16,23.81,45.1
STU0168,QUIZ1008,Physics,Work and Energy,27,27,0,100.0,77.95
STU0169,QUIZ1009,Chemistry,Acids and Bases,18,5,13,27.78,58.5
STU0169,QUIZ1010,Physics,Electricity,28,15,13,53.57,59.34
STU0169,QUIZ1011,Mathematics,Calculus,27,7,20,25.93,85.15
STU0169,QUIZ1012,Physics,Motion,22,22,0,100.0,28.76
STU0169,QUIZ1013,Biology,Plant Physiology,16,12,4,75.0,44.12
STU0169,QUIZ1014,Chemistry,Atoms,30,22,8,73.33,53.87
STU0170,QUIZ1015,Physics,Electricity,27,25,2,92.59,81.4
STU0170,QUIZ1016,Biology,Cell,17,11,6,64.71,76.86
STU0170,QUIZ1017,Biology,Genetics,24,6,18,25.0,42.67
STU0170,QUIZ1018,Chemistry,Chemical Bonding,29,17,12,58.62,60.64
STU0170,QUIZ1019,Physics,Work and Energy,22,7,15,31.82,65.78
STU0170,QUIZ1020,Chemistry,Chemical Bonding,17,15,2,88.24,89.27
STU0171,QUIZ1021,Chemistry,Atoms,20,14,6,70.0,80.3
STU0171,QUIZ1022,Chemistry,Atoms,18,11,7,61.11,37.0
STU0171,QUIZ1023,Physics,Laws of Motion,24,11,13,45.83,60.37
STU0171,QUIZ1024,Mathematics,Algebra,29,22,7,75.86,22.53
STU0171,QUIZ1025,Mathematics,Probability,26,19,7,73.08,68.73
STU0171,QUIZ1026,Chemistry,Acids and Bases,26,25,1,96.15,38.49
STU0172,QUIZ1027,Mathematics,Probability,28,10,18,35.71,66.95
STU0172,QUIZ1028,Chemistry,Chemical Bonding,23,9,14,39.13,38.51
STU0172,QUIZ1029,Physics,Laws of Motion,22,20,2,90.91,65.82
STU0172,QUIZ1030,Mathematics,Trigonometry,22,13,9,59.09,87.0
STU0172,QUIZ1031,Mathematics,Trigonometry,26,8,18,30.77,63.12
STU0172,QUIZ1032,Chemistry,Organic Chemistry,16,13,3,81.25,82.86
STU0173,QUIZ1033,Chemistry,Chemical Bonding,27,16,11,59.26,81.0
STU0173,QUIZ1034,Mathematics,Trigonometry,22,10,12,45.45,58.91
STU0173,QUIZ1035,Chemistry,Organic Chemistry,16,5,11,31.25,21.95
STU0173,QUIZ1036,Biology,Genetics,19,7,12,36.84,81.41
STU0173,QUIZ1037,Physics,Electricity,30,21,9,70.0,33.06
STU0173,QUIZ1038,Physics,Laws of Motion,23,12,11,52.17,87.58
STU0174,QUIZ1039,Biology,Genetics,17,6,11,35.29,70.88
STU0174,QUIZ1040,Chemistry,Organic Chemistry,17,5,12,29.41,69.2
STU0174,QUIZ1041,Mathematics,Calculus,24,9,15,37.5,45.55
STU0174,QUIZ1042,Biology,Genetics,20,11,9,55.0,27.85
STU0174,QUIZ1043,Mathematics,Algebra,15,7,8,46.67,20.81
STU0174,QUIZ1044,Mathematics,Algebra,20,18,2,90.0,40.15
STU0175,QUIZ1045,Mathematics,Calculus,19,11,8,57.89,69.22
STU0175,QUIZ1046,Mathematics,Algebra,22,17,5,77.27,42.18
STU0175,QUIZ1047,Physics,Work and Energy,23,14,9,60.87,87.59
STU0175,QUIZ1048,Physics,Electricity,23,9,14,39.13,85.21
STU0175,QUIZ1049,Physics,Motion,24,14,10,58.33,71.31
STU0175,QUIZ1050,Mathematics,Probability,21,14,7,66.67,24.31
STU0176,QUIZ1051,Physics,Electricity,23,18,5,78.26,53.79
STU0176,QUIZ1052,Physics,Electricity,20,8,12,40.0,87.27
STU0176,QUIZ1053,Chemistry,Acids and Bases,25,5,20,20.0,58.09
STU0176,QUIZ1054,Chemistry,Organic Chemistry,21,13,8,61.9,88.74
STU0176,QUIZ1055,Mathematics,Calculus,21,5,16,23.81,22.24
STU0176,QUIZ1056,Mathematics,Probability,28,23,5,82.14,38.71
STU0177,QUIZ1057,Chemistry,Acids and Bases,25,8,17,32.0,64.29
STU0177,QUIZ1058,Physics,Electricity,18,18,0,100.0,45.29
STU0177,QUIZ1059,Chemistry,Acids and Bases,20,16,4,80.0,82.91
STU0177,QUIZ1060,Physics,Laws of Motion,16,12,4,75.0,70.81
STU0177,QUIZ1061,Biology,Human Body,17,10,7,58.82,80.77
STU0177,QUIZ1062,Chemistry,Atoms,16,15,1,93.75,41.48
STU0178,QUIZ1063,Physics,Work and Energy,18,13,5,72.22,44.48
STU0178,QUIZ1064,Biology,Cell,19,17,2,89.47,89.74
STU0178,QUIZ1065,Biology,Human Body,29,15,14,51.72,26.37
STU0178,QUIZ1066,Biology,Cell,15,5,10,33.33,71.17
STU0178,QUIZ1067,Physics,Laws of Motion,27,16,11,59.26,48.01
STU0178,QUIZ1068,Physics,Electricity,15,6,9,40.0,49.32
STU0179,QUIZ1069,Physics,Electricity,26,15,11,57.69,25.71
STU0179,QUIZ1070,Physics,Work and Energy,27,13,14,48.15,77.71
STU0179,QUIZ1071,Mathematics,Probability,20,15,5,75.0,26.5
STU0179,QUIZ1072,Biology,Cell,20,17,3,85.0,79.27
STU0179,QUIZ1073,Mathematics,Calculus,28,13,15,46.43,49.76
STU0179,QUIZ1074,Chemistry,Organic Chemistry,15,12,3,80.0,68.58
STU0180,QUIZ1075,Chemistry,Organic Chemistry,21,5,16,23.81,28.3
STU0180,QUIZ1076,Physics,Electricity,26,17,9,65.38,32.16
STU0180,QUIZ1077,Mathematics,Trigonometry,27,8,19,29.63,43.66
STU0180,QUIZ1078,Physics,Electricity,19,18,1,94.74,23.25
STU0180,QUIZ1079,Biology,Cell,30,9,21,30.0,82.87
STU0180,QUIZ1080,Biology,Plant Physiology,16,12,4,75.0,67.22
STU0181,QUIZ1081,Chemistry,Atoms,30,12,18,40.0,73.2
STU0181,QUIZ1082,Biology,Plant Physiology,27,26,1,96.3,43.69
STU0181,QUIZ1083,Chemistry,Chemical Bonding,16,13,3,81.25,73.54
STU0181,QUIZ1084,Chemistry,Atoms,22,17,5,77.27,50.0
STU0181,QUIZ1085,Mathematics,Algebra,25,22,3,88.0,44.19
STU0181,QUIZ1086,Chemistry,Chemical Bonding,28,15,13,53.57,81.72
STU0182,QUIZ1087,Mathematics,Trigonometry,22,17,5,77.27,34.72
STU0182,QUIZ1088,Physics,Work and Energy,16,8,8,50.0,21.82
STU0182,QUIZ1089,Mathematics,Probability,18,9,9,50.0,42.65
STU0182,QUIZ1090,Physics,Electricity,23,5,18,21.74,38.96
STU0182,QUIZ1091,Chemistry,Organic Chemistry,27,10,17,37.04,43.24
STU0182,QUIZ1092,Biology,Genetics,27,5,22,18.52,20.56
STU0183,QUIZ1093,Mathematics,Algebra,15,9,6,60.0,77.51
STU0183,QUIZ1094,Physics,Motion,24,11,13,45.83,23.57
STU0183,QUIZ1095,Chemistry,Organic Chemistry,27,22,5,81.48,68.39
STU0183,QUIZ1096,Biology,Human Body,17,15,2,88.24,86.47
STU0183,QUIZ1097,Physics,Laws of Motion,17,17,0,100.0,26.14
STU0183,QUIZ1098,Physics,Work and Energy,17,7,10,41.18,33.92
STU0184,QUIZ1099,Biology,Human Body,24,22,2,91.67,85.89
STU0184,QUIZ1100,Physics,Motion,29,27,2,93.1,34.05
STU0184,QUIZ1101,Physics,Electricity,26,12,14,46.15,74.83
STU0184,QUIZ1102,Biology,Plant Physiology,19,13,6,68.42,31.9
STU0184,QUIZ1103,Physics,Electricity,18,10,8,55.56,54.41
STU0184,QUIZ1104,Chemistry,Organic Chemistry,25,19,6,76.0,56.01
STU0185,QUIZ1105,Chemistry,Atoms,19,8,11,42.11,29.06
STU0185,QUIZ1106,Chemistry,Organic Chemistry,25,15,10,60.0,55.33
STU0185,QUIZ1107,Mathematics,Algebra,22,14,8,63.64,64.75
STU0185,QUIZ1108,Physics,Laws of Motion,29,9,20,31.03,22.35
STU0185,QUIZ1109,Mathematics,Calculus,28,13,15,46.43,87.99
STU0185,QUIZ1110,Chemistry,Organic Chemistry,23,23,0,100.0,35.28
STU0186,QUIZ1111,Biology,Human Body,22,8,14,36.36,27.51
STU0186,QUIZ1112,Physics,Laws of Motion,17,9,8,52.94,43.96
STU0186,QUIZ1113,Physics,Electricity,20,16,4,80.0,83.49
STU0186,QUIZ1114,Mathematics,Trigonometry,16,11,5,68.75,86.16
STU0186,QUIZ1115,Mathematics,Algebra,22,18,4,81.82,83.26
STU0186,QUIZ1116,Physics,Laws of Motion,29,12,17,41.38,49.88
STU0187,QUIZ1117,Chemistry,Atoms,25,5,20,20.0,39.88
STU0187,QUIZ1118,Biology,Human Body,26,15,11,57.69,21.58
STU0187,QUIZ1119,Physics,Electricity,23,17,6,73.91,66.66
STU0187,QUIZ1120,Chemistry,Organic Chemistry,19,6,13,31.58,22.66
STU0187,QUIZ1121,Chemistry,Chemical Bonding,17,14,3,82.35,50.8
STU0187,QUIZ1122,Physics,Work and Energy,26,6,20,23.08,57.41
STU0188,QUIZ1123,Chemistry,Acids and Bases,30,18,12,60.0,47.05
STU0188,QUIZ1124,Physics,Motion,16,12,4,75.0,27.36
STU0188,QUIZ1125,Chemistry,Acids and Bases,22,14,8,63.64,81.82
STU0188,QUIZ1126,Physics,Electricity,30,14,16,46.67,81.27
STU0188,QUIZ1127,Chemistry,Organic Chemistry,18,13,5,72.22,46.59
STU0188,QUIZ1128,Physics,Electricity,17,5,12,29.41,32.16
STU0189,QUIZ1129,Chemistry,Organic Chemistry,30,30,0,100.0,41.73
STU0189,QUIZ1130,Mathematics,Trigonometry,21,18,3,85.71,86.99
STU0189,QUIZ1131,Chemistry,Acids and Bases,17,9,8,52.94,45.06
STU0189,QUIZ1132,Chemistry,Chemical Bonding,28,5,23,17.86,87.18
STU0189,QUIZ1133,Mathematics,Calculus,29,28,1,96.55,70.2
STU0189,QUIZ1134,Biology,Genetics,20,13,7,65.0,57.37
STU0190,QUIZ1135,Mathematics,Probability,15,5,10,33.33,55.42
STU0190,QUIZ1136,Biology,Human Body,27,7,20,25.93,55.07
STU0190,QUIZ1137,Biology,Genetics,22,13,9,59.09,85.8
STU0190,QUIZ1138,Mathematics,Calculus,25,10,15,40.0,54.64
STU0190,QUIZ1139,Chemistry,Atoms,17,16,1,94.12,34.21
STU0190,QUIZ1140,Chemistry,Atoms,30,27,3,90.0,63.07
STU0191,QUIZ1141,Biology,Plant Physiology,16,16,0,100.0,39.58
STU0191,QUIZ1142,Chemistry,Organic Chemistry,19,9,10,47.37,72.15
STU0191,QUIZ1143,Biology,Genetics,29,25,4,86.21,76.68
STU0191,QUIZ1144,Physics,Laws of Motion,29,18,11,62.07,89.15
STU0191,QUIZ1145,Physics,Motion,17,15,2,88.24,51.21
STU0191,QUIZ1146,Chemistry,Acids and Bases,16,9,7,56.25,76.28
STU0192,QUIZ1147,Mathematics,Calculus,15,11,4,73.33,41.93
STU0192,QUIZ1148,Mathematics,Trigonometry,29,25,4,86.21,21.79
STU0192,QUIZ1149,Biology,Human Body,26,19,7,73.08,30.17
STU0192,QUIZ1150,Biology,Cell,26,16,10,61.54,53.95
STU0192,QUIZ1151,Biology,Human Body,19,11,8,57.89,82.36
STU0192,QUIZ1152,Mathematics,Probability,23,11,12,47.83,48.89
STU0193,QUIZ1153,Physics,Laws of Motion,21,19,2,90.48,76.07
STU0193,QUIZ1154,Chemistry,Organic Chemistry,24,20,4,83.33,84.12
STU0193,QUIZ1155,Mathematics,Trigonometry,25,23,2,92.0,74.27
STU0193,QUIZ1156,Biology,Plant Physiology,23,6,17,26.09,53.86
STU0193,QUIZ1157,Mathematics,Probability,24,7,17,29.17,66.67
STU0193,QUIZ1158,Biology,Plant Physiology,24,5,19,20.83,52.11
STU0194,QUIZ1159,Chemistry,Organic Chemistry,19,19,0,100.0,56.84
STU0194,QUIZ1160,Mathematics,Algebra,19,14,5,73.68,20.5
STU0194,QUIZ1161,Mathematics,Probability,30,15,15,50.0,74.46
STU0194,QUIZ1162,Mathematics,Trigonometry,29,22,7,75.86,67.67
STU0194,QUIZ1163,Chemistry,Chemical Bonding,17,17,0,100.0,38.83
STU0194,QUIZ1164,Physics,Laws of Motion,15,8,7,53.33,85.3
STU0195,QUIZ1165,Mathematics,Trigonometry,27,11,16,40.74,67.98
STU0195,QUIZ1166,Chemistry,Chemical Bonding,23,5,18,21.74,46.05
STU0195,QUIZ1167,Physics,Laws of Motion,27,27,0,100.0,31.69
STU0195,QUIZ1168,Mathematics,Algebra,28,11,17,39.29,38.95
STU0195,QUIZ1169,Physics,Motion,22,13,9,59.09,89.79
STU0195,QUIZ1170,Biology,Human Body,19,9,10,47.37,30.06
STU0196,QUIZ1171,Mathematics,Probability,27,20,7,74.07,44.13
STU0196,QUIZ1172,Physics,Laws of Motion,24,6,18,25.0,53.58
STU0196,QUIZ1173,Mathematics,Algebra,25,12,13,48.0,85.05
STU0196,QUIZ1174,Biology,Plant Physiology,22,9,13,40.91,29.47
STU0196,QUIZ1175,Chemistry,Atoms,19,15,4,78.95,82.12
STU0196,QUIZ1176,Mathematics,Trigonometry,20,6,14,30.0,58.57
STU0197,QUIZ1177,Biology,Plant Physiology,23,5,18,21.74,26.6
STU0197,QUIZ1178,Chemistry,Acids and Bases,26,24,2,92.31,77.91
STU0197,QUIZ1179,Mathematics,Algebra,22,6,16,27.27,67.56
STU0197,QUIZ1180,Mathematics,Probability,20,17,3,85.0,70.08
STU0197,QUIZ1181,Physics,Work and Energy,21,5,16,23.81,69.2
STU0197,QUIZ1182,Physics,Work and Energy,29,13,16,44.83,50.01
STU0198,QUIZ1183,Physics,Motion,29,18,11,62.07,48.78
STU0198,QUIZ1184,Physics,Electricity,23,18,5,78.26,75.72
STU0198,QUIZ1185,Mathematics,Trigonometry,26,23,3,88.46,60.75
STU0198,QUIZ1186,Biology,Cell,20,7,13,35.0,83.3
STU0198,QUIZ1187,Biology,Human Body,21,14,7,66.67,51.54
STU0198,QUIZ1188,Biology,Cell,21,6,15,28.57,37.29
STU0199,QUIZ1189,Physics,Work and Energy,25,22,3,88.0,44.95
STU0199,QUIZ1190,Mathematics,Algebra,21,8,13,38.1,27.71
STU0199,QUIZ1191,Mathematics,Calculus,21,11,10,52.38,22.99
STU0199,QUIZ1192,Mathematics,Probability,21,21,0,100.0,68.08
STU0199,QUIZ1193,Mathematics,Calculus,30,18,12,60.0,63.74
STU0199,QUIZ1194,Chemistry,Chemical Bonding,24,17,7,70.83,43.67
STU0200,QUIZ1195,Physics,Motion,26,9,17,34.62,70.78
STU0200,QUIZ1196,Chemistry,Chemical Bonding,20,15,5,75.0,72.3
STU0200,QUIZ1197,Biology,Genetics,20,7,13,35.0,48.12
STU0200,QUIZ1198,Physics,Work and Energy,29,28,1,96.55,87.4
STU0200,QUIZ1199,Chemistry,Organic Chemistry,27,26,1,96.3,84.43
STU0200,QUIZ1200,Mathematics,Probability,21,16,5,76.19,47.3
STU0201,QUIZ1201,Biology,Cell,25,15,10,60.0,76.3
STU0201,QUIZ1202,Mathematics,Calculus,18,14,4,77.78,25.12
STU0201,QUIZ1203,Chemistry,Acids and Bases,30,20,10,66.67,76.28
STU0201,QUIZ1204,Mathematics,Trigonometry,19,10,9,52.63,70.93
STU0201,QUIZ1205,Physics,Work and Energy,21,7,14,33.33,61.51
STU0201,QUIZ1206,Biology,Cell,29,7,22,24.14,24.33
STU0202,QUIZ1207,Mathematics,Algebra,26,7,19,26.92,88.83
STU0202,QUIZ1208,Physics,Laws of Motion,23,15,8,65.22,80.16
STU0202,QUIZ1209,Chemistry,Atoms,25,21,4,84.0,63.07
STU0202,QUIZ1210,Mathematics,Probability,19,19,0,100.0,24.73
STU0202,QUIZ1211,Mathematics,Trigonometry,20,13,7,65.0,68.82
STU0202,QUIZ1212,Chemistry,Chemical Bonding,26,25,1,96.15,28.5
STU0203,QUIZ1213,Physics,Motion,19,10,9,52.63,89.15
STU0203,QUIZ1214,Mathematics,Trigonometry,15,6,9,40.0,57.76
STU0203,QUIZ1215,Biology,Cell,27,7,20,25.93,48.5
STU0203,QUIZ1216,Biology,Human Body,28,18,10,64.29,68.88
STU0203,QUIZ1217,Physics,Electricity,19,11,8,57.89,32.31
STU0203,QUIZ1218,Physics,Motion,24,15,9,62.5,37.54
STU0204,QUIZ1219,Mathematics,Calculus,21,10,11,47.62,82.13
STU0204,QUIZ1220,Mathematics,Trigonometry,22,12,10,54.55,58.94
STU0204,QUIZ1221,Chemistry,Atoms,18,13,5,72.22,85.93
STU0204,QUIZ1222,Mathematics,Algebra,24,18,6,75.0,71.7
STU0204,QUIZ1223,Chemistry,Acids and Bases,18,9,9,50.0,67.45
STU0204,QUIZ1224,Mathematics,Probability,25,19,6,76.0,37.95
STU0205,QUIZ1225,Mathematics,Algebra,26,9,17,34.62,34.72
STU0205,QUIZ1226,Mathematics,Calculus,18,7,11,38.89,89.55
STU0205,QUIZ1227,Chemistry,Chemical Bonding,15,14,1,93.33,56.06
STU0205,QUIZ1228,Chemistry,Atoms,18,12,6,66.67,33.41
STU0205,QUIZ1229,Physics,Laws of Motion,15,15,0,100.0,34.06
STU0205,QUIZ1230,Chemistry,Atoms,20,12,8,60.0,29.24
STU0206,QUIZ1231,Chemistry,Atoms,18,8,10,44.44,53.1
STU0206,QUIZ1232,Chemistry,Acids and Bases,17,15,2,88.24,78.46
STU0206,QUIZ1233,Biology,Human Body,30,6,24,20.0,87.67
STU0206,QUIZ1234,Biology,Genetics,25,9,16,36.0,43.81
STU0206,QUIZ1235,Chemistry,Chemical Bonding,22,13,9,59.09,24.28
STU0206,QUIZ1236,Chemistry,Organic Chemistry,16,16,0,100.0,46.46
STU0207,QUIZ1237,Mathematics,Calculus,27,22,5,81.48,45.6
STU0207,QUIZ1238,Chemistry,Organic Chemistry,26,24,2,92.31,47.5
STU0207,QUIZ1239,Biology,Cell,16,5,11,31.25,75.91
STU0207,QUIZ1240,Chemistry,Acids and Bases,29,15,14,51.72,56.51
STU0207,QUIZ1241,Physics,Laws of Motion,18,11,7,61.11,69.52
STU0207,QUIZ1242,Chemistry,Atoms,28,10,18,35.71,87.91
STU0208,QUIZ1243,Chemistry,Acids and Bases,19,16,3,84.21,41.88
STU0208,QUIZ1244,Biology,Genetics,30,15,15,50.0,32.42
STU0208,QUIZ1245,Biology,Genetics,29,16,13,55.17,62.66
STU0208,QUIZ1246,Biology,Cell,26,16,10,61.54,45.03
STU0208,QUIZ1247,Chemistry,Atoms,17,13,4,76.47,75.93
STU0208,QUIZ1248,Physics,Motion,28,12,16,42.86,84.21
STU0209,QUIZ1249,Biology,Genetics,24,23,1,95.83,41.82
STU0209,QUIZ1250,Physics,Motion,17,16,1,94.12,64.01
STU0209,QUIZ1251,Mathematics,Calculus,16,12,4,75.0,47.63
STU0209,QUIZ1252,Mathematics,Probability,29,15,14,51.72,55.9
STU0209,QUIZ1253,Chemistry,Organic Chemistry,23,16,7,69.57,35.15
STU0209,QUIZ1254,Mathematics,Algebra,17,9,8,52.94,20.64
STU0210,QUIZ1255,Mathematics,Calculus,27,12,15,44.44,50.47
STU0210,QUIZ1256,Biology,Plant Physiology,26,9,17,34.62,37.43
STU0210,QUIZ1257,Physics,Motion,18,6,12,33.33,82.51
STU0210,QUIZ1258,Biology,Human Body,28,25,3,89.29,53.2
STU0210,QUIZ1259,Biology,Cell,22,13,9,59.09,60.41
STU0210,QUIZ1260,Biology,Cell,15,15,0,100.0,64.89
STU0211,QUIZ1261,Mathematics,Trigonometry,28,5,23,17.86,38.74
STU0211,QUIZ1262,Biology,Genetics,27,20,7,74.07,89.44
STU0211,QUIZ1263,Biology,Plant Physiology,17,17,0,100.0,78.5
STU0211,QUIZ1264,Physics,Work and Energy,29,23,6,79.31,34.39
STU0211,QUIZ1265,Physics,Work and Energy,29,8,21,27.59,26.05
STU0211,QUIZ1266,Mathematics,Trigonometry,15,9,6,60.0,21.05
STU0212,QUIZ1267,Chemistry,Acids and Bases,29,18,11,62.07,35.62
STU0212,QUIZ1268,Mathematics,Trigonometry,22,19,3,86.36,48.9
STU0212,QUIZ1269,Biology,Plant Physiology,19,5,14,26.32,76.24
STU0212,QUIZ1270,Chemistry,Acids and Bases,27,21,6,77.78,75.59
STU0212,QUIZ1271,Physics,Work and Energy,18,7,11,38.89,88.33
STU0212,QUIZ1272,Mathematics,Probability,20,13,7,65.0,26.13
STU0213,QUIZ1273,Biology,Human Body,16,8,8,50.0,50.79
STU0213,QUIZ1274,Mathematics,Trigonometry,29,5,24,17.24,23.76
STU0213,QUIZ1275,Biology,Human Body,28,15,13,53.57,43.09
STU0213,QUIZ1276,Physics,Electricity,21,18,3,85.71,42.57
STU0213,QUIZ1277,Physics,Work and Energy,15,13,2,86.67,48.5
STU0213,QUIZ1278,Biology,Cell,16,13,3,81.25,48.46
STU0214,QUIZ1279,Physics,Electricity,21,21,0,100.0,50.9
STU0214,QUIZ1280,Mathematics,Calculus,26,6,20,23.08,75.04
STU0214,QUIZ1281,Biology,Plant Physiology,30,18,12,60.0,69.37
STU0214,QUIZ1282,Chemistry,Chemical Bonding,27,16,11,59.26,77.22
STU0214,QUIZ1283,Biology,Human Body,27,23,4,85.19,55.04
STU0214,QUIZ1284,Physics,Motion,15,5,10,33.33,85.11
STU0215,QUIZ1285,Chemistry,Atoms,26,17,9,65.38,72.24
STU0215,QUIZ1286,Biology,Genetics,21,11,10,52.38,35.05
STU0215,QUIZ1287,Biology,Human Body,19,5,14,26.32,38.92
STU0215,QUIZ1288,Chemistry,Organic Chemistry,22,11,11,50.0,41.09
STU0215,QUIZ1289,Chemistry,Chemical Bonding,21,21,0,100.0,26.79
STU0215,QUIZ1290,Chemistry,Acids and Bases,23,5,18,21.74,54.69
STU0216,QUIZ1291,Chemistry,Organic Chemistry,20,18,2,90.0,42.72
STU0216,QUIZ1292,Mathematics,Calculus,15,14,1,93.33,58.99
STU0216,QUIZ1293,Biology,Plant Physiology,28,8,20,28.57,80.34
STU0216,QUIZ1294,Chemistry,Acids and Bases,22,11,11,50.0,36.89
STU0216,QUIZ1295,Biology,Cell,16,14,2,87.5,85.21
STU0216,QUIZ1296,Biology,Human Body,19,12,7,63.16,33.98
STU0217,QUIZ1297,Physics,Work and Energy,20,11,9,55.0,23.73
STU0217,QUIZ1298,Chemistry,Chemical Bonding,21,9,12,42.86,47.8
STU0217,QUIZ1299,Physics,Electricity,15,15,0,100.0,53.45
STU0217,QUIZ1300,Biology,Plant Physiology,28,17,11,60.71,88.64
STU0217,QUIZ1301,Biology,Plant Physiology,25,24,1,96.0,72.41
STU0217,QUIZ1302,Physics,Work and Energy,20,15,5,75.0,75.91
STU0218,QUIZ1303,Physics,Electricity,26,19,7,73.08,31.36
STU0218,QUIZ1304,Biology,Human Body,15,14,1,93.33,20.76
STU0218,QUIZ1305,Chemistry,Atoms,25,6,19,24.0,31.41
STU0218,QUIZ1306,Chemistry,Organic Chemistry,24,7,17,29.17,22.16
STU0218,QUIZ1307,Mathematics,Trigonometry,20,17,3,85.0,40.3
STU0218,QUIZ1308,Chemistry,Chemical Bonding,16,12,4,75.0,64.96
STU0219,QUIZ1309,Biology,Plant Physiology,23,9,14,39.13,75.38
STU0219,QUIZ1310,Mathematics,Calculus,19,17,2,89.47,55.0
STU0219,QUIZ1311,Mathematics,Probability,30,18,12,60.0,57.02
STU0219,QUIZ1312,Mathematics,Calculus,29,7,22,24.14,35.07
STU0219,QUIZ1313,Physics,Work and Energy,24,10,14,41.67,42.5
STU0219,QUIZ1314,Mathematics,Trigonometry,17,17,0,100.0,81.17
STU0220,QUIZ1315,Physics,Work and Energy,19,12,7,63.16,25.85
STU0220,QUIZ1316,Chemistry,Acids and Bases,23,15,8,65.22,33.15
STU0220,QUIZ1317,Chemistry,Acids and Bases,18,15,3,83.33,38.16
STU0220,QUIZ1318,Biology,Human Body,18,8,10,44.44,80.63
STU0220,QUIZ1319,Mathematics,Trigonometry,27,26,1,96.3,73.27
STU0220,QUIZ1320,Physics,Laws of Motion,29,17,12,58.62,43.76
STU0221,QUIZ1321,Physics,Work and Energy,23,9,14,39.13,81.91
STU0221,QUIZ1322,Mathematics,Calculus,29,19,10,65.52,82.41
STU0221,QUIZ1323,Biology,Genetics,19,8,11,42.11,67.92
STU0221,QUIZ1324,Biology,Cell,16,16,0,100.0,49.54
STU0221,QUIZ1325,Mathematics,Algebra,23,6,17,26.09,55.44
STU0221,QUIZ1326,Chemistry,Chemical Bonding,20,19,1,95.0,53.07
STU0222,QUIZ1327,Physics,Laws of Motion,20,13,7,65.0,60.16
STU0222,QUIZ1328,Physics,Laws of Motion,18,16,2,88.89,64.78
STU0222,QUIZ1329,Mathematics,Algebra,24,8,16,33.33,77.35
STU0222,QUIZ1330,Physics,Work and Energy,24,9,15,37.5,78.68
STU0222,QUIZ1331,Physics,Work and Energy,19,16,3,84.21,89.11
STU0222,QUIZ1332,Physics,Motion,19,12,7,63.16,41.88
STU0223,QUIZ1333,Biology,Genetics,24,23,1,95.83,62.02
STU0223,QUIZ1334,Physics,Work and Energy,26,11,15,42.31,78.82
STU0223,QUIZ1335,Chemistry,Organic Chemistry,26,10,16,38.46,89.8
STU0223,QUIZ1336,Chemistry,Atoms,16,16,0,100.0,30.86
STU0223,QUIZ1337,Physics,Laws of Motion,22,22,0,100.0,23.6
STU0223,QUIZ1338,Biology,Cell,26,9,17,34.62,45.24
STU0224,QUIZ1339,Mathematics,Calculus,25,6,19,24.0,23.12
STU0224,QUIZ1340,Biology,Cell,25,16,9,64.0,55.85
STU0224,QUIZ1341,Physics,Electricity,21,12,9,57.14,36.28
STU0224,QUIZ1342,Physics,Electricity,22,8,14,36.36,73.37
STU0224,QUIZ1343,Physics,Laws of Motion,24,23,1,95.83,37.04
STU0224,QUIZ1344,Mathematics,Trigonometry,20,6,14,30.0,47.98
STU0225,QUIZ1345,Mathematics,Probability,24,23,1,95.83,56.86
STU0225,QUIZ1346,Mathematics,Algebra,25,16,9,64.0,45.92
STU0225,QUIZ1347,Biology,Human Body,30,30,0,100.0,37.98
STU0225,QUIZ1348,Physics,Laws of Motion,22,17,5,77.27,73.7
STU0225,QUIZ1349,Biology,Genetics,29,12,17,41.38,54.35
STU0225,QUIZ1350,Chemistry,Chemical Bonding,18,13,5,72.22,28.54
STU0226,QUIZ1351,Chemistry,Atoms,28,10,18,35.71,55.08
STU0226,QUIZ1352,Chemistry,Organic Chemistry,22,15,7,68.18,79.5
STU0226,QUIZ1353,Mathematics,Algebra,17,12,5,70.59,86.56
STU0226,QUIZ1354,Chemistry,Organic Chemistry,15,6,9,40.0,72.39
STU0226,QUIZ1355,Mathematics,Trigonometry,21,5,16,23.81,61.48
STU0226,QUIZ1356,Mathematics,Algebra,17,8,9,47.06,45.24
STU0227,QUIZ1357,Biology,Cell,15,13,2,86.67,22.49
STU0227,QUIZ1358,Biology,Plant Physiology,16,6,10,37.5,33.42
STU0227,QUIZ1359,Biology,Cell,19,16,3,84.21,45.96
STU0227,QUIZ1360,Physics,Motion,26,15,11,57.69,56.39
STU0227,QUIZ1361,Chemistry,Organic Chemistry,25,10,15,40.0,74.25
STU0227,QUIZ1362,Mathematics,Calculus,21,15,6,71.43,29.9
STU0228,QUIZ1363,Biology,Human Body,21,15,6,71.43,47.75
STU0228,QUIZ1364,Biology,Human Body,28,28,0,100.0,80.88
STU0228,QUIZ1365,Biology,Genetics,22,8,14,36.36,82.07
STU0228,QUIZ1366,Chemistry,Organic Chemistry,15,11,4,73.33,66.33
STU0228,QUIZ1367,Mathematics,Trigonometry,18,12,6,66.67,48.65
STU0228,QUIZ1368,Mathematics,Calculus,17,13,4,76.47,67.43
STU0229,QUIZ1369,Chemistry,Organic Chemistry,25,25,0,100.0,50.87
STU0229,QUIZ1370,Physics,Motion,19,10,9,52.63,44.33
STU0229,QUIZ1371,Mathematics,Probability,16,14,2,87.5,50.83
STU0229,QUIZ1372,Biology,Genetics,17,15,2,88.24,37.42
STU0229,QUIZ1373,Mathematics,Calculus,25,11,14,44.0,40.32
STU0229,QUIZ1374,Physics,Motion,30,28,2,93.33,74.5
STU0230,QUIZ1375,Mathematics,Probability,22,13,9,59.09,89.34
STU0230,QUIZ1376,Chemistry,Chemical Bonding,24,18,6,75.0,24.96
STU0230,QUIZ1377,Mathematics,Algebra,17,13,4,76.47,43.2
STU0230,QUIZ1378,Biology,Genetics,18,8,10,44.44,42.7
STU0230,QUIZ1379,Biology,Genetics,26,19,7,73.08,67.14
STU0230,QUIZ1380,Physics,Motion,21,6,15,28.57,44.72
STU0231,QUIZ1381,Physics,Laws of Motion,21,20,1,95.24,38.2
STU0231,QUIZ1382,Physics,Work and Energy,15,7,8,46.67,42.97
STU0231,QUIZ1383,Chemistry,Atoms,30,13,17,43.33,35.63
STU0231,QUIZ1384,Biology,Human Body,16,12,4,75.0,31.96
STU0231,QUIZ1385,Physics,Laws of Motion,16,16,0,100.0,35.59
STU0231,QUIZ1386,Mathematics,Calculus,20,16,4,80.0,71.7
STU0232,QUIZ1387,Physics,Motion,26,11,15,42.31,80.77
STU0232,QUIZ1388,Biology,Plant Physiology,27,27,0,100.0,24.2
STU0232,QUIZ1389,Biology,Genetics,28,22,6,78.57,48.03
STU0232,QUIZ1390,Chemistry,Chemical Bonding,29,13,16,44.83,28.2
STU0232,QUIZ1391,Mathematics,Algebra,27,5,22,18.52,62.68
STU0232,QUIZ1392,Physics,Laws of Motion,23,18,5,78.26,53.55
STU0233,QUIZ1393,Mathematics,Trigonometry,22,12,10,54.55,61.14
STU0233,QUIZ1394,Mathematics,Calculus,28,16,12,57.14,68.91
STU0233,QUIZ1395,Mathematics,Calculus,19,5,14,26.32,22.9
STU0233,QUIZ1396,Chemistry,Atoms,27,18,9,66.67,88.39
STU0233,QUIZ1397,Physics,Motion,20,19,1,95.0,35.06
STU0233,QUIZ1398,Physics,Motion,22,18,4,81.82,45.7
STU0234,QUIZ1399,Mathematics,Calculus,28,11,17,39.29,47.15
STU0234,QUIZ1400,Biology,Human Body,22,12,10,54.55,48.55
STU0234,QUIZ1401,Biology,Plant Physiology,26,11,15,42.31,60.01
STU0234,QUIZ1402,Chemistry,Atoms,18,14,4,77.78,71.39
STU0234,QUIZ1403,Physics,Motion,15,15,0,100.0,70.36
STU0234,QUIZ1404,Chemistry,Atoms,16,10,6,62.5,67.25
STU0235,QUIZ1405,Mathematics,Probability,26,26,0,100.0,40.74
STU0235,QUIZ1406,Biology,Plant Physiology,17,10,7,58.82,54.07
STU0235,QUIZ1407,Biology,Cell,24,16,8,66.67,74.24
STU0235,QUIZ1408,Biology,Genetics,19,19,0,100.0,58.95
STU0235,QUIZ1409,Physics,Work and Energy,17,6,11,35.29,44.53
STU0235,QUIZ1410,Chemistry,Atoms,29,28,1,96.55,89.31
STU0236,QUIZ1411,Chemistry,Chemical Bonding,29,20,9,68.97,69.61
STU0236,QUIZ1412,Chemistry,Acids and Bases,21,11,10,52.38,64.82
STU0236,QUIZ1413,Mathematics,Algebra,30,30,0,100.0,49.2
STU0236,QUIZ1414,Physics,Work and Energy,20,6,14,30.0,42.54
STU0236,QUIZ1415,Biology,Cell,29,21,8,72.41,80.18
STU0236,QUIZ1416,Chemistry,Organic Chemistry,23,11,12,47.83,82.21
STU0237,QUIZ1417,Biology,Cell,16,6,10,37.5,82.4
STU0237,QUIZ1418,Chemistry,Organic Chemistry,23,13,10,56.52,76.35
STU0237,QUIZ1419,Chemistry,Organic Chemistry,28,20,8,71.43,42.14
STU0237,QUIZ1420,Chemistry,Acids and Bases,28,23,5,82.14,70.72
STU0237,QUIZ1421,Biology,Human Body,30,26,4,86.67,82.44
STU0237,QUIZ1422,Physics,Electricity,28,7,21,25.0,64.93
STU0238,QUIZ1423,Chemistry,Chemical Bonding,23,18,5,78.26,64.52
STU0238,QUIZ1424,Biology,Plant Physiology,17,5,12,29.41,70.14
STU0238,QUIZ1425,Biology,Plant Physiology,26,24,2,92.31,80.54
STU0238,QUIZ1426,Mathematics,Probability,20,10,10,50.0,21.43
STU0238,QUIZ1427,Physics,Electricity,26,20,6,76.92,49.98
STU0238,QUIZ1428,Mathematics,Algebra,27,18,9,66.67,89.05
STU0239,QUIZ1429,Chemistry,Chemical Bonding,20,15,5,75.0,74.95
STU0239,QUIZ1430,Mathematics,Algebra,30,12,18,40.0,40.63
STU0239,QUIZ1431,Physics,Electricity,21,8,13,38.1,70.98
STU0239,QUIZ1432,Biology,Human Body,22,21,1,95.45,53.79
STU0239,QUIZ1433,Physics,Work and Energy,15,9,6,60.0,79.89
STU0239,QUIZ1434,Chemistry,Atoms,18,6,12,33.33,29.81
STU0240,QUIZ1435,Physics,Motion,25,19,6,76.0,25.19
STU0240,QUIZ1436,Mathematics,Probability,23,12,11,52.17,77.59
STU0240,QUIZ1437,Biology,Plant Physiology,27,14,13,51.85,39.21
STU0240,QUIZ1438,Physics,Laws of Motion,19,19,0,100.0,57.05
STU0240,QUIZ1439,Chemistry,Organic Chemistry,16,7,9,43.75,81.66
STU0240,QUIZ1440,Mathematics,Algebra,21,5,16,23.81,76.07
STU0241,QUIZ1441,Biology,Genetics,30,11,19,36.67,61.91
STU0241,QUIZ1442,Physics,Motion,25,17,8,68.0,40.1
STU0241,QUIZ1443,Biology,Cell,26,14,12,53.85,78.87
STU0241,QUIZ1444,Biology,Human Body,20,8,12,40.0,53.5
STU0241,QUIZ1445,Mathematics,Probability,30,30,0,100.0,68.66
STU0241,QUIZ1446,Physics,Electricity,20,10,10,50.0,57.34
STU0242,QUIZ1447,Physics,Motion,22,5,17,22.73,28.39
STU0242,QUIZ1448,Physics,Motion,17,11,6,64.71,64.16
STU0242,QUIZ1449,Mathematics,Probability,24,16,8,66.67,42.73
STU0242,QUIZ1450,Physics,Laws of Motion,16,5,11,31.25,83.7
STU0242,QUIZ1451,Physics,Work and Energy,22,18,4,81.82,88.95
STU0242,QUIZ1452,Biology,Plant Physiology,15,13,2,86.67,39.34
STU0243,QUIZ1453,Chemistry,Organic Chemistry,21,7,14,33.33,43.52
STU0243,QUIZ1454,Chemistry,Organic Chemistry,23,12,11,52.17,81.26
STU0243,QUIZ1455,Mathematics,Algebra,28,7,21,25.0,20.27
STU0243,QUIZ1456,Mathematics,Algebra,23,6,17,26.09,65.8
STU0243,QUIZ1457,Mathematics,Algebra,18,5,13,27.78,49.58
STU0243,QUIZ1458,Chemistry,Acids and Bases,16,10,6,62.5,57.49
STU0244,QUIZ1459,Mathematics,Algebra,18,9,9,50.0,66.63
STU0244,QUIZ1460,Mathematics,Trigonometry,28,9,19,32.14,61.24
STU0244,QUIZ1461,Physics,Electricity,23,11,12,47.83,33.03
STU0244,QUIZ1462,Chemistry,Atoms,15,10,5,66.67,88.26
STU0244,QUIZ1463,Chemistry,Chemical Bonding,24,13,11,54.17,85.75
STU0244,QUIZ1464,Mathematics,Trigonometry,21,15,6,71.43,72.71
STU0245,QUIZ1465,Physics,Work and Energy,18,16,2,88.89,45.76
STU0245,QUIZ1466,Mathematics,Algebra,21,5,16,23.81,47.37
STU0245,QUIZ1467,Chemistry,Acids and Bases,25,18,7,72.0,59.6
STU0245,QUIZ1468,Mathematics,Calculus,18,11,7,61.11,20.54
STU0245,QUIZ1469,Physics,Motion,24,15,9,62.5,28.19
STU0245,QUIZ1470,Biology,Genetics,19,8,11,42.11,87.83
STU0246,QUIZ1471,Physics,Electricity,28,24,4,85.71,60.58
STU0246,QUIZ1472,Chemistry,Organic Chemistry,28,27,1,96.43,69.68
STU0246,QUIZ1473,Biology,Cell,18,8,10,44.44,30.02
STU0246,QUIZ1474,Physics,Laws of Motion,28,14,14,50.0,57.27
STU0246,QUIZ1475,Physics,Electricity,26,9,17,34.62,73.91
STU0246,QUIZ1476,Chemistry,Chemical Bonding,26,18,8,69.23,21.92
STU0247,QUIZ1477,Biology,Human Body,28,10,18,35.71,37.53
STU0247,QUIZ1478,Mathematics,Probability,30,18,12,60.0,71.1
STU0247,QUIZ1479,Mathematics,Algebra,25,11,14,44.0,59.75
STU0247,QUIZ1480,Biology,Cell,19,13,6,68.42,55.55
STU0247,QUIZ1481,Biology,Cell,24,12,12,50.0,81.46
STU0247,QUIZ1482,Physics,Laws of Motion,28,11,17,39.29,70.32
STU0248,QUIZ1483,Chemistry,Acids and Bases,23,9,14,39.13,74.89
STU0248,QUIZ1484,Physics,Electricity,21,18,3,85.71,46.2
STU0248,QUIZ1485,Physics,Motion,20,14,6,70.0,20.72
STU0248,QUIZ1486,Physics,Laws of Motion,15,5,10,33.33,21.55
STU0248,QUIZ1487,Chemistry,Chemical Bonding,27,16,11,59.26,68.3
STU0248,QUIZ1488,Physics,Motion,30,22,8,73.33,52.83
STU0249,QUIZ1489,Physics,Motion,28,8,20,28.57,29.14
STU0249,QUIZ1490,Biology,Plant Physiology,15,8,7,53.33,59.41
STU0249,QUIZ1491,Mathematics,Algebra,21,19,2,90.48,81.89
STU0249,QUIZ1492,Chemistry,Chemical Bonding,15,5,10,33.33,20.54
STU0249,QUIZ1493,Biology,Genetics,19,10,9,52.63,87.31
STU0249,QUIZ1494,Mathematics,Algebra,28,15,13,53.57,72.11
STU0250,QUIZ1495,Physics,Electricity,15,8,7,53.33,75.66
STU0250,QUIZ1496,Physics,Work and Energy,20,15,5,75.0,27.09
STU0250,QUIZ1497,Physics,Laws of Motion,21,10,11,47.62,86.58
STU0250,QUIZ1498,Physics,Motion,23,6,17,26.09,66.11
STU0250,QUIZ1499,Chemistry,Atoms,19,7,12,36.84,79.73
STU0250,QUIZ1500,Chemistry,Chemical Bonding,21,20,1,95.24,83.92
STU0251,QUIZ1501,Physics,Motion,27,22,5,81.48,54.27
STU0251,QUIZ1502,Biology,Human Body,24,19,5,79.17,65.93
STU0251,QUIZ1503,Chemistry,Chemical Bonding,22,22,0,100.0,33.13
STU0251,QUIZ1504,Physics,Laws of Motion,15,7,8,46.67,88.45
STU0251,QUIZ1505,Mathematics,Trigonometry,20,15,5,75.0,62.91
STU0251,QUIZ1506,Chemistry,Acids and Bases,29,29,0,100.0,52.05
STU0252,QUIZ1507,Physics,Electricity,15,14,1,93.33,27.1
STU0252,QUIZ1508,Mathematics,Algebra,27,26,1,96.3,75.21
STU0252,QUIZ1509,Mathematics,Trigonometry,17,7,10,41.18,40.08
STU0252,QUIZ1510,Chemistry,Acids and Bases,19,10,9,52.63,89.53
STU0252,QUIZ1511,Chemistry,Atoms,19,10,9,52.63,82.85
STU0252,QUIZ1512,Chemistry,Organic Chemistry,19,14,5,73.68,39.61
STU0253,QUIZ1513,Mathematics,Probability,26,9,17,34.62,84.04
STU0253,QUIZ1514,Mathematics,Probability,29,16,13,55.17,56.83
STU0253,QUIZ1515,Chemistry,Atoms,22,18,4,81.82,42.75
STU0253,QUIZ1516,Biology,Human Body,17,13,4,76.47,55.76
STU0253,QUIZ1517,Biology,Cell,26,6,20,23.08,49.2
STU0253,QUIZ1518,Chemistry,Atoms,17,16,1,94.12,79.4
STU0254,QUIZ1519,Mathematics,Calculus,26,17,9,65.38,52.55
STU0254,QUIZ1520,Mathematics,Calculus,29,11,18,37.93,84.44
STU0254,QUIZ1521,Physics,Motion,24,5,19,20.83,88.86
STU0254,QUIZ1522,Physics,Motion,29,7,22,24.14,84.8
STU0254,QUIZ1523,Chemistry,Atoms,25,21,4,84.0,62.56
STU0254,QUIZ1524,Biology,Plant Physiology,23,14,9,60.87,57.02
STU0255,QUIZ1525,Biology,Cell,25,21,4,84.0,70.66
STU0255,QUIZ1526,Physics,Laws of Motion,24,15,9,62.5,24.86
STU0255,QUIZ1527,Chemistry,Chemical Bonding,28,23,5,82.14,85.3
STU0255,QUIZ1528,Mathematics,Algebra,20,6,14,30.0,24.75
STU0255,QUIZ1529,Mathematics,Algebra,26,12,14,46.15,67.92
STU0255,QUIZ1530,Biology,Human Body,17,12,5,70.59,46.2
STU0256,QUIZ1531,Mathematics,Trigonometry,21,13,8,61.9,64.86
STU0256,QUIZ1532,Biology,Cell,23,21,2,91.3,46.74
STU0256,QUIZ1533,Mathematics,Trigonometry,16,13,3,81.25,62.55
STU0256,QUIZ1534,Chemistry,Atoms,29,21,8,72.41,24.87
STU0256,QUIZ1535,Biology,Genetics,30,16,14,53.33,88.08
STU0256,QUIZ1536,Mathematics,Trigonometry,22,5,17,22.73,59.83
STU0257,QUIZ1537,Chemistry,Chemical Bonding,26,20,6,76.92,26.55
STU0257,QUIZ1538,Biology,Genetics,28,23,5,82.14,66.04
STU0257,QUIZ1539,Mathematics,Trigonometry,22,7,15,31.82,28.04
STU0257,QUIZ1540,Physics,Work and Energy,21,16,5,76.19,66.98
STU0257,QUIZ1541,Chemistry,Organic Chemistry,16,6,10,37.5,69.91
STU0257,QUIZ1542,Physics,Work and Energy,26,15,11,57.69,75.03
STU0258,QUIZ1543,Physics,Work and Energy,28,14,14,50.0,59.48
STU0258,QUIZ1544,Mathematics,Probability,26,5,21,19.23,60.26
STU0258,QUIZ1545,Biology,Genetics,22,8,14,36.36,34.24
STU0258,QUIZ1546,Biology,Cell,25,13,12,52.0,65.39
STU0258,QUIZ1547,Chemistry,Atoms,26,21,5,80.77,51.98
STU0258,QUIZ1548,Chemistry,Atoms,27,20,7,74.07,54.55
STU0259,QUIZ1549,Physics,Electricity,28,8,20,28.57,32.68
STU0259,QUIZ1550,Chemistry,Organic Chemistry,28,7,21,25.0,77.62
STU0259,QUIZ1551,Mathematics,Trigonometry,25,20,5,80.0,58.1
STU0259,QUIZ1552,Physics,Laws of Motion,18,12,6,66.67,40.49
STU0259,QUIZ1553,Physics,Electricity,29,21,8,72.41,75.37
STU0259,QUIZ1554,Chemistry,Chemical Bonding,16,15,1,93.75,39.33
STU0260,QUIZ1555,Mathematics,Algebra,17,8,9,47.06,57.0
STU0260,QUIZ1556,Mathematics,Trigonometry,18,17,1,94.44,31.43
STU0260,QUIZ1557,Physics,Electricity,29,18,11,62.07,33.68
STU0260,QUIZ1558,Chemistry,Acids and Bases,15,12,3,80.0,39.15
STU0260,QUIZ1559,Physics,Electricity,19,7,12,36.84,33.41
STU0260,QUIZ1560,Mathematics,Algebra,16,13,3,81.25,66.88
STU0261,QUIZ1561,Biology,Human Body,20,17,3,85.0,36.45
STU0261,QUIZ1562,Chemistry,Atoms,15,12,3,80.0,43.54
STU0261,QUIZ1563,Chemistry,Atoms,16,9,7,56.25,76.4
STU0261,QUIZ1564,Physics,Electricity,21,12,9,57.14,32.01
STU0261,QUIZ1565,Chemistry,Atoms,26,6,20,23.08,75.19
STU0261,QUIZ1566,Biology,Cell,23,21,2,91.3,35.05
STU0262,QUIZ1567,Physics,Motion,21,11,10,52.38,74.09
STU0262,QUIZ1568,Biology,Genetics,15,10,5,66.67,89.52
STU0262,QUIZ1569,Physics,Electricity,20,18,2,90.0,31.65
STU0262,QUIZ1570,Mathematics,Trigonometry,23,13,10,56.52,58.8
STU0262,QUIZ1571,Mathematics,Algebra,20,16,4,80.0,31.9
STU0262,QUIZ1572,Biology,Genetics,28,13,15,46.43,39.07
STU0263,QUIZ1573,Mathematics,Algebra,21,14,7,66.67,33.53
STU0263,QUIZ1574,Mathematics,Algebra,17,13,4,76.47,70.74
STU0263,QUIZ1575,Physics,Work and Energy,29,8,21,27.59,66.07
STU0263,QUIZ1576,Chemistry,Acids and Bases,22,20,2,90.91,31.45
STU0263,QUIZ1577,Mathematics,Algebra,30,5,25,16.67,52.24
STU0263,QUIZ1578,Biology,Cell,30,24,6,80.0,49.47
STU0264,QUIZ1579,Biology,Cell,26,12,14,46.15,24.98
STU0264,QUIZ1580,Physics,Motion,22,17,5,77.27,36.61
STU0264,QUIZ1581,Chemistry,Chemical Bonding,17,5,12,29.41,40.57
STU0264,QUIZ1582,Chemistry,Chemical Bonding,15,12,3,80.0,75.97
STU0264,QUIZ1583,Physics,Motion,27,18,9,66.67,26.1
STU0264,QUIZ1584,Chemistry,Atoms,19,5,14,26.32,52.37
STU0265,QUIZ1585,Chemistry,Atoms,24,17,7,70.83,38.75
STU0265,QUIZ1586,Mathematics,Calculus,16,13,3,81.25,83.23
STU0265,QUIZ1587,Chemistry,Atoms,30,11,19,36.67,67.59
STU0265,QUIZ1588,Mathematics,Algebra,17,11,6,64.71,86.65
STU0265,QUIZ1589,Biology,Human Body,28,25,3,89.29,60.79
STU0265,QUIZ1590,Biology,Human Body,27,7,20,25.93,78.92
STU0266,QUIZ1591,Chemistry,Chemical Bonding,20,9,11,45.0,33.24
STU0266,QUIZ1592,Biology,Plant Physiology,22,7,15,31.82,86.85
STU0266,QUIZ1593,Biology,Genetics,27,14,13,51.85,78.89
STU0266,QUIZ1594,Biology,Cell,27,8,19,29.63,85.96
STU0266,QUIZ1595,Mathematics,Trigonometry,27,25,2,92.59,39.47
STU0266,QUIZ1596,Biology,Human Body,17,8,9,47.06,57.94
STU0267,QUIZ1597,Physics,Electricity,21,20,1,95.24,75.61
STU0267,QUIZ1598,Chemistry,Organic Chemistry,22,7,15,31.82,64.27
STU0267,QUIZ1599,Chemistry,Organic Chemistry,28,7,21,25.0,72.33
STU0267,QUIZ1600,Physics,Electricity,29,18,11,62.07,38.01
STU0267,QUIZ1601,Biology,Plant Physiology,18,10,8,55.56,24.88
STU0267,QUIZ1602,Chemistry,Chemical Bonding,18,18,0,100.0,68.22
STU0268,QUIZ1603,Mathematics,Trigonometry,18,7,11,38.89,69.52
STU0268,QUIZ1604,Chemistry,Atoms,22,7,15,31.82,23.18
STU0268,QUIZ1605,Chemistry,Acids and Bases,28,16,12,57.14,53.11
STU0268,QUIZ1606,Physics,Electricity,19,17,2,89.47,68.48
STU0268,QUIZ1607,Biology,Genetics,29,21,8,72.41,35.59
STU0268,QUIZ1608,Biology,Cell,28,12,16,42.86,83.82
STU0269,QUIZ1609,Physics,Laws of Motion,19,8,11,42.11,68.67
STU0269,QUIZ1610,Biology,Genetics,15,13,2,86.67,35.15
STU0269,QUIZ1611,Chemistry,Acids and Bases,27,12,15,44.44,52.58
STU0269,QUIZ1612,Biology,Genetics,28,16,12,57.14,55.62
STU0269,QUIZ1613,Mathematics,Algebra,28,11,17,39.29,40.24
STU0269,QUIZ1614,Chemistry,Organic Chemistry,20,20,0,100.0,50.16
STU0270,QUIZ1615,Mathematics,Trigonometry,17,17,0,100.0,30.76
STU0270,QUIZ1616,Physics,Work and Energy,19,10,9,52.63,30.81
STU0270,QUIZ1617,Biology,Cell,28,7,21,25.0,72.1
STU0270,QUIZ1618,Physics,Laws of Motion,26,15,11,57.69,21.65
STU0270,QUIZ1619,Chemistry,Chemical Bonding,29,6,23,20.69,85.12
STU0270,QUIZ1620,Mathematics,Probability,28,26,2,92.86,76.36
STU0271,QUIZ1621,Physics,Electricity,28,14,14,50.0,37.41
STU0271,QUIZ1622,Physics,Work and Energy,22,16,6,72.73,25.32
STU0271,QUIZ1623,Chemistry,Atoms,27,21,6,77.78,86.91
STU0271,QUIZ1624,Chemistry,Chemical Bonding,16,6,10,37.5,60.7
STU0271,QUIZ1625,Mathematics,Calculus,21,6,15,28.57,53.12
STU0271,QUIZ1626,Biology,Cell,17,5,12,29.41,87.66
STU0272,QUIZ1627,Physics,Laws of Motion,15,5,10,33.33,82.93
STU0272,QUIZ1628,Physics,Work and Energy,27,24,3,88.89,40.31
STU0272,QUIZ1629,Mathematics,Calculus,27,7,20,25.93,23.18
STU0272,QUIZ1630,Mathematics,Calculus,18,15,3,83.33,28.04
STU0272,QUIZ1631,Mathematics,Calculus,16,8,8,50.0,46.82
STU0272,QUIZ1632,Mathematics,Probability,21,13,8,61.9,40.24
STU0273,QUIZ1633,Mathematics,Trigonometry,20,13,7,65.0,49.71
STU0273,QUIZ1634,Mathematics,Algebra,22,5,17,22.73,58.98
STU0273,QUIZ1635,Chemistry,Organic Chemistry,29,7,22,24.14,49.64
STU0273,QUIZ1636,Mathematics,Probability,25,9,16,36.0,88.08
STU0273,QUIZ1637,Mathematics,Probability,18,8,10,44.44,44.21
STU0273,QUIZ1638,Chemistry,Acids and Bases,29,8,21,27.59,31.68
STU0274,QUIZ1639,Mathematics,Algebra,19,7,12,36.84,81.55
STU0274,QUIZ1640,Physics,Motion,24,19,5,79.17,50.54
STU0274,QUIZ1641,Mathematics,Calculus,30,12,18,40.0,77.18
STU0274,QUIZ1642,Biology,Cell,26,14,12,53.85,35.44
STU0274,QUIZ1643,Chemistry,Acids and Bases,15,13,2,86.67,21.34
STU0274,QUIZ1644,Biology,Plant Physiology,16,14,2,87.5,59.64
STU0275,QUIZ1645,Physics,Motion,16,12,4,75.0,39.29
STU0275,QUIZ1646,Chemistry,Organic Chemistry,19,16,3,84.21,64.65
STU0275,QUIZ1647,Physics,Motion,28,14,14,50.0,54.91
STU0275,QUIZ1648,Mathematics,Algebra,17,11,6,64.71,20.99
STU0275,QUIZ1649,Mathematics,Trigonometry,18,12,6,66.67,66.77
STU0275,QUIZ1650,Biology,Plant Physiology,28,17,11,60.71,30.66
STU0276,QUIZ1651,Physics,Work and Energy,23,18,5,78.26,36.5
STU0276,QUIZ1652,Physics,Electricity,25,20,5,80.0,38.32
STU0276,QUIZ1653,Biology,Cell,16,6,10,37.5,65.31
STU0276,QUIZ1654,Chemistry,Chemical Bonding,23,7,16,30.43,53.94
STU0276,QUIZ1655,Chemistry,Organic Chemistry,18,18,0,100.0,50.65
STU0276,QUIZ1656,Mathematics,Algebra,25,23,2,92.0,73.71
STU0277,QUIZ1657,Physics,Laws of Motion,29,8,21,27.59,34.88
STU0277,QUIZ1658,Chemistry,Acids and Bases,18,15,3,83.33,67.77
STU0277,QUIZ1659,Physics,Electricity,29,24,5,82.76,51.85
STU0277,QUIZ1660,Mathematics,Algebra,23,22,1,95.65,73.13
STU0277,QUIZ1661,Chemistry,Atoms,23,11,12,47.83,81.42
STU0277,QUIZ1662,Physics,Work and Energy,28,26,2,92.86,73.96
STU0278,QUIZ1663,Chemistry,Acids and Bases,29,24,5,82.76,32.74
STU0278,QUIZ1664,Biology,Genetics,26,25,1,96.15,65.25
STU0278,QUIZ1665,Biology,Human Body,16,5,11,31.25,37.94
STU0278,QUIZ1666,Biology,Cell,29,29,0,100.0,40.12
STU0278,QUIZ1667,Physics,Work and Energy,21,9,12,42.86,68.33
STU0278,QUIZ1668,Chemistry,Chemical Bonding,26,22,4,84.62,65.86
STU0279,QUIZ1669,Physics,Work and Energy,19,17,2,89.47,70.95
STU0279,QUIZ1670,Physics,Work and Energy,18,15,3,83.33,29.6
STU0279,QUIZ1671,Chemistry,Atoms,16,14,2,87.5,81.5
STU0279,QUIZ1672,Chemistry,Atoms,22,21,1,95.45,74.5
STU0279,QUIZ1673,Mathematics,Trigonometry,25,17,8,68.0,46.13
STU0279,QUIZ1674,Chemistry,Chemical Bonding,26,11,15,42.31,34.34
STU0280,QUIZ1675,Chemistry,Atoms,18,6,12,33.33,78.12
STU0280,QUIZ1676,Biology,Plant Physiology,18,10,8,55.56,32.72
STU0280,QUIZ1677,Chemistry,Chemical Bonding,20,10,10,50.0,81.01
STU0280,QUIZ1678,Chemistry,Chemical Bonding,21,18,3,85.71,25.09
STU0280,QUIZ1679,Physics,Electricity,26,23,3,88.46,31.6
STU0280,QUIZ1680,Biology,Genetics,20,14,6,70.0,39.4
STU0281,QUIZ1681,Biology,Genetics,30,22,8,73.33,44.19
STU0281,QUIZ1682,Mathematics,Trigonometry,30,7,23,23.33,30.75
STU0281,QUIZ1683,Biology,Genetics,20,17,3,85.0,24.89
STU0281,QUIZ1684,Physics,Laws of Motion,23,14,9,60.87,57.36
STU0281,QUIZ1685,Biology,Plant Physiology,25,24,1,96.0,38.01
STU0281,QUIZ1686,Biology,Genetics,19,12,7,63.16,20.59
STU0282,QUIZ1687,Chemistry,Chemical Bonding,26,14,12,53.85,83.19
STU0282,QUIZ1688,Biology,Human Body,19,18,1,94.74,39.36
STU0282,QUIZ1689,Physics,Electricity,20,7,13,35.0,51.16
STU0282,QUIZ1690,Mathematics,Calculus,23,14,9,60.87,74.54
STU0282,QUIZ1691,Biology,Human Body,23,14,9,60.87,20.63
STU0282,QUIZ1692,Biology,Genetics,29,10,19,34.48,35.95
STU0283,QUIZ1693,Chemistry,Atoms,22,21,1,95.45,26.37
STU0283,QUIZ1694,Chemistry,Acids and Bases,30,24,6,80.0,85.08
STU0283,QUIZ1695,Chemistry,Organic Chemistry,23,6,17,26.09,44.42
STU0283,QUIZ1696,Chemistry,Chemical Bonding,25,7,18,28.0,76.95
STU0283,QUIZ1697,Physics,Electricity,23,17,6,73.91,34.18
STU0283,QUIZ1698,Mathematics,Algebra,26,16,10,61.54,56.0
STU0284,QUIZ1699,Mathematics,Trigonometry,26,9,17,34.62,58.03
STU0284,QUIZ1700,Mathematics,Calculus,16,12,4,75.0,66.89
STU0284,QUIZ1701,Physics,Work and Energy,20,11,9,55.0,83.12
STU0284,QUIZ1702,Chemistry,Acids and Bases,27,6,21,22.22,42.01
STU0284,QUIZ1703,Physics,Work and Energy,29,7,22,24.14,82.66
STU0284,QUIZ1704,Chemistry,Atoms,17,14,3,82.35,48.22
STU0285,QUIZ1705,Physics,Electricity,17,11,6,64.71,38.75
STU0285,QUIZ1706,Physics,Work and Energy,20,6,14,30.0,26.03
STU0285,QUIZ1707,Mathematics,Probability,21,8,13,38.1,27.09
STU0285,QUIZ1708,Mathematics,Algebra,24,10,14,41.67,82.7
STU0285,QUIZ1709,Biology,Plant Physiology,15,11,4,73.33,65.59
STU0285,QUIZ1710,Physics,Laws of Motion,30,10,20,33.33,37.21
STU0286,QUIZ1711,Chemistry,Acids and Bases,29,23,6,79.31,79.62
STU0286,QUIZ1712,Physics,Laws of Motion,18,6,12,33.33,39.46
STU0286,QUIZ1713,Biology,Human Body,17,10,7,58.82,46.7
STU0286,QUIZ1714,Chemistry,Acids and Bases,15,6,9,40.0,71.33
STU0286,QUIZ1715,Biology,Genetics,27,20,7,74.07,77.02
STU0286,QUIZ1716,Physics,Laws of Motion,28,21,7,75.0,28.35
STU0287,QUIZ1717,Mathematics,Trigonometry,17,14,3,82.35,55.79
STU0287,QUIZ1718,Chemistry,Atoms,27,5,22,18.52,40.54
STU0287,QUIZ1719,Biology,Cell,19,6,13,31.58,20.84
STU0287,QUIZ1720,Chemistry,Atoms,26,19,7,73.08,49.79
STU0287,QUIZ1721,Chemistry,Acids and Bases,18,5,13,27.78,42.92
STU0287,QUIZ1722,Biology,Genetics,21,15,6,71.43,40.34
STU0288,QUIZ1723,Biology,Human Body,27,15,12,55.56,44.22
STU0288,QUIZ1724,Chemistry,Atoms,15,12,3,80.0,88.76
STU0288,QUIZ1725,Mathematics,Trigonometry,24,24,0,100.0,30.06
STU0288,QUIZ1726,Physics,Electricity,28,8,20,28.57,38.05
STU0288,QUIZ1727,Chemistry,Atoms,28,17,11,60.71,33.49
STU0288,QUIZ1728,Mathematics,Calculus,17,15,2,88.24,86.92
STU0289,QUIZ1729,Mathematics,Trigonometry,15,5,10,33.33,26.36
STU0289,QUIZ1730,Biology,Plant Physiology,23,17,6,73.91,62.65
STU0289,QUIZ1731,Chemistry,Acids and Bases,29,14,15,48.28,22.24
STU0289,QUIZ1732,Chemistry,Chemical Bonding,20,16,4,80.0,76.97
STU0289,QUIZ1733,Chemistry,Organic Chemistry,28,22,6,78.57,80.29
STU0289,QUIZ1734,Mathematics,Calculus,16,10,6,62.5,43.76
STU0290,QUIZ1735,Physics,Work and Energy,20,18,2,90.0,66.44
STU0290,QUIZ1736,Chemistry,Chemical Bonding,24,22,2,91.67,44.79
STU0290,QUIZ1737,Chemistry,Acids and Bases,18,5,13,27.78,74.66
STU0290,QUIZ1738,Physics,Laws of Motion,16,11,5,68.75,73.81
STU0290,QUIZ1739,Biology,Plant Physiology,26,13,13,50.0,70.59
STU0290,QUIZ1740,Biology,Genetics,18,7,11,38.89,78.45
STU0291,QUIZ1741,Chemistry,Acids and Bases,17,16,1,94.12,87.74
STU0291,QUIZ1742,Chemistry,Acids and Bases,18,14,4,77.78,76.29
STU0291,QUIZ1743,Chemistry,Atoms,21,5,16,23.81,48.03
STU0291,QUIZ1744,Physics,Electricity,24,14,10,58.33,85.32
STU0291,QUIZ1745,Biology,Cell,23,8,15,34.78,73.13
STU0291,QUIZ1746,Biology,Plant Physiology,29,13,16,44.83,32.07
STU0292,QUIZ1747,Physics,Electricity,16,8,8,50.0,75.09
STU0292,QUIZ1748,Mathematics,Probability,25,21,4,84.0,85.62
STU0292,QUIZ1749,Physics,Electricity,26,16,10,61.54,63.06
STU0292,QUIZ1750,Biology,Genetics,29,22,7,75.86,25.47
STU0292,QUIZ1751,Physics,Work and Energy,27,5,22,18.52,24.68
STU0292,QUIZ1752,Biology,Genetics,26,15,11,57.69,84.4
STU0293,QUIZ1753,Chemistry,Atoms,25,23,2,92.0,55.4
STU0293,QUIZ1754,Biology,Cell,30,28,2,93.33,23.4
STU0293,QUIZ1755,Mathematics,Trigonometry,29,21,8,72.41,23.19
STU0293,QUIZ1756,Physics,Laws of Motion,24,13,11,54.17,41.35
STU0293,QUIZ1757,Biology,Genetics,24,17,7,70.83,27.13
STU0293,QUIZ1758,Physics,Motion,21,15,6,71.43,51.86
STU0294,QUIZ1759,Biology,Genetics,24,17,7,70.83,49.82
STU0294,QUIZ1760,Chemistry,Acids and Bases,21,14,7,66.67,36.18
STU0294,QUIZ1761,Chemistry,Organic Chemistry,21,9,12,42.86,26.22
STU0294,QUIZ1762,Biology,Genetics,30,5,25,16.67,28.7
STU0294,QUIZ1763,Physics,Motion,22,6,16,27.27,69.8
STU0294,QUIZ1764,Mathematics,Algebra,17,8,9,47.06,88.42
STU0295,QUIZ1765,Physics,Laws of Motion,29,11,18,37.93,44.88
STU0295,QUIZ1766,Physics,Laws of Motion,24,23,1,95.83,36.86
STU0295,QUIZ1767,Chemistry,Acids and Bases,28,19,9,67.86,69.6
STU0295,QUIZ1768,Biology,Cell,17,5,12,29.41,87.32
STU0295,QUIZ1769,Physics,Electricity,28,23,5,82.14,23.04
STU0295,QUIZ1770,Physics,Laws of Motion,28,8,20,28.57,86.74
STU0296,QUIZ1771,Mathematics,Calculus,25,22,3,88.0,39.17
STU0296,QUIZ1772,Physics,Laws of Motion,30,30,0,100.0,41.45
STU0296,QUIZ1773,Mathematics,Calculus,16,8,8,50.0,36.58
STU0296,QUIZ1774,Mathematics,Calculus,22,20,2,90.91,76.55
STU0296,QUIZ1775,Physics,Electricity,30,10,20,33.33,39.85
STU0296,QUIZ1776,Biology,Plant Physiology,16,11,5,68.75,46.02
STU0297,QUIZ1777,Physics,Motion,15,5,10,33.33,87.57
STU0297,QUIZ1778,Physics,Work and Energy,30,15,15,50.0,61.34
STU0297,QUIZ1779,Biology,Plant Physiology,21,5,16,23.81,44.36
STU0297,QUIZ1780,Mathematics,Probability,26,10,16,38.46,24.19
STU0297,QUIZ1781,Chemistry,Atoms,24,6,18,25.0,26.99
STU0297,QUIZ1782,Mathematics,Probability,20,15,5,75.0,23.32
STU0298,QUIZ1783,Biology,Genetics,21,7,14,33.33,58.85
STU0298,QUIZ1784,Mathematics,Trigonometry,15,11,4,73.33,80.76
STU0298,QUIZ1785,Chemistry,Atoms,19,6,13,31.58,82.98
STU0298,QUIZ1786,Mathematics,Probability,20,7,13,35.0,37.09
STU0298,QUIZ1787,Physics,Laws of Motion,24,24,0,100.0,48.71
STU0298,QUIZ1788,Chemistry,Organic Chemistry,15,15,0,100.0,39.52
STU0299,QUIZ1789,Biology,Human Body,24,17,7,70.83,20.92
STU0299,QUIZ1790,Biology,Human Body,20,11,9,55.0,34.53
STU0299,QUIZ1791,Chemistry,Acids and Bases,28,10,18,35.71,72.42
STU0299,QUIZ1792,Mathematics,Calculus,22,22,0,100.0,54.58
STU0299,QUIZ1793,Biology,Genetics,23,17,6,73.91,44.14
STU0299,QUIZ1794,Mathematics,Trigonometry,26,9,17,34.62,55.08
STU0300,QUIZ1795,Mathematics,Algebra,30,23,7,76.67,57.3
STU0300,QUIZ1796,Chemistry,Chemical Bonding,27,10,17,37.04,22.59
STU0300,QUIZ1797,Physics,Motion,29,10,19,34.48,83.71
STU0300,QUIZ1798,Chemistry,Acids and Bases,16,8,8,50.0,52.82
STU0300,QUIZ1799,Physics,Laws of Motion,24,17,7,70.83,38.04
STU0300,QUIZ1800,Physics,Electricity,21,11,10,52.38,82.57
STU0301,QUIZ1801,Physics,Electricity,21,5,16,23.81,38.33
STU0301,QUIZ1802,Biology,Genetics,25,13,12,52.0,39.09
STU0301,QUIZ1803,Mathematics,Trigonometry,17,12,5,70.59,88.34
STU0301,QUIZ1804,Mathematics,Algebra,28,8,20,28.57,29.81
STU0301,QUIZ1805,Chemistry,Atoms,25,9,16,36.0,29.74
STU0301,QUIZ1806,Physics,Electricity,24,21,3,87.5,21.45
STU0302,QUIZ1807,Mathematics,Trigonometry,19,9,10,47.37,31.41
STU0302,QUIZ1808,Mathematics,Probability,24,20,4,83.33,63.46
STU0302,QUIZ1809,Biology,Human Body,24,22,2,91.67,24.46
STU0302,QUIZ1810,Biology,Genetics,24,11,13,45.83,58.4
STU0302,QUIZ1811,Chemistry,Organic Chemistry,22,13,9,59.09,27.2
STU0302,QUIZ1812,Mathematics,Trigonometry,19,15,4,78.95,50.52
STU0303,QUIZ1813,Mathematics,Probability,26,25,1,96.15,31.38
STU0303,QUIZ1814,Biology,Cell,30,8,22,26.67,44.83
STU0303,QUIZ1815,Physics,Work and Energy,15,9,6,60.0,83.48
STU0303,QUIZ1816,Chemistry,Organic Chemistry,18,18,0,100.0,51.42
STU0303,QUIZ1817,Mathematics,Probability,27,12,15,44.44,73.55
STU0303,QUIZ1818,Biology,Genetics,26,26,0,100.0,28.93
STU0304,QUIZ1819,Mathematics,Algebra,18,8,10,44.44,33.95
STU0304,QUIZ1820,Chemistry,Chemical Bonding,19,19,0,100.0,46.87
STU0304,QUIZ1821,Mathematics,Calculus,21,9,12,42.86,72.27
STU0304,QUIZ1822,Mathematics,Trigonometry,21,17,4,80.95,34.5
STU0304,QUIZ1823,Biology,Plant Physiology,16,14,2,87.5,74.21
STU0304,QUIZ1824,Physics,Laws of Motion,27,23,4,85.19,42.64
STU0305,QUIZ1825,Biology,Plant Physiology,21,11,10,52.38,48.18
STU0305,QUIZ1826,Chemistry,Organic Chemistry,30,14,16,46.67,64.75
STU0305,QUIZ1827,Mathematics,Probability,24,16,8,66.67,83.58
STU0305,QUIZ1828,Physics,Laws of Motion,28,14,14,50.0,21.85
STU0305,QUIZ1829,Mathematics,Trigonometry,25,10,15,40.0,60.29
STU0305,QUIZ1830,Biology,Genetics,18,17,1,94.44,42.75
STU0306,QUIZ1831,Mathematics,Probability,20,12,8,60.0,61.39
STU0306,QUIZ1832,Biology,Human Body,22,22,0,100.0,70.72
STU0306,QUIZ1833,Biology,Human Body,25,17,8,68.0,59.54
STU0306,QUIZ1834,Mathematics,Probability,15,10,5,66.67,35.06
STU0306,QUIZ1835,Chemistry,Atoms,29,18,11,62.07,33.39
STU0306,QUIZ1836,Physics,Electricity,30,5,25,16.67,42.41
STU0307,QUIZ1837,Mathematics,Trigonometry,20,15,5,75.0,86.38
STU0307,QUIZ1838,Biology,Human Body,29,6,23,20.69,61.61
STU0307,QUIZ1839,Mathematics,Algebra,22,22,0,100.0,85.78
STU0307,QUIZ1840,Biology,Human Body,18,11,7,61.11,24.89
STU0307,QUIZ1841,Biology,Genetics,20,20,0,100.0,22.65
STU0307,QUIZ1842,Chemistry,Organic Chemistry,15,15,0,100.0,62.72
STU0308,QUIZ1843,Physics,Motion,23,12,11,52.17,30.68
STU0308,QUIZ1844,Biology,Plant Physiology,18,18,0,100.0,60.22
STU0308,QUIZ1845,Chemistry,Chemical Bonding,16,9,7,56.25,78.14
STU0308,QUIZ1846,Chemistry,Acids and Bases,20,20,0,100.0,39.17
STU0308,QUIZ1847,Mathematics,Probability,25,22,3,88.0,23.87
STU0308,QUIZ1848,Physics,Motion,23,22,1,95.65,48.89
STU0309,QUIZ1849,Mathematics,Probability,17,10,7,58.82,39.25
STU0309,QUIZ1850,Biology,Plant Physiology,16,11,5,68.75,88.78
STU0309,QUIZ1851,Chemistry,Atoms,20,16,4,80.0,47.5
STU0309,QUIZ1852,Biology,Plant Physiology,29,27,2,93.1,58.96
STU0309,QUIZ1853,Chemistry,Organic Chemistry,15,7,8,46.67,68.89
STU0309,QUIZ1854,Mathematics,Probability,19,8,11,42.11,79.81
STU0310,QUIZ1855,Mathematics,Trigonometry,22,22,0,100.0,57.62
STU0310,QUIZ1856,Biology,Genetics,26,9,17,34.62,28.45
STU0310,QUIZ1857,Chemistry,Atoms,19,15,4,78.95,59.35
STU0310,QUIZ1858,Biology,Human Body,23,5,18,21.74,47.34
STU0310,QUIZ1859,Mathematics,Algebra,17,17,0,100.0,28.55
STU0310,QUIZ1860,Physics,Laws of Motion,25,9,16,36.0,31.65
STU0311,QUIZ1861,Chemistry,Organic Chemistry,23,5,18,21.74,26.78
STU0311,QUIZ1862,Mathematics,Probability,20,15,5,75.0,89.37
STU0311,QUIZ1863,Chemistry,Atoms,28,12,16,42.86,40.55
STU0311,QUIZ1864,Mathematics,Calculus,17,16,1,94.12,54.35
STU0311,QUIZ1865,Biology,Genetics,27,13,14,48.15,38.05
STU0311,QUIZ1866,Mathematics,Probability,16,14,2,87.5,62.68
STU0312,QUIZ1867,Chemistry,Organic Chemistry,21,11,10,52.38,61.29
STU0312,QUIZ1868,Physics,Electricity,25,17,8,68.0,57.63
STU0312,QUIZ1869,Chemistry,Atoms,30,10,20,33.33,80.04
STU0312,QUIZ1870,Chemistry,Atoms,26,21,5,80.77,70.12
STU0312,QUIZ1871,Biology,Genetics,22,16,6,72.73,23.0
STU0312,QUIZ1872,Mathematics,Probability,16,6,10,37.5,38.6
STU0313,QUIZ1873,Physics,Motion,26,10,16,38.46,76.54
STU0313,QUIZ1874,Chemistry,Chemical Bonding,28,27,1,96.43,26.39
STU0313,QUIZ1875,Physics,Laws of Motion,15,7,8,46.67,54.65
STU0313,QUIZ1876,Biology,Genetics,27,5,22,18.52,38.91
STU0313,QUIZ1877,Biology,Cell,27,24,3,88.89,65.28
STU0313,QUIZ1878,Chemistry,Chemical Bonding,29,20,9,68.97,55.14
STU0314,QUIZ1879,Mathematics,Calculus,20,5,15,25.0,55.06
STU0314,QUIZ1880,Mathematics,Trigonometry,20,12,8,60.0,74.74
STU0314,QUIZ1881,Biology,Cell,23,23,0,100.0,86.1
STU0314,QUIZ1882,Biology,Human Body,19,13,6,68.42,89.85
STU0314,QUIZ1883,Chemistry,Acids and Bases,15,10,5,66.67,45.42
STU0314,QUIZ1884,Chemistry,Organic Chemistry,24,5,19,20.83,51.82
STU0315,QUIZ1885,Mathematics,Probability,28,23,5,82.14,57.12
STU0315,QUIZ1886,Chemistry,Atoms,17,13,4,76.47,25.93
STU0315,QUIZ1887,Chemistry,Organic Chemistry,18,17,1,94.44,26.63
STU0315,QUIZ1888,Physics,Electricity,19,11,8,57.89,23.62
STU0315,QUIZ1889,Biology,Cell,24,14,10,58.33,26.53
STU0315,QUIZ1890,Biology,Genetics,20,14,6,70.0,31.31
STU0316,QUIZ1891,Mathematics,Trigonometry,24,9,15,37.5,44.38
STU0316,QUIZ1892,Physics,Electricity,16,13,3,81.25,37.58
STU0316,QUIZ1893,Mathematics,Trigonometry,19,13,6,68.42,35.52
STU0316,QUIZ1894,Physics,Electricity,19,5,14,26.32,89.79
STU0316,QUIZ1895,Chemistry,Acids and Bases,26,17,9,65.38,48.71
STU0316,QUIZ1896,Biology,Genetics,22,21,1,95.45,51.14
STU0317,QUIZ1897,Chemistry,Chemical Bonding,18,7,11,38.89,23.1
STU0317,QUIZ1898,Biology,Cell,24,23,1,95.83,71.79
STU0317,QUIZ1899,Mathematics,Calculus,27,27,0,100.0,22.18
STU0317,QUIZ1900,Chemistry,Atoms,26,9,17,34.62,20.56
STU0317,QUIZ1901,Chemistry,Organic Chemistry,24,14,10,58.33,57.29
STU0317,QUIZ1902,Physics,Electricity,22,16,6,72.73,71.64
STU0318,QUIZ1903,Mathematics,Algebra,23,13,10,56.52,71.69
STU0318,QUIZ1904,Physics,Laws of Motion,20,17,3,85.0,29.05
STU0318,QUIZ1905,Physics,Work and Energy,23,5,18,21.74,47.94
STU0318,QUIZ1906,Mathematics,Algebra,28,9,19,32.14,58.26
STU0318,QUIZ1907,Biology,Cell,23,19,4,82.61,82.83
STU0318,QUIZ1908,Physics,Laws of Motion,16,9,7,56.25,84.85
STU0319,QUIZ1909,Biology,Cell,20,9,11,45.0,20.01
STU0319,QUIZ1910,Biology,Cell,26,21,5,80.77,62.59
STU0319,QUIZ1911,Chemistry,Organic Chemistry,25,23,2,92.0,64.41
STU0319,QUIZ1912,Biology,Genetics,19,13,6,68.42,77.89
STU0319,QUIZ1913,Biology,Plant Physiology,15,14,1,93.33,47.96
STU0319,QUIZ1914,Mathematics,Algebra,20,8,12,40.0,65.5
STU0320,QUIZ1915,Mathematics,Trigonometry,30,9,21,30.0,65.11
STU0320,QUIZ1916,Biology,Genetics,29,25,4,86.21,58.64
STU0320,QUIZ1917,Biology,Human Body,23,11,12,47.83,84.77
STU0320,QUIZ1918,Biology,Plant Physiology,21,16,5,76.19,35.84
STU0320,QUIZ1919,Mathematics,Algebra,17,12,5,70.59,81.18
STU0320,QUIZ1920,Biology,Plant Physiology,16,6,10,37.5,46.07
STU0321,QUIZ1921,Mathematics,Calculus,19,14,5,73.68,24.32
STU0321,QUIZ1922,Physics,Motion,26,20,6,76.92,42.17
STU0321,QUIZ1923,Mathematics,Calculus,15,12,3,80.0,76.48
STU0321,QUIZ1924,Biology,Cell,16,13,3,81.25,28.25
STU0321,QUIZ1925,Mathematics,Trigonometry,18,10,8,55.56,38.74
STU0321,QUIZ1926,Biology,Cell,17,12,5,70.59,59.66
STU0322,QUIZ1927,Physics,Electricity,18,16,2,88.89,79.49
STU0322,QUIZ1928,Biology,Genetics,22,21,1,95.45,70.87
STU0322,QUIZ1929,Chemistry,Atoms,22,16,6,72.73,53.17
STU0322,QUIZ1930,Mathematics,Probability,15,13,2,86.67,38.81
STU0322,QUIZ1931,Chemistry,Chemical Bonding,22,14,8,63.64,83.43
STU0322,QUIZ1932,Physics,Work and Energy,28,19,9,67.86,86.41
STU0323,QUIZ1933,Biology,Genetics,16,8,8,50.0,73.11
STU0323,QUIZ1934,Biology,Cell,20,17,3,85.0,67.06
STU0323,QUIZ1935,Chemistry,Chemical Bonding,21,18,3,85.71,43.91
STU0323,QUIZ1936,Physics,Electricity,20,18,2,90.0,82.78
STU0323,QUIZ1937,Chemistry,Acids and Bases,24,17,7,70.83,22.39
STU0323,QUIZ1938,Biology,Cell,18,16,2,88.89,20.45
STU0324,QUIZ1939,Biology,Human Body,28,15,13,53.57,56.17
STU0324,QUIZ1940,Chemistry,Organic Chemistry,30,20,10,66.67,33.52
STU0324,QUIZ1941,Chemistry,Atoms,24,18,6,75.0,57.52
STU0324,QUIZ1942,Physics,Electricity,23,13,10,56.52,57.55
STU0324,QUIZ1943,Physics,Work and Energy,27,25,2,92.59,25.14
STU0324,QUIZ1944,Mathematics,Algebra,19,19,0,100.0,24.8
STU0325,QUIZ1945,Chemistry,Acids and Bases,26,14,12,53.85,31.78
STU0325,QUIZ1946,Chemistry,Atoms,18,18,0,100.0,76.88
STU0325,QUIZ1947,Chemistry,Acids and Bases,23,15,8,65.22,73.61
STU0325,QUIZ1948,Chemistry,Organic Chemistry,19,14,5,73.68,51.41
STU0325,QUIZ1949,Physics,Electricity,17,10,7,58.82,85.49
STU0325,QUIZ1950,Biology,Cell,18,7,11,38.89,70.23
STU0326,QUIZ1951,Chemistry,Organic Chemistry,19,10,9,52.63,30.71
STU0326,QUIZ1952,Biology,Cell,30,30,0,100.0,77.31
STU0326,QUIZ1953,Biology,Cell,19,19,0,100.0,41.58
STU0326,QUIZ1954,Biology,Plant Physiology,22,5,17,22.73,64.29
STU0326,QUIZ1955,Chemistry,Organic Chemistry,30,10,20,33.33,33.22
STU0326,QUIZ1956,Chemistry,Atoms,24,8,16,33.33,33.61
STU0327,QUIZ1957,Chemistry,Organic Chemistry,21,20,1,95.24,86.49
STU0327,QUIZ1958,Chemistry,Atoms,19,14,5,73.68,42.18
STU0327,QUIZ1959,Mathematics,Probability,30,7,23,23.33,82.88
STU0327,QUIZ1960,Mathematics,Probability,22,11,11,50.0,64.24
STU0327,QUIZ1961,Physics,Work and Energy,27,6,21,22.22,32.06
STU0327,QUIZ1962,Physics,Motion,30,26,4,86.67,83.5
STU0328,QUIZ1963,Physics,Motion,22,17,5,77.27,63.12
STU0328,QUIZ1964,Chemistry,Atoms,26,12,14,46.15,86.99
STU0328,QUIZ1965,Mathematics,Calculus,29,21,8,72.41,74.38
STU0328,QUIZ1966,Physics,Laws of Motion,28,25,3,89.29,23.95
STU0328,QUIZ1967,Physics,Laws of Motion,17,10,7,58.82,79.34
STU0328,QUIZ1968,Mathematics,Trigonometry,26,12,14,46.15,45.41
STU0329,QUIZ1969,Mathematics,Calculus,30,14,16,46.67,86.7
STU0329,QUIZ1970,Biology,Human Body,30,13,17,43.33,24.68
STU0329,QUIZ1971,Biology,Genetics,21,6,15,28.57,72.86
STU0329,QUIZ1972,Physics,Work and Energy,15,7,8,46.67,50.75
STU0329,QUIZ1973,Mathematics,Trigonometry,20,10,10,50.0,75.95
STU0329,QUIZ1974,Mathematics,Calculus,30,18,12,60.0,61.0
STU0330,QUIZ1975,Physics,Motion,28,22,6,78.57,73.59
STU0330,QUIZ1976,Physics,Electricity,19,13,6,68.42,36.03
STU0330,QUIZ1977,Biology,Cell,21,14,7,66.67,48.44
STU0330,QUIZ1978,Mathematics,Trigonometry,25,11,14,44.0,71.41
STU0330,QUIZ1979,Physics,Work and Energy,19,12,7,63.16,37.16
STU0330,QUIZ1980,Physics,Laws of Motion,28,25,3,89.29,73.21
STU0331,QUIZ1981,Physics,Work and Energy,25,8,17,32.0,47.28
STU0331,QUIZ1982,Mathematics,Calculus,26,16,10,61.54,88.73
STU0331,QUIZ1983,Biology,Human Body,27,6,21,22.22,66.08
STU0331,QUIZ1984,Physics,Laws of Motion,23,19,4,82.61,62.55
STU0331,QUIZ1985,Physics,Electricity,23,5,18,21.74,22.64
STU0331,QUIZ1986,Biology,Genetics,25,25,0,100.0,87.56
STU0332,QUIZ1987,Physics,Electricity,28,8,20,28.57,45.64
STU0332,QUIZ1988,Physics,Electricity,23,20,3,86.96,34.66
STU0332,QUIZ1989,Biology,Plant Physiology,22,7,15,31.82,32.24
STU0332,QUIZ1990,Mathematics,Probability,26,24,2,92.31,34.44
STU0332,QUIZ1991,Chemistry,Organic Chemistry,15,11,4,73.33,76.58
STU0332,QUIZ1992,Biology,Human Body,20,15,5,75.0,83.35
STU0333,QUIZ1993,Physics,Motion,20,8,12,40.0,70.51
STU0333,QUIZ1994,Chemistry,Atoms,17,5,12,29.41,22.23
STU0333,QUIZ1995,Mathematics,Algebra,15,8,7,53.33,89.41
STU0333,QUIZ1996,Physics,Electricity,24,18,6,75.0,88.76
STU0333,QUIZ1997,Physics,Work and Energy,16,13,3,81.25,43.12
STU0333,QUIZ1998,Mathematics,Probability,21,7,14,33.33,55.16
STU0334,QUIZ1999,Physics,Work and Energy,30,14,16,46.67,80.02
STU0334,QUIZ2000,Mathematics,Calculus,22,10,12,45.45,74.68
STU0334,QUIZ2001,Biology,Plant Physiology,15,9,6,60.0,74.76
STU0334,QUIZ2002,Mathematics,Probability,16,9,7,56.25,35.36
STU0334,QUIZ2003,Chemistry,Atoms,18,10,8,55.56,39.75
STU0334,QUIZ2004,Chemistry,Atoms,23,16,7,69.57,49.27
STU0335,QUIZ2005,Physics,Work and Energy,19,17,2,89.47,78.25
STU0335,QUIZ2006,Chemistry,Organic Chemistry,23,12,11,52.17,88.95
STU0335,QUIZ2007,Biology,Genetics,25,6,19,24.0,82.35
STU0335,QUIZ2008,Biology,Plant Physiology,24,15,9,62.5,21.7
STU0335,QUIZ2009,Chemistry,Acids and Bases,27,17,10,62.96,34.31
STU0335,QUIZ2010,Biology,Plant Physiology,15,15,0,100.0,36.57
STU0336,QUIZ2011,Biology,Cell,22,16,6,72.73,75.88
STU0336,QUIZ2012,Biology,Plant Physiology,15,5,10,33.33,59.94
STU0336,QUIZ2013,Chemistry,Chemical Bonding,25,11,14,44.0,85.47
STU0336,QUIZ2014,Chemistry,Chemical Bonding,16,8,8,50.0,78.74
STU0336,QUIZ2015,Physics,Motion,28,28,0,100.0,85.56
STU0336,QUIZ2016,Chemistry,Atoms,20,16,4,80.0,31.63
STU0337,QUIZ2017,Mathematics,Calculus,15,11,4,73.33,67.93
STU0337,QUIZ2018,Biology,Genetics,29,19,10,65.52,85.67
STU0337,QUIZ2019,Mathematics,Calculus,16,13,3,81.25,29.29
STU0337,QUIZ2020,Mathematics,Calculus,29,11,18,37.93,26.12
STU0337,QUIZ2021,Chemistry,Atoms,19,13,6,68.42,77.21
STU0337,QUIZ2022,Biology,Human Body,16,11,5,68.75,34.92
STU0338,QUIZ2023,Biology,Human Body,16,8,8,50.0,34.41
STU0338,QUIZ2024,Biology,Human Body,26,8,18,30.77,29.65
STU0338,QUIZ2025,Chemistry,Chemical Bonding,20,9,11,45.0,22.81
STU0338,QUIZ2026,Chemistry,Chemical Bonding,25,8,17,32.0,83.93
STU0338,QUIZ2027,Mathematics,Calculus,15,6,9,40.0,88.92
STU0338,QUIZ2028,Mathematics,Calculus,18,9,9,50.0,49.78
STU0339,QUIZ2029,Chemistry,Acids and Bases,29,12,17,41.38,24.04
STU0339,QUIZ2030,Mathematics,Trigonometry,15,7,8,46.67,29.24
STU0339,QUIZ2031,Mathematics,Trigonometry,15,10,5,66.67,60.47
STU0339,QUIZ2032,Mathematics,Trigonometry,25,17,8,68.0,89.11
STU0339,QUIZ2033,Mathematics,Algebra,24,15,9,62.5,24.92
STU0339,QUIZ2034,Physics,Electricity,15,13,2,86.67,68.11
STU0340,QUIZ2035,Physics,Electricity,19,8,11,42.11,58.08
STU0340,QUIZ2036,Biology,Plant Physiology,24,14,10,58.33,22.06
STU0340,QUIZ2037,Biology,Genetics,17,16,1,94.12,65.2
STU0340,QUIZ2038,Mathematics,Probability,17,7,10,41.18,57.41
STU0340,QUIZ2039,Physics,Electricity,30,11,19,36.67,77.1
STU0340,QUIZ2040,Biology,Cell,25,6,19,24.0,22.39
STU0341,QUIZ2041,Chemistry,Atoms,25,12,13,48.0,36.67
STU0341,QUIZ2042,Chemistry,Atoms,22,8,14,36.36,53.34
STU0341,QUIZ2043,Biology,Human Body,18,9,9,50.0,80.35
STU0341,QUIZ2044,Biology,Cell,22,9,13,40.91,38.44
STU0341,QUIZ2045,Biology,Genetics,23,5,18,21.74,86.74
STU0341,QUIZ2046,Mathematics,Probability,20,9,11,45.0,56.67
STU0342,QUIZ2047,Mathematics,Trigonometry,25,14,11,56.0,58.59
STU0342,QUIZ2048,Mathematics,Calculus,30,24,6,80.0,86.36
STU0342,QUIZ2049,Biology,Human Body,19,7,12,36.84,52.55
STU0342,QUIZ2050,Biology,Genetics,19,11,8,57.89,46.97
STU0342,QUIZ2051,Biology,Plant Physiology,26,25,1,96.15,45.25
STU0342,QUIZ2052,Physics,Electricity,30,5,25,16.67,48.66
STU0343,QUIZ2053,Mathematics,Trigonometry,29,7,22,24.14,84.95
STU0343,QUIZ2054,Biology,Human Body,26,26,0,100.0,86.49
STU0343,QUIZ2055,Mathematics,Calculus,23,16,7,69.57,59.67
STU0343,QUIZ2056,Biology,Genetics,17,6,11,35.29,47.62
STU0343,QUIZ2057,Mathematics,Calculus,20,15,5,75.0,78.29
STU0343,QUIZ2058,Physics,Motion,18,13,5,72.22,73.5
STU0344,QUIZ2059,Mathematics,Calculus,19,12,7,63.16,47.32
STU0344,QUIZ2060,Chemistry,Acids and Bases,15,13,2,86.67,50.62
STU0344,QUIZ2061,Chemistry,Organic Chemistry,29,10,19,34.48,63.24
STU0344,QUIZ2062,Mathematics,Trigonometry,16,16,0,100.0,50.87
STU0344,QUIZ2063,Physics,Laws of Motion,20,6,14,30.0,32.11
STU0344,QUIZ2064,Chemistry,Acids and Bases,17,11,6,64.71,28.5
STU0345,QUIZ2065,Physics,Motion,21,11,10,52.38,64.36
STU0345,QUIZ2066,Physics,Work and Energy,25,23,2,92.0,35.24
STU0345,QUIZ2067,Mathematics,Calculus,30,7,23,23.33,43.58
STU0345,QUIZ2068,Physics,Motion,26,8,18,30.77,44.61
STU0345,QUIZ2069,Physics,Electricity,16,14,2,87.5,61.15
STU0345,QUIZ2070,Biology,Human Body,25,24,1,96.0,82.24
STU0346,QUIZ2071,Biology,Genetics,17,7,10,41.18,54.64
STU0346,QUIZ2072,Physics,Laws of Motion,19,6,13,31.58,72.06
STU0346,QUIZ2073,Biology,Human Body,17,6,11,35.29,27.96
STU0346,QUIZ2074,Physics,Laws of Motion,25,15,10,60.0,73.95
STU0346,QUIZ2075,Biology,Genetics,20,12,8,60.0,87.05
STU0346,QUIZ2076,Biology,Human Body,30,9,21,30.0,36.84
STU0347,QUIZ2077,Physics,Motion,28,7,21,25.0,78.62
STU0347,QUIZ2078,Physics,Work and Energy,16,7,9,43.75,51.45
STU0347,QUIZ2079,Physics,Electricity,15,12,3,80.0,27.88
STU0347,QUIZ2080,Physics,Electricity,21,17,4,80.95,73.16
STU0347,QUIZ2081,Chemistry,Atoms,22,18,4,81.82,37.4
STU0347,QUIZ2082,Biology,Human Body,18,12,6,66.67,84.99
STU0348,QUIZ2083,Mathematics,Calculus,19,10,9,52.63,69.62
STU0348,QUIZ2084,Physics,Work and Energy,17,11,6,64.71,60.64
STU0348,QUIZ2085,Physics,Motion,27,7,20,25.93,30.08
STU0348,QUIZ2086,Mathematics,Algebra,27,20,7,74.07,38.76
STU0348,QUIZ2087,Chemistry,Organic Chemistry,26,23,3,88.46,59.95
STU0348,QUIZ2088,Chemistry,Acids and Bases,21,5,16,23.81,79.5
STU0349,QUIZ2089,Physics,Laws of Motion,30,26,4,86.67,36.6
STU0349,QUIZ2090,Chemistry,Acids and Bases,17,10,7,58.82,37.78
STU0349,QUIZ2091,Mathematics,Calculus,27,27,0,100.0,40.36
STU0349,QUIZ2092,Biology,Human Body,27,5,22,18.52,41.17
STU0349,QUIZ2093,Mathematics,Calculus,24,8,16,33.33,55.99
STU0349,QUIZ2094,Biology,Plant Physiology,21,21,0,100.0,54.6
STU0350,QUIZ2095,Biology,Human Body,30,21,9,70.0,45.96
STU0350,QUIZ2096,Physics,Electricity,25,23,2,92.0,57.83
STU0350,QUIZ2097,Physics,Motion,17,8,9,47.06,54.94
STU0350,QUIZ2098,Chemistry,Chemical Bonding,26,22,4,84.62,85.57
STU0350,QUIZ2099,Mathematics,Calculus,20,14,6,70.0,53.97
STU0350,QUIZ2100,Mathematics,Algebra,28,11,17,39.29,59.95
STU0351,QUIZ2101,Biology,Cell,29,7,22,24.14,29.12
STU0351,QUIZ2102,Physics,Electricity,27,27,0,100.0,43.61
STU0351,QUIZ2103,Chemistry,Atoms,26,13,13,50.0,69.49
STU0351,QUIZ2104,Physics,Laws of Motion,29,13,16,44.83,57.85
STU0351,QUIZ2105,Chemistry,Acids and Bases,18,16,2,88.89,39.49
STU0351,QUIZ2106,Chemistry,Atoms,17,11,6,64.71,36.61
STU0352,QUIZ2107,Biology,Cell,30,11,19,36.67,67.93
STU0352,QUIZ2108,Physics,Laws of Motion,22,7,15,31.82,47.73
STU0352,QUIZ2109,Biology,Human Body,28,20,8,71.43,77.91
STU0352,QUIZ2110,Mathematics,Calculus,16,5,11,31.25,50.28
STU0352,QUIZ2111,Physics,Electricity,16,14,2,87.5,46.49
STU0352,QUIZ2112,Biology,Human Body,18,8,10,44.44,83.81
STU0353,QUIZ2113,Mathematics,Calculus,23,19,4,82.61,42.22
STU0353,QUIZ2114,Chemistry,Atoms,29,21,8,72.41,58.07
STU0353,QUIZ2115,Physics,Work and Energy,28,28,0,100.0,66.69
STU0353,QUIZ2116,Physics,Electricity,28,19,9,67.86,78.71
STU0353,QUIZ2117,Chemistry,Organic Chemistry,15,10,5,66.67,83.58
STU0353,QUIZ2118,Mathematics,Algebra,27,27,0,100.0,34.32
STU0354,QUIZ2119,Physics,Electricity,17,6,11,35.29,81.89
STU0354,QUIZ2120,Chemistry,Organic Chemistry,17,15,2,88.24,56.35
STU0354,QUIZ2121,Physics,Work and Energy,15,5,10,33.33,54.84
STU0354,QUIZ2122,Biology,Genetics,28,8,20,28.57,75.48
STU0354,QUIZ2123,Chemistry,Atoms,15,9,6,60.0,64.07
STU0354,QUIZ2124,Biology,Plant Physiology,30,24,6,80.0,41.23
STU0355,QUIZ2125,Chemistry,Atoms,26,6,20,23.08,27.86
STU0355,QUIZ2126,Chemistry,Atoms,16,9,7,56.25,35.42
STU0355,QUIZ2127,Chemistry,Acids and Bases,23,16,7,69.57,24.72
STU0355,QUIZ2128,Physics,Laws of Motion,29,23,6,79.31,85.24
STU0355,QUIZ2129,Physics,Work and Energy,27,23,4,85.19,45.07
STU0355,QUIZ2130,Physics,Electricity,26,16,10,61.54,86.77
STU0356,QUIZ2131,Mathematics,Calculus,25,20,5,80.0,39.45
STU0356,QUIZ2132,Mathematics,Calculus,29,5,24,17.24,85.64
STU0356,QUIZ2133,Biology,Plant Physiology,22,11,11,50.0,35.05
STU0356,QUIZ2134,Biology,Human Body,24,22,2,91.67,39.0
STU0356,QUIZ2135,Chemistry,Chemical Bonding,18,18,0,100.0,20.85
STU0356,QUIZ2136,Biology,Plant Physiology,26,25,1,96.15,20.27
STU0357,QUIZ2137,Biology,Genetics,24,22,2,91.67,56.91
STU0357,QUIZ2138,Physics,Motion,24,6,18,25.0,84.21
STU0357,QUIZ2139,Physics,Laws of Motion,21,5,16,23.81,25.9
STU0357,QUIZ2140,Chemistry,Organic Chemistry,19,16,3,84.21,86.73
STU0357,QUIZ2141,Chemistry,Organic Chemistry,19,12,7,63.16,29.25
STU0357,QUIZ2142,Biology,Genetics,27,18,9,66.67,39.22
STU0358,QUIZ2143,Biology,Genetics,26,10,16,38.46,84.39
STU0358,QUIZ2144,Chemistry,Organic Chemistry,18,11,7,61.11,80.1
STU0358,QUIZ2145,Chemistry,Acids and Bases,18,5,13,27.78,69.68
STU0358,QUIZ2146,Chemistry,Organic Chemistry,22,21,1,95.45,49.84
STU0358,QUIZ2147,Chemistry,Acids and Bases,18,17,1,94.44,25.6
STU0358,QUIZ2148,Biology,Human Body,15,9,6,60.0,68.92
STU0359,QUIZ2149,Mathematics,Algebra,23,10,13,43.48,55.29
STU0359,QUIZ2150,Chemistry,Acids and Bases,24,16,8,66.67,87.19
STU0359,QUIZ2151,Physics,Work and Energy,17,10,7,58.82,57.0
STU0359,QUIZ2152,Mathematics,Probability,15,11,4,73.33,37.75
STU0359,QUIZ2153,Physics,Electricity,19,10,9,52.63,24.3
STU0359,QUIZ2154,Biology,Cell,27,5,22,18.52,73.86
STU0360,QUIZ2155,Chemistry,Acids and Bases,26,6,20,23.08,61.5
STU0360,QUIZ2156,Chemistry,Chemical Bonding,21,12,9,57.14,58.65
STU0360,QUIZ2157,Mathematics,Calculus,26,9,17,34.62,25.34
STU0360,QUIZ2158,Physics,Motion,15,15,0,100.0,80.18
STU0360,QUIZ2159,Mathematics,Algebra,28,13,15,46.43,31.11
STU0360,QUIZ2160,Biology,Genetics,25,6,19,24.0,42.78
STU0361,QUIZ2161,Physics,Work and Energy,30,16,14,53.33,43.28
STU0361,QUIZ2162,Chemistry,Chemical Bonding,26,6,20,23.08,83.6
STU0361,QUIZ2163,Chemistry,Chemical Bonding,15,14,1,93.33,65.02
STU0361,QUIZ2164,Mathematics,Calculus,21,7,14,33.33,75.87
STU0361,QUIZ2165,Mathematics,Calculus,24,10,14,41.67,35.52
STU0361,QUIZ2166,Physics,Electricity,30,17,13,56.67,37.43
STU0362,QUIZ2167,Physics,Laws of Motion,20,15,5,75.0,55.38
STU0362,QUIZ2168,Biology,Plant Physiology,16,13,3,81.25,63.68
STU0362,QUIZ2169,Biology,Plant Physiology,20,11,9,55.0,30.82
STU0362,QUIZ2170,Biology,Human Body,19,5,14,26.32,65.2
STU0362,QUIZ2171,Physics,Work and Energy,19,5,14,26.32,31.9
STU0362,QUIZ2172,Mathematics,Calculus,22,5,17,22.73,25.93
STU0363,QUIZ2173,Mathematics,Trigonometry,27,6,21,22.22,71.12
STU0363,QUIZ2174,Chemistry,Atoms,29,20,9,68.97,22.87
STU0363,QUIZ2175,Biology,Plant Physiology,24,20,4,83.33,26.3
STU0363,QUIZ2176,Physics,Motion,28,28,0,100.0,47.49
STU0363,QUIZ2177,Mathematics,Trigonometry,23,8,15,34.78,46.37
STU0363,QUIZ2178,Biology,Cell,24,7,17,29.17,85.61
STU0364,QUIZ2179,Chemistry,Organic Chemistry,20,11,9,55.0,62.87
STU0364,QUIZ2180,Physics,Work and Energy,21,13,8,61.9,78.44
STU0364,QUIZ2181,Biology,Plant Physiology,23,16,7,69.57,72.28
STU0364,QUIZ2182,Physics,Motion,18,6,12,33.33,38.19
STU0364,QUIZ2183,Chemistry,Chemical Bonding,25,23,2,92.0,46.66
STU0364,QUIZ2184,Physics,Laws of Motion,30,29,1,96.67,62.05
STU0365,QUIZ2185,Biology,Plant Physiology,20,5,15,25.0,77.65
STU0365,QUIZ2186,Biology,Cell,29,10,19,34.48,39.71
STU0365,QUIZ2187,Mathematics,Probability,20,6,14,30.0,23.53
STU0365,QUIZ2188,Physics,Electricity,26,25,1,96.15,40.22
STU0365,QUIZ2189,Mathematics,Probability,19,7,12,36.84,75.69
STU0365,QUIZ2190,Mathematics,Algebra,18,11,7,61.11,84.76
STU0366,QUIZ2191,Chemistry,Atoms,26,6,20,23.08,57.01
STU0366,QUIZ2192,Physics,Laws of Motion,19,7,12,36.84,61.47
STU0366,QUIZ2193,Physics,Electricity,18,6,12,33.33,30.18
STU0366,QUIZ2194,Mathematics,Calculus,29,24,5,82.76,71.27
STU0366,QUIZ2195,Mathematics,Calculus,21,6,15,28.57,82.62
STU0366,QUIZ2196,Physics,Motion,22,22,0,100.0,58.16
STU0367,QUIZ2197,Mathematics,Algebra,17,7,10,41.18,48.04
STU0367,QUIZ2198,Mathematics,Calculus,22,12,10,54.55,32.24
STU0367,QUIZ2199,Physics,Electricity,27,22,5,81.48,24.84
STU0367,QUIZ2200,Physics,Work and Energy,28,8,20,28.57,22.41
STU0367,QUIZ2201,Chemistry,Atoms,25,14,11,56.0,65.81
STU0367,QUIZ2202,Physics,Electricity,23,11,12,47.83,21.14
STU0368,QUIZ2203,Chemistry,Atoms,21,6,15,28.57,71.61
STU0368,QUIZ2204,Mathematics,Probability,28,6,22,21.43,47.92
STU0368,QUIZ2205,Chemistry,Organic Chemistry,30,7,23,23.33,74.21
STU0368,QUIZ2206,Mathematics,Trigonometry,15,14,1,93.33,79.85
STU0368,QUIZ2207,Chemistry,Chemical Bonding,16,13,3,81.25,79.91
STU0368,QUIZ2208,Biology,Cell,22,14,8,63.64,21.83
STU0369,QUIZ2209,Physics,Motion,22,20,2,90.91,37.33
STU0369,QUIZ2210,Biology,Cell,28,20,8,71.43,72.71
STU0369,QUIZ2211,Physics,Electricity,22,8,14,36.36,68.52
STU0369,QUIZ2212,Mathematics,Calculus,27,6,21,22.22,73.54
STU0369,QUIZ2213,Chemistry,Atoms,21,18,3,85.71,25.84
STU0369,QUIZ2214,Chemistry,Acids and Bases,30,27,3,90.0,26.06
STU0370,QUIZ2215,Biology,Human Body,27,13,14,48.15,62.54
STU0370,QUIZ2216,Mathematics,Algebra,21,13,8,61.9,55.21
STU0370,QUIZ2217,Physics,Motion,21,14,7,66.67,76.52
STU0370,QUIZ2218,Mathematics,Probability,16,7,9,43.75,34.94
STU0370,QUIZ2219,Mathematics,Probability,16,14,2,87.5,36.43
STU0370,QUIZ2220,Chemistry,Atoms,21,15,6,71.43,74.46
STU0371,QUIZ2221,Biology,Human Body,24,17,7,70.83,32.88
STU0371,QUIZ2222,Physics,Electricity,20,13,7,65.0,69.98
STU0371,QUIZ2223,Chemistry,Acids and Bases,20,12,8,60.0,64.44
STU0371,QUIZ2224,Chemistry,Acids and Bases,30,25,5,83.33,83.93
STU0371,QUIZ2225,Mathematics,Trigonometry,22,13,9,59.09,66.24
STU0371,QUIZ2226,Chemistry,Atoms,28,5,23,17.86,36.1
STU0372,QUIZ2227,Chemistry,Chemical Bonding,22,22,0,100.0,30.83
STU0372,QUIZ2228,Mathematics,Trigonometry,22,16,6,72.73,81.19
STU0372,QUIZ2229,Physics,Electricity,28,14,14,50.0,70.58
STU0372,QUIZ2230,Biology,Cell,30,24,6,80.0,78.74
STU0372,QUIZ2231,Mathematics,Calculus,27,23,4,85.19,41.48
STU0372,QUIZ2232,Mathematics,Algebra,29,29,0,100.0,79.05
STU0373,QUIZ2233,Biology,Genetics,26,20,6,76.92,46.93
STU0373,QUIZ2234,Physics,Electricity,16,10,6,62.5,86.9
STU0373,QUIZ2235,Physics,Electricity,30,5,25,16.67,55.51
STU0373,QUIZ2236,Chemistry,Atoms,20,14,6,70.0,87.78
STU0373,QUIZ2237,Mathematics,Trigonometry,18,18,0,100.0,88.4
STU0373,QUIZ2238,Mathematics,Algebra,29,17,12,58.62,30.24
STU0374,QUIZ2239,Chemistry,Atoms,22,16,6,72.73,60.96
STU0374,QUIZ2240,Chemistry,Chemical Bonding,21,14,7,66.67,81.24
STU0374,QUIZ2241,Mathematics,Algebra,29,24,5,82.76,50.29
STU0374,QUIZ2242,Chemistry,Chemical Bonding,24,21,3,87.5,29.06
STU0374,QUIZ2243,Chemistry,Atoms,15,13,2,86.67,79.7
STU0374,QUIZ2244,Mathematics,Calculus,21,17,4,80.95,83.65
STU0375,QUIZ2245,Physics,Work and Energy,16,9,7,56.25,21.0
STU0375,QUIZ2246,Physics,Motion,22,14,8,63.64,78.69
STU0375,QUIZ2247,Chemistry,Organic Chemistry,24,24,0,100.0,80.95
STU0375,QUIZ2248,Mathematics,Calculus,30,21,9,70.0,50.97
STU0375,QUIZ2249,Physics,Motion,17,16,1,94.12,30.25
STU0375,QUIZ2250,Mathematics,Trigonometry,26,17,9,65.38,48.49
STU0376,QUIZ2251,Mathematics,Trigonometry,15,5,10,33.33,79.93
STU0376,QUIZ2252,Chemistry,Atoms,18,15,3,83.33,87.52
STU0376,QUIZ2253,Mathematics,Calculus,19,13,6,68.42,43.82
STU0376,QUIZ2254,Mathematics,Probability,27,22,5,81.48,27.7
STU0376,QUIZ2255,Mathematics,Calculus,21,21,0,100.0,74.72
STU0376,QUIZ2256,Physics,Work and Energy,29,26,3,89.66,69.01
STU0377,QUIZ2257,Chemistry,Organic Chemistry,30,9,21,30.0,28.54
STU0377,QUIZ2258,Mathematics,Calculus,21,20,1,95.24,36.97
STU0377,QUIZ2259,Chemistry,Atoms,25,17,8,68.0,87.67
STU0377,QUIZ2260,Biology,Human Body,21,20,1,95.24,36.85
STU0377,QUIZ2261,Physics,Work and Energy,23,10,13,43.48,65.72
STU0377,QUIZ2262,Mathematics,Calculus,21,10,11,47.62,88.14
STU0378,QUIZ2263,Biology,Plant Physiology,21,13,8,61.9,29.6
STU0378,QUIZ2264,Mathematics,Algebra,19,12,7,63.16,47.58
STU0378,QUIZ2265,Chemistry,Organic Chemistry,16,15,1,93.75,47.23
STU0378,QUIZ2266,Physics,Work and Energy,16,13,3,81.25,61.17
STU0378,QUIZ2267,Biology,Cell,27,6,21,22.22,39.14
STU0378,QUIZ2268,Mathematics,Trigonometry,21,17,4,80.95,33.44
STU0379,QUIZ2269,Biology,Human Body,15,12,3,80.0,64.97
STU0379,QUIZ2270,Physics,Electricity,18,11,7,61.11,61.26
STU0379,QUIZ2271,Mathematics,Trigonometry,26,15,11,57.69,69.22
STU0379,QUIZ2272,Physics,Motion,21,12,9,57.14,38.81
STU0379,QUIZ2273,Physics,Laws of Motion,30,19,11,63.33,56.92
STU0379,QUIZ2274,Mathematics,Algebra,28,11,17,39.29,87.62
STU0380,QUIZ2275,Chemistry,Acids and Bases,29,12,17,41.38,43.73
STU0380,QUIZ2276,Biology,Genetics,28,13,15,46.43,59.89
STU0380,QUIZ2277,Mathematics,Trigonometry,24,21,3,87.5,22.89
STU0380,QUIZ2278,Mathematics,Probability,15,8,7,53.33,24.13
STU0380,QUIZ2279,Biology,Human Body,18,13,5,72.22,89.3
STU0380,QUIZ2280,Physics,Work and Energy,30,8,22,26.67,36.89
STU0381,QUIZ2281,Biology,Genetics,30,13,17,43.33,53.62
STU0381,QUIZ2282,Biology,Genetics,20,9,11,45.0,54.52
STU0381,QUIZ2283,Physics,Electricity,16,14,2,87.5,53.28
STU0381,QUIZ2284,Chemistry,Organic Chemistry,18,13,5,72.22,26.93
STU0381,QUIZ2285,Mathematics,Probability,25,9,16,36.0,23.97
STU0381,QUIZ2286,Mathematics,Calculus,20,15,5,75.0,82.67
STU0382,QUIZ2287,Physics,Motion,19,17,2,89.47,57.78
STU0382,QUIZ2288,Physics,Laws of Motion,20,19,1,95.0,47.64
STU0382,QUIZ2289,Physics,Electricity,20,5,15,25.0,78.14
STU0382,QUIZ2290,Physics,Motion,20,6,14,30.0,84.68
STU0382,QUIZ2291,Chemistry,Organic Chemistry,23,17,6,73.91,74.59
STU0382,QUIZ2292,Physics,Motion,28,11,17,39.29,34.07
STU0383,QUIZ2293,Chemistry,Atoms,30,18,12,60.0,50.56
STU0383,QUIZ2294,Mathematics,Probability,21,10,11,47.62,25.39
STU0383,QUIZ2295,Mathematics,Algebra,25,9,16,36.0,74.0
STU0383,QUIZ2296,Physics,Electricity,29,12,17,41.38,87.51
STU0383,QUIZ2297,Physics,Electricity,22,12,10,54.55,78.92
STU0383,QUIZ2298,Biology,Plant Physiology,28,15,13,53.57,67.3
STU0384,QUIZ2299,Chemistry,Acids and Bases,22,6,16,27.27,61.75
STU0384,QUIZ2300,Mathematics,Calculus,15,5,10,33.33,38.78
STU0384,QUIZ2301,Mathematics,Trigonometry,23,13,10,56.52,71.42
STU0384,QUIZ2302,Chemistry,Acids and Bases,17,10,7,58.82,77.73
STU0384,QUIZ2303,Chemistry,Organic Chemistry,28,23,5,82.14,56.41
STU0384,QUIZ2304,Biology,Human Body,30,15,15,50.0,74.28
STU0385,QUIZ2305,Chemistry,Organic Chemistry,29,7,22,24.14,58.61
STU0385,QUIZ2306,Chemistry,Organic Chemistry,22,14,8,63.64,44.57
STU0385,QUIZ2307,Biology,Human Body,25,10,15,40.0,67.15
STU0385,QUIZ2308,Biology,Plant Physiology,25,22,3,88.0,71.94
STU0385,QUIZ2309,Mathematics,Algebra,22,15,7,68.18,66.18
STU0385,QUIZ2310,Biology,Plant Physiology,25,17,8,68.0,79.55
STU0386,QUIZ2311,Biology,Genetics,20,11,9,55.0,33.48
STU0386,QUIZ2312,Mathematics,Calculus,20,15,5,75.0,72.0
STU0386,QUIZ2313,Biology,Cell,26,25,1,96.15,76.7
STU0386,QUIZ2314,Chemistry,Organic Chemistry,18,17,1,94.44,32.47
STU0386,QUIZ2315,Physics,Electricity,25,23,2,92.0,21.68
STU0386,QUIZ2316,Physics,Electricity,28,27,1,96.43,80.0
STU0387,QUIZ2317,Physics,Work and Energy,15,6,9,40.0,82.32
STU0387,QUIZ2318,Mathematics,Trigonometry,15,9,6,60.0,79.98
STU0387,QUIZ2319,Mathematics,Calculus,23,20,3,86.96,79.83
STU0387,QUIZ2320,Mathematics,Calculus,20,19,1,95.0,77.66
STU0387,QUIZ2321,Biology,Cell,29,14,15,48.28,22.11
STU0387,QUIZ2322,Chemistry,Acids and Bases,24,7,17,29.17,32.57
STU0388,QUIZ2323,Biology,Cell,29,29,0,100.0,31.52
STU0388,QUIZ2324,Mathematics,Algebra,18,18,0,100.0,77.23
STU0388,QUIZ2325,Biology,Human Body,22,9,13,40.91,21.82
STU0388,QUIZ2326,Mathematics,Algebra,17,5,12,29.41,40.03
STU0388,QUIZ2327,Physics,Electricity,26,18,8,69.23,35.37
STU0388,QUIZ2328,Chemistry,Acids and Bases,27,22,5,81.48,78.73
STU0389,QUIZ2329,Mathematics,Algebra,28,25,3,89.29,64.99
STU0389,QUIZ2330,Chemistry,Acids and Bases,17,14,3,82.35,36.02
STU0389,QUIZ2331,Mathematics,Probability,27,5,22,18.52,81.47
STU0389,QUIZ2332,Biology,Cell,20,15,5,75.0,71.31
STU0389,QUIZ2333,Chemistry,Acids and Bases,16,13,3,81.25,22.72
STU0389,QUIZ2334,Mathematics,Algebra,21,13,8,61.9,41.04
STU0390,QUIZ2335,Physics,Electricity,23,19,4,82.61,28.52
STU0390,QUIZ2336,Physics,Laws of Motion,19,10,9,52.63,61.46
STU0390,QUIZ2337,Mathematics,Calculus,18,10,8,55.56,87.9
STU0390,QUIZ2338,Mathematics,Algebra,25,10,15,40.0,64.83
STU0390,QUIZ2339,Mathematics,Trigonometry,16,5,11,31.25,27.82
STU0390,QUIZ2340,Chemistry,Acids and Bases,23,23,0,100.0,20.47
STU0391,QUIZ2341,Biology,Genetics,20,10,10,50.0,42.21
STU0391,QUIZ2342,Biology,Plant Physiology,23,11,12,47.83,28.05
STU0391,QUIZ2343,Mathematics,Trigonometry,18,9,9,50.0,78.39
STU0391,QUIZ2344,Chemistry,Atoms,26,26,0,100.0,34.59
STU0391,QUIZ2345,Chemistry,Organic Chemistry,24,24,0,100.0,21.14
STU0391,QUIZ2346,Mathematics,Trigonometry,30,21,9,70.0,89.72
STU0392,QUIZ2347,Physics,Motion,27,7,20,25.93,53.09
STU0392,QUIZ2348,Biology,Genetics,28,23,5,82.14,49.8
STU0392,QUIZ2349,Biology,Cell,29,13,16,44.83,50.25
STU0392,QUIZ2350,Physics,Electricity,24,22,2,91.67,81.06
STU0392,QUIZ2351,Chemistry,Chemical Bonding,26,23,3,88.46,63.58
STU0392,QUIZ2352,Mathematics,Trigonometry,29,26,3,89.66,39.03
STU0393,QUIZ2353,Chemistry,Organic Chemistry,15,5,10,33.33,62.03
STU0393,QUIZ2354,Physics,Laws of Motion,15,13,2,86.67,40.04
STU0393,QUIZ2355,Biology,Plant Physiology,30,21,9,70.0,84.56
STU0393,QUIZ2356,Chemistry,Organic Chemistry,19,10,9,52.63,43.7
STU0393,QUIZ2357,Physics,Motion,28,25,3,89.29,60.16
STU0393,QUIZ2358,Mathematics,Probability,16,8,8,50.0,26.69
STU0394,QUIZ2359,Physics,Laws of Motion,25,8,17,32.0,47.43
STU0394,QUIZ2360,Chemistry,Atoms,22,20,2,90.91,68.92
STU0394,QUIZ2361,Physics,Electricity,21,6,15,28.57,42.86
STU0394,QUIZ2362,Biology,Plant Physiology,21,11,10,52.38,28.41
STU0394,QUIZ2363,Mathematics,Calculus,15,15,0,100.0,30.73
STU0394,QUIZ2364,Mathematics,Calculus,29,17,12,58.62,56.48
STU0395,QUIZ2365,Physics,Electricity,22,5,17,22.73,47.15
STU0395,QUIZ2366,Physics,Motion,29,15,14,51.72,42.33
STU0395,QUIZ2367,Biology,Plant Physiology,15,14,1,93.33,27.63
STU0395,QUIZ2368,Mathematics,Probability,20,13,7,65.0,43.13
STU0395,QUIZ2369,Biology,Cell,15,5,10,33.33,60.29
STU0395,QUIZ2370,Physics,Laws of Motion,26,9,17,34.62,75.77
STU0396,QUIZ2371,Chemistry,Chemical Bonding,30,17,13,56.67,28.27
STU0396,QUIZ2372,Biology,Genetics,24,23,1,95.83,71.15
STU0396,QUIZ2373,Mathematics,Trigonometry,17,9,8,52.94,32.64
STU0396,QUIZ2374,Physics,Electricity,29,12,17,41.38,54.54
STU0396,QUIZ2375,Mathematics,Probability,30,20,10,66.67,26.52
STU0396,QUIZ2376,Physics,Motion,16,8,8,50.0,72.47
STU0397,QUIZ2377,Physics,Work and Energy,19,15,4,78.95,48.67
STU0397,QUIZ2378,Mathematics,Trigonometry,15,8,7,53.33,26.88
STU0397,QUIZ2379,Chemistry,Acids and Bases,18,8,10,44.44,61.11
STU0397,QUIZ2380,Physics,Work and Energy,26,12,14,46.15,47.5
STU0397,QUIZ2381,Biology,Cell,28,11,17,39.29,26.81
STU0397,QUIZ2382,Physics,Motion,21,14,7,66.67,81.58
STU0398,QUIZ2383,Biology,Human Body,24,6,18,25.0,42.16
STU0398,QUIZ2384,Biology,Plant Physiology,25,5,20,20.0,47.07
STU0398,QUIZ2385,Physics,Work and Energy,17,13,4,76.47,70.42
STU0398,QUIZ2386,Physics,Laws of Motion,30,10,20,33.33,35.86
STU0398,QUIZ2387,Biology,Human Body,27,8,19,29.63,35.24
STU0398,QUIZ2388,Physics,Work and Energy,29,21,8,72.41,51.21
STU0399,QUIZ2389,Mathematics,Calculus,16,6,10,37.5,25.44
STU0399,QUIZ2390,Mathematics,Probability,15,7,8,46.67,23.5
STU0399,QUIZ2391,Biology,Human Body,26,16,10,61.54,83.33
STU0399,QUIZ2392,Biology,Plant Physiology,21,16,5,76.19,64.58
STU0399,QUIZ2393,Physics,Laws of Motion,22,22,0,100.0,69.17
STU0399,QUIZ2394,Physics,Motion,26,24,2,92.31,64.48
STU0400,QUIZ2395,Mathematics,Probability,29,11,18,37.93,41.43
STU0400,QUIZ2396,Chemistry,Organic Chemistry,20,5,15,25.0,76.18
STU0400,QUIZ2397,Biology,Plant Physiology,19,17,2,89.47,59.1
STU0400,QUIZ2398,Biology,Human Body,16,15,1,93.75,86.29
STU0400,QUIZ2399,Biology,Genetics,23,18,5,78.26,41.76
STU0400,QUIZ2400,Physics,Electricity,30,14,16,46.67,37.51
STU0401,QUIZ2401,Biology,Human Body,27,21,6,77.78,56.0
STU0401,QUIZ2402,Chemistry,Acids and Bases,17,5,12,29.41,68.14
STU0401,QUIZ2403,Mathematics,Probability,26,14,12,53.85,24.99
STU0401,QUIZ2404,Biology,Human Body,15,5,10,33.33,87.24
STU0401,QUIZ2405,Mathematics,Trigonometry,16,9,7,56.25,80.11
STU0401,QUIZ2406,Physics,Electricity,16,5,11,31.25,30.52
STU0402,QUIZ2407,Mathematics,Calculus,23,21,2,91.3,41.6
STU0402,QUIZ2408,Biology,Cell,17,17,0,100.0,79.19
STU0402,QUIZ2409,Physics,Motion,22,20,2,90.91,48.42
STU0402,QUIZ2410,Chemistry,Organic Chemistry,19,17,2,89.47,50.31
STU0402,QUIZ2411,Mathematics,Trigonometry,15,12,3,80.0,60.36
STU0402,QUIZ2412,Biology,Cell,26,13,13,50.0,36.31
STU0403,QUIZ2413,Biology,Plant Physiology,21,15,6,71.43,62.7
STU0403,QUIZ2414,Chemistry,Atoms,19,17,2,89.47,47.08
STU0403,QUIZ2415,Physics,Motion,28,11,17,39.29,35.48
STU0403,QUIZ2416,Physics,Electricity,30,29,1,96.67,69.81
STU0403,QUIZ2417,Chemistry,Atoms,22,18,4,81.82,85.3
STU0403,QUIZ2418,Physics,Electricity,30,16,14,53.33,64.38
STU0404,QUIZ2419,Chemistry,Organic Chemistry,20,8,12,40.0,55.99
STU0404,QUIZ2420,Biology,Genetics,24,18,6,75.0,49.94
STU0404,QUIZ2421,Mathematics,Calculus,23,18,5,78.26,67.08
STU0404,QUIZ2422,Biology,Plant Physiology,19,14,5,73.68,23.58
STU0404,QUIZ2423,Chemistry,Chemical Bonding,27,23,4,85.19,74.25
STU0404,QUIZ2424,Chemistry,Organic Chemistry,21,9,12,42.86,46.27
STU0405,QUIZ2425,Physics,Electricity,26,18,8,69.23,56.67
STU0405,QUIZ2426,Biology,Human Body,25,5,20,20.0,34.96
STU0405,QUIZ2427,Mathematics,Calculus,17,12,5,70.59,38.12
STU0405,QUIZ2428,Chemistry,Organic Chemistry,29,29,0,100.0,62.97
STU0405,QUIZ2429,Mathematics,Probability,21,18,3,85.71,88.4
STU0405,QUIZ2430,Biology,Cell,26,7,19,26.92,60.63
STU0406,QUIZ2431,Physics,Electricity,22,22,0,100.0,76.56
STU0406,QUIZ2432,Mathematics,Trigonometry,15,6,9,40.0,65.68
STU0406,QUIZ2433,Biology,Human Body,24,23,1,95.83,52.74
STU0406,QUIZ2434,Chemistry,Chemical Bonding,23,11,12,47.83,36.45
STU0406,QUIZ2435,Physics,Laws of Motion,27,5,22,18.52,44.82
STU0406,QUIZ2436,Physics,Motion,26,7,19,26.92,44.83
STU0407,QUIZ2437,Chemistry,Atoms,30,24,6,80.0,69.82
STU0407,QUIZ2438,Chemistry,Organic Chemistry,20,18,2,90.0,28.64
STU0407,QUIZ2439,Biology,Cell,24,19,5,79.17,59.51
STU0407,QUIZ2440,Chemistry,Organic Chemistry,20,13,7,65.0,89.28
STU0407,QUIZ2441,Chemistry,Atoms,26,16,10,61.54,45.98
STU0407,QUIZ2442,Mathematics,Trigonometry,28,10,18,35.71,73.44
STU0408,QUIZ2443,Mathematics,Trigonometry,19,12,7,63.16,65.28
STU0408,QUIZ2444,Biology,Genetics,29,19,10,65.52,85.21
STU0408,QUIZ2445,Biology,Cell,15,10,5,66.67,38.74
STU0408,QUIZ2446,Biology,Genetics,15,7,8,46.67,82.25
STU0408,QUIZ2447,Physics,Motion,20,11,9,55.0,38.17
STU0408,QUIZ2448,Mathematics,Algebra,20,5,15,25.0,36.21
STU0409,QUIZ2449,Mathematics,Trigonometry,17,8,9,47.06,39.43
STU0409,QUIZ2450,Mathematics,Probability,20,5,15,25.0,67.56
STU0409,QUIZ2451,Biology,Genetics,30,30,0,100.0,68.14
STU0409,QUIZ2452,Chemistry,Acids and Bases,19,17,2,89.47,61.3
STU0409,QUIZ2453,Biology,Plant Physiology,25,11,14,44.0,65.73
STU0409,QUIZ2454,Mathematics,Probability,29,29,0,100.0,60.56
STU0410,QUIZ2455,Biology,Genetics,28,12,16,42.86,23.18
STU0410,QUIZ2456,Mathematics,Probability,25,24,1,96.0,86.04
STU0410,QUIZ2457,Biology,Cell,16,10,6,62.5,51.02
STU0410,QUIZ2458,Chemistry,Chemical Bonding,25,14,11,56.0,87.46
STU0410,QUIZ2459,Physics,Work and Energy,26,23,3,88.46,74.48
STU0410,QUIZ2460,Biology,Cell,30,6,24,20.0,64.79
STU0411,QUIZ2461,Biology,Cell,20,8,12,40.0,48.21
STU0411,QUIZ2462,Chemistry,Atoms,18,6,12,33.33,44.11
STU0411,QUIZ2463,Physics,Electricity,25,7,18,28.0,33.79
STU0411,QUIZ2464,Mathematics,Trigonometry,22,21,1,95.45,81.08
STU0411,QUIZ2465,Chemistry,Atoms,25,6,19,24.0,24.96
STU0411,QUIZ2466,Chemistry,Atoms,18,12,6,66.67,50.69
STU0412,QUIZ2467,Physics,Motion,17,7,10,41.18,59.09
STU0412,QUIZ2468,Mathematics,Calculus,26,25,1,96.15,84.39
STU0412,QUIZ2469,Biology,Plant Physiology,22,20,2,90.91,46.07
STU0412,QUIZ2470,Physics,Laws of Motion,28,9,19,32.14,64.93
STU0412,QUIZ2471,Mathematics,Probability,16,10,6,62.5,71.77
STU0412,QUIZ2472,Physics,Laws of Motion,23,12,11,52.17,27.72
STU0413,QUIZ2473,Mathematics,Trigonometry,21,13,8,61.9,28.02
STU0413,QUIZ2474,Biology,Genetics,15,5,10,33.33,34.25
STU0413,QUIZ2475,Chemistry,Chemical Bonding,28,23,5,82.14,20.53
STU0413,QUIZ2476,Biology,Genetics,20,8,12,40.0,30.77
STU0413,QUIZ2477,Biology,Plant Physiology,29,5,24,17.24,88.78
STU0413,QUIZ2478,Chemistry,Atoms,27,7,20,25.93,77.03
STU0414,QUIZ2479,Physics,Laws of Motion,28,14,14,50.0,57.49
STU0414,QUIZ2480,Mathematics,Calculus,15,13,2,86.67,26.31
STU0414,QUIZ2481,Mathematics,Calculus,21,19,2,90.48,27.94
STU0414,QUIZ2482,Biology,Plant Physiology,21,16,5,76.19,86.87
STU0414,QUIZ2483,Chemistry,Organic Chemistry,21,20,1,95.24,73.97
STU0414,QUIZ2484,Chemistry,Chemical Bonding,24,13,11,54.17,52.27
STU0415,QUIZ2485,Chemistry,Chemical Bonding,18,13,5,72.22,79.5
STU0415,QUIZ2486,Chemistry,Atoms,18,8,10,44.44,52.2
STU0415,QUIZ2487,Mathematics,Probability,22,8,14,36.36,38.09
STU0415,QUIZ2488,Chemistry,Acids and Bases,23,6,17,26.09,51.38
STU0415,QUIZ2489,Chemistry,Organic Chemistry,20,15,5,75.0,25.93
STU0415,QUIZ2490,Mathematics,Probability,20,8,12,40.0,56.17
STU0416,QUIZ2491,Mathematics,Probability,24,17,7,70.83,59.46
STU0416,QUIZ2492,Physics,Motion,26,19,7,73.08,86.69
STU0416,QUIZ2493,Chemistry,Chemical Bonding,26,19,7,73.08,48.04
STU0416,QUIZ2494,Biology,Plant Physiology,26,10,16,38.46,38.58
STU0416,QUIZ2495,Biology,Human Body,24,13,11,54.17,75.57
STU0416,QUIZ2496,Physics,Motion,26,9,17,34.62,41.54
STU0417,QUIZ2497,Physics,Motion,26,23,3,88.46,39.28
STU0417,QUIZ2498,Physics,Work and Energy,16,11,5,68.75,32.83
STU0417,QUIZ2499,Biology,Genetics,22,15,7,68.18,55.12
STU0417,QUIZ2500,Biology,Cell,28,20,8,71.43,61.05
STU0417,QUIZ2501,Biology,Plant Physiology,27,9,18,33.33,46.78
STU0417,QUIZ2502,Biology,Human Body,28,10,18,35.71,81.27
STU0418,QUIZ2503,Physics,Work and Energy,25,22,3,88.0,24.22
STU0418,QUIZ2504,Chemistry,Organic Chemistry,19,14,5,73.68,36.54
STU0418,QUIZ2505,Chemistry,Organic Chemistry,23,15,8,65.22,29.56
STU0418,QUIZ2506,Biology,Human Body,27,8,19,29.63,28.45
STU0418,QUIZ2507,Mathematics,Calculus,27,15,12,55.56,69.48
STU0418,QUIZ2508,Physics,Laws of Motion,18,10,8,55.56,20.5
STU0419,QUIZ2509,Biology,Plant Physiology,23,6,17,26.09,48.36
STU0419,QUIZ2510,Biology,Genetics,29,15,14,51.72,69.13
STU0419,QUIZ2511,Chemistry,Chemical Bonding,29,12,17,41.38,43.33
STU0419,QUIZ2512,Chemistry,Acids and Bases,23,22,1,95.65,85.46
STU0419,QUIZ2513,Mathematics,Trigonometry,15,7,8,46.67,61.71
STU0419,QUIZ2514,Biology,Genetics,19,5,14,26.32,43.81
STU0420,QUIZ2515,Chemistry,Chemical Bonding,19,9,10,47.37,23.2
STU0420,QUIZ2516,Chemistry,Chemical Bonding,20,6,14,30.0,70.46
STU0420,QUIZ2517,Biology,Cell,21,19,2,90.48,64.01
STU0420,QUIZ2518,Biology,Plant Physiology,20,17,3,85.0,22.33
STU0420,QUIZ2519,Physics,Work and Energy,26,7,19,26.92,47.56
STU0420,QUIZ2520,Biology,Plant Physiology,28,18,10,64.29,64.1
STU0421,QUIZ2521,Mathematics,Trigonometry,28,24,4,85.71,66.5
STU0421,QUIZ2522,Chemistry,Atoms,17,16,1,94.12,31.39
STU0421,QUIZ2523,Physics,Motion,26,8,18,30.77,79.84
STU0421,QUIZ2524,Mathematics,Algebra,26,23,3,88.46,34.88
STU0421,QUIZ2525,Biology,Plant Physiology,20,20,0,100.0,36.5
STU0421,QUIZ2526,Biology,Human Body,21,8,13,38.1,53.9
STU0422,QUIZ2527,Chemistry,Chemical Bonding,18,8,10,44.44,68.68
STU0422,QUIZ2528,Mathematics,Algebra,23,21,2,91.3,78.42
STU0422,QUIZ2529,Mathematics,Calculus,24,9,15,37.5,27.74
STU0422,QUIZ2530,Physics,Work and Energy,20,11,9,55.0,24.91
STU0422,QUIZ2531,Chemistry,Acids and Bases,20,20,0,100.0,48.64
STU0422,QUIZ2532,Chemistry,Organic Chemistry,22,15,7,68.18,20.27
STU0423,QUIZ2533,Chemistry,Chemical Bonding,29,9,20,31.03,56.96
STU0423,QUIZ2534,Physics,Motion,18,15,3,83.33,83.07
STU0423,QUIZ2535,Chemistry,Atoms,25,12,13,48.0,89.32
STU0423,QUIZ2536,Physics,Work and Energy,22,16,6,72.73,74.69
STU0423,QUIZ2537,Chemistry,Atoms,26,14,12,53.85,80.18
STU0423,QUIZ2538,Biology,Plant Physiology,18,16,2,88.89,82.8
STU0424,QUIZ2539,Mathematics,Trigonometry,17,17,0,100.0,34.39
STU0424,QUIZ2540,Physics,Work and Energy,23,23,0,100.0,62.1
STU0424,QUIZ2541,Chemistry,Acids and Bases,24,19,5,79.17,30.2
STU0424,QUIZ2542,Physics,Work and Energy,19,17,2,89.47,21.86
STU0424,QUIZ2543,Mathematics,Algebra,29,29,0,100.0,77.95
STU0424,QUIZ2544,Chemistry,Organic Chemistry,26,22,4,84.62,24.13
STU0425,QUIZ2545,Physics,Work and Energy,27,11,16,40.74,48.12
STU0425,QUIZ2546,Chemistry,Organic Chemistry,16,7,9,43.75,53.36
STU0425,QUIZ2547,Biology,Plant Physiology,25,19,6,76.0,28.1
STU0425,QUIZ2548,Physics,Motion,29,14,15,48.28,44.57
STU0425,QUIZ2549,Physics,Laws of Motion,24,11,13,45.83,39.36
STU0425,QUIZ2550,Physics,Laws of Motion,15,6,9,40.0,50.86
STU0426,QUIZ2551,Physics,Laws of Motion,27,15,12,55.56,25.81
STU0426,QUIZ2552,Chemistry,Atoms,19,16,3,84.21,71.06
STU0426,QUIZ2553,Physics,Electricity,22,7,15,31.82,71.83
STU0426,QUIZ2554,Biology,Cell,17,13,4,76.47,37.56
STU0426,QUIZ2555,Chemistry,Organic Chemistry,28,6,22,21.43,83.64
STU0426,QUIZ2556,Chemistry,Atoms,26,6,20,23.08,63.17
STU0427,QUIZ2557,Physics,Electricity,28,7,21,25.0,25.53
STU0427,QUIZ2558,Physics,Electricity,29,25,4,86.21,68.24
STU0427,QUIZ2559,Chemistry,Acids and Bases,26,13,13,50.0,40.41
STU0427,QUIZ2560,Biology,Genetics,21,11,10,52.38,86.42
STU0427,QUIZ2561,Physics,Electricity,24,24,0,100.0,69.29
STU0427,QUIZ2562,Chemistry,Chemical Bonding,18,8,10,44.44,58.1
STU0428,QUIZ2563,Physics,Electricity,27,25,2,92.59,20.98
STU0428,QUIZ2564,Chemistry,Atoms,20,20,0,100.0,40.16
STU0428,QUIZ2565,Biology,Cell,22,6,16,27.27,53.06
STU0428,QUIZ2566,Biology,Cell,22,9,13,40.91,24.2
STU0428,QUIZ2567,Mathematics,Algebra,29,23,6,79.31,30.76
STU0428,QUIZ2568,Chemistry,Organic Chemistry,21,18,3,85.71,86.41
STU0429,QUIZ2569,Chemistry,Acids and Bases,22,20,2,90.91,73.95
STU0429,QUIZ2570,Physics,Electricity,29,25,4,86.21,54.01
STU0429,QUIZ2571,Chemistry,Atoms,25,8,17,32.0,58.75
STU0429,QUIZ2572,Physics,Electricity,29,8,21,27.59,74.68
STU0429,QUIZ2573,Mathematics,Trigonometry,21,14,7,66.67,67.74
STU0429,QUIZ2574,Biology,Genetics,26,10,16,38.46,45.23
STU0430,QUIZ2575,Mathematics,Trigonometry,22,18,4,81.82,78.05
STU0430,QUIZ2576,Chemistry,Acids and Bases,24,22,2,91.67,49.25
STU0430,QUIZ2577,Physics,Work and Energy,19,14,5,73.68,78.93
STU0430,QUIZ2578,Mathematics,Probability,26,10,16,38.46,21.65
STU0430,QUIZ2579,Physics,Electricity,28,7,21,25.0,81.76
STU0430,QUIZ2580,Chemistry,Chemical Bonding,20,11,9,55.0,38.06
STU0431,QUIZ2581,Biology,Plant Physiology,17,17,0,100.0,41.22
STU0431,QUIZ2582,Chemistry,Organic Chemistry,21,16,5,76.19,80.13
STU0431,QUIZ2583,Physics,Electricity,29,10,19,34.48,21.02
STU0431,QUIZ2584,Biology,Cell,27,18,9,66.67,87.22
STU0431,QUIZ2585,Chemistry,Acids and Bases,23,8,15,34.78,31.11
STU0431,QUIZ2586,Physics,Electricity,29,19,10,65.52,60.3
STU0432,QUIZ2587,Biology,Cell,18,6,12,33.33,55.07
STU0432,QUIZ2588,Physics,Laws of Motion,15,13,2,86.67,40.6
STU0432,QUIZ2589,Physics,Laws of Motion,22,21,1,95.45,75.37
STU0432,QUIZ2590,Mathematics,Algebra,28,7,21,25.0,44.38
STU0432,QUIZ2591,Physics,Laws of Motion,18,8,10,44.44,87.48
STU0432,QUIZ2592,Mathematics,Calculus,29,16,13,55.17,88.93
STU0433,QUIZ2593,Mathematics,Calculus,16,14,2,87.5,47.44
STU0433,QUIZ2594,Chemistry,Organic Chemistry,26,7,19,26.92,27.52
STU0433,QUIZ2595,Biology,Genetics,20,7,13,35.0,82.75
STU0433,QUIZ2596,Physics,Motion,22,13,9,59.09,84.18
STU0433,QUIZ2597,Biology,Human Body,27,6,21,22.22,73.79
STU0433,QUIZ2598,Mathematics,Probability,18,5,13,27.78,24.98
STU0434,QUIZ2599,Chemistry,Organic Chemistry,18,16,2,88.89,60.22
STU0434,QUIZ2600,Mathematics,Trigonometry,22,19,3,86.36,40.8
STU0434,QUIZ2601,Mathematics,Calculus,27,14,13,51.85,67.73
STU0434,QUIZ2602,Biology,Plant Physiology,25,6,19,24.0,22.55
STU0434,QUIZ2603,Chemistry,Acids and Bases,15,12,3,80.0,89.42
STU0434,QUIZ2604,Biology,Genetics,21,21,0,100.0,61.96
STU0435,QUIZ2605,Chemistry,Atoms,19,12,7,63.16,56.09
STU0435,QUIZ2606,Chemistry,Organic Chemistry,28,5,23,17.86,84.2
STU0435,QUIZ2607,Chemistry,Atoms,18,7,11,38.89,79.56
STU0435,QUIZ2608,Biology,Human Body,28,23,5,82.14,87.46
STU0435,QUIZ2609,Chemistry,Atoms,17,10,7,58.82,64.62
STU0435,QUIZ2610,Physics,Work and Energy,21,7,14,33.33,62.89
STU0436,QUIZ2611,Biology,Genetics,18,17,1,94.44,51.49
STU0436,QUIZ2612,Mathematics,Algebra,23,16,7,69.57,39.1
STU0436,QUIZ2613,Physics,Motion,21,11,10,52.38,42.3
STU0436,QUIZ2614,Physics,Work and Energy,26,19,7,73.08,75.28
STU0436,QUIZ2615,Biology,Human Body,15,7,8,46.67,33.17
STU0436,QUIZ2616,Mathematics,Trigonometry,21,18,3,85.71,52.2
STU0437,QUIZ2617,Biology,Plant Physiology,30,22,8,73.33,36.54
STU0437,QUIZ2618,Mathematics,Algebra,30,7,23,23.33,43.12
STU0437,QUIZ2619,Physics,Laws of Motion,21,11,10,52.38,76.29
STU0437,QUIZ2620,Chemistry,Organic Chemistry,18,13,5,72.22,25.36
STU0437,QUIZ2621,Biology,Plant Physiology,23,5,18,21.74,85.14
STU0437,QUIZ2622,Biology,Human Body,21,12,9,57.14,51.71
STU0438,QUIZ2623,Physics,Work and Energy,16,7,9,43.75,54.53
STU0438,QUIZ2624,Physics,Electricity,19,14,5,73.68,78.65
STU0438,QUIZ2625,Biology,Human Body,15,9,6,60.0,54.12
STU0438,QUIZ2626,Physics,Electricity,30,14,16,46.67,50.89
STU0438,QUIZ2627,Chemistry,Chemical Bonding,26,21,5,80.77,43.07
STU0438,QUIZ2628,Physics,Motion,15,5,10,33.33,29.97
STU0439,QUIZ2629,Biology,Genetics,19,18,1,94.74,47.4
STU0439,QUIZ2630,Chemistry,Atoms,22,10,12,45.45,44.38
STU0439,QUIZ2631,Physics,Work and Energy,19,15,4,78.95,36.96
STU0439,QUIZ2632,Mathematics,Trigonometry,26,10,16,38.46,36.28
STU0439,QUIZ2633,Mathematics,Algebra,15,13,2,86.67,79.03
STU0439,QUIZ2634,Biology,Genetics,22,16,6,72.73,77.89
STU0440,QUIZ2635,Mathematics,Probability,22,15,7,68.18,56.85
STU0440,QUIZ2636,Chemistry,Chemical Bonding,27,21,6,77.78,77.85
STU0440,QUIZ2637,Chemistry,Acids and Bases,17,7,10,41.18,22.54
STU0440,QUIZ2638,Mathematics,Trigonometry,23,8,15,34.78,38.8
STU0440,QUIZ2639,Mathematics,Trigonometry,18,17,1,94.44,54.67
STU0440,QUIZ2640,Biology,Cell,17,8,9,47.06,75.76
STU0441,QUIZ2641,Chemistry,Acids and Bases,19,7,12,36.84,56.73
STU0441,QUIZ2642,Chemistry,Organic Chemistry,20,16,4,80.0,86.1
STU0441,QUIZ2643,Mathematics,Trigonometry,19,9,10,47.37,65.18
STU0441,QUIZ2644,Biology,Human Body,15,5,10,33.33,26.04
STU0441,QUIZ2645,Chemistry,Atoms,29,7,22,24.14,45.12
STU0441,QUIZ2646,Biology,Genetics,27,17,10,62.96,87.69
STU0442,QUIZ2647,Physics,Laws of Motion,20,14,6,70.0,22.5
STU0442,QUIZ2648,Mathematics,Trigonometry,26,19,7,73.08,78.73
STU0442,QUIZ2649,Chemistry,Acids and Bases,16,10,6,62.5,45.9
STU0442,QUIZ2650,Mathematics,Probability,24,9,15,37.5,46.51
STU0442,QUIZ2651,Biology,Genetics,30,17,13,56.67,61.45
STU0442,QUIZ2652,Biology,Genetics,17,11,6,64.71,55.49
STU0443,QUIZ2653,Biology,Human Body,18,9,9,50.0,56.81
STU0443,QUIZ2654,Physics,Laws of Motion,16,11,5,68.75,89.67
STU0443,QUIZ2655,Chemistry,Acids and Bases,28,18,10,64.29,48.56
STU0443,QUIZ2656,Chemistry,Acids and Bases,17,16,1,94.12,44.9
STU0443,QUIZ2657,Biology,Plant Physiology,20,14,6,70.0,65.25
STU0443,QUIZ2658,Chemistry,Atoms,18,8,10,44.44,55.13
STU0444,QUIZ2659,Physics,Work and Energy,28,15,13,53.57,84.2
STU0444,QUIZ2660,Mathematics,Calculus,26,17,9,65.38,74.01
STU0444,QUIZ2661,Physics,Electricity,21,8,13,38.1,45.46
STU0444,QUIZ2662,Chemistry,Chemical Bonding,15,5,10,33.33,36.64
STU0444,QUIZ2663,Chemistry,Acids and Bases,27,16,11,59.26,60.11
STU0444,QUIZ2664,Chemistry,Organic Chemistry,16,9,7,56.25,36.74
STU0445,QUIZ2665,Physics,Electricity,19,8,11,42.11,41.08
STU0445,QUIZ2666,Chemistry,Organic Chemistry,29,7,22,24.14,67.86
STU0445,QUIZ2667,Chemistry,Acids and Bases,17,13,4,76.47,43.43
STU0445,QUIZ2668,Chemistry,Atoms,27,8,19,29.63,59.23
STU0445,QUIZ2669,Chemistry,Atoms,22,14,8,63.64,74.67
STU0445,QUIZ2670,Mathematics,Trigonometry,15,8,7,53.33,55.44
STU0446,QUIZ2671,Physics,Electricity,22,17,5,77.27,42.77
STU0446,QUIZ2672,Biology,Plant Physiology,29,12,17,41.38,74.74
STU0446,QUIZ2673,Mathematics,Probability,23,18,5,78.26,87.36
STU0446,QUIZ2674,Physics,Laws of Motion,20,7,13,35.0,75.64
STU0446,QUIZ2675,Chemistry,Acids and Bases,15,7,8,46.67,34.48
STU0446,QUIZ2676,Chemistry,Chemical Bonding,21,15,6,71.43,63.0
STU0447,QUIZ2677,Chemistry,Organic Chemistry,30,28,2,93.33,77.18
STU0447,QUIZ2678,Mathematics,Trigonometry,16,13,3,81.25,59.53
STU0447,QUIZ2679,Physics,Work and Energy,30,27,3,90.0,40.85
STU0447,QUIZ2680,Mathematics,Probability,17,14,3,82.35,49.94
STU0447,QUIZ2681,Physics,Motion,22,15,7,68.18,80.27
STU0447,QUIZ2682,Chemistry,Atoms,26,22,4,84.62,54.3
STU0448,QUIZ2683,Physics,Laws of Motion,30,26,4,86.67,73.57
STU0448,QUIZ2684,Physics,Work and Energy,29,24,5,82.76,30.29
STU0448,QUIZ2685,Mathematics,Algebra,23,7,16,30.43,44.59
STU0448,QUIZ2686,Biology,Cell,15,14,1,93.33,68.38
STU0448,QUIZ2687,Physics,Laws of Motion,20,12,8,60.0,33.6
STU0448,QUIZ2688,Physics,Work and Energy,16,14,2,87.5,80.01
STU0449,QUIZ2689,Chemistry,Atoms,25,25,0,100.0,83.67
STU0449,QUIZ2690,Chemistry,Organic Chemistry,26,22,4,84.62,74.89
STU0449,QUIZ2691,Chemistry,Chemical Bonding,22,12,10,54.55,21.31
STU0449,QUIZ2692,Mathematics,Algebra,18,12,6,66.67,85.19
STU0449,QUIZ2693,Mathematics,Probability,29,25,4,86.21,40.32
STU0449,QUIZ2694,Mathematics,Probability,28,9,19,32.14,61.77
STU0450,QUIZ2695,Biology,Plant Physiology,20,5,15,25.0,74.48
STU0450,QUIZ2696,Chemistry,Acids and Bases,23,9,14,39.13,72.48
STU0450,QUIZ2697,Chemistry,Atoms,27,10,17,37.04,80.88
STU0450,QUIZ2698,Chemistry,Organic Chemistry,21,20,1,95.24,67.21
STU0450,QUIZ2699,Chemistry,Chemical Bonding,26,12,14,46.15,26.86
STU0450,QUIZ2700,Chemistry,Organic Chemistry,26,18,8,69.23,85.34
STU0451,QUIZ2701,Biology,Human Body,28,15,13,53.57,53.68
STU0451,QUIZ2702,Chemistry,Atoms,16,5,11,31.25,53.5
STU0451,QUIZ2703,Biology,Plant Physiology,19,5,14,26.32,24.8
STU0451,QUIZ2704,Chemistry,Organic Chemistry,16,15,1,93.75,60.75
STU0451,QUIZ2705,Mathematics,Algebra,24,18,6,75.0,21.62
STU0451,QUIZ2706,Mathematics,Calculus,26,9,17,34.62,22.98
STU0452,QUIZ2707,Biology,Genetics,26,22,4,84.62,34.86
STU0452,QUIZ2708,Chemistry,Chemical Bonding,27,19,8,70.37,52.92
STU0452,QUIZ2709,Physics,Electricity,23,5,18,21.74,33.22
STU0452,QUIZ2710,Chemistry,Chemical Bonding,30,15,15,50.0,73.88
STU0452,QUIZ2711,Chemistry,Chemical Bonding,28,28,0,100.0,77.65
STU0452,QUIZ2712,Chemistry,Organic Chemistry,19,17,2,89.47,44.84
STU0453,QUIZ2713,Chemistry,Chemical Bonding,26,26,0,100.0,22.61
STU0453,QUIZ2714,Biology,Cell,20,11,9,55.0,84.69
STU0453,QUIZ2715,Physics,Work and Energy,29,10,19,34.48,51.3
STU0453,QUIZ2716,Biology,Genetics,15,5,10,33.33,28.17
STU0453,QUIZ2717,Mathematics,Trigonometry,16,9,7,56.25,41.19
STU0453,QUIZ2718,Biology,Genetics,16,7,9,43.75,39.2
STU0454,QUIZ2719,Biology,Genetics,21,18,3,85.71,34.84
STU0454,QUIZ2720,Chemistry,Atoms,25,6,19,24.0,32.72
STU0454,QUIZ2721,Mathematics,Algebra,21,12,9,57.14,70.28
STU0454,QUIZ2722,Chemistry,Organic Chemistry,21,8,13,38.1,26.92
STU0454,QUIZ2723,Physics,Laws of Motion,30,19,11,63.33,82.06
STU0454,QUIZ2724,Mathematics,Probability,18,15,3,83.33,64.23
STU0455,QUIZ2725,Mathematics,Calculus,15,13,2,86.67,83.32
STU0455,QUIZ2726,Biology,Genetics,25,17,8,68.0,42.09
STU0455,QUIZ2727,Biology,Genetics,26,25,1,96.15,29.56
STU0455,QUIZ2728,Biology,Plant Physiology,25,24,1,96.0,72.66
STU0455,QUIZ2729,Chemistry,Chemical Bonding,28,13,15,46.43,83.27
STU0455,QUIZ2730,Chemistry,Organic Chemistry,15,15,0,100.0,32.21
STU0456,QUIZ2731,Biology,Genetics,20,9,11,45.0,55.08
STU0456,QUIZ2732,Mathematics,Calculus,30,8,22,26.67,72.72
STU0456,QUIZ2733,Chemistry,Organic Chemistry,16,5,11,31.25,52.33
STU0456,QUIZ2734,Physics,Electricity,29,28,1,96.55,33.37
STU0456,QUIZ2735,Chemistry,Atoms,15,5,10,33.33,35.66
STU0456,QUIZ2736,Biology,Human Body,29,15,14,51.72,86.58
STU0457,QUIZ2737,Chemistry,Atoms,22,9,13,40.91,33.64
STU0457,QUIZ2738,Physics,Motion,17,7,10,41.18,69.71
STU0457,QUIZ2739,Chemistry,Acids and Bases,30,12,18,40.0,44.63
STU0457,QUIZ2740,Mathematics,Calculus,19,15,4,78.95,88.54
STU0457,QUIZ2741,Physics,Work and Energy,21,13,8,61.9,25.61
STU0457,QUIZ2742,Biology,Genetics,27,22,5,81.48,49.57
STU0458,QUIZ2743,Mathematics,Trigonometry,27,20,7,74.07,71.8
STU0458,QUIZ2744,Chemistry,Acids and Bases,16,14,2,87.5,27.18
STU0458,QUIZ2745,Chemistry,Acids and Bases,29,26,3,89.66,72.38
STU0458,QUIZ2746,Chemistry,Acids and Bases,23,6,17,26.09,62.0
STU0458,QUIZ2747,Physics,Electricity,25,23,2,92.0,20.53
STU0458,QUIZ2748,Chemistry,Chemical Bonding,29,6,23,20.69,86.68
STU0459,QUIZ2749,Biology,Cell,17,17,0,100.0,30.85
STU0459,QUIZ2750,Biology,Genetics,23,10,13,43.48,80.9
STU0459,QUIZ2751,Physics,Work and Energy,20,14,6,70.0,53.91
STU0459,QUIZ2752,Biology,Cell,28,27,1,96.43,55.92
STU0459,QUIZ2753,Chemistry,Acids and Bases,29,11,18,37.93,32.36
STU0459,QUIZ2754,Mathematics,Algebra,23,18,5,78.26,78.24
STU0460,QUIZ2755,Mathematics,Calculus,19,6,13,31.58,64.99
STU0460,QUIZ2756,Chemistry,Organic Chemistry,21,5,16,23.81,24.56
STU0460,QUIZ2757,Chemistry,Chemical Bonding,19,7,12,36.84,72.03
STU0460,QUIZ2758,Physics,Motion,25,13,12,52.0,65.56
STU0460,QUIZ2759,Physics,Motion,17,9,8,52.94,68.41
STU0460,QUIZ2760,Physics,Work and Energy,18,6,12,33.33,72.22
STU0461,QUIZ2761,Chemistry,Chemical Bonding,28,8,20,28.57,69.36
STU0461,QUIZ2762,Mathematics,Algebra,20,20,0,100.0,46.4
STU0461,QUIZ2763,Biology,Genetics,17,9,8,52.94,50.26
STU0461,QUIZ2764,Physics,Motion,30,14,16,46.67,70.9
STU0461,QUIZ2765,Physics,Electricity,23,7,16,30.43,62.55
STU0461,QUIZ2766,Mathematics,Probability,26,17,9,65.38,74.13
STU0462,QUIZ2767,Mathematics,Probability,25,8,17,32.0,86.62
STU0462,QUIZ2768,Chemistry,Acids and Bases,17,5,12,29.41,38.62
STU0462,QUIZ2769,Chemistry,Acids and Bases,18,10,8,55.56,77.47
STU0462,QUIZ2770,Biology,Genetics,20,14,6,70.0,47.72
STU0462,QUIZ2771,Biology,Plant Physiology,24,23,1,95.83,73.78
STU0462,QUIZ2772,Mathematics,Algebra,17,11,6,64.71,35.25
STU0463,QUIZ2773,Physics,Laws of Motion,24,20,4,83.33,80.63
STU0463,QUIZ2774,Mathematics,Algebra,26,25,1,96.15,58.7
STU0463,QUIZ2775,Chemistry,Organic Chemistry,26,7,19,26.92,25.33
STU0463,QUIZ2776,Mathematics,Trigonometry,19,11,8,57.89,34.48
STU0463,QUIZ2777,Mathematics,Probability,23,10,13,43.48,48.89
STU0463,QUIZ2778,Biology,Cell,18,10,8,55.56,25.94
STU0464,QUIZ2779,Mathematics,Calculus,18,16,2,88.89,69.32
STU0464,QUIZ2780,Physics,Laws of Motion,25,10,15,40.0,45.48
STU0464,QUIZ2781,Physics,Electricity,29,5,24,17.24,22.79
STU0464,QUIZ2782,Biology,Genetics,22,7,15,31.82,60.2
STU0464,QUIZ2783,Mathematics,Calculus,15,8,7,53.33,33.21
STU0464,QUIZ2784,Chemistry,Atoms,17,12,5,70.59,54.55
STU0465,QUIZ2785,Physics,Electricity,26,7,19,26.92,33.5
STU0465,QUIZ2786,Chemistry,Acids and Bases,27,12,15,44.44,72.94
STU0465,QUIZ2787,Physics,Electricity,16,9,7,56.25,25.5
STU0465,QUIZ2788,Mathematics,Calculus,15,5,10,33.33,46.84
STU0465,QUIZ2789,Mathematics,Probability,25,8,17,32.0,21.63
STU0465,QUIZ2790,Biology,Genetics,30,28,2,93.33,64.07
STU0466,QUIZ2791,Chemistry,Chemical Bonding,27,21,6,77.78,26.29
STU0466,QUIZ2792,Biology,Human Body,15,9,6,60.0,27.25
STU0466,QUIZ2793,Physics,Work and Energy,26,6,20,23.08,83.05
STU0466,QUIZ2794,Chemistry,Organic Chemistry,15,5,10,33.33,24.18
STU0466,QUIZ2795,Biology,Human Body,19,9,10,47.37,83.73
STU0466,QUIZ2796,Chemistry,Atoms,24,10,14,41.67,79.55
STU0467,QUIZ2797,Biology,Cell,22,11,11,50.0,56.47
STU0467,QUIZ2798,Physics,Laws of Motion,23,17,6,73.91,82.14
STU0467,QUIZ2799,Biology,Human Body,23,15,8,65.22,81.82
STU0467,QUIZ2800,Biology,Genetics,27,9,18,33.33,79.43
STU0467,QUIZ2801,Physics,Laws of Motion,30,18,12,60.0,21.22
STU0467,QUIZ2802,Biology,Plant Physiology,30,10,20,33.33,69.46
STU0468,QUIZ2803,Physics,Laws of Motion,29,10,19,34.48,73.96
STU0468,QUIZ2804,Chemistry,Acids and Bases,20,9,11,45.0,42.23
STU0468,QUIZ2805,Physics,Motion,28,26,2,92.86,84.5
STU0468,QUIZ2806,Mathematics,Calculus,15,9,6,60.0,79.24
STU0468,QUIZ2807,Mathematics,Algebra,28,8,20,28.57,88.32
STU0468,QUIZ2808,Mathematics,Algebra,23,19,4,82.61,23.48
STU0469,QUIZ2809,Chemistry,Acids and Bases,28,23,5,82.14,29.66
STU0469,QUIZ2810,Chemistry,Chemical Bonding,17,11,6,64.71,77.51
STU0469,QUIZ2811,Mathematics,Calculus,27,10,17,37.04,60.08
STU0469,QUIZ2812,Biology,Human Body,29,27,2,93.1,47.0
STU0469,QUIZ2813,Chemistry,Atoms,21,9,12,42.86,44.98
STU0469,QUIZ2814,Biology,Plant Physiology,19,7,12,36.84,29.04
STU0470,QUIZ2815,Chemistry,Chemical Bonding,28,28,0,100.0,55.1
STU0470,QUIZ2816,Biology,Plant Physiology,27,10,17,37.04,52.43
STU0470,QUIZ2817,Physics,Motion,17,17,0,100.0,29.16
STU0470,QUIZ2818,Chemistry,Atoms,17,16,1,94.12,78.84
STU0470,QUIZ2819,Mathematics,Algebra,15,9,6,60.0,32.73
STU0470,QUIZ2820,Mathematics,Trigonometry,26,12,14,46.15,48.28
STU0471,QUIZ2821,Mathematics,Probability,21,11,10,52.38,53.42
STU0471,QUIZ2822,Mathematics,Algebra,25,21,4,84.0,65.42
STU0471,QUIZ2823,Biology,Plant Physiology,29,9,20,31.03,54.06
STU0471,QUIZ2824,Chemistry,Atoms,29,8,21,27.59,47.76
STU0471,QUIZ2825,Mathematics,Trigonometry,30,30,0,100.0,42.02
STU0471,QUIZ2826,Mathematics,Calculus,19,13,6,68.42,51.44
STU0472,QUIZ2827,Chemistry,Atoms,23,13,10,56.52,26.98
STU0472,QUIZ2828,Physics,Work and Energy,21,8,13,38.1,29.02
STU0472,QUIZ2829,Physics,Laws of Motion,29,12,17,41.38,32.41
STU0472,QUIZ2830,Mathematics,Trigonometry,16,8,8,50.0,86.95
STU0472,QUIZ2831,Mathematics,Algebra,18,11,7,61.11,60.66
STU0472,QUIZ2832,Mathematics,Calculus,22,7,15,31.82,88.91
STU0473,QUIZ2833,Physics,Motion,24,21,3,87.5,29.19
STU0473,QUIZ2834,Physics,Electricity,19,10,9,52.63,89.27
STU0473,QUIZ2835,Mathematics,Probability,17,7,10,41.18,36.54
STU0473,QUIZ2836,Chemistry,Acids and Bases,21,20,1,95.24,66.73
STU0473,QUIZ2837,Chemistry,Chemical Bonding,23,15,8,65.22,45.51
STU0473,QUIZ2838,Physics,Motion,27,19,8,70.37,24.47
STU0474,QUIZ2839,Chemistry,Acids and Bases,15,6,9,40.0,44.58
STU0474,QUIZ2840,Physics,Electricity,18,18,0,100.0,40.56
STU0474,QUIZ2841,Physics,Electricity,15,7,8,46.67,35.9
STU0474,QUIZ2842,Mathematics,Trigonometry,20,5,15,25.0,74.87
STU0474,QUIZ2843,Chemistry,Acids and Bases,19,18,1,94.74,88.81
STU0474,QUIZ2844,Physics,Work and Energy,19,8,11,42.11,38.46
STU0475,QUIZ2845,Biology,Cell,29,10,19,34.48,49.06
STU0475,QUIZ2846,Chemistry,Chemical Bonding,28,14,14,50.0,82.41
STU0475,QUIZ2847,Chemistry,Atoms,16,10,6,62.5,79.06
STU0475,QUIZ2848,Biology,Plant Physiology,28,12,16,42.86,73.77
STU0475,QUIZ2849,Physics,Electricity,25,18,7,72.0,83.04
STU0475,QUIZ2850,Mathematics,Calculus,29,25,4,86.21,57.99
STU0476,QUIZ2851,Chemistry,Atoms,29,14,15,48.28,64.68
STU0476,QUIZ2852,Mathematics,Algebra,24,24,0,100.0,40.11
STU0476,QUIZ2853,Chemistry,Chemical Bonding,16,7,9,43.75,69.81
STU0476,QUIZ2854,Chemistry,Chemical Bonding,30,15,15,50.0,30.72
STU0476,QUIZ2855,Biology,Cell,27,18,9,66.67,61.46
STU0476,QUIZ2856,Mathematics,Trigonometry,17,15,2,88.24,29.49
STU0477,QUIZ2857,Physics,Laws of Motion,20,16,4,80.0,27.53
STU0477,QUIZ2858,Biology,Cell,23,12,11,52.17,51.03
STU0477,QUIZ2859,Physics,Electricity,30,22,8,73.33,47.57
STU0477,QUIZ2860,Mathematics,Probability,15,5,10,33.33,20.63
STU0477,QUIZ2861,Mathematics,Probability,23,8,15,34.78,81.24
STU0477,QUIZ2862,Mathematics,Algebra,30,19,11,63.33,42.82
STU0478,QUIZ2863,Mathematics,Algebra,27,22,5,81.48,78.03
STU0478,QUIZ2864,Physics,Work and Energy,28,13,15,46.43,58.28
STU0478,QUIZ2865,Biology,Plant Physiology,29,23,6,79.31,67.42
STU0478,QUIZ2866,Mathematics,Probability,25,24,1,96.0,62.38
STU0478,QUIZ2867,Biology,Plant Physiology,15,9,6,60.0,56.54
STU0478,QUIZ2868,Biology,Genetics,27,22,5,81.48,37.11
STU0479,QUIZ2869,Biology,Genetics,25,24,1,96.0,74.1
STU0479,QUIZ2870,Biology,Cell,21,8,13,38.1,73.5
STU0479,QUIZ2871,Physics,Motion,17,12,5,70.59,75.0
STU0479,QUIZ2872,Biology,Cell,17,12,5,70.59,44.37
STU0479,QUIZ2873,Physics,Work and Energy,18,11,7,61.11,48.25
STU0479,QUIZ2874,Mathematics,Trigonometry,19,9,10,47.37,73.91
STU0480,QUIZ2875,Physics,Laws of Motion,27,17,10,62.96,69.71
STU0480,QUIZ2876,Biology,Human Body,18,12,6,66.67,66.97
STU0480,QUIZ2877,Biology,Plant Physiology,18,17,1,94.44,29.36
STU0480,QUIZ2878,Chemistry,Chemical Bonding,29,23,6,79.31,72.29
STU0480,QUIZ2879,Physics,Motion,29,15,14,51.72,30.35
STU0480,QUIZ2880,Chemistry,Chemical Bonding,24,19,5,79.17,41.29
STU0481,QUIZ2881,Chemistry,Acids and Bases,22,16,6,72.73,44.2
STU0481,QUIZ2882,Physics,Work and Energy,21,16,5,76.19,69.01
STU0481,QUIZ2883,Mathematics,Algebra,17,7,10,41.18,83.94
STU0481,QUIZ2884,Biology,Cell,27,8,19,29.63,87.53
STU0481,QUIZ2885,Mathematics,Algebra,17,6,11,35.29,89.27
STU0481,QUIZ2886,Chemistry,Acids and Bases,21,10,11,47.62,27.15
STU0482,QUIZ2887,Biology,Genetics,25,20,5,80.0,21.71
STU0482,QUIZ2888,Mathematics,Algebra,15,7,8,46.67,75.43
STU0482,QUIZ2889,Mathematics,Algebra,20,13,7,65.0,40.28
STU0482,QUIZ2890,Chemistry,Acids and Bases,15,15,0,100.0,23.35
STU0482,QUIZ2891,Biology,Cell,25,23,2,92.0,47.95
STU0482,QUIZ2892,Biology,Cell,16,9,7,56.25,26.63
STU0483,QUIZ2893,Physics,Work and Energy,26,23,3,88.46,66.42
STU0483,QUIZ2894,Chemistry,Atoms,18,10,8,55.56,67.36
STU0483,QUIZ2895,Chemistry,Organic Chemistry,23,22,1,95.65,45.29
STU0483,QUIZ2896,Mathematics,Trigonometry,24,15,9,62.5,64.11
STU0483,QUIZ2897,Chemistry,Organic Chemistry,27,23,4,85.19,80.58
STU0483,QUIZ2898,Chemistry,Acids and Bases,29,27,2,93.1,84.78
STU0484,QUIZ2899,Physics,Motion,21,9,12,42.86,35.55
STU0484,QUIZ2900,Biology,Cell,16,10,6,62.5,28.29
STU0484,QUIZ2901,Biology,Human Body,16,7,9,43.75,24.35
STU0484,QUIZ2902,Physics,Motion,16,13,3,81.25,28.51
STU0484,QUIZ2903,Chemistry,Acids and Bases,25,20,5,80.0,24.27
STU0484,QUIZ2904,Physics,Laws of Motion,28,18,10,64.29,63.73
STU0485,QUIZ2905,Mathematics,Probability,20,7,13,35.0,21.78
STU0485,QUIZ2906,Biology,Plant Physiology,30,29,1,96.67,35.4
STU0485,QUIZ2907,Mathematics,Trigonometry,20,5,15,25.0,48.52
STU0485,QUIZ2908,Chemistry,Atoms,29,12,17,41.38,49.69
STU0485,QUIZ2909,Biology,Cell,28,9,19,32.14,52.54
STU0485,QUIZ2910,Physics,Electricity,23,19,4,82.61,79.95
STU0486,QUIZ2911,Mathematics,Trigonometry,17,12,5,70.59,53.93
STU0486,QUIZ2912,Biology,Human Body,23,12,11,52.17,38.68
STU0486,QUIZ2913,Biology,Cell,18,7,11,38.89,28.09
STU0486,QUIZ2914,Biology,Cell,23,13,10,56.52,41.12
STU0486,QUIZ2915,Biology,Human Body,28,5,23,17.86,78.76
STU0486,QUIZ2916,Physics,Motion,19,14,5,73.68,48.8
STU0487,QUIZ2917,Biology,Genetics,29,27,2,93.1,38.38
STU0487,QUIZ2918,Physics,Electricity,28,9,19,32.14,43.21
STU0487,QUIZ2919,Chemistry,Organic Chemistry,28,13,15,46.43,53.94
STU0487,QUIZ2920,Mathematics,Calculus,15,15,0,100.0,59.33
STU0487,QUIZ2921,Physics,Laws of Motion,19,15,4,78.95,72.62
STU0487,QUIZ2922,Physics,Work and Energy,25,10,15,40.0,70.38
STU0488,QUIZ2923,Physics,Laws of Motion,25,18,7,72.0,50.31
STU0488,QUIZ2924,Chemistry,Acids and Bases,22,20,2,90.91,23.4
STU0488,QUIZ2925,Mathematics,Algebra,30,7,23,23.33,28.84
STU0488,QUIZ2926,Biology,Plant Physiology,24,11,13,45.83,78.63
STU0488,QUIZ2927,Biology,Human Body,19,16,3,84.21,31.45
STU0488,QUIZ2928,Physics,Laws of Motion,18,8,10,44.44,52.92
STU0489,QUIZ2929,Physics,Work and Energy,27,10,17,37.04,27.61
STU0489,QUIZ2930,Physics,Laws of Motion,25,21,4,84.0,23.68
STU0489,QUIZ2931,Chemistry,Acids and Bases,18,17,1,94.44,84.25
STU0489,QUIZ2932,Physics,Electricity,22,7,15,31.82,83.24
STU0489,QUIZ2933,Chemistry,Acids and Bases,30,25,5,83.33,42.23
STU0489,QUIZ2934,Chemistry,Organic Chemistry,23,7,16,30.43,65.79
STU0490,QUIZ2935,Physics,Laws of Motion,25,19,6,76.0,88.38
STU0490,QUIZ2936,Mathematics,Algebra,16,6,10,37.5,71.17
STU0490,QUIZ2937,Mathematics,Trigonometry,23,22,1,95.65,61.79
STU0490,QUIZ2938,Biology,Genetics,17,7,10,41.18,34.66
STU0490,QUIZ2939,Chemistry,Chemical Bonding,15,11,4,73.33,39.53
STU0490,QUIZ2940,Mathematics,Algebra,23,23,0,100.0,72.12
STU0491,QUIZ2941,Biology,Cell,15,6,9,40.0,45.58
STU0491,QUIZ2942,Mathematics,Calculus,23,18,5,78.26,74.99
STU0491,QUIZ2943,Biology,Human Body,18,7,11,38.89,70.32
STU0491,QUIZ2944,Chemistry,Chemical Bonding,30,11,19,36.67,23.74
STU0491,QUIZ2945,Physics,Work and Energy,23,13,10,56.52,85.71
STU0491,QUIZ2946,Chemistry,Acids and Bases,24,13,11,54.17,70.11
STU0492,QUIZ2947,Physics,Laws of Motion,28,24,4,85.71,34.5
STU0492,QUIZ2948,Biology,Plant Physiology,27,20,7,74.07,21.47
STU0492,QUIZ2949,Chemistry,Acids and Bases,27,21,6,77.78,88.66
STU0492,QUIZ2950,Biology,Genetics,19,12,7,63.16,66.76
STU0492,QUIZ2951,Physics,Electricity,26,11,15,42.31,72.61
STU0492,QUIZ2952,Mathematics,Trigonometry,30,7,23,23.33,24.5
STU0493,QUIZ2953,Chemistry,Chemical Bonding,20,9,11,45.0,34.49
STU0493,QUIZ2954,Chemistry,Acids and Bases,28,12,16,42.86,36.82
STU0493,QUIZ2955,Mathematics,Calculus,20,17,3,85.0,89.57
STU0493,QUIZ2956,Physics,Work and Energy,23,18,5,78.26,67.43
STU0493,QUIZ2957,Biology,Plant Physiology,15,8,7,53.33,80.62
STU0493,QUIZ2958,Biology,Human Body,30,30,0,100.0,81.12
STU0494,QUIZ2959,Chemistry,Atoms,23,8,15,34.78,33.77
STU0494,QUIZ2960,Physics,Motion,27,13,14,48.15,70.61
STU0494,QUIZ2961,Physics,Electricity,16,14,2,87.5,69.37
STU0494,QUIZ2962,Chemistry,Acids and Bases,17,7,10,41.18,35.47
STU0494,QUIZ2963,Physics,Electricity,28,12,16,42.86,34.18
STU0494,QUIZ2964,Physics,Work and Energy,27,18,9,66.67,77.78
STU0495,QUIZ2965,Biology,Human Body,27,17,10,62.96,35.02
STU0495,QUIZ2966,Chemistry,Atoms,30,5,25,16.67,24.66
STU0495,QUIZ2967,Chemistry,Chemical Bonding,26,23,3,88.46,50.84
STU0495,QUIZ2968,Biology,Genetics,17,11,6,64.71,71.34
STU0495,QUIZ2969,Mathematics,Trigonometry,16,11,5,68.75,71.43
STU0495,QUIZ2970,Biology,Human Body,23,18,5,78.26,54.62
STU0496,QUIZ2971,Chemistry,Acids and Bases,28,15,13,53.57,65.04
STU0496,QUIZ2972,Mathematics,Algebra,16,8,8,50.0,72.03
STU0496,QUIZ2973,Physics,Laws of Motion,17,16,1,94.12,22.51
STU0496,QUIZ2974,Biology,Genetics,17,13,4,76.47,73.76
STU0496,QUIZ2975,Physics,Work and Energy,16,14,2,87.5,67.91
STU0496,QUIZ2976,Physics,Electricity,22,20,2,90.91,70.38
STU0497,QUIZ2977,Biology,Plant Physiology,25,9,16,36.0,27.07
STU0497,QUIZ2978,Physics,Electricity,22,7,15,31.82,74.19
STU0497,QUIZ2979,Biology,Cell,24,9,15,37.5,40.68
STU0497,QUIZ2980,Physics,Work and Energy,21,5,16,23.81,59.91
STU0497,QUIZ2981,Chemistry,Acids and Bases,18,6,12,33.33,55.24
STU0497,QUIZ2982,Physics,Work and Energy,26,21,5,80.77,48.03
STU0498,QUIZ2983,Chemistry,Acids and Bases,26,22,4,84.62,58.25
STU0498,QUIZ2984,Mathematics,Algebra,16,12,4,75.0,62.79
STU0498,QUIZ2985,Biology,Plant Physiology,20,14,6,70.0,20.88
STU0498,QUIZ2986,Mathematics,Probability,21,20,1,95.24,29.96
STU0498,QUIZ2987,Mathematics,Algebra,15,6,9,40.0,24.0
STU0498,QUIZ2988,Physics,Motion,24,13,11,54.17,42.34
STU0499,QUIZ2989,Physics,Motion,29,10,19,34.48,58.43
STU0499,QUIZ2990,Physics,Motion,28,13,15,46.43,51.66
STU0499,QUIZ2991,Mathematics,Algebra,19,9,10,47.37,22.5
STU0499,QUIZ2992,Physics,Electricity,21,14,7,66.67,89.43
STU0499,QUIZ2993,Chemistry,Acids and Bases,24,5,19,20.83,20.25
STU0499,QUIZ2994,Mathematics,Calculus,21,5,16,23.81,42.86
STU0500,QUIZ2995,Mathematics,Trigonometry,29,13,16,44.83,39.54
STU0500,QUIZ2996,Chemistry,Organic Chemistry,19,13,6,68.42,41.39
STU0500,QUIZ2997,Mathematics,Algebra,19,17,2,89.47,56.88
STU0500,QUIZ2998,Chemistry,Chemical Bonding,17,14,3,82.35,36.81
STU0500,QUIZ2999,Chemistry,Acids and Bases,20,17,3,85.0,28.87
STU0500,QUIZ3000,Chemistry,Chemical Bonding,23,9,14,39.13,43.33
STU0501,QUIZ3001,Physics,Motion,23,16,7,69.57,22.26
STU0501,QUIZ3002,Chemistry,Acids and Bases,29,15,14,51.72,47.85
STU0501,QUIZ3003,Biology,Cell,27,13,14,48.15,31.53
STU0501,QUIZ3004,Physics,Laws of Motion,27,23,4,85.19,20.9
STU0501,QUIZ3005,Chemistry,Organic Chemistry,18,18,0,100.0,89.84
STU0501,QUIZ3006,Mathematics,Calculus,25,23,2,92.0,37.11
STU0502,QUIZ3007,Biology,Genetics,20,12,8,60.0,70.27
STU0502,QUIZ3008,Biology,Cell,22,15,7,68.18,70.22
STU0502,QUIZ3009,Physics,Work and Energy,23,17,6,73.91,31.49
STU0502,QUIZ3010,Chemistry,Acids and Bases,26,13,13,50.0,70.38
STU0502,QUIZ3011,Physics,Laws of Motion,25,8,17,32.0,62.38
STU0502,QUIZ3012,Chemistry,Chemical Bonding,30,8,22,26.67,24.44
STU0503,QUIZ3013,Biology,Plant Physiology,22,6,16,27.27,29.42
STU0503,QUIZ3014,Physics,Work and Energy,17,5,12,29.41,67.38
STU0503,QUIZ3015,Biology,Cell,24,19,5,79.17,42.55
STU0503,QUIZ3016,Chemistry,Chemical Bonding,30,19,11,63.33,44.3
STU0503,QUIZ3017,Mathematics,Algebra,29,8,21,27.59,89.59
STU0503,QUIZ3018,Chemistry,Atoms,18,6,12,33.33,45.68
STU0504,QUIZ3019,Mathematics,Algebra,18,5,13,27.78,40.89
STU0504,QUIZ3020,Mathematics,Algebra,22,18,4,81.82,81.1
STU0504,QUIZ3021,Physics,Work and Energy,26,9,17,34.62,64.85
STU0504,QUIZ3022,Chemistry,Acids and Bases,26,23,3,88.46,67.72
STU0504,QUIZ3023,Physics,Motion,19,8,11,42.11,60.47
STU0504,QUIZ3024,Chemistry,Acids and Bases,24,5,19,20.83,20.59
STU0505,QUIZ3025,Chemistry,Chemical Bonding,18,18,0,100.0,31.25
STU0505,QUIZ3026,Chemistry,Organic Chemistry,15,9,6,60.0,45.94
STU0505,QUIZ3027,Chemistry,Organic Chemistry,20,6,14,30.0,39.45
STU0505,QUIZ3028,Mathematics,Calculus,19,7,12,36.84,44.27
STU0505,QUIZ3029,Physics,Laws of Motion,17,12,5,70.59,29.98
STU0505,QUIZ3030,Physics,Work and Energy,29,9,20,31.03,37.69
STU0506,QUIZ3031,Biology,Genetics,27,11,16,40.74,89.25
STU0506,QUIZ3032,Chemistry,Atoms,29,23,6,79.31,45.91
STU0506,QUIZ3033,Physics,Work and Energy,19,15,4,78.95,71.89
STU0506,QUIZ3034,Physics,Laws of Motion,17,10,7,58.82,75.7
STU0506,QUIZ3035,Chemistry,Organic Chemistry,21,6,15,28.57,82.67
STU0506,QUIZ3036,Chemistry,Acids and Bases,29,25,4,86.21,60.34
STU0507,QUIZ3037,Biology,Plant Physiology,19,19,0,100.0,60.54
STU0507,QUIZ3038,Physics,Laws of Motion,19,10,9,52.63,44.17
STU0507,QUIZ3039,Mathematics,Trigonometry,19,16,3,84.21,75.13
STU0507,QUIZ3040,Mathematics,Probability,23,7,16,30.43,37.36
STU0507,QUIZ3041,Biology,Cell,25,25,0,100.0,69.75
STU0507,QUIZ3042,Physics,Laws of Motion,25,20,5,80.0,83.08
STU0508,QUIZ3043,Mathematics,Calculus,16,11,5,68.75,31.01
STU0508,QUIZ3044,Biology,Plant Physiology,24,12,12,50.0,26.96
STU0508,QUIZ3045,Mathematics,Probability,25,12,13,48.0,56.6
STU0508,QUIZ3046,Mathematics,Calculus,21,14,7,66.67,85.49
STU0508,QUIZ3047,Mathematics,Calculus,27,9,18,33.33,88.99
STU0508,QUIZ3048,Physics,Electricity,15,13,2,86.67,21.31
STU0509,QUIZ3049,Mathematics,Algebra,16,13,3,81.25,45.82
STU0509,QUIZ3050,Mathematics,Algebra,22,15,7,68.18,35.82
STU0509,QUIZ3051,Physics,Work and Energy,28,23,5,82.14,49.18
STU0509,QUIZ3052,Physics,Laws of Motion,19,5,14,26.32,79.86
STU0509,QUIZ3053,Mathematics,Algebra,18,16,2,88.89,72.62
STU0509,QUIZ3054,Chemistry,Organic Chemistry,17,15,2,88.24,34.87
STU0510,QUIZ3055,Chemistry,Atoms,30,22,8,73.33,87.76
STU0510,QUIZ3056,Mathematics,Algebra,17,16,1,94.12,72.94
STU0510,QUIZ3057,Physics,Work and Energy,27,18,9,66.67,62.95
STU0510,QUIZ3058,Biology,Genetics,15,7,8,46.67,56.29
STU0510,QUIZ3059,Biology,Human Body,17,8,9,47.06,87.89
STU0510,QUIZ3060,Physics,Laws of Motion,17,16,1,94.12,37.5
STU0511,QUIZ3061,Physics,Work and Energy,26,5,21,19.23,56.29
STU0511,QUIZ3062,Mathematics,Algebra,20,20,0,100.0,78.09
STU0511,QUIZ3063,Biology,Human Body,16,13,3,81.25,71.55
STU0511,QUIZ3064,Chemistry,Chemical Bonding,28,28,0,100.0,52.59
STU0511,QUIZ3065,Mathematics,Algebra,29,22,7,75.86,66.67
STU0511,QUIZ3066,Physics,Electricity,19,9,10,47.37,62.8
STU0512,QUIZ3067,Biology,Cell,26,26,0,100.0,79.65
STU0512,QUIZ3068,Mathematics,Algebra,16,7,9,43.75,75.09
STU0512,QUIZ3069,Mathematics,Algebra,27,19,8,70.37,68.87
STU0512,QUIZ3070,Physics,Electricity,20,6,14,30.0,66.94
STU0512,QUIZ3071,Biology,Cell,15,6,9,40.0,29.1
STU0512,QUIZ3072,Mathematics,Algebra,30,11,19,36.67,56.91
STU0513,QUIZ3073,Mathematics,Probability,30,30,0,100.0,41.27
STU0513,QUIZ3074,Mathematics,Algebra,24,8,16,33.33,51.5
STU0513,QUIZ3075,Mathematics,Calculus,16,16,0,100.0,20.68
STU0513,QUIZ3076,Physics,Motion,28,10,18,35.71,42.25
STU0513,QUIZ3077,Biology,Plant Physiology,23,14,9,60.87,33.68
STU0513,QUIZ3078,Biology,Plant Physiology,19,5,14,26.32,76.59
STU0514,QUIZ3079,Mathematics,Trigonometry,30,18,12,60.0,61.05
STU0514,QUIZ3080,Mathematics,Calculus,23,14,9,60.87,37.22
STU0514,QUIZ3081,Mathematics,Algebra,21,17,4,80.95,41.45
STU0514,QUIZ3082,Physics,Work and Energy,29,14,15,48.28,49.34
STU0514,QUIZ3083,Biology,Plant Physiology,30,19,11,63.33,20.5
STU0514,QUIZ3084,Chemistry,Acids and Bases,22,10,12,45.45,41.16
STU0515,QUIZ3085,Mathematics,Calculus,15,12,3,80.0,67.21
STU0515,QUIZ3086,Physics,Work and Energy,28,11,17,39.29,52.52
STU0515,QUIZ3087,Mathematics,Calculus,20,15,5,75.0,61.85
STU0515,QUIZ3088,Biology,Human Body,24,8,16,33.33,77.87
STU0515,QUIZ3089,Biology,Cell,21,12,9,57.14,78.83
STU0515,QUIZ3090,Biology,Human Body,24,23,1,95.83,57.52
STU0516,QUIZ3091,Biology,Plant Physiology,28,6,22,21.43,33.58
STU0516,QUIZ3092,Chemistry,Acids and Bases,16,13,3,81.25,67.24
STU0516,QUIZ3093,Biology,Human Body,15,10,5,66.67,67.03
STU0516,QUIZ3094,Mathematics,Calculus,28,7,21,25.0,73.23
STU0516,QUIZ3095,Biology,Cell,25,24,1,96.0,78.17
STU0516,QUIZ3096,Physics,Motion,25,25,0,100.0,49.74
STU0517,QUIZ3097,Biology,Genetics,20,12,8,60.0,27.23
STU0517,QUIZ3098,Mathematics,Probability,24,21,3,87.5,23.57
STU0517,QUIZ3099,Mathematics,Calculus,30,27,3,90.0,58.44
STU0517,QUIZ3100,Physics,Laws of Motion,15,14,1,93.33,68.46
STU0517,QUIZ3101,Mathematics,Trigonometry,15,8,7,53.33,72.67
STU0517,QUIZ3102,Chemistry,Acids and Bases,16,9,7,56.25,37.08
STU0518,QUIZ3103,Physics,Work and Energy,30,9,21,30.0,74.46
STU0518,QUIZ3104,Physics,Motion,19,16,3,84.21,42.53
STU0518,QUIZ3105,Mathematics,Trigonometry,17,17,0,100.0,87.16
STU0518,QUIZ3106,Physics,Electricity,25,10,15,40.0,40.04
STU0518,QUIZ3107,Biology,Human Body,21,17,4,80.95,64.45
STU0518,QUIZ3108,Biology,Plant Physiology,27,5,22,18.52,87.32
STU0519,QUIZ3109,Physics,Motion,21,8,13,38.1,67.59
STU0519,QUIZ3110,Biology,Plant Physiology,28,10,18,35.71,57.59
STU0519,QUIZ3111,Biology,Human Body,17,13,4,76.47,22.29
STU0519,QUIZ3112,Mathematics,Calculus,24,21,3,87.5,27.01
STU0519,QUIZ3113,Biology,Human Body,19,6,13,31.58,57.97
STU0519,QUIZ3114,Chemistry,Atoms,29,22,7,75.86,75.32
STU0520,QUIZ3115,Chemistry,Acids and Bases,17,8,9,47.06,30.38
STU0520,QUIZ3116,Chemistry,Atoms,20,18,2,90.0,77.3
STU0520,QUIZ3117,Physics,Laws of Motion,29,13,16,44.83,79.81
STU0520,QUIZ3118,Physics,Motion,24,22,2,91.67,52.34
STU0520,QUIZ3119,Mathematics,Algebra,25,18,7,72.0,62.16
STU0520,QUIZ3120,Biology,Human Body,16,9,7,56.25,76.17
STU0521,QUIZ3121,Physics,Work and Energy,27,18,9,66.67,70.46
STU0521,QUIZ3122,Chemistry,Chemical Bonding,27,11,16,40.74,30.54
STU0521,QUIZ3123,Biology,Cell,15,7,8,46.67,73.44
STU0521,QUIZ3124,Biology,Human Body,19,9,10,47.37,76.87
STU0521,QUIZ3125,Mathematics,Probability,25,23,2,92.0,22.27
STU0521,QUIZ3126,Mathematics,Algebra,25,17,8,68.0,86.81
STU0522,QUIZ3127,Mathematics,Trigonometry,24,20,4,83.33,25.8
STU0522,QUIZ3128,Physics,Motion,29,9,20,31.03,42.22
STU0522,QUIZ3129,Mathematics,Calculus,18,10,8,55.56,44.63
STU0522,QUIZ3130,Physics,Electricity,15,13,2,86.67,21.57
STU0522,QUIZ3131,Chemistry,Organic Chemistry,23,19,4,82.61,88.8
STU0522,QUIZ3132,Physics,Laws of Motion,30,21,9,70.0,82.86
STU0523,QUIZ3133,Biology,Cell,24,7,17,29.17,68.0
STU0523,QUIZ3134,Chemistry,Chemical Bonding,26,7,19,26.92,62.05
STU0523,QUIZ3135,Chemistry,Atoms,26,6,20,23.08,67.68
STU0523,QUIZ3136,Physics,Motion,18,5,13,27.78,84.11
STU0523,QUIZ3137,Mathematics,Algebra,21,21,0,100.0,75.21
STU0523,QUIZ3138,Chemistry,Atoms,18,8,10,44.44,65.1
STU0524,QUIZ3139,Mathematics,Algebra,20,9,11,45.0,88.82
STU0524,QUIZ3140,Physics,Work and Energy,20,20,0,100.0,47.17
STU0524,QUIZ3141,Mathematics,Calculus,19,9,10,47.37,41.13
STU0524,QUIZ3142,Chemistry,Chemical Bonding,17,10,7,58.82,75.32
STU0524,QUIZ3143,Chemistry,Atoms,19,6,13,31.58,88.26
STU0524,QUIZ3144,Chemistry,Chemical Bonding,24,17,7,70.83,22.02
STU0525,QUIZ3145,Mathematics,Trigonometry,16,15,1,93.75,22.87
STU0525,QUIZ3146,Biology,Plant Physiology,21,18,3,85.71,33.85
STU0525,QUIZ3147,Mathematics,Probability,24,19,5,79.17,83.8
STU0525,QUIZ3148,Biology,Human Body,19,18,1,94.74,37.36
STU0525,QUIZ3149,Biology,Genetics,19,6,13,31.58,20.94
STU0525,QUIZ3150,Physics,Electricity,19,5,14,26.32,40.31
STU0526,QUIZ3151,Chemistry,Chemical Bonding,22,18,4,81.82,62.87
STU0526,QUIZ3152,Chemistry,Acids and Bases,15,13,2,86.67,24.18
STU0526,QUIZ3153,Biology,Cell,25,20,5,80.0,79.39
STU0526,QUIZ3154,Mathematics,Trigonometry,27,13,14,48.15,53.39
STU0526,QUIZ3155,Biology,Plant Physiology,15,11,4,73.33,50.21
STU0526,QUIZ3156,Biology,Plant Physiology,20,14,6,70.0,36.91
STU0527,QUIZ3157,Mathematics,Probability,19,7,12,36.84,84.15
STU0527,QUIZ3158,Mathematics,Probability,17,17,0,100.0,40.36
STU0527,QUIZ3159,Mathematics,Probability,23,5,18,21.74,87.26
STU0527,QUIZ3160,Chemistry,Atoms,15,14,1,93.33,88.15
STU0527,QUIZ3161,Biology,Genetics,16,7,9,43.75,29.08
STU0527,QUIZ3162,Mathematics,Calculus,28,7,21,25.0,63.95
STU0528,QUIZ3163,Mathematics,Trigonometry,21,19,2,90.48,79.57
STU0528,QUIZ3164,Physics,Laws of Motion,22,19,3,86.36,85.96
STU0528,QUIZ3165,Chemistry,Atoms,28,7,21,25.0,56.15
STU0528,QUIZ3166,Mathematics,Algebra,18,12,6,66.67,40.81
STU0528,QUIZ3167,Biology,Plant Physiology,15,8,7,53.33,39.41
STU0528,QUIZ3168,Physics,Work and Energy,27,14,13,51.85,26.35
STU0529,QUIZ3169,Biology,Plant Physiology,21,5,16,23.81,64.95
STU0529,QUIZ3170,Physics,Laws of Motion,26,8,18,30.77,65.03
STU0529,QUIZ3171,Chemistry,Acids and Bases,16,9,7,56.25,40.27
STU0529,QUIZ3172,Mathematics,Probability,21,14,7,66.67,46.0
STU0529,QUIZ3173,Mathematics,Calculus,24,21,3,87.5,74.81
STU0529,QUIZ3174,Mathematics,Probability,16,15,1,93.75,37.26
STU0530,QUIZ3175,Mathematics,Trigonometry,24,7,17,29.17,57.12
STU0530,QUIZ3176,Mathematics,Trigonometry,28,18,10,64.29,41.74
STU0530,QUIZ3177,Biology,Human Body,18,7,11,38.89,27.71
STU0530,QUIZ3178,Biology,Genetics,29,17,12,58.62,36.87
STU0530,QUIZ3179,Mathematics,Probability,26,22,4,84.62,77.61
STU0530,QUIZ3180,Physics,Electricity,19,11,8,57.89,47.43
STU0531,QUIZ3181,Mathematics,Probability,24,5,19,20.83,34.97
STU0531,QUIZ3182,Chemistry,Atoms,25,25,0,100.0,22.48
STU0531,QUIZ3183,Physics,Laws of Motion,30,27,3,90.0,48.25
STU0531,QUIZ3184,Chemistry,Chemical Bonding,29,28,1,96.55,25.22
STU0531,QUIZ3185,Chemistry,Acids and Bases,25,8,17,32.0,42.75
STU0531,QUIZ3186,Biology,Plant Physiology,19,15,4,78.95,73.85
STU0532,QUIZ3187,Physics,Motion,28,27,1,96.43,89.29
STU0532,QUIZ3188,Biology,Human Body,28,11,17,39.29,54.97
STU0532,QUIZ3189,Physics,Laws of Motion,23,20,3,86.96,20.39
STU0532,QUIZ3190,Mathematics,Algebra,28,6,22,21.43,29.62
STU0532,QUIZ3191,Mathematics,Calculus,19,5,14,26.32,44.62
STU0532,QUIZ3192,Biology,Plant Physiology,15,7,8,46.67,64.02
STU0533,QUIZ3193,Physics,Work and Energy,22,18,4,81.82,80.15
STU0533,QUIZ3194,Physics,Laws of Motion,21,16,5,76.19,76.25
STU0533,QUIZ3195,Chemistry,Organic Chemistry,18,10,8,55.56,69.65
STU0533,QUIZ3196,Mathematics,Trigonometry,23,21,2,91.3,65.81
STU0533,QUIZ3197,Mathematics,Trigonometry,17,7,10,41.18,70.74
STU0533,QUIZ3198,Physics,Motion,26,20,6,76.92,70.47
STU0534,QUIZ3199,Mathematics,Algebra,16,14,2,87.5,71.78
STU0534,QUIZ3200,Biology,Human Body,22,8,14,36.36,57.38
STU0534,QUIZ3201,Biology,Genetics,30,26,4,86.67,58.83
STU0534,QUIZ3202,Physics,Laws of Motion,17,7,10,41.18,81.1
STU0534,QUIZ3203,Mathematics,Probability,22,5,17,22.73,30.39
STU0534,QUIZ3204,Mathematics,Calculus,15,15,0,100.0,24.96
STU0535,QUIZ3205,Physics,Laws of Motion,15,13,2,86.67,61.34
STU0535,QUIZ3206,Biology,Cell,17,7,10,41.18,63.07
STU0535,QUIZ3207,Biology,Human Body,30,17,13,56.67,52.09
STU0535,QUIZ3208,Biology,Genetics,21,16,5,76.19,51.19
STU0535,QUIZ3209,Biology,Genetics,30,25,5,83.33,28.47
STU0535,QUIZ3210,Biology,Plant Physiology,26,25,1,96.15,48.8
STU0536,QUIZ3211,Biology,Plant Physiology,28,24,4,85.71,83.53
STU0536,QUIZ3212,Physics,Motion,15,12,3,80.0,69.93
STU0536,QUIZ3213,Chemistry,Acids and Bases,19,13,6,68.42,36.83
STU0536,QUIZ3214,Physics,Laws of Motion,20,5,15,25.0,50.11
STU0536,QUIZ3215,Chemistry,Atoms,27,9,18,33.33,62.35
STU0536,QUIZ3216,Physics,Electricity,23,11,12,47.83,58.14
STU0537,QUIZ3217,Physics,Motion,19,16,3,84.21,59.3
STU0537,QUIZ3218,Mathematics,Algebra,16,16,0,100.0,73.95
STU0537,QUIZ3219,Biology,Cell,28,28,0,100.0,58.7
STU0537,QUIZ3220,Biology,Cell,24,12,12,50.0,81.13
STU0537,QUIZ3221,Physics,Work and Energy,16,6,10,37.5,40.71
STU0537,QUIZ3222,Physics,Electricity,27,27,0,100.0,33.79
STU0538,QUIZ3223,Mathematics,Calculus,26,21,5,80.77,53.93
STU0538,QUIZ3224,Physics,Motion,28,12,16,42.86,61.72
STU0538,QUIZ3225,Chemistry,Chemical Bonding,24,9,15,37.5,58.08
STU0538,QUIZ3226,Physics,Electricity,25,11,14,44.0,73.88
STU0538,QUIZ3227,Mathematics,Trigonometry,27,22,5,81.48,58.13
STU0538,QUIZ3228,Physics,Laws of Motion,19,14,5,73.68,62.28
STU0539,QUIZ3229,Biology,Human Body,29,24,5,82.76,34.51
STU0539,QUIZ3230,Chemistry,Organic Chemistry,23,8,15,34.78,83.66
STU0539,QUIZ3231,Physics,Work and Energy,19,17,2,89.47,88.92
STU0539,QUIZ3232,Physics,Laws of Motion,19,15,4,78.95,20.81
STU0539,QUIZ3233,Mathematics,Probability,22,7,15,31.82,74.73
STU0539,QUIZ3234,Chemistry,Atoms,16,11,5,68.75,28.91
STU0540,QUIZ3235,Mathematics,Algebra,27,12,15,44.44,56.08
STU0540,QUIZ3236,Chemistry,Atoms,28,24,4,85.71,59.73
STU0540,QUIZ3237,Mathematics,Algebra,21,16,5,76.19,46.41
STU0540,QUIZ3238,Physics,Work and Energy,20,6,14,30.0,43.67
STU0540,QUIZ3239,Mathematics,Trigonometry,18,7,11,38.89,67.09
STU0540,QUIZ3240,Biology,Genetics,28,24,4,85.71,48.56
STU0541,QUIZ3241,Chemistry,Chemical Bonding,23,9,14,39.13,48.8
STU0541,QUIZ3242,Biology,Genetics,27,21,6,77.78,31.49
STU0541,QUIZ3243,Chemistry,Atoms,22,17,5,77.27,22.31
STU0541,QUIZ3244,Chemistry,Chemical Bonding,25,19,6,76.0,60.59
STU0541,QUIZ3245,Biology,Cell,26,22,4,84.62,34.91
STU0541,QUIZ3246,Mathematics,Probability,23,13,10,56.52,77.59
STU0542,QUIZ3247,Physics,Motion,22,19,3,86.36,36.38
STU0542,QUIZ3248,Chemistry,Chemical Bonding,30,29,1,96.67,69.01
STU0542,QUIZ3249,Mathematics,Probability,22,20,2,90.91,33.86
STU0542,QUIZ3250,Physics,Laws of Motion,16,7,9,43.75,59.23
STU0542,QUIZ3251,Biology,Plant Physiology,28,27,1,96.43,45.04
STU0542,QUIZ3252,Physics,Work and Energy,15,9,6,60.0,60.88
STU0543,QUIZ3253,Mathematics,Probability,20,6,14,30.0,85.73
STU0543,QUIZ3254,Biology,Human Body,17,8,9,47.06,60.14
STU0543,QUIZ3255,Mathematics,Probability,24,19,5,79.17,77.5
STU0543,QUIZ3256,Chemistry,Chemical Bonding,17,10,7,58.82,45.1
STU0543,QUIZ3257,Mathematics,Probability,22,19,3,86.36,43.15
STU0543,QUIZ3258,Mathematics,Probability,23,20,3,86.96,37.12
STU0544,QUIZ3259,Chemistry,Acids and Bases,30,15,15,50.0,56.4
STU0544,QUIZ3260,Biology,Human Body,21,7,14,33.33,67.2
STU0544,QUIZ3261,Chemistry,Organic Chemistry,22,13,9,59.09,77.9
STU0544,QUIZ3262,Physics,Motion,18,9,9,50.0,73.81
STU0544,QUIZ3263,Biology,Human Body,21,15,6,71.43,85.83
STU0544,QUIZ3264,Physics,Electricity,16,5,11,31.25,86.57
STU0545,QUIZ3265,Mathematics,Algebra,27,9,18,33.33,84.02
STU0545,QUIZ3266,Chemistry,Acids and Bases,15,8,7,53.33,78.19
STU0545,QUIZ3267,Physics,Motion,28,18,10,64.29,47.62
STU0545,QUIZ3268,Biology,Genetics,30,6,24,20.0,33.17
STU0545,QUIZ3269,Mathematics,Trigonometry,29,20,9,68.97,26.38
STU0545,QUIZ3270,Physics,Motion,29,20,9,68.97,38.44
STU0546,QUIZ3271,Chemistry,Atoms,30,27,3,90.0,70.07
STU0546,QUIZ3272,Biology,Human Body,19,14,5,73.68,36.22
STU0546,QUIZ3273,Chemistry,Organic Chemistry,22,8,14,36.36,52.48
STU0546,QUIZ3274,Biology,Genetics,15,7,8,46.67,78.67
STU0546,QUIZ3275,Chemistry,Organic Chemistry,27,23,4,85.19,40.62
STU0546,QUIZ3276,Physics,Work and Energy,16,6,10,37.5,64.24
STU0547,QUIZ3277,Biology,Plant Physiology,28,6,22,21.43,22.03
STU0547,QUIZ3278,Mathematics,Algebra,20,9,11,45.0,89.97
STU0547,QUIZ3279,Mathematics,Probability,18,9,9,50.0,48.04
STU0547,QUIZ3280,Mathematics,Trigonometry,23,8,15,34.78,62.44
STU0547,QUIZ3281,Chemistry,Chemical Bonding,16,7,9,43.75,83.89
STU0547,QUIZ3282,Physics,Laws of Motion,26,23,3,88.46,85.03
STU0548,QUIZ3283,Biology,Genetics,21,21,0,100.0,58.72
STU0548,QUIZ3284,Chemistry,Organic Chemistry,16,15,1,93.75,44.86
STU0548,QUIZ3285,Biology,Plant Physiology,26,16,10,61.54,46.82
STU0548,QUIZ3286,Biology,Human Body,24,6,18,25.0,36.08
STU0548,QUIZ3287,Chemistry,Organic Chemistry,16,12,4,75.0,59.02
STU0548,QUIZ3288,Chemistry,Atoms,17,14,3,82.35,34.76
STU0549,QUIZ3289,Chemistry,Organic Chemistry,15,10,5,66.67,88.4
STU0549,QUIZ3290,Chemistry,Atoms,28,12,16,42.86,89.26
STU0549,QUIZ3291,Biology,Plant Physiology,20,14,6,70.0,35.35
STU0549,QUIZ3292,Biology,Cell,26,7,19,26.92,35.48
STU0549,QUIZ3293,Mathematics,Probability,24,8,16,33.33,77.11
STU0549,QUIZ3294,Physics,Laws of Motion,20,14,6,70.0,68.79
STU0550,QUIZ3295,Chemistry,Organic Chemistry,23,8,15,34.78,57.55
STU0550,QUIZ3296,Chemistry,Acids and Bases,22,5,17,22.73,73.6
STU0550,QUIZ3297,Biology,Genetics,16,13,3,81.25,79.68
STU0550,QUIZ3298,Mathematics,Trigonometry,30,17,13,56.67,40.48
STU0550,QUIZ3299,Mathematics,Probability,18,14,4,77.78,64.0
STU0550,QUIZ3300,Biology,Human Body,23,13,10,56.52,80.78
STU0551,QUIZ3301,Chemistry,Organic Chemistry,17,10,7,58.82,25.42
STU0551,QUIZ3302,Biology,Genetics,25,20,5,80.0,44.82
STU0551,QUIZ3303,Mathematics,Probability,26,13,13,50.0,23.02
STU0551,QUIZ3304,Physics,Laws of Motion,22,11,11,50.0,25.07
STU0551,QUIZ3305,Mathematics,Algebra,16,7,9,43.75,42.27
STU0551,QUIZ3306,Physics,Laws of Motion,27,17,10,62.96,50.16
STU0552,QUIZ3307,Physics,Electricity,23,16,7,69.57,81.33
STU0552,QUIZ3308,Chemistry,Chemical Bonding,24,13,11,54.17,61.49
STU0552,QUIZ3309,Chemistry,Atoms,26,17,9,65.38,68.48
STU0552,QUIZ3310,Biology,Genetics,26,22,4,84.62,41.78
STU0552,QUIZ3311,Mathematics,Probability,16,5,11,31.25,79.9
STU0552,QUIZ3312,Chemistry,Organic Chemistry,21,18,3,85.71,60.79
STU0553,QUIZ3313,Physics,Laws of Motion,20,19,1,95.0,55.2
STU0553,QUIZ3314,Biology,Cell,17,12,5,70.59,21.11
STU0553,QUIZ3315,Biology,Plant Physiology,25,7,18,28.0,44.05
STU0553,QUIZ3316,Physics,Motion,28,13,15,46.43,77.45
STU0553,QUIZ3317,Biology,Genetics,28,8,20,28.57,85.83
STU0553,QUIZ3318,Chemistry,Atoms,19,6,13,31.58,52.68
STU0554,QUIZ3319,Chemistry,Chemical Bonding,27,5,22,18.52,21.51
STU0554,QUIZ3320,Chemistry,Atoms,24,10,14,41.67,41.07
STU0554,QUIZ3321,Chemistry,Chemical Bonding,28,24,4,85.71,50.11
STU0554,QUIZ3322,Biology,Cell,15,5,10,33.33,22.59
STU0554,QUIZ3323,Mathematics,Probability,28,6,22,21.43,21.55
STU0554,QUIZ3324,Chemistry,Organic Chemistry,28,16,12,57.14,26.14
STU0555,QUIZ3325,Mathematics,Calculus,29,5,24,17.24,72.66
STU0555,QUIZ3326,Physics,Electricity,17,6,11,35.29,86.56
STU0555,QUIZ3327,Chemistry,Atoms,19,8,11,42.11,74.18
STU0555,QUIZ3328,Chemistry,Atoms,17,15,2,88.24,58.35
STU0555,QUIZ3329,Physics,Motion,25,9,16,36.0,39.44
STU0555,QUIZ3330,Physics,Work and Energy,24,5,19,20.83,54.55
STU0556,QUIZ3331,Biology,Plant Physiology,19,7,12,36.84,74.98
STU0556,QUIZ3332,Biology,Genetics,28,8,20,28.57,52.87
STU0556,QUIZ3333,Physics,Work and Energy,24,19,5,79.17,47.81
STU0556,QUIZ3334,Mathematics,Probability,23,11,12,47.83,77.85
STU0556,QUIZ3335,Chemistry,Chemical Bonding,19,19,0,100.0,36.07
STU0556,QUIZ3336,Biology,Plant Physiology,24,12,12,50.0,62.41
STU0557,QUIZ3337,Physics,Electricity,15,13,2,86.67,26.77
STU0557,QUIZ3338,Physics,Motion,26,13,13,50.0,72.5
STU0557,QUIZ3339,Chemistry,Acids and Bases,19,6,13,31.58,34.75
STU0557,QUIZ3340,Biology,Human Body,15,5,10,33.33,69.66
STU0557,QUIZ3341,Biology,Cell,16,5,11,31.25,47.71
STU0557,QUIZ3342,Biology,Cell,17,13,4,76.47,50.83
STU0558,QUIZ3343,Mathematics,Algebra,16,5,11,31.25,47.0
STU0558,QUIZ3344,Physics,Work and Energy,26,21,5,80.77,43.28
STU0558,QUIZ3345,Chemistry,Organic Chemistry,19,5,14,26.32,53.86
STU0558,QUIZ3346,Biology,Cell,30,29,1,96.67,23.32
STU0558,QUIZ3347,Physics,Work and Energy,15,14,1,93.33,82.77
STU0558,QUIZ3348,Mathematics,Calculus,19,13,6,68.42,30.12
STU0559,QUIZ3349,Physics,Work and Energy,15,11,4,73.33,89.01
STU0559,QUIZ3350,Physics,Motion,28,13,15,46.43,88.75
STU0559,QUIZ3351,Chemistry,Atoms,30,23,7,76.67,40.97
STU0559,QUIZ3352,Physics,Work and Energy,24,22,2,91.67,70.84
STU0559,QUIZ3353,Mathematics,Trigonometry,24,14,10,58.33,85.38
STU0559,QUIZ3354,Biology,Plant Physiology,26,6,20,23.08,55.77
STU0560,QUIZ3355,Chemistry,Acids and Bases,23,10,13,43.48,48.0
STU0560,QUIZ3356,Physics,Laws of Motion,22,15,7,68.18,41.24
STU0560,QUIZ3357,Chemistry,Organic Chemistry,27,22,5,81.48,88.08
STU0560,QUIZ3358,Physics,Motion,20,11,9,55.0,59.96
STU0560,QUIZ3359,Biology,Cell,28,19,9,67.86,73.43
STU0560,QUIZ3360,Biology,Plant Physiology,18,17,1,94.44,79.12
STU0561,QUIZ3361,Physics,Electricity,21,11,10,52.38,85.13
STU0561,QUIZ3362,Physics,Work and Energy,21,12,9,57.14,20.82
STU0561,QUIZ3363,Physics,Work and Energy,22,10,12,45.45,36.92
STU0561,QUIZ3364,Mathematics,Algebra,19,9,10,47.37,82.87
STU0561,QUIZ3365,Mathematics,Trigonometry,23,5,18,21.74,63.71
STU0561,QUIZ3366,Physics,Laws of Motion,15,9,6,60.0,26.88
STU0562,QUIZ3367,Mathematics,Trigonometry,27,20,7,74.07,85.91
STU0562,QUIZ3368,Mathematics,Trigonometry,24,20,4,83.33,40.86
STU0562,QUIZ3369,Chemistry,Chemical Bonding,30,16,14,53.33,55.97
STU0562,QUIZ3370,Chemistry,Organic Chemistry,24,16,8,66.67,83.54
STU0562,QUIZ3371,Chemistry,Organic Chemistry,21,6,15,28.57,36.45
STU0562,QUIZ3372,Physics,Laws of Motion,27,6,21,22.22,56.88
STU0563,QUIZ3373,Mathematics,Probability,23,17,6,73.91,63.15
STU0563,QUIZ3374,Physics,Electricity,29,23,6,79.31,48.62
STU0563,QUIZ3375,Mathematics,Trigonometry,30,18,12,60.0,29.47
STU0563,QUIZ3376,Mathematics,Calculus,22,20,2,90.91,70.6
STU0563,QUIZ3377,Biology,Genetics,21,8,13,38.1,27.36
STU0563,QUIZ3378,Chemistry,Acids and Bases,21,8,13,38.1,76.98
STU0564,QUIZ3379,Chemistry,Chemical Bonding,27,10,17,37.04,79.6
STU0564,QUIZ3380,Chemistry,Atoms,29,8,21,27.59,81.64
STU0564,QUIZ3381,Chemistry,Chemical Bonding,15,7,8,46.67,45.09
STU0564,QUIZ3382,Biology,Cell,15,14,1,93.33,77.67
STU0564,QUIZ3383,Chemistry,Atoms,29,25,4,86.21,29.78
STU0564,QUIZ3384,Mathematics,Calculus,20,16,4,80.0,31.85
STU0565,QUIZ3385,Biology,Cell,17,7,10,41.18,53.08
STU0565,QUIZ3386,Mathematics,Algebra,27,21,6,77.78,81.84
STU0565,QUIZ3387,Chemistry,Acids and Bases,22,12,10,54.55,46.44
STU0565,QUIZ3388,Physics,Motion,24,6,18,25.0,34.18
STU0565,QUIZ3389,Mathematics,Probability,23,5,18,21.74,40.27
STU0565,QUIZ3390,Mathematics,Calculus,16,9,7,56.25,34.81
STU0566,QUIZ3391,Mathematics,Trigonometry,22,17,5,77.27,64.46
STU0566,QUIZ3392,Biology,Cell,17,5,12,29.41,46.07
STU0566,QUIZ3393,Chemistry,Organic Chemistry,30,12,18,40.0,54.03
STU0566,QUIZ3394,Biology,Genetics,16,16,0,100.0,88.36
STU0566,QUIZ3395,Chemistry,Chemical Bonding,17,13,4,76.47,67.23
STU0566,QUIZ3396,Physics,Laws of Motion,15,11,4,73.33,57.22
STU0567,QUIZ3397,Chemistry,Atoms,17,9,8,52.94,72.86
STU0567,QUIZ3398,Biology,Human Body,15,10,5,66.67,44.65
STU0567,QUIZ3399,Mathematics,Calculus,25,14,11,56.0,88.72
STU0567,QUIZ3400,Chemistry,Chemical Bonding,23,6,17,26.09,42.57
STU0567,QUIZ3401,Physics,Work and Energy,27,6,21,22.22,27.57
STU0567,QUIZ3402,Physics,Electricity,21,13,8,61.9,80.22
STU0568,QUIZ3403,Chemistry,Organic Chemistry,17,5,12,29.41,61.69
STU0568,QUIZ3404,Mathematics,Probability,19,12,7,63.16,53.05
STU0568,QUIZ3405,Chemistry,Atoms,27,23,4,85.19,84.49
STU0568,QUIZ3406,Biology,Human Body,22,9,13,40.91,69.35
STU0568,QUIZ3407,Biology,Human Body,22,19,3,86.36,79.1
STU0568,QUIZ3408,Chemistry,Chemical Bonding,21,13,8,61.9,85.14
STU0569,QUIZ3409,Mathematics,Probability,23,11,12,47.83,44.67
STU0569,QUIZ3410,Chemistry,Organic Chemistry,21,14,7,66.67,76.5
STU0569,QUIZ3411,Mathematics,Trigonometry,19,14,5,73.68,55.61
STU0569,QUIZ3412,Biology,Human Body,25,17,8,68.0,63.92
STU0569,QUIZ3413,Mathematics,Algebra,19,11,8,57.89,38.28
STU0569,QUIZ3414,Biology,Genetics,19,11,8,57.89,27.0
STU0570,QUIZ3415,Mathematics,Probability,26,24,2,92.31,23.58
STU0570,QUIZ3416,Chemistry,Acids and Bases,24,9,15,37.5,42.63
STU0570,QUIZ3417,Chemistry,Acids and Bases,26,24,2,92.31,85.23
STU0570,QUIZ3418,Physics,Work and Energy,17,17,0,100.0,55.0
STU0570,QUIZ3419,Chemistry,Chemical Bonding,16,14,2,87.5,35.37
STU0570,QUIZ3420,Biology,Human Body,25,25,0,100.0,24.83
STU0571,QUIZ3421,Chemistry,Organic Chemistry,24,11,13,45.83,57.71
STU0571,QUIZ3422,Mathematics,Calculus,20,10,10,50.0,66.73
STU0571,QUIZ3423,Chemistry,Organic Chemistry,25,15,10,60.0,51.87
STU0571,QUIZ3424,Physics,Motion,28,14,14,50.0,84.23
STU0571,QUIZ3425,Mathematics,Calculus,24,6,18,25.0,30.55
STU0571,QUIZ3426,Biology,Plant Physiology,26,12,14,46.15,20.85
STU0572,QUIZ3427,Biology,Human Body,24,19,5,79.17,64.42
STU0572,QUIZ3428,Chemistry,Atoms,19,13,6,68.42,85.61
STU0572,QUIZ3429,Biology,Genetics,22,9,13,40.91,85.52
STU0572,QUIZ3430,Chemistry,Organic Chemistry,24,8,16,33.33,62.68
STU0572,QUIZ3431,Chemistry,Acids and Bases,18,12,6,66.67,44.2
STU0572,QUIZ3432,Biology,Genetics,16,10,6,62.5,75.32
STU0573,QUIZ3433,Physics,Electricity,24,21,3,87.5,42.25
STU0573,QUIZ3434,Physics,Laws of Motion,27,11,16,40.74,36.69
STU0573,QUIZ3435,Biology,Genetics,21,16,5,76.19,78.55
STU0573,QUIZ3436,Chemistry,Organic Chemistry,30,9,21,30.0,38.4
STU0573,QUIZ3437,Mathematics,Probability,18,17,1,94.44,76.48
STU0573,QUIZ3438,Chemistry,Atoms,26,16,10,61.54,84.57
STU0574,QUIZ3439,Biology,Human Body,24,10,14,41.67,32.41
STU0574,QUIZ3440,Physics,Laws of Motion,27,21,6,77.78,62.09
STU0574,QUIZ3441,Mathematics,Algebra,23,11,12,47.83,30.46
STU0574,QUIZ3442,Mathematics,Trigonometry,27,17,10,62.96,39.01
STU0574,QUIZ3443,Chemistry,Acids and Bases,17,11,6,64.71,21.28
STU0574,QUIZ3444,Biology,Cell,20,11,9,55.0,55.68
STU0575,QUIZ3445,Biology,Cell,21,8,13,38.1,47.71
STU0575,QUIZ3446,Mathematics,Algebra,23,21,2,91.3,22.53
STU0575,QUIZ3447,Chemistry,Acids and Bases,22,18,4,81.82,29.68
STU0575,QUIZ3448,Chemistry,Acids and Bases,25,11,14,44.0,64.28
STU0575,QUIZ3449,Chemistry,Atoms,21,11,10,52.38,45.55
STU0575,QUIZ3450,Biology,Plant Physiology,24,7,17,29.17,21.74
STU0576,QUIZ3451,Physics,Electricity,30,30,0,100.0,58.3
STU0576,QUIZ3452,Chemistry,Chemical Bonding,28,12,16,42.86,59.43
STU0576,QUIZ3453,Physics,Work and Energy,16,10,6,62.5,31.9
STU0576,QUIZ3454,Mathematics,Algebra,19,19,0,100.0,80.33
STU0576,QUIZ3455,Physics,Electricity,15,10,5,66.67,57.02
STU0576,QUIZ3456,Mathematics,Calculus,20,6,14,30.0,52.93
STU0577,QUIZ3457,Biology,Cell,25,25,0,100.0,54.73
STU0577,QUIZ3458,Mathematics,Probability,16,16,0,100.0,21.01
STU0577,QUIZ3459,Chemistry,Organic Chemistry,30,24,6,80.0,89.57
STU0577,QUIZ3460,Mathematics,Algebra,25,14,11,56.0,22.65
STU0577,QUIZ3461,Physics,Laws of Motion,23,20,3,86.96,25.42
STU0577,QUIZ3462,Mathematics,Algebra,19,6,13,31.58,60.01
STU0578,QUIZ3463,Physics,Electricity,20,16,4,80.0,24.36
STU0578,QUIZ3464,Physics,Work and Energy,22,16,6,72.73,29.76
STU0578,QUIZ3465,Biology,Human Body,16,16,0,100.0,78.69
STU0578,QUIZ3466,Physics,Electricity,24,9,15,37.5,26.05
STU0578,QUIZ3467,Physics,Work and Energy,27,17,10,62.96,49.23
STU0578,QUIZ3468,Mathematics,Trigonometry,30,19,11,63.33,60.97
STU0579,QUIZ3469,Mathematics,Calculus,18,10,8,55.56,86.88
STU0579,QUIZ3470,Biology,Human Body,27,24,3,88.89,52.63
STU0579,QUIZ3471,Biology,Cell,18,8,10,44.44,28.48
STU0579,QUIZ3472,Chemistry,Atoms,20,14,6,70.0,42.87
STU0579,QUIZ3473,Mathematics,Algebra,29,11,18,37.93,46.76
STU0579,QUIZ3474,Mathematics,Trigonometry,24,15,9,62.5,43.13
STU0580,QUIZ3475,Physics,Laws of Motion,15,6,9,40.0,45.4
STU0580,QUIZ3476,Chemistry,Chemical Bonding,26,21,5,80.77,76.99
STU0580,QUIZ3477,Physics,Laws of Motion,28,22,6,78.57,22.53
STU0580,QUIZ3478,Mathematics,Trigonometry,19,7,12,36.84,54.32
STU0580,QUIZ3479,Mathematics,Trigonometry,15,13,2,86.67,26.52
STU0580,QUIZ3480,Physics,Motion,22,19,3,86.36,29.43
STU0581,QUIZ3481,Mathematics,Trigonometry,28,19,9,67.86,74.22
STU0581,QUIZ3482,Mathematics,Probability,26,21,5,80.77,50.54
STU0581,QUIZ3483,Mathematics,Trigonometry,23,7,16,30.43,53.8
STU0581,QUIZ3484,Biology,Genetics,29,25,4,86.21,80.33
STU0581,QUIZ3485,Chemistry,Acids and Bases,15,6,9,40.0,27.35
STU0581,QUIZ3486,Biology,Cell,23,12,11,52.17,75.99
STU0582,QUIZ3487,Chemistry,Acids and Bases,20,7,13,35.0,26.03
STU0582,QUIZ3488,Biology,Cell,28,10,18,35.71,25.56
STU0582,QUIZ3489,Chemistry,Chemical Bonding,22,21,1,95.45,62.04
STU0582,QUIZ3490,Biology,Plant Physiology,26,12,14,46.15,21.74
STU0582,QUIZ3491,Biology,Plant Physiology,30,30,0,100.0,56.7
STU0582,QUIZ3492,Physics,Electricity,19,10,9,52.63,71.41
STU0583,QUIZ3493,Physics,Electricity,27,25,2,92.59,68.71
STU0583,QUIZ3494,Physics,Motion,20,6,14,30.0,50.08
STU0583,QUIZ3495,Chemistry,Atoms,15,9,6,60.0,82.56
STU0583,QUIZ3496,Biology,Genetics,15,10,5,66.67,39.81
STU0583,QUIZ3497,Physics,Laws of Motion,16,16,0,100.0,86.6
STU0583,QUIZ3498,Mathematics,Trigonometry,26,11,15,42.31,76.12
STU0584,QUIZ3499,Biology,Plant Physiology,20,11,9,55.0,31.56
STU0584,QUIZ3500,Biology,Genetics,19,8,11,42.11,48.55
STU0584,QUIZ3501,Mathematics,Probability,30,11,19,36.67,33.71
STU0584,QUIZ3502,Physics,Motion,15,11,4,73.33,62.88
STU0584,QUIZ3503,Physics,Laws of Motion,30,17,13,56.67,53.71
STU0584,QUIZ3504,Mathematics,Calculus,18,8,10,44.44,68.22
STU0585,QUIZ3505,Biology,Genetics,18,8,10,44.44,83.78
STU0585,QUIZ3506,Physics,Motion,23,12,11,52.17,33.39
STU0585,QUIZ3507,Physics,Electricity,21,15,6,71.43,20.75
STU0585,QUIZ3508,Biology,Cell,22,10,12,45.45,72.78
STU0585,QUIZ3509,Mathematics,Algebra,18,15,3,83.33,42.89
STU0585,QUIZ3510,Mathematics,Trigonometry,24,9,15,37.5,84.85
STU0586,QUIZ3511,Physics,Electricity,27,14,13,51.85,78.12
STU0586,QUIZ3512,Mathematics,Algebra,24,19,5,79.17,66.15
STU0586,QUIZ3513,Chemistry,Chemical Bonding,28,14,14,50.0,38.57
STU0586,QUIZ3514,Physics,Laws of Motion,30,8,22,26.67,69.17
STU0586,QUIZ3515,Mathematics,Trigonometry,24,18,6,75.0,32.56
STU0586,QUIZ3516,Physics,Electricity,20,18,2,90.0,61.8
STU0587,QUIZ3517,Mathematics,Calculus,28,18,10,64.29,46.63
STU0587,QUIZ3518,Biology,Plant Physiology,21,5,16,23.81,86.55
STU0587,QUIZ3519,Biology,Plant Physiology,25,14,11,56.0,80.67
STU0587,QUIZ3520,Biology,Human Body,24,18,6,75.0,67.47
STU0587,QUIZ3521,Chemistry,Acids and Bases,25,24,1,96.0,71.53
STU0587,QUIZ3522,Chemistry,Acids and Bases,28,24,4,85.71,79.18
STU0588,QUIZ3523,Biology,Plant Physiology,22,19,3,86.36,49.66
STU0588,QUIZ3524,Biology,Plant Physiology,15,6,9,40.0,87.9
STU0588,QUIZ3525,Chemistry,Organic Chemistry,24,23,1,95.83,80.71
STU0588,QUIZ3526,Biology,Cell,29,12,17,41.38,41.08
STU0588,QUIZ3527,Physics,Laws of Motion,29,24,5,82.76,87.89
STU0588,QUIZ3528,Mathematics,Algebra,21,20,1,95.24,55.86
STU0589,QUIZ3529,Biology,Genetics,26,7,19,26.92,62.65
STU0589,QUIZ3530,Chemistry,Chemical Bonding,25,16,9,64.0,45.16
STU0589,QUIZ3531,Physics,Laws of Motion,25,20,5,80.0,56.59
STU0589,QUIZ3532,Mathematics,Calculus,20,18,2,90.0,24.96
STU0589,QUIZ3533,Biology,Cell,15,8,7,53.33,85.33
STU0589,QUIZ3534,Biology,Cell,20,16,4,80.0,61.41
STU0590,QUIZ3535,Chemistry,Atoms,27,7,20,25.93,61.49
STU0590,QUIZ3536,Mathematics,Algebra,22,9,13,40.91,63.06
STU0590,QUIZ3537,Biology,Plant Physiology,21,13,8,61.9,35.64
STU0590,QUIZ3538,Chemistry,Atoms,27,15,12,55.56,75.08
STU0590,QUIZ3539,Biology,Plant Physiology,28,12,16,42.86,65.15
STU0590,QUIZ3540,Mathematics,Algebra,24,6,18,25.0,61.34
STU0591,QUIZ3541,Mathematics,Probability,23,13,10,56.52,54.04
STU0591,QUIZ3542,Chemistry,Chemical Bonding,25,22,3,88.0,51.29
STU0591,QUIZ3543,Chemistry,Organic Chemistry,20,18,2,90.0,80.74
STU0591,QUIZ3544,Mathematics,Trigonometry,28,20,8,71.43,44.53
STU0591,QUIZ3545,Chemistry,Acids and Bases,25,6,19,24.0,60.25
STU0591,QUIZ3546,Chemistry,Chemical Bonding,22,12,10,54.55,84.8
STU0592,QUIZ3547,Chemistry,Acids and Bases,18,9,9,50.0,35.85
STU0592,QUIZ3548,Mathematics,Algebra,28,26,2,92.86,82.04
STU0592,QUIZ3549,Physics,Laws of Motion,15,12,3,80.0,33.1
STU0592,QUIZ3550,Physics,Electricity,19,10,9,52.63,53.95
STU0592,QUIZ3551,Mathematics,Algebra,27,21,6,77.78,58.16
STU0592,QUIZ3552,Chemistry,Atoms,18,16,2,88.89,88.88
STU0593,QUIZ3553,Chemistry,Acids and Bases,19,12,7,63.16,85.71
STU0593,QUIZ3554,Mathematics,Algebra,26,11,15,42.31,50.58
STU0593,QUIZ3555,Mathematics,Algebra,18,8,10,44.44,84.19
STU0593,QUIZ3556,Biology,Plant Physiology,23,15,8,65.22,65.02
STU0593,QUIZ3557,Physics,Work and Energy,18,12,6,66.67,82.81
STU0593,QUIZ3558,Physics,Work and Energy,18,13,5,72.22,69.68
STU0594,QUIZ3559,Physics,Motion,19,13,6,68.42,89.45
STU0594,QUIZ3560,Physics,Work and Energy,22,12,10,54.55,59.54
STU0594,QUIZ3561,Chemistry,Acids and Bases,18,17,1,94.44,82.45
STU0594,QUIZ3562,Biology,Genetics,20,7,13,35.0,81.39
STU0594,QUIZ3563,Mathematics,Algebra,18,14,4,77.78,36.46
STU0594,QUIZ3564,Physics,Laws of Motion,21,7,14,33.33,61.31
STU0595,QUIZ3565,Chemistry,Organic Chemistry,20,15,5,75.0,57.31
STU0595,QUIZ3566,Mathematics,Probability,23,18,5,78.26,76.22
STU0595,QUIZ3567,Physics,Electricity,29,9,20,31.03,43.8
STU0595,QUIZ3568,Mathematics,Probability,19,18,1,94.74,70.49
STU0595,QUIZ3569,Biology,Genetics,25,8,17,32.0,79.17
STU0595,QUIZ3570,Biology,Human Body,21,12,9,57.14,85.65
STU0596,QUIZ3571,Physics,Work and Energy,24,13,11,54.17,77.9
STU0596,QUIZ3572,Biology,Genetics,22,6,16,27.27,76.64
STU0596,QUIZ3573,Biology,Plant Physiology,16,14,2,87.5,38.75
STU0596,QUIZ3574,Chemistry,Organic Chemistry,25,20,5,80.0,52.18
STU0596,QUIZ3575,Chemistry,Organic Chemistry,16,12,4,75.0,64.74
STU0596,QUIZ3576,Mathematics,Algebra,28,21,7,75.0,77.38
STU0597,QUIZ3577,Biology,Plant Physiology,26,7,19,26.92,72.47
STU0597,QUIZ3578,Chemistry,Organic Chemistry,24,16,8,66.67,24.82
STU0597,QUIZ3579,Biology,Human Body,26,19,7,73.08,62.18
STU0597,QUIZ3580,Mathematics,Calculus,17,5,12,29.41,43.11
STU0597,QUIZ3581,Biology,Cell,18,18,0,100.0,89.43
STU0597,QUIZ3582,Physics,Motion,19,16,3,84.21,35.39
STU0598,QUIZ3583,Biology,Human Body,16,12,4,75.0,25.86
STU0598,QUIZ3584,Mathematics,Probability,27,24,3,88.89,72.38
STU0598,QUIZ3585,Chemistry,Acids and Bases,19,7,12,36.84,25.63
STU0598,QUIZ3586,Chemistry,Acids and Bases,25,22,3,88.0,29.69
STU0598,QUIZ3587,Physics,Motion,23,10,13,43.48,45.11
STU0598,QUIZ3588,Biology,Cell,23,23,0,100.0,63.64
STU0599,QUIZ3589,Physics,Laws of Motion,15,10,5,66.67,52.27
STU0599,QUIZ3590,Physics,Electricity,18,18,0,100.0,46.86
STU0599,QUIZ3591,Physics,Work and Energy,26,23,3,88.46,80.91
STU0599,QUIZ3592,Chemistry,Organic Chemistry,22,6,16,27.27,52.41
STU0599,QUIZ3593,Chemistry,Atoms,28,26,2,92.86,62.18
STU0599,QUIZ3594,Mathematics,Trigonometry,30,15,15,50.0,76.57
STU0600,QUIZ3595,Physics,Work and Energy,25,9,16,36.0,53.4
STU0600,QUIZ3596,Biology,Genetics,26,15,11,57.69,41.37
STU0600,QUIZ3597,Physics,Electricity,20,17,3,85.0,59.29
STU0600,QUIZ3598,Chemistry,Organic Chemistry,17,9,8,52.94,51.79
STU0600,QUIZ3599,Biology,Cell,19,17,2,89.47,53.92
STU0600,QUIZ3600,Physics,Work and Energy,15,7,8,46.67,77.06
STU0601,QUIZ3601,Biology,Plant Physiology,28,20,8,71.43,72.3
STU0601,QUIZ3602,Mathematics,Calculus,24,21,3,87.5,76.77
STU0601,QUIZ3603,Biology,Cell,24,12,12,50.0,88.17
STU0601,QUIZ3604,Chemistry,Organic Chemistry,24,13,11,54.17,83.55
STU0601,QUIZ3605,Chemistry,Acids and Bases,28,10,18,35.71,25.06
STU0601,QUIZ3606,Biology,Plant Physiology,27,21,6,77.78,52.27
STU0602,QUIZ3607,Physics,Electricity,19,8,11,42.11,32.75
STU0602,QUIZ3608,Chemistry,Atoms,19,14,5,73.68,22.11
STU0602,QUIZ3609,Chemistry,Chemical Bonding,16,16,0,100.0,80.41
STU0602,QUIZ3610,Chemistry,Organic Chemistry,30,28,2,93.33,59.73
STU0602,QUIZ3611,Mathematics,Trigonometry,17,14,3,82.35,64.03
STU0602,QUIZ3612,Biology,Human Body,24,15,9,62.5,28.38
STU0603,QUIZ3613,Biology,Human Body,29,25,4,86.21,53.91
STU0603,QUIZ3614,Physics,Electricity,24,22,2,91.67,70.76
STU0603,QUIZ3615,Physics,Electricity,18,16,2,88.89,41.09
STU0603,QUIZ3616,Physics,Laws of Motion,21,6,15,28.57,28.06
STU0603,QUIZ3617,Physics,Electricity,26,24,2,92.31,43.79
STU0603,QUIZ3618,Chemistry,Atoms,26,12,14,46.15,25.76
STU0604,QUIZ3619,Physics,Work and Energy,28,16,12,57.14,35.04
STU0604,QUIZ3620,Chemistry,Atoms,16,6,10,37.5,64.62
STU0604,QUIZ3621,Biology,Human Body,19,17,2,89.47,21.99
STU0604,QUIZ3622,Mathematics,Calculus,20,11,9,55.0,54.98
STU0604,QUIZ3623,Physics,Work and Energy,26,19,7,73.08,22.39
STU0604,QUIZ3624,Mathematics,Trigonometry,21,11,10,52.38,65.92
STU0605,QUIZ3625,Mathematics,Calculus,18,5,13,27.78,20.07
STU0605,QUIZ3626,Physics,Laws of Motion,15,14,1,93.33,89.6
STU0605,QUIZ3627,Chemistry,Organic Chemistry,20,5,15,25.0,63.88
STU0605,QUIZ3628,Biology,Plant Physiology,26,25,1,96.15,56.81
STU0605,QUIZ3629,Biology,Plant Physiology,30,13,17,43.33,33.07
STU0605,QUIZ3630,Mathematics,Calculus,24,10,14,41.67,31.66
STU0606,QUIZ3631,Biology,Human Body,24,14,10,58.33,66.06
STU0606,QUIZ3632,Physics,Work and Energy,21,15,6,71.43,71.07
STU0606,QUIZ3633,Mathematics,Trigonometry,30,19,11,63.33,26.23
STU0606,QUIZ3634,Chemistry,Acids and Bases,28,5,23,17.86,41.55
STU0606,QUIZ3635,Mathematics,Algebra,17,12,5,70.59,33.92
STU0606,QUIZ3636,Physics,Laws of Motion,16,12,4,75.0,56.68
STU0607,QUIZ3637,Physics,Laws of Motion,24,15,9,62.5,60.92
STU0607,QUIZ3638,Chemistry,Chemical Bonding,19,18,1,94.74,45.35
STU0607,QUIZ3639,Chemistry,Acids and Bases,18,9,9,50.0,69.66
STU0607,QUIZ3640,Mathematics,Algebra,20,7,13,35.0,23.37
STU0607,QUIZ3641,Chemistry,Atoms,24,17,7,70.83,57.81
STU0607,QUIZ3642,Mathematics,Algebra,27,21,6,77.78,39.0
STU0608,QUIZ3643,Chemistry,Atoms,21,15,6,71.43,39.92
STU0608,QUIZ3644,Biology,Plant Physiology,15,10,5,66.67,37.5
STU0608,QUIZ3645,Biology,Plant Physiology,26,14,12,53.85,42.65
STU0608,QUIZ3646,Chemistry,Atoms,19,14,5,73.68,84.51
STU0608,QUIZ3647,Mathematics,Trigonometry,18,7,11,38.89,37.13
STU0608,QUIZ3648,Physics,Motion,18,7,11,38.89,64.27
STU0609,QUIZ3649,Biology,Plant Physiology,15,11,4,73.33,82.32
STU0609,QUIZ3650,Chemistry,Atoms,19,14,5,73.68,34.99
STU0609,QUIZ3651,Chemistry,Chemical Bonding,24,7,17,29.17,83.55
STU0609,QUIZ3652,Biology,Genetics,17,5,12,29.41,81.49
STU0609,QUIZ3653,Mathematics,Trigonometry,27,8,19,29.63,89.39
STU0609,QUIZ3654,Chemistry,Chemical Bonding,15,10,5,66.67,64.2
STU0610,QUIZ3655,Physics,Electricity,28,11,17,39.29,30.9
STU0610,QUIZ3656,Chemistry,Acids and Bases,18,12,6,66.67,55.38
STU0610,QUIZ3657,Biology,Cell,17,8,9,47.06,46.19
STU0610,QUIZ3658,Physics,Work and Energy,27,7,20,25.93,30.56
STU0610,QUIZ3659,Physics,Motion,25,10,15,40.0,88.56
STU0610,QUIZ3660,Physics,Motion,22,8,14,36.36,54.99
STU0611,QUIZ3661,Mathematics,Calculus,30,5,25,16.67,54.7
STU0611,QUIZ3662,Biology,Cell,25,18,7,72.0,20.04
STU0611,QUIZ3663,Chemistry,Organic Chemistry,15,13,2,86.67,58.44
STU0611,QUIZ3664,Physics,Motion,16,8,8,50.0,65.65
STU0611,QUIZ3665,Biology,Human Body,15,10,5,66.67,88.86
STU0611,QUIZ3666,Biology,Cell,24,23,1,95.83,55.5
STU0612,QUIZ3667,Chemistry,Atoms,16,12,4,75.0,38.32
STU0612,QUIZ3668,Physics,Work and Energy,17,13,4,76.47,31.08
STU0612,QUIZ3669,Biology,Human Body,23,13,10,56.52,55.61
STU0612,QUIZ3670,Physics,Laws of Motion,16,12,4,75.0,66.83
STU0612,QUIZ3671,Physics,Laws of Motion,25,25,0,100.0,70.8
STU0612,QUIZ3672,Physics,Motion,17,14,3,82.35,35.56
STU0613,QUIZ3673,Chemistry,Chemical Bonding,30,21,9,70.0,37.88
STU0613,QUIZ3674,Physics,Electricity,19,12,7,63.16,49.66
STU0613,QUIZ3675,Physics,Laws of Motion,20,10,10,50.0,64.96
STU0613,QUIZ3676,Chemistry,Acids and Bases,28,18,10,64.29,82.02
STU0613,QUIZ3677,Physics,Laws of Motion,16,11,5,68.75,26.09
STU0613,QUIZ3678,Biology,Genetics,30,30,0,100.0,49.36
STU0614,QUIZ3679,Physics,Laws of Motion,26,5,21,19.23,43.54
STU0614,QUIZ3680,Biology,Human Body,19,9,10,47.37,57.76
STU0614,QUIZ3681,Biology,Human Body,26,25,1,96.15,82.68
STU0614,QUIZ3682,Physics,Laws of Motion,26,17,9,65.38,67.07
STU0614,QUIZ3683,Chemistry,Acids and Bases,30,12,18,40.0,76.83
STU0614,QUIZ3684,Biology,Human Body,20,17,3,85.0,53.19
STU0615,QUIZ3685,Chemistry,Atoms,16,9,7,56.25,23.22
STU0615,QUIZ3686,Mathematics,Algebra,21,17,4,80.95,75.98
STU0615,QUIZ3687,Chemistry,Atoms,21,15,6,71.43,67.06
STU0615,QUIZ3688,Biology,Genetics,30,11,19,36.67,27.5
STU0615,QUIZ3689,Biology,Genetics,29,14,15,48.28,56.81
STU0615,QUIZ3690,Mathematics,Trigonometry,17,7,10,41.18,77.79
STU0616,QUIZ3691,Physics,Laws of Motion,23,17,6,73.91,49.58
STU0616,QUIZ3692,Mathematics,Probability,18,10,8,55.56,85.7
STU0616,QUIZ3693,Physics,Electricity,27,10,17,37.04,37.29
STU0616,QUIZ3694,Physics,Electricity,22,9,13,40.91,24.35
STU0616,QUIZ3695,Physics,Work and Energy,20,13,7,65.0,54.98
STU0616,QUIZ3696,Chemistry,Acids and Bases,26,22,4,84.62,30.24
STU0617,QUIZ3697,Physics,Electricity,21,9,12,42.86,56.03
STU0617,QUIZ3698,Biology,Cell,23,12,11,52.17,26.65
STU0617,QUIZ3699,Chemistry,Chemical Bonding,30,17,13,56.67,55.05
STU0617,QUIZ3700,Mathematics,Probability,24,22,2,91.67,79.79
STU0617,QUIZ3701,Chemistry,Chemical Bonding,15,7,8,46.67,75.1
STU0617,QUIZ3702,Biology,Human Body,26,18,8,69.23,27.69
STU0618,QUIZ3703,Biology,Human Body,23,21,2,91.3,43.7
STU0618,QUIZ3704,Mathematics,Calculus,25,14,11,56.0,49.74
STU0618,QUIZ3705,Biology,Human Body,24,16,8,66.67,68.18
STU0618,QUIZ3706,Chemistry,Chemical Bonding,17,6,11,35.29,61.23
STU0618,QUIZ3707,Physics,Laws of Motion,30,18,12,60.0,23.72
STU0618,QUIZ3708,Chemistry,Organic Chemistry,25,10,15,40.0,81.11
STU0619,QUIZ3709,Biology,Plant Physiology,26,5,21,19.23,38.58
STU0619,QUIZ3710,Mathematics,Calculus,20,10,10,50.0,63.78
STU0619,QUIZ3711,Biology,Plant Physiology,27,13,14,48.15,26.59
STU0619,QUIZ3712,Mathematics,Probability,24,11,13,45.83,76.03
STU0619,QUIZ3713,Chemistry,Atoms,22,19,3,86.36,37.78
STU0619,QUIZ3714,Chemistry,Organic Chemistry,25,12,13,48.0,82.15
STU0620,QUIZ3715,Mathematics,Calculus,26,10,16,38.46,44.35
STU0620,QUIZ3716,Physics,Work and Energy,21,18,3,85.71,35.16
STU0620,QUIZ3717,Biology,Plant Physiology,25,14,11,56.0,43.45
STU0620,QUIZ3718,Mathematics,Calculus,21,11,10,52.38,82.45
STU0620,QUIZ3719,Mathematics,Calculus,21,11,10,52.38,79.12
STU0620,QUIZ3720,Chemistry,Organic Chemistry,24,7,17,29.17,35.72
STU0621,QUIZ3721,Mathematics,Calculus,23,23,0,100.0,66.63
STU0621,QUIZ3722,Mathematics,Trigonometry,17,13,4,76.47,70.06
STU0621,QUIZ3723,Mathematics,Trigonometry,23,5,18,21.74,50.33
STU0621,QUIZ3724,Mathematics,Algebra,23,19,4,82.61,33.35
STU0621,QUIZ3725,Biology,Plant Physiology,28,25,3,89.29,39.8
STU0621,QUIZ3726,Mathematics,Calculus,29,22,7,75.86,86.32
STU0622,QUIZ3727,Physics,Electricity,19,7,12,36.84,68.74
STU0622,QUIZ3728,Chemistry,Atoms,30,13,17,43.33,85.57
STU0622,QUIZ3729,Mathematics,Algebra,16,5,11,31.25,78.36
STU0622,QUIZ3730,Biology,Plant Physiology,27,11,16,40.74,73.69
STU0622,QUIZ3731,Physics,Work and Energy,18,6,12,33.33,56.25
STU0622,QUIZ3732,Biology,Genetics,16,8,8,50.0,62.38
STU0623,QUIZ3733,Mathematics,Probability,22,13,9,59.09,70.16
STU0623,QUIZ3734,Biology,Cell,26,21,5,80.77,75.0
STU0623,QUIZ3735,Physics,Electricity,23,9,14,39.13,86.94
STU0623,QUIZ3736,Mathematics,Calculus,16,12,4,75.0,34.03
STU0623,QUIZ3737,Mathematics,Calculus,30,23,7,76.67,81.82
STU0623,QUIZ3738,Physics,Laws of Motion,20,18,2,90.0,45.46
STU0624,QUIZ3739,Chemistry,Atoms,25,9,16,36.0,46.5
STU0624,QUIZ3740,Mathematics,Trigonometry,23,22,1,95.65,26.91
STU0624,QUIZ3741,Biology,Plant Physiology,23,10,13,43.48,42.82
STU0624,QUIZ3742,Physics,Electricity,24,14,10,58.33,67.69
STU0624,QUIZ3743,Mathematics,Algebra,17,13,4,76.47,40.19
STU0624,QUIZ3744,Mathematics,Trigonometry,15,6,9,40.0,39.74
STU0625,QUIZ3745,Mathematics,Trigonometry,16,12,4,75.0,25.79
STU0625,QUIZ3746,Physics,Work and Energy,16,15,1,93.75,30.81
STU0625,QUIZ3747,Chemistry,Organic Chemistry,26,21,5,80.77,60.26
STU0625,QUIZ3748,Mathematics,Probability,25,9,16,36.0,34.39
STU0625,QUIZ3749,Chemistry,Acids and Bases,27,16,11,59.26,54.2
STU0625,QUIZ3750,Chemistry,Atoms,20,10,10,50.0,36.38
STU0626,QUIZ3751,Physics,Motion,15,14,1,93.33,53.2
STU0626,QUIZ3752,Biology,Human Body,22,9,13,40.91,64.34
STU0626,QUIZ3753,Chemistry,Organic Chemistry,28,14,14,50.0,79.25
STU0626,QUIZ3754,Biology,Genetics,30,18,12,60.0,76.95
STU0626,QUIZ3755,Chemistry,Acids and Bases,25,8,17,32.0,53.81
STU0626,QUIZ3756,Physics,Motion,16,13,3,81.25,68.9
STU0627,QUIZ3757,Mathematics,Trigonometry,25,17,8,68.0,83.44
STU0627,QUIZ3758,Biology,Cell,27,27,0,100.0,79.33
STU0627,QUIZ3759,Physics,Laws of Motion,18,6,12,33.33,39.53
STU0627,QUIZ3760,Biology,Cell,17,11,6,64.71,34.25
STU0627,QUIZ3761,Physics,Laws of Motion,21,18,3,85.71,41.36
STU0627,QUIZ3762,Physics,Work and Energy,28,17,11,60.71,24.2
STU0628,QUIZ3763,Biology,Cell,16,11,5,68.75,84.86
STU0628,QUIZ3764,Chemistry,Atoms,30,18,12,60.0,89.96
STU0628,QUIZ3765,Physics,Work and Energy,25,6,19,24.0,87.51
STU0628,QUIZ3766,Chemistry,Chemical Bonding,23,10,13,43.48,73.09
STU0628,QUIZ3767,Chemistry,Acids and Bases,25,12,13,48.0,23.04
STU0628,QUIZ3768,Physics,Electricity,24,5,19,20.83,85.11
STU0629,QUIZ3769,Mathematics,Calculus,22,16,6,72.73,84.37
STU0629,QUIZ3770,Mathematics,Trigonometry,22,10,12,45.45,71.55
STU0629,QUIZ3771,Mathematics,Calculus,26,20,6,76.92,23.41
STU0629,QUIZ3772,Biology,Human Body,18,18,0,100.0,76.03
STU0629,QUIZ3773,Physics,Electricity,20,5,15,25.0,74.69
STU0629,QUIZ3774,Biology,Human Body,24,22,2,91.67,84.2
STU0630,QUIZ3775,Biology,Cell,17,10,7,58.82,28.79
STU0630,QUIZ3776,Chemistry,Atoms,27,9,18,33.33,56.78
STU0630,QUIZ3777,Physics,Motion,16,7,9,43.75,23.86
STU0630,QUIZ3778,Mathematics,Calculus,16,5,11,31.25,50.98
STU0630,QUIZ3779,Chemistry,Acids and Bases,29,16,13,55.17,47.87
STU0630,QUIZ3780,Mathematics,Probability,30,12,18,40.0,40.69
STU0631,QUIZ3781,Physics,Motion,16,15,1,93.75,77.25
STU0631,QUIZ3782,Biology,Plant Physiology,30,24,6,80.0,59.14
STU0631,QUIZ3783,Biology,Plant Physiology,18,8,10,44.44,25.63
STU0631,QUIZ3784,Physics,Electricity,19,10,9,52.63,89.38
STU0631,QUIZ3785,Biology,Human Body,27,17,10,62.96,89.55
STU0631,QUIZ3786,Mathematics,Probability,28,11,17,39.29,60.19
STU0632,QUIZ3787,Biology,Cell,29,6,23,20.69,89.03
STU0632,QUIZ3788,Mathematics,Trigonometry,17,12,5,70.59,50.67
STU0632,QUIZ3789,Physics,Motion,23,8,15,34.78,37.29
STU0632,QUIZ3790,Mathematics,Algebra,21,10,11,47.62,70.06
STU0632,QUIZ3791,Biology,Plant Physiology,20,5,15,25.0,51.07
STU0632,QUIZ3792,Mathematics,Trigonometry,23,8,15,34.78,30.31
STU0633,QUIZ3793,Chemistry,Chemical Bonding,22,19,3,86.36,37.81
STU0633,QUIZ3794,Biology,Plant Physiology,21,15,6,71.43,30.02
STU0633,QUIZ3795,Physics,Electricity,24,6,18,25.0,33.04
STU0633,QUIZ3796,Mathematics,Probability,17,16,1,94.12,47.79
STU0633,QUIZ3797,Biology,Plant Physiology,30,23,7,76.67,20.99
STU0633,QUIZ3798,Physics,Work and Energy,17,5,12,29.41,78.46
STU0634,QUIZ3799,Biology,Genetics,29,28,1,96.55,46.6
STU0634,QUIZ3800,Biology,Genetics,26,8,18,30.77,42.07
STU0634,QUIZ3801,Physics,Electricity,27,6,21,22.22,84.56
STU0634,QUIZ3802,Biology,Plant Physiology,16,5,11,31.25,69.93
STU0634,QUIZ3803,Mathematics,Algebra,18,7,11,38.89,31.95
STU0634,QUIZ3804,Physics,Motion,28,26,2,92.86,69.67
STU0635,QUIZ3805,Chemistry,Chemical Bonding,19,11,8,57.89,67.49
STU0635,QUIZ3806,Physics,Electricity,18,16,2,88.89,23.03
STU0635,QUIZ3807,Physics,Laws of Motion,23,6,17,26.09,32.62
STU0635,QUIZ3808,Physics,Laws of Motion,26,17,9,65.38,67.52
STU0635,QUIZ3809,Mathematics,Probability,18,5,13,27.78,64.43
STU0635,QUIZ3810,Mathematics,Calculus,21,15,6,71.43,45.9
STU0636,QUIZ3811,Chemistry,Acids and Bases,25,23,2,92.0,44.5
STU0636,QUIZ3812,Biology,Human Body,21,16,5,76.19,36.35
STU0636,QUIZ3813,Biology,Cell,25,24,1,96.0,75.22
STU0636,QUIZ3814,Biology,Genetics,26,10,16,38.46,38.05
STU0636,QUIZ3815,Chemistry,Atoms,27,23,4,85.19,69.67
STU0636,QUIZ3816,Biology,Genetics,27,18,9,66.67,63.28
STU0637,QUIZ3817,Mathematics,Trigonometry,18,5,13,27.78,35.22
STU0637,QUIZ3818,Physics,Motion,15,7,8,46.67,47.74
STU0637,QUIZ3819,Mathematics,Algebra,20,19,1,95.0,44.7
STU0637,QUIZ3820,Mathematics,Algebra,24,8,16,33.33,55.55
STU0637,QUIZ3821,Mathematics,Probability,26,16,10,61.54,36.75
STU0637,QUIZ3822,Biology,Human Body,16,16,0,100.0,87.07
STU0638,QUIZ3823,Chemistry,Atoms,25,19,6,76.0,37.78
STU0638,QUIZ3824,Biology,Cell,28,11,17,39.29,41.06
STU0638,QUIZ3825,Mathematics,Algebra,19,9,10,47.37,41.07
STU0638,QUIZ3826,Biology,Human Body,24,19,5,79.17,35.73
STU0638,QUIZ3827,Biology,Genetics,26,20,6,76.92,44.57
STU0638,QUIZ3828,Biology,Cell,26,12,14,46.15,47.11
STU0639,QUIZ3829,Mathematics,Algebra,16,10,6,62.5,84.05
STU0639,QUIZ3830,Physics,Electricity,23,12,11,52.17,74.13
STU0639,QUIZ3831,Mathematics,Calculus,29,29,0,100.0,59.16
STU0639,QUIZ3832,Biology,Cell,18,18,0,100.0,74.02
STU0639,QUIZ3833,Physics,Laws of Motion,24,8,16,33.33,24.44
STU0639,QUIZ3834,Biology,Genetics,17,13,4,76.47,22.46
STU0640,QUIZ3835,Biology,Plant Physiology,21,14,7,66.67,86.26
STU0640,QUIZ3836,Biology,Genetics,20,6,14,30.0,38.99
STU0640,QUIZ3837,Mathematics,Calculus,28,11,17,39.29,41.5
STU0640,QUIZ3838,Biology,Plant Physiology,28,5,23,17.86,80.08
STU0640,QUIZ3839,Physics,Work and Energy,27,24,3,88.89,78.98
STU0640,QUIZ3840,Physics,Motion,29,13,16,44.83,53.56
STU0641,QUIZ3841,Physics,Laws of Motion,24,20,4,83.33,46.93
STU0641,QUIZ3842,Biology,Human Body,30,19,11,63.33,24.58
STU0641,QUIZ3843,Physics,Motion,22,5,17,22.73,38.61
STU0641,QUIZ3844,Mathematics,Algebra,15,7,8,46.67,77.5
STU0641,QUIZ3845,Physics,Electricity,26,8,18,30.77,40.36
STU0641,QUIZ3846,Physics,Work and Energy,24,5,19,20.83,88.29
STU0642,QUIZ3847,Biology,Cell,16,10,6,62.5,34.24
STU0642,QUIZ3848,Physics,Laws of Motion,15,7,8,46.67,43.13
STU0642,QUIZ3849,Biology,Human Body,21,10,11,47.62,77.45
STU0642,QUIZ3850,Biology,Cell,27,19,8,70.37,58.48
STU0642,QUIZ3851,Chemistry,Acids and Bases,23,14,9,60.87,88.73
STU0642,QUIZ3852,Biology,Human Body,21,5,16,23.81,27.76
STU0643,QUIZ3853,Physics,Work and Energy,28,20,8,71.43,61.32
STU0643,QUIZ3854,Physics,Work and Energy,23,19,4,82.61,52.86
STU0643,QUIZ3855,Biology,Plant Physiology,22,20,2,90.91,71.27
STU0643,QUIZ3856,Chemistry,Chemical Bonding,24,8,16,33.33,59.99
STU0643,QUIZ3857,Chemistry,Chemical Bonding,16,13,3,81.25,42.44
STU0643,QUIZ3858,Biology,Human Body,21,12,9,57.14,78.26
STU0644,QUIZ3859,Physics,Electricity,26,7,19,26.92,42.05
STU0644,QUIZ3860,Physics,Motion,18,6,12,33.33,74.1
STU0644,QUIZ3861,Mathematics,Algebra,30,14,16,46.67,63.1
STU0644,QUIZ3862,Mathematics,Algebra,16,10,6,62.5,42.69
STU0644,QUIZ3863,Biology,Human Body,16,5,11,31.25,63.7
STU0644,QUIZ3864,Chemistry,Organic Chemistry,15,14,1,93.33,40.47
STU0645,QUIZ3865,Chemistry,Atoms,25,15,10,60.0,50.75
STU0645,QUIZ3866,Mathematics,Probability,16,11,5,68.75,53.21
STU0645,QUIZ3867,Physics,Motion,30,5,25,16.67,28.13
STU0645,QUIZ3868,Chemistry,Atoms,27,12,15,44.44,55.62
STU0645,QUIZ3869,Biology,Human Body,21,11,10,52.38,23.33
STU0645,QUIZ3870,Chemistry,Chemical Bonding,29,19,10,65.52,73.88
STU0646,QUIZ3871,Biology,Human Body,17,5,12,29.41,75.65
STU0646,QUIZ3872,Chemistry,Atoms,16,7,9,43.75,87.7
STU0646,QUIZ3873,Mathematics,Trigonometry,17,15,2,88.24,52.48
STU0646,QUIZ3874,Chemistry,Acids and Bases,28,10,18,35.71,62.69
STU0646,QUIZ3875,Physics,Motion,28,21,7,75.0,81.25
STU0646,QUIZ3876,Chemistry,Atoms,29,10,19,34.48,84.38
STU0647,QUIZ3877,Mathematics,Algebra,19,19,0,100.0,83.15
STU0647,QUIZ3878,Physics,Laws of Motion,15,6,9,40.0,79.4
STU0647,QUIZ3879,Mathematics,Trigonometry,29,25,4,86.21,34.9
STU0647,QUIZ3880,Physics,Work and Energy,24,18,6,75.0,37.23
STU0647,QUIZ3881,Physics,Laws of Motion,15,12,3,80.0,31.71
STU0647,QUIZ3882,Mathematics,Trigonometry,22,19,3,86.36,69.57
STU0648,QUIZ3883,Chemistry,Chemical Bonding,18,10,8,55.56,83.28
STU0648,QUIZ3884,Mathematics,Probability,28,5,23,17.86,60.55
STU0648,QUIZ3885,Physics,Electricity,25,14,11,56.0,27.68
STU0648,QUIZ3886,Mathematics,Trigonometry,18,5,13,27.78,39.57
STU0648,QUIZ3887,Chemistry,Atoms,15,15,0,100.0,31.3
STU0648,QUIZ3888,Biology,Cell,21,20,1,95.24,68.68
STU0649,QUIZ3889,Mathematics,Algebra,22,19,3,86.36,52.02
STU0649,QUIZ3890,Biology,Genetics,21,21,0,100.0,72.73
STU0649,QUIZ3891,Chemistry,Chemical Bonding,22,17,5,77.27,60.79
STU0649,QUIZ3892,Mathematics,Algebra,19,14,5,73.68,56.8
STU0649,QUIZ3893,Biology,Human Body,16,9,7,56.25,60.39
STU0649,QUIZ3894,Chemistry,Acids and Bases,26,24,2,92.31,71.19
STU0650,QUIZ3895,Mathematics,Trigonometry,16,10,6,62.5,37.65
STU0650,QUIZ3896,Mathematics,Probability,16,6,10,37.5,76.42
STU0650,QUIZ3897,Mathematics,Trigonometry,15,11,4,73.33,36.28
STU0650,QUIZ3898,Biology,Cell,29,8,21,27.59,24.42
STU0650,QUIZ3899,Physics,Laws of Motion,24,8,16,33.33,30.85
STU0650,QUIZ3900,Physics,Laws of Motion,25,19,6,76.0,39.99
STU0651,QUIZ3901,Chemistry,Acids and Bases,29,29,0,100.0,23.76
STU0651,QUIZ3902,Physics,Electricity,30,17,13,56.67,59.16
STU0651,QUIZ3903,Physics,Electricity,25,6,19,24.0,61.98
STU0651,QUIZ3904,Mathematics,Algebra,28,8,20,28.57,40.45
STU0651,QUIZ3905,Chemistry,Atoms,24,8,16,33.33,46.94
STU0651,QUIZ3906,Mathematics,Probability,24,12,12,50.0,75.89
STU0652,QUIZ3907,Biology,Plant Physiology,30,20,10,66.67,20.22
STU0652,QUIZ3908,Biology,Cell,18,12,6,66.67,61.38
STU0652,QUIZ3909,Chemistry,Atoms,23,16,7,69.57,65.14
STU0652,QUIZ3910,Physics,Motion,22,15,7,68.18,55.9
STU0652,QUIZ3911,Biology,Plant Physiology,19,7,12,36.84,58.94
STU0652,QUIZ3912,Mathematics,Probability,28,13,15,46.43,82.13
STU0653,QUIZ3913,Mathematics,Calculus,22,16,6,72.73,57.84
STU0653,QUIZ3914,Chemistry,Acids and Bases,16,15,1,93.75,84.65
STU0653,QUIZ3915,Physics,Laws of Motion,28,27,1,96.43,43.64
STU0653,QUIZ3916,Mathematics,Calculus,30,13,17,43.33,79.38
STU0653,QUIZ3917,Chemistry,Organic Chemistry,19,16,3,84.21,67.62
STU0653,QUIZ3918,Chemistry,Organic Chemistry,30,8,22,26.67,70.57
STU0654,QUIZ3919,Mathematics,Probability,20,14,6,70.0,41.57
STU0654,QUIZ3920,Chemistry,Organic Chemistry,23,19,4,82.61,42.89
STU0654,QUIZ3921,Physics,Electricity,26,8,18,30.77,65.37
STU0654,QUIZ3922,Physics,Motion,28,12,16,42.86,62.82
STU0654,QUIZ3923,Mathematics,Calculus,16,7,9,43.75,63.12
STU0654,QUIZ3924,Physics,Electricity,27,26,1,96.3,42.8
STU0655,QUIZ3925,Biology,Plant Physiology,15,15,0,100.0,81.81
STU0655,QUIZ3926,Physics,Work and Energy,17,11,6,64.71,46.31
STU0655,QUIZ3927,Physics,Laws of Motion,24,7,17,29.17,40.54
STU0655,QUIZ3928,Mathematics,Algebra,26,17,9,65.38,58.0
STU0655,QUIZ3929,Physics,Laws of Motion,23,20,3,86.96,39.48
STU0655,QUIZ3930,Physics,Laws of Motion,21,15,6,71.43,87.49
STU0656,QUIZ3931,Chemistry,Atoms,20,8,12,40.0,24.34
STU0656,QUIZ3932,Physics,Laws of Motion,24,15,9,62.5,52.29
STU0656,QUIZ3933,Biology,Human Body,20,9,11,45.0,78.87
STU0656,QUIZ3934,Mathematics,Algebra,19,9,10,47.37,80.96
STU0656,QUIZ3935,Mathematics,Probability,30,28,2,93.33,29.27
STU0656,QUIZ3936,Physics,Work and Energy,23,21,2,91.3,44.37
STU0657,QUIZ3937,Mathematics,Calculus,20,10,10,50.0,51.93
STU0657,QUIZ3938,Mathematics,Algebra,17,16,1,94.12,43.97
STU0657,QUIZ3939,Physics,Work and Energy,29,17,12,58.62,55.72
STU0657,QUIZ3940,Biology,Genetics,30,22,8,73.33,61.75
STU0657,QUIZ3941,Mathematics,Calculus,24,23,1,95.83,67.97
STU0657,QUIZ3942,Physics,Work and Energy,23,14,9,60.87,32.34
STU0658,QUIZ3943,Mathematics,Calculus,17,12,5,70.59,32.54
STU0658,QUIZ3944,Physics,Motion,28,17,11,60.71,60.59
STU0658,QUIZ3945,Physics,Motion,26,12,14,46.15,21.76
STU0658,QUIZ3946,Biology,Genetics,19,7,12,36.84,40.26
STU0658,QUIZ3947,Physics,Motion,15,14,1,93.33,47.99
STU0658,QUIZ3948,Chemistry,Atoms,20,8,12,40.0,21.65
STU0659,QUIZ3949,Chemistry,Acids and Bases,30,22,8,73.33,64.15
STU0659,QUIZ3950,Chemistry,Organic Chemistry,27,20,7,74.07,26.99
STU0659,QUIZ3951,Mathematics,Probability,18,10,8,55.56,25.2
STU0659,QUIZ3952,Biology,Human Body,28,18,10,64.29,77.11
STU0659,QUIZ3953,Biology,Plant Physiology,19,5,14,26.32,23.93
STU0659,QUIZ3954,Mathematics,Calculus,21,5,16,23.81,45.82
STU0660,QUIZ3955,Physics,Laws of Motion,25,20,5,80.0,69.53
STU0660,QUIZ3956,Chemistry,Chemical Bonding,28,16,12,57.14,21.23
STU0660,QUIZ3957,Biology,Cell,26,20,6,76.92,25.87
STU0660,QUIZ3958,Chemistry,Atoms,19,7,12,36.84,49.81
STU0660,QUIZ3959,Mathematics,Probability,25,25,0,100.0,82.03
STU0660,QUIZ3960,Mathematics,Probability,29,11,18,37.93,84.52
STU0661,QUIZ3961,Chemistry,Chemical Bonding,28,7,21,25.0,45.01
STU0661,QUIZ3962,Biology,Human Body,18,5,13,27.78,88.8
STU0661,QUIZ3963,Mathematics,Algebra,16,6,10,37.5,57.16
STU0661,QUIZ3964,Biology,Cell,18,15,3,83.33,42.04
STU0661,QUIZ3965,Mathematics,Trigonometry,22,19,3,86.36,34.68
STU0661,QUIZ3966,Biology,Plant Physiology,20,18,2,90.0,28.03
STU0662,QUIZ3967,Biology,Cell,17,12,5,70.59,67.06
STU0662,QUIZ3968,Chemistry,Organic Chemistry,15,7,8,46.67,82.71
STU0662,QUIZ3969,Physics,Work and Energy,26,14,12,53.85,82.07
STU0662,QUIZ3970,Biology,Plant Physiology,25,6,19,24.0,35.27
STU0662,QUIZ3971,Chemistry,Atoms,27,16,11,59.26,41.13
STU0662,QUIZ3972,Physics,Motion,25,25,0,100.0,62.61
STU0663,QUIZ3973,Physics,Work and Energy,30,28,2,93.33,79.96
STU0663,QUIZ3974,Biology,Cell,17,6,11,35.29,53.95
STU0663,QUIZ3975,Physics,Laws of Motion,27,14,13,51.85,84.55
STU0663,QUIZ3976,Chemistry,Organic Chemistry,26,17,9,65.38,83.68
STU0663,QUIZ3977,Mathematics,Algebra,25,19,6,76.0,57.06
STU0663,QUIZ3978,Mathematics,Probability,15,13,2,86.67,84.08
STU0664,QUIZ3979,Physics,Laws of Motion,18,14,4,77.78,85.19
STU0664,QUIZ3980,Physics,Laws of Motion,27,21,6,77.78,57.83
STU0664,QUIZ3981,Mathematics,Calculus,28,6,22,21.43,62.25
STU0664,QUIZ3982,Mathematics,Algebra,16,10,6,62.5,33.63
STU0664,QUIZ3983,Mathematics,Probability,16,14,2,87.5,85.02
STU0664,QUIZ3984,Biology,Cell,28,21,7,75.0,75.93
STU0665,QUIZ3985,Biology,Plant Physiology,25,10,15,40.0,73.3
STU0665,QUIZ3986,Physics,Motion,25,10,15,40.0,22.07
STU0665,QUIZ3987,Mathematics,Trigonometry,24,21,3,87.5,38.84
STU0665,QUIZ3988,Chemistry,Organic Chemistry,20,16,4,80.0,53.38
STU0665,QUIZ3989,Biology,Genetics,30,13,17,43.33,58.83
STU0665,QUIZ3990,Chemistry,Atoms,30,19,11,63.33,83.81
STU0666,QUIZ3991,Biology,Genetics,25,22,3,88.0,81.47
STU0666,QUIZ3992,Biology,Human Body,22,6,16,27.27,51.82
STU0666,QUIZ3993,Mathematics,Trigonometry,26,16,10,61.54,57.21
STU0666,QUIZ3994,Biology,Genetics,17,15,2,88.24,63.96
STU0666,QUIZ3995,Physics,Electricity,22,12,10,54.55,31.52
STU0666,QUIZ3996,Chemistry,Organic Chemistry,20,13,7,65.0,30.07
STU0667,QUIZ3997,Mathematics,Calculus,22,22,0,100.0,41.46
STU0667,QUIZ3998,Biology,Cell,18,13,5,72.22,70.89
STU0667,QUIZ3999,Chemistry,Chemical Bonding,17,12,5,70.59,87.39
STU0667,QUIZ4000,Chemistry,Atoms,17,16,1,94.12,46.59
STU0667,QUIZ4001,Biology,Human Body,25,17,8,68.0,41.53
STU0667,QUIZ4002,Biology,Genetics,19,14,5,73.68,54.74
STU0668,QUIZ4003,Physics,Motion,27,5,22,18.52,45.64
STU0668,QUIZ4004,Biology,Genetics,20,16,4,80.0,25.9
STU0668,QUIZ4005,Biology,Plant Physiology,15,10,5,66.67,53.88
STU0668,QUIZ4006,Mathematics,Trigonometry,21,12,9,57.14,64.75
STU0668,QUIZ4007,Mathematics,Trigonometry,20,5,15,25.0,57.54
STU0668,QUIZ4008,Biology,Genetics,27,13,14,48.15,71.24
STU0669,QUIZ4009,Biology,Genetics,15,11,4,73.33,63.31
STU0669,QUIZ4010,Chemistry,Acids and Bases,25,9,16,36.0,81.49
STU0669,QUIZ4011,Physics,Work and Energy,28,9,19,32.14,55.38
STU0669,QUIZ4012,Physics,Laws of Motion,24,19,5,79.17,21.38
STU0669,QUIZ4013,Physics,Laws of Motion,15,12,3,80.0,78.52
STU0669,QUIZ4014,Biology,Plant Physiology,16,6,10,37.5,20.36
STU0670,QUIZ4015,Physics,Work and Energy,22,13,9,59.09,49.34
STU0670,QUIZ4016,Biology,Human Body,19,13,6,68.42,49.09
STU0670,QUIZ4017,Biology,Human Body,27,14,13,51.85,86.01
STU0670,QUIZ4018,Chemistry,Chemical Bonding,25,19,6,76.0,44.69
STU0670,QUIZ4019,Physics,Work and Energy,15,5,10,33.33,37.69
STU0670,QUIZ4020,Physics,Work and Energy,16,6,10,37.5,57.76
STU0671,QUIZ4021,Biology,Genetics,28,9,19,32.14,38.32
STU0671,QUIZ4022,Chemistry,Organic Chemistry,18,13,5,72.22,26.87
STU0671,QUIZ4023,Biology,Human Body,16,6,10,37.5,75.71
STU0671,QUIZ4024,Physics,Work and Energy,23,19,4,82.61,61.98
STU0671,QUIZ4025,Chemistry,Chemical Bonding,23,23,0,100.0,64.03
STU0671,QUIZ4026,Chemistry,Atoms,22,7,15,31.82,40.08
STU0672,QUIZ4027,Physics,Electricity,29,16,13,55.17,43.55
STU0672,QUIZ4028,Biology,Genetics,16,10,6,62.5,82.58
STU0672,QUIZ4029,Biology,Genetics,20,17,3,85.0,55.87
STU0672,QUIZ4030,Physics,Laws of Motion,27,25,2,92.59,36.59
STU0672,QUIZ4031,Chemistry,Atoms,18,14,4,77.78,42.59
STU0672,QUIZ4032,Chemistry,Atoms,20,15,5,75.0,26.07
STU0673,QUIZ4033,Mathematics,Probability,15,11,4,73.33,38.63
STU0673,QUIZ4034,Biology,Human Body,24,15,9,62.5,29.79
STU0673,QUIZ4035,Mathematics,Probability,16,12,4,75.0,56.68
STU0673,QUIZ4036,Mathematics,Algebra,25,5,20,20.0,49.79
STU0673,QUIZ4037,Mathematics,Probability,24,18,6,75.0,29.72
STU0673,QUIZ4038,Biology,Cell,15,10,5,66.67,59.58
STU0674,QUIZ4039,Physics,Electricity,20,8,12,40.0,82.64
STU0674,QUIZ4040,Mathematics,Trigonometry,27,14,13,51.85,76.21
STU0674,QUIZ4041,Biology,Cell,15,9,6,60.0,56.55
STU0674,QUIZ4042,Biology,Genetics,20,13,7,65.0,22.96
STU0674,QUIZ4043,Biology,Genetics,16,8,8,50.0,70.54
STU0674,QUIZ4044,Biology,Genetics,29,10,19,34.48,64.16
STU0675,QUIZ4045,Biology,Human Body,16,11,5,68.75,59.41
STU0675,QUIZ4046,Physics,Laws of Motion,26,7,19,26.92,58.91
STU0675,QUIZ4047,Biology,Genetics,22,16,6,72.73,88.58
STU0675,QUIZ4048,Chemistry,Acids and Bases,23,9,14,39.13,79.02
STU0675,QUIZ4049,Mathematics,Probability,21,20,1,95.24,45.47
STU0675,QUIZ4050,Physics,Work and Energy,22,10,12,45.45,21.58
STU0676,QUIZ4051,Biology,Plant Physiology,16,16,0,100.0,21.36
STU0676,QUIZ4052,Physics,Motion,25,22,3,88.0,28.27
STU0676,QUIZ4053,Chemistry,Chemical Bonding,21,20,1,95.24,54.75
STU0676,QUIZ4054,Biology,Human Body,21,11,10,52.38,83.46
STU0676,QUIZ4055,Physics,Work and Energy,28,9,19,32.14,68.03
STU0676,QUIZ4056,Mathematics,Probability,18,8,10,44.44,73.98
STU0677,QUIZ4057,Chemistry,Atoms,23,22,1,95.65,45.64
STU0677,QUIZ4058,Mathematics,Trigonometry,23,11,12,47.83,86.28
STU0677,QUIZ4059,Mathematics,Probability,17,9,8,52.94,86.9
STU0677,QUIZ4060,Mathematics,Trigonometry,17,5,12,29.41,43.79
STU0677,QUIZ4061,Mathematics,Calculus,25,16,9,64.0,63.59
STU0677,QUIZ4062,Physics,Motion,26,10,16,38.46,73.57
STU0678,QUIZ4063,Biology,Plant Physiology,20,13,7,65.0,66.75
STU0678,QUIZ4064,Physics,Electricity,18,15,3,83.33,42.31
STU0678,QUIZ4065,Mathematics,Algebra,24,22,2,91.67,27.62
STU0678,QUIZ4066,Chemistry,Chemical Bonding,19,13,6,68.42,28.84
STU0678,QUIZ4067,Chemistry,Chemical Bonding,19,11,8,57.89,82.43
STU0678,QUIZ4068,Chemistry,Acids and Bases,28,16,12,57.14,45.3
STU0679,QUIZ4069,Physics,Laws of Motion,24,5,19,20.83,53.19
STU0679,QUIZ4070,Mathematics,Calculus,30,27,3,90.0,64.77
STU0679,QUIZ4071,Mathematics,Trigonometry,16,13,3,81.25,24.37
STU0679,QUIZ4072,Chemistry,Chemical Bonding,25,8,17,32.0,44.75
STU0679,QUIZ4073,Physics,Electricity,22,5,17,22.73,49.11
STU0679,QUIZ4074,Biology,Cell,21,8,13,38.1,74.28
STU0680,QUIZ4075,Chemistry,Organic Chemistry,30,21,9,70.0,56.86
STU0680,QUIZ4076,Physics,Motion,22,19,3,86.36,66.55
STU0680,QUIZ4077,Mathematics,Algebra,21,11,10,52.38,42.83
STU0680,QUIZ4078,Mathematics,Probability,18,10,8,55.56,34.56
STU0680,QUIZ4079,Mathematics,Algebra,15,6,9,40.0,59.05
STU0680,QUIZ4080,Chemistry,Acids and Bases,15,6,9,40.0,31.22
STU0681,QUIZ4081,Mathematics,Probability,30,21,9,70.0,23.42
STU0681,QUIZ4082,Biology,Human Body,29,20,9,68.97,77.87
STU0681,QUIZ4083,Chemistry,Chemical Bonding,23,19,4,82.61,86.95
STU0681,QUIZ4084,Chemistry,Atoms,19,17,2,89.47,78.54
STU0681,QUIZ4085,Biology,Cell,26,24,2,92.31,51.54
STU0681,QUIZ4086,Biology,Human Body,30,16,14,53.33,49.14
STU0682,QUIZ4087,Physics,Motion,29,5,24,17.24,21.35
STU0682,QUIZ4088,Chemistry,Organic Chemistry,17,11,6,64.71,25.06
STU0682,QUIZ4089,Biology,Human Body,30,16,14,53.33,55.58
STU0682,QUIZ4090,Biology,Plant Physiology,25,8,17,32.0,30.28
STU0682,QUIZ4091,Chemistry,Atoms,17,13,4,76.47,66.06
STU0682,QUIZ4092,Physics,Work and Energy,17,13,4,76.47,52.12
STU0683,QUIZ4093,Biology,Genetics,23,6,17,26.09,20.51
STU0683,QUIZ4094,Chemistry,Acids and Bases,24,11,13,45.83,54.03
STU0683,QUIZ4095,Biology,Plant Physiology,24,11,13,45.83,89.32
STU0683,QUIZ4096,Biology,Genetics,17,17,0,100.0,42.83
STU0683,QUIZ4097,Biology,Cell,28,12,16,42.86,50.2
STU0683,QUIZ4098,Mathematics,Algebra,15,5,10,33.33,70.36
STU0684,QUIZ4099,Chemistry,Acids and Bases,25,16,9,64.0,31.58
STU0684,QUIZ4100,Biology,Genetics,23,6,17,26.09,71.06
STU0684,QUIZ4101,Chemistry,Chemical Bonding,22,11,11,50.0,82.21
STU0684,QUIZ4102,Biology,Genetics,15,12,3,80.0,41.8
STU0684,QUIZ4103,Chemistry,Atoms,16,5,11,31.25,89.05
STU0684,QUIZ4104,Biology,Plant Physiology,24,15,9,62.5,28.77
STU0685,QUIZ4105,Mathematics,Calculus,21,19,2,90.48,78.53
STU0685,QUIZ4106,Biology,Genetics,17,14,3,82.35,69.34
STU0685,QUIZ4107,Mathematics,Algebra,29,9,20,31.03,21.56
STU0685,QUIZ4108,Chemistry,Organic Chemistry,17,11,6,64.71,76.11
STU0685,QUIZ4109,Physics,Electricity,28,5,23,17.86,55.05
STU0685,QUIZ4110,Mathematics,Trigonometry,22,6,16,27.27,37.17
STU0686,QUIZ4111,Chemistry,Organic Chemistry,22,8,14,36.36,23.76
STU0686,QUIZ4112,Chemistry,Chemical Bonding,17,15,2,88.24,58.85
STU0686,QUIZ4113,Physics,Work and Energy,21,11,10,52.38,41.67
STU0686,QUIZ4114,Mathematics,Probability,30,23,7,76.67,82.06
STU0686,QUIZ4115,Physics,Motion,30,5,25,16.67,26.17
STU0686,QUIZ4116,Physics,Laws of Motion,17,11,6,64.71,39.39
STU0687,QUIZ4117,Physics,Electricity,22,9,13,40.91,53.62
STU0687,QUIZ4118,Biology,Human Body,23,20,3,86.96,89.68
STU0687,QUIZ4119,Biology,Human Body,20,15,5,75.0,30.03
STU0687,QUIZ4120,Chemistry,Chemical Bonding,15,6,9,40.0,68.83
STU0687,QUIZ4121,Physics,Work and Energy,22,14,8,63.64,82.78
STU0687,QUIZ4122,Biology,Plant Physiology,29,10,19,34.48,57.19
STU0688,QUIZ4123,Chemistry,Atoms,26,5,21,19.23,53.85
STU0688,QUIZ4124,Mathematics,Trigonometry,25,22,3,88.0,20.13
STU0688,QUIZ4125,Physics,Electricity,25,25,0,100.0,43.5
STU0688,QUIZ4126,Chemistry,Atoms,28,20,8,71.43,47.33
STU0688,QUIZ4127,Biology,Genetics,25,23,2,92.0,50.33
STU0688,QUIZ4128,Biology,Cell,21,8,13,38.1,69.39
STU0689,QUIZ4129,Mathematics,Algebra,26,13,13,50.0,62.63
STU0689,QUIZ4130,Physics,Work and Energy,20,5,15,25.0,77.21
STU0689,QUIZ4131,Mathematics,Probability,19,5,14,26.32,25.27
STU0689,QUIZ4132,Biology,Human Body,18,18,0,100.0,85.8
STU0689,QUIZ4133,Mathematics,Probability,22,15,7,68.18,79.47
STU0689,QUIZ4134,Chemistry,Organic Chemistry,27,10,17,37.04,60.97
STU0690,QUIZ4135,Physics,Laws of Motion,29,29,0,100.0,37.76
STU0690,QUIZ4136,Mathematics,Calculus,29,21,8,72.41,85.02
STU0690,QUIZ4137,Chemistry,Acids and Bases,25,19,6,76.0,82.13
STU0690,QUIZ4138,Biology,Cell,26,22,4,84.62,37.24
STU0690,QUIZ4139,Mathematics,Calculus,24,21,3,87.5,59.47
STU0690,QUIZ4140,Physics,Motion,26,22,4,84.62,25.81
STU0691,QUIZ4141,Biology,Cell,19,17,2,89.47,59.19
STU0691,QUIZ4142,Physics,Work and Energy,29,26,3,89.66,24.56
STU0691,QUIZ4143,Mathematics,Trigonometry,30,26,4,86.67,67.67
STU0691,QUIZ4144,Mathematics,Algebra,29,20,9,68.97,27.06
STU0691,QUIZ4145,Physics,Motion,21,21,0,100.0,71.12
STU0691,QUIZ4146,Biology,Human Body,25,10,15,40.0,41.08
STU0692,QUIZ4147,Physics,Laws of Motion,24,16,8,66.67,22.3
STU0692,QUIZ4148,Biology,Plant Physiology,28,8,20,28.57,81.09
STU0692,QUIZ4149,Biology,Genetics,26,10,16,38.46,62.92
STU0692,QUIZ4150,Chemistry,Atoms,20,11,9,55.0,35.31
STU0692,QUIZ4151,Mathematics,Algebra,15,8,7,53.33,76.26
STU0692,QUIZ4152,Physics,Work and Energy,24,15,9,62.5,37.82
STU0693,QUIZ4153,Mathematics,Calculus,19,8,11,42.11,70.04
STU0693,QUIZ4154,Physics,Motion,15,15,0,100.0,58.46
STU0693,QUIZ4155,Mathematics,Trigonometry,30,14,16,46.67,63.61
STU0693,QUIZ4156,Chemistry,Chemical Bonding,21,11,10,52.38,35.63
STU0693,QUIZ4157,Biology,Genetics,16,8,8,50.0,39.42
STU0693,QUIZ4158,Chemistry,Chemical Bonding,27,12,15,44.44,46.61
STU0694,QUIZ4159,Physics,Motion,22,12,10,54.55,58.82
STU0694,QUIZ4160,Biology,Cell,15,14,1,93.33,51.07
STU0694,QUIZ4161,Biology,Plant Physiology,26,11,15,42.31,59.9
STU0694,QUIZ4162,Biology,Human Body,26,14,12,53.85,37.94
STU0694,QUIZ4163,Physics,Work and Energy,24,11,13,45.83,24.67
STU0694,QUIZ4164,Biology,Genetics,15,15,0,100.0,56.09
STU0695,QUIZ4165,Physics,Electricity,24,7,17,29.17,53.99
STU0695,QUIZ4166,Mathematics,Algebra,26,18,8,69.23,52.85
STU0695,QUIZ4167,Physics,Laws of Motion,18,5,13,27.78,32.39
STU0695,QUIZ4168,Mathematics,Algebra,24,16,8,66.67,49.08
STU0695,QUIZ4169,Physics,Work and Energy,15,9,6,60.0,53.53
STU0695,QUIZ4170,Biology,Genetics,20,7,13,35.0,29.44
STU0696,QUIZ4171,Chemistry,Atoms,23,19,4,82.61,76.94
STU0696,QUIZ4172,Physics,Work and Energy,18,11,7,61.11,39.06
STU0696,QUIZ4173,Mathematics,Calculus,21,16,5,76.19,40.95
STU0696,QUIZ4174,Chemistry,Acids and Bases,22,7,15,31.82,54.69
STU0696,QUIZ4175,Mathematics,Trigonometry,29,9,20,31.03,86.8
STU0696,QUIZ4176,Physics,Electricity,17,9,8,52.94,48.11
STU0697,QUIZ4177,Physics,Motion,26,19,7,73.08,73.29
STU0697,QUIZ4178,Chemistry,Atoms,25,7,18,28.0,66.92
STU0697,QUIZ4179,Biology,Plant Physiology,18,13,5,72.22,20.79
STU0697,QUIZ4180,Physics,Laws of Motion,23,7,16,30.43,83.28
STU0697,QUIZ4181,Physics,Electricity,28,10,18,35.71,53.96
STU0697,QUIZ4182,Physics,Electricity,26,5,21,19.23,55.39
STU0698,QUIZ4183,Chemistry,Acids and Bases,25,17,8,68.0,69.94
STU0698,QUIZ4184,Mathematics,Trigonometry,29,10,19,34.48,46.1
STU0698,QUIZ4185,Physics,Work and Energy,18,6,12,33.33,38.96
STU0698,QUIZ4186,Biology,Cell,21,12,9,57.14,88.98
STU0698,QUIZ4187,Biology,Genetics,17,12,5,70.59,83.8
STU0698,QUIZ4188,Mathematics,Calculus,28,23,5,82.14,55.43
STU0699,QUIZ4189,Biology,Cell,20,17,3,85.0,32.66
STU0699,QUIZ4190,Physics,Electricity,16,13,3,81.25,35.04
STU0699,QUIZ4191,Chemistry,Organic Chemistry,19,12,7,63.16,25.13
STU0699,QUIZ4192,Physics,Laws of Motion,24,7,17,29.17,80.27
STU0699,QUIZ4193,Mathematics,Algebra,28,17,11,60.71,46.96
STU0699,QUIZ4194,Chemistry,Atoms,29,26,3,89.66,41.31
STU0700,QUIZ4195,Biology,Human Body,17,15,2,88.24,82.53
STU0700,QUIZ4196,Physics,Motion,16,9,7,56.25,62.62
STU0700,QUIZ4197,Physics,Laws of Motion,24,23,1,95.83,58.57
STU0700,QUIZ4198,Biology,Human Body,21,6,15,28.57,45.5
STU0700,QUIZ4199,Physics,Electricity,29,12,17,41.38,47.12
STU0700,QUIZ4200,Physics,Electricity,26,24,2,92.31,89.23
STU0701,QUIZ4201,Mathematics,Trigonometry,20,10,10,50.0,38.1
STU0701,QUIZ4202,Physics,Work and Energy,23,18,5,78.26,24.32
STU0701,QUIZ4203,Chemistry,Chemical Bonding,24,22,2,91.67,87.67
STU0701,QUIZ4204,Biology,Plant Physiology,15,12,3,80.0,32.9
STU0701,QUIZ4205,Physics,Work and Energy,22,15,7,68.18,22.57
STU0701,QUIZ4206,Mathematics,Algebra,28,21,7,75.0,54.42
STU0702,QUIZ4207,Mathematics,Calculus,15,7,8,46.67,83.08
STU0702,QUIZ4208,Chemistry,Acids and Bases,15,7,8,46.67,73.87
STU0702,QUIZ4209,Chemistry,Chemical Bonding,26,15,11,57.69,79.34
STU0702,QUIZ4210,Physics,Motion,24,12,12,50.0,48.41
STU0702,QUIZ4211,Physics,Electricity,16,16,0,100.0,60.91
STU0702,QUIZ4212,Physics,Motion,24,22,2,91.67,67.27
STU0703,QUIZ4213,Biology,Genetics,28,21,7,75.0,41.48
STU0703,QUIZ4214,Biology,Cell,15,10,5,66.67,33.38
STU0703,QUIZ4215,Biology,Human Body,21,9,12,42.86,34.51
STU0703,QUIZ4216,Physics,Work and Energy,25,10,15,40.0,86.75
STU0703,QUIZ4217,Chemistry,Chemical Bonding,23,9,14,39.13,72.07
STU0703,QUIZ4218,Physics,Work and Energy,29,27,2,93.1,85.76
STU0704,QUIZ4219,Chemistry,Atoms,20,13,7,65.0,64.05
STU0704,QUIZ4220,Biology,Human Body,16,11,5,68.75,34.85
STU0704,QUIZ4221,Physics,Motion,20,12,8,60.0,51.27
STU0704,QUIZ4222,Mathematics,Algebra,25,9,16,36.0,57.26
STU0704,QUIZ4223,Mathematics,Algebra,25,13,12,52.0,81.42
STU0704,QUIZ4224,Mathematics,Calculus,20,9,11,45.0,52.28
STU0705,QUIZ4225,Physics,Motion,23,14,9,60.87,36.3
STU0705,QUIZ4226,Chemistry,Chemical Bonding,21,6,15,28.57,84.05
STU0705,QUIZ4227,Mathematics,Probability,30,24,6,80.0,45.09
STU0705,QUIZ4228,Biology,Human Body,30,19,11,63.33,61.08
STU0705,QUIZ4229,Mathematics,Algebra,20,11,9,55.0,87.36
STU0705,QUIZ4230,Mathematics,Calculus,24,14,10,58.33,81.37
STU0706,QUIZ4231,Biology,Genetics,23,20,3,86.96,75.26
STU0706,QUIZ4232,Physics,Laws of Motion,27,9,18,33.33,33.82
STU0706,QUIZ4233,Mathematics,Probability,15,8,7,53.33,37.69
STU0706,QUIZ4234,Physics,Motion,26,18,8,69.23,42.02
STU0706,QUIZ4235,Biology,Human Body,18,8,10,44.44,29.48
STU0706,QUIZ4236,Chemistry,Acids and Bases,30,22,8,73.33,63.06
STU0707,QUIZ4237,Biology,Genetics,16,16,0,100.0,89.83
STU0707,QUIZ4238,Biology,Genetics,26,5,21,19.23,51.02
STU0707,QUIZ4239,Chemistry,Chemical Bonding,20,17,3,85.0,43.62
STU0707,QUIZ4240,Mathematics,Trigonometry,23,8,15,34.78,89.57
STU0707,QUIZ4241,Biology,Human Body,30,24,6,80.0,36.68
STU0707,QUIZ4242,Physics,Work and Energy,17,8,9,47.06,73.66
STU0708,QUIZ4243,Mathematics,Calculus,21,12,9,57.14,70.83
STU0708,QUIZ4244,Physics,Laws of Motion,23,10,13,43.48,52.9
STU0708,QUIZ4245,Mathematics,Probability,15,5,10,33.33,38.91
STU0708,QUIZ4246,Mathematics,Trigonometry,30,21,9,70.0,56.3
STU0708,QUIZ4247,Mathematics,Calculus,23,17,6,73.91,63.77
STU0708,QUIZ4248,Mathematics,Probability,20,12,8,60.0,59.97
STU0709,QUIZ4249,Physics,Motion,24,21,3,87.5,22.93
STU0709,QUIZ4250,Chemistry,Acids and Bases,26,25,1,96.15,46.95
STU0709,QUIZ4251,Mathematics,Calculus,20,9,11,45.0,61.0
STU0709,QUIZ4252,Chemistry,Acids and Bases,30,21,9,70.0,75.61
STU0709,QUIZ4253,Biology,Human Body,19,14,5,73.68,36.72
STU0709,QUIZ4254,Biology,Human Body,23,6,17,26.09,53.84
STU0710,QUIZ4255,Mathematics,Probability,24,12,12,50.0,40.77
STU0710,QUIZ4256,Physics,Motion,28,6,22,21.43,30.47
STU0710,QUIZ4257,Chemistry,Organic Chemistry,25,20,5,80.0,31.39
STU0710,QUIZ4258,Chemistry,Atoms,18,13,5,72.22,67.74
STU0710,QUIZ4259,Biology,Human Body,30,22,8,73.33,75.57
STU0710,QUIZ4260,Physics,Laws of Motion,23,5,18,21.74,25.17
STU0711,QUIZ4261,Chemistry,Chemical Bonding,20,10,10,50.0,32.56
STU0711,QUIZ4262,Physics,Electricity,15,12,3,80.0,36.01
STU0711,QUIZ4263,Chemistry,Acids and Bases,25,13,12,52.0,67.08
STU0711,QUIZ4264,Biology,Human Body,25,24,1,96.0,41.22
STU0711,QUIZ4265,Biology,Plant Physiology,30,16,14,53.33,68.05
STU0711,QUIZ4266,Physics,Laws of Motion,25,5,20,20.0,41.31
STU0712,QUIZ4267,Biology,Genetics,18,12,6,66.67,87.54
STU0712,QUIZ4268,Biology,Genetics,25,19,6,76.0,47.48
STU0712,QUIZ4269,Mathematics,Trigonometry,26,24,2,92.31,48.36
STU0712,QUIZ4270,Mathematics,Calculus,26,8,18,30.77,65.92
STU0712,QUIZ4271,Physics,Laws of Motion,15,8,7,53.33,70.19
STU0712,QUIZ4272,Physics,Laws of Motion,20,11,9,55.0,38.21
STU0713,QUIZ4273,Physics,Work and Energy,26,15,11,57.69,66.87
STU0713,QUIZ4274,Mathematics,Algebra,24,24,0,100.0,83.64
STU0713,QUIZ4275,Physics,Laws of Motion,24,14,10,58.33,85.45
STU0713,QUIZ4276,Mathematics,Calculus,18,8,10,44.44,49.75
STU0713,QUIZ4277,Biology,Human Body,18,8,10,44.44,76.29
STU0713,QUIZ4278,Biology,Genetics,26,18,8,69.23,81.54
STU0714,QUIZ4279,Mathematics,Calculus,18,5,13,27.78,28.19
STU0714,QUIZ4280,Physics,Motion,19,18,1,94.74,27.47
STU0714,QUIZ4281,Physics,Laws of Motion,18,11,7,61.11,48.63
STU0714,QUIZ4282,Chemistry,Chemical Bonding,15,14,1,93.33,81.26
STU0714,QUIZ4283,Mathematics,Trigonometry,24,24,0,100.0,39.8
STU0714,QUIZ4284,Physics,Laws of Motion,24,7,17,29.17,57.56
STU0715,QUIZ4285,Mathematics,Calculus,20,13,7,65.0,61.49
STU0715,QUIZ4286,Chemistry,Chemical Bonding,20,14,6,70.0,89.98
STU0715,QUIZ4287,Chemistry,Acids and Bases,19,19,0,100.0,38.01
STU0715,QUIZ4288,Biology,Cell,21,8,13,38.1,73.0
STU0715,QUIZ4289,Chemistry,Organic Chemistry,16,10,6,62.5,22.39
STU0715,QUIZ4290,Biology,Human Body,29,13,16,44.83,50.12
STU0716,QUIZ4291,Mathematics,Algebra,27,21,6,77.78,32.06
STU0716,QUIZ4292,Mathematics,Trigonometry,27,10,17,37.04,58.11
STU0716,QUIZ4293,Mathematics,Trigonometry,16,10,6,62.5,28.7
STU0716,QUIZ4294,Biology,Genetics,29,24,5,82.76,63.97
STU0716,QUIZ4295,Biology,Cell,29,27,2,93.1,32.38
STU0716,QUIZ4296,Physics,Work and Energy,19,16,3,84.21,24.76
STU0717,QUIZ4297,Mathematics,Algebra,16,15,1,93.75,86.68
STU0717,QUIZ4298,Physics,Electricity,17,10,7,58.82,74.56
STU0717,QUIZ4299,Physics,Motion,21,17,4,80.95,41.48
STU0717,QUIZ4300,Physics,Work and Energy,26,18,8,69.23,77.76
STU0717,QUIZ4301,Mathematics,Trigonometry,17,10,7,58.82,60.85
STU0717,QUIZ4302,Biology,Plant Physiology,29,14,15,48.28,68.8
STU0718,QUIZ4303,Mathematics,Probability,25,23,2,92.0,30.99
STU0718,QUIZ4304,Physics,Electricity,29,21,8,72.41,47.01
STU0718,QUIZ4305,Biology,Plant Physiology,20,17,3,85.0,66.63
STU0718,QUIZ4306,Biology,Human Body,18,16,2,88.89,46.08
STU0718,QUIZ4307,Chemistry,Organic Chemistry,18,11,7,61.11,72.67
STU0718,QUIZ4308,Chemistry,Organic Chemistry,15,13,2,86.67,80.39
STU0719,QUIZ4309,Physics,Motion,17,7,10,41.18,63.42
STU0719,QUIZ4310,Physics,Electricity,23,22,1,95.65,57.05
STU0719,QUIZ4311,Mathematics,Calculus,27,20,7,74.07,64.89
STU0719,QUIZ4312,Physics,Electricity,25,17,8,68.0,45.23
STU0719,QUIZ4313,Physics,Laws of Motion,20,8,12,40.0,76.97
STU0719,QUIZ4314,Physics,Laws of Motion,27,21,6,77.78,25.22
STU0720,QUIZ4315,Biology,Plant Physiology,21,11,10,52.38,27.46
STU0720,QUIZ4316,Physics,Electricity,22,6,16,27.27,22.4
STU0720,QUIZ4317,Biology,Genetics,29,10,19,34.48,22.42
STU0720,QUIZ4318,Mathematics,Calculus,24,10,14,41.67,24.21
STU0720,QUIZ4319,Mathematics,Calculus,15,8,7,53.33,32.63
STU0720,QUIZ4320,Physics,Work and Energy,26,24,2,92.31,32.11
STU0721,QUIZ4321,Mathematics,Algebra,26,15,11,57.69,87.0
STU0721,QUIZ4322,Physics,Laws of Motion,26,26,0,100.0,39.33
STU0721,QUIZ4323,Physics,Motion,18,14,4,77.78,48.36
STU0721,QUIZ4324,Chemistry,Atoms,18,10,8,55.56,54.43
STU0721,QUIZ4325,Physics,Motion,30,26,4,86.67,22.47
STU0721,QUIZ4326,Biology,Cell,22,22,0,100.0,30.25
STU0722,QUIZ4327,Physics,Motion,26,9,17,34.62,76.98
STU0722,QUIZ4328,Mathematics,Calculus,23,22,1,95.65,73.59
STU0722,QUIZ4329,Biology,Human Body,25,9,16,36.0,45.7
STU0722,QUIZ4330,Mathematics,Trigonometry,16,5,11,31.25,33.92
STU0722,QUIZ4331,Physics,Laws of Motion,21,17,4,80.95,55.64
STU0722,QUIZ4332,Physics,Electricity,23,5,18,21.74,53.53
STU0723,QUIZ4333,Mathematics,Probability,15,8,7,53.33,34.34
STU0723,QUIZ4334,Biology,Plant Physiology,15,10,5,66.67,59.24
STU0723,QUIZ4335,Biology,Plant Physiology,29,16,13,55.17,49.05
STU0723,QUIZ4336,Biology,Cell,20,20,0,100.0,29.17
STU0723,QUIZ4337,Biology,Genetics,29,20,9,68.97,46.35
STU0723,QUIZ4338,Chemistry,Chemical Bonding,19,12,7,63.16,40.93
STU0724,QUIZ4339,Biology,Genetics,25,22,3,88.0,31.21
STU0724,QUIZ4340,Chemistry,Acids and Bases,19,8,11,42.11,45.87
STU0724,QUIZ4341,Chemistry,Acids and Bases,26,26,0,100.0,41.09
STU0724,QUIZ4342,Mathematics,Trigonometry,28,18,10,64.29,77.78
STU0724,QUIZ4343,Chemistry,Atoms,17,9,8,52.94,68.18
STU0724,QUIZ4344,Biology,Genetics,28,10,18,35.71,63.09
STU0725,QUIZ4345,Biology,Human Body,29,8,21,27.59,56.9
STU0725,QUIZ4346,Mathematics,Calculus,24,18,6,75.0,54.04
STU0725,QUIZ4347,Biology,Cell,26,19,7,73.08,67.81
STU0725,QUIZ4348,Chemistry,Chemical Bonding,24,6,18,25.0,31.17
STU0725,QUIZ4349,Biology,Human Body,17,15,2,88.24,22.61
STU0725,QUIZ4350,Physics,Motion,23,17,6,73.91,59.79
STU0726,QUIZ4351,Mathematics,Calculus,20,12,8,60.0,49.67
STU0726,QUIZ4352,Physics,Laws of Motion,24,15,9,62.5,68.68
STU0726,QUIZ4353,Chemistry,Organic Chemistry,26,7,19,26.92,83.18
STU0726,QUIZ4354,Chemistry,Organic Chemistry,23,10,13,43.48,72.84
STU0726,QUIZ4355,Physics,Work and Energy,26,22,4,84.62,69.3
STU0726,QUIZ4356,Biology,Human Body,20,18,2,90.0,79.15
STU0727,QUIZ4357,Physics,Laws of Motion,19,13,6,68.42,68.76
STU0727,QUIZ4358,Biology,Cell,21,20,1,95.24,80.19
STU0727,QUIZ4359,Mathematics,Probability,30,5,25,16.67,78.08
STU0727,QUIZ4360,Chemistry,Atoms,26,12,14,46.15,53.03
STU0727,QUIZ4361,Mathematics,Calculus,18,15,3,83.33,57.72
STU0727,QUIZ4362,Mathematics,Algebra,29,26,3,89.66,71.22
STU0728,QUIZ4363,Chemistry,Chemical Bonding,20,6,14,30.0,71.57
STU0728,QUIZ4364,Chemistry,Atoms,25,19,6,76.0,68.43
STU0728,QUIZ4365,Physics,Motion,16,9,7,56.25,71.96
STU0728,QUIZ4366,Mathematics,Calculus,20,14,6,70.0,42.17
STU0728,QUIZ4367,Physics,Motion,21,21,0,100.0,88.5
STU0728,QUIZ4368,Biology,Genetics,29,11,18,37.93,68.9
STU0729,QUIZ4369,Mathematics,Probability,30,30,0,100.0,55.71
STU0729,QUIZ4370,Physics,Laws of Motion,21,16,5,76.19,87.4
STU0729,QUIZ4371,Physics,Work and Energy,18,15,3,83.33,77.18
STU0729,QUIZ4372,Biology,Plant Physiology,15,8,7,53.33,23.46
STU0729,QUIZ4373,Biology,Plant Physiology,16,14,2,87.5,41.56
STU0729,QUIZ4374,Mathematics,Trigonometry,27,10,17,37.04,58.56
STU0730,QUIZ4375,Chemistry,Chemical Bonding,29,26,3,89.66,61.52
STU0730,QUIZ4376,Biology,Plant Physiology,28,18,10,64.29,31.93
STU0730,QUIZ4377,Physics,Work and Energy,22,8,14,36.36,58.6
STU0730,QUIZ4378,Chemistry,Chemical Bonding,26,17,9,65.38,58.96
STU0730,QUIZ4379,Mathematics,Calculus,16,14,2,87.5,80.49
STU0730,QUIZ4380,Biology,Human Body,23,16,7,69.57,83.82
STU0731,QUIZ4381,Biology,Cell,20,14,6,70.0,42.62
STU0731,QUIZ4382,Physics,Work and Energy,22,20,2,90.91,60.68
STU0731,QUIZ4383,Chemistry,Organic Chemistry,29,14,15,48.28,40.58
STU0731,QUIZ4384,Biology,Human Body,25,15,10,60.0,34.67
STU0731,QUIZ4385,Physics,Laws of Motion,19,10,9,52.63,59.46
STU0731,QUIZ4386,Biology,Genetics,18,13,5,72.22,44.39
STU0732,QUIZ4387,Mathematics,Calculus,27,22,5,81.48,74.26
STU0732,QUIZ4388,Chemistry,Chemical Bonding,18,16,2,88.89,59.15
STU0732,QUIZ4389,Chemistry,Acids and Bases,16,12,4,75.0,55.66
STU0732,QUIZ4390,Biology,Cell,17,15,2,88.24,40.45
STU0732,QUIZ4391,Physics,Motion,27,27,0,100.0,49.26
STU0732,QUIZ4392,Chemistry,Atoms,28,15,13,53.57,42.42
STU0733,QUIZ4393,Physics,Work and Energy,15,7,8,46.67,39.08
STU0733,QUIZ4394,Biology,Plant Physiology,19,9,10,47.37,56.01
STU0733,QUIZ4395,Mathematics,Trigonometry,28,22,6,78.57,43.4
STU0733,QUIZ4396,Mathematics,Probability,18,15,3,83.33,87.41
STU0733,QUIZ4397,Physics,Electricity,28,19,9,67.86,54.78
STU0733,QUIZ4398,Biology,Human Body,15,12,3,80.0,44.6
STU0734,QUIZ4399,Mathematics,Probability,28,10,18,35.71,34.3
STU0734,QUIZ4400,Mathematics,Algebra,18,11,7,61.11,71.88
STU0734,QUIZ4401,Physics,Electricity,16,15,1,93.75,82.43
STU0734,QUIZ4402,Biology,Plant Physiology,20,17,3,85.0,41.2
STU0734,QUIZ4403,Biology,Genetics,21,15,6,71.43,47.23
STU0734,QUIZ4404,Biology,Plant Physiology,29,19,10,65.52,60.7
STU0735,QUIZ4405,Mathematics,Calculus,23,12,11,52.17,20.78
STU0735,QUIZ4406,Mathematics,Algebra,27,6,21,22.22,76.98
STU0735,QUIZ4407,Mathematics,Calculus,30,14,16,46.67,88.34
STU0735,QUIZ4408,Biology,Human Body,19,17,2,89.47,23.44
STU0735,QUIZ4409,Biology,Human Body,20,6,14,30.0,81.43
STU0735,QUIZ4410,Mathematics,Trigonometry,15,9,6,60.0,43.57
STU0736,QUIZ4411,Chemistry,Organic Chemistry,28,6,22,21.43,74.54
STU0736,QUIZ4412,Mathematics,Trigonometry,28,23,5,82.14,36.1
STU0736,QUIZ4413,Biology,Human Body,15,11,4,73.33,32.14
STU0736,QUIZ4414,Physics,Work and Energy,24,18,6,75.0,74.8
STU0736,QUIZ4415,Biology,Cell,23,12,11,52.17,72.29
STU0736,QUIZ4416,Mathematics,Algebra,19,19,0,100.0,78.03
STU0737,QUIZ4417,Biology,Genetics,28,25,3,89.29,33.93
STU0737,QUIZ4418,Biology,Plant Physiology,23,14,9,60.87,56.26
STU0737,QUIZ4419,Chemistry,Organic Chemistry,24,15,9,62.5,52.43
STU0737,QUIZ4420,Chemistry,Chemical Bonding,23,16,7,69.57,83.34
STU0737,QUIZ4421,Mathematics,Probability,16,9,7,56.25,46.28
STU0737,QUIZ4422,Chemistry,Organic Chemistry,15,9,6,60.0,29.55
STU0738,QUIZ4423,Biology,Plant Physiology,15,9,6,60.0,68.41
STU0738,QUIZ4424,Physics,Work and Energy,23,13,10,56.52,64.44
STU0738,QUIZ4425,Physics,Motion,28,21,7,75.0,88.76
STU0738,QUIZ4426,Chemistry,Atoms,25,5,20,20.0,68.92
STU0738,QUIZ4427,Biology,Human Body,15,7,8,46.67,66.68
STU0738,QUIZ4428,Mathematics,Calculus,20,10,10,50.0,47.04
STU0739,QUIZ4429,Physics,Work and Energy,26,21,5,80.77,44.46
STU0739,QUIZ4430,Chemistry,Chemical Bonding,24,11,13,45.83,63.47
STU0739,QUIZ4431,Physics,Motion,22,13,9,59.09,60.15
STU0739,QUIZ4432,Biology,Human Body,29,21,8,72.41,67.11
STU0739,QUIZ4433,Mathematics,Trigonometry,25,15,10,60.0,60.55
STU0739,QUIZ4434,Chemistry,Atoms,26,15,11,57.69,52.64
STU0740,QUIZ4435,Mathematics,Trigonometry,20,17,3,85.0,84.07
STU0740,QUIZ4436,Chemistry,Acids and Bases,28,13,15,46.43,76.59
STU0740,QUIZ4437,Biology,Human Body,30,17,13,56.67,61.64
STU0740,QUIZ4438,Physics,Motion,26,19,7,73.08,55.63
STU0740,QUIZ4439,Physics,Electricity,30,13,17,43.33,87.64
STU0740,QUIZ4440,Physics,Laws of Motion,21,19,2,90.48,67.8
STU0741,QUIZ4441,Chemistry,Acids and Bases,21,15,6,71.43,62.36
STU0741,QUIZ4442,Biology,Human Body,29,13,16,44.83,22.33
STU0741,QUIZ4443,Physics,Electricity,23,6,17,26.09,21.23
STU0741,QUIZ4444,Physics,Electricity,15,14,1,93.33,48.89
STU0741,QUIZ4445,Biology,Genetics,26,12,14,46.15,46.06
STU0741,QUIZ4446,Biology,Genetics,26,5,21,19.23,61.98
STU0742,QUIZ4447,Chemistry,Chemical Bonding,19,9,10,47.37,32.38
STU0742,QUIZ4448,Biology,Cell,29,11,18,37.93,43.5
STU0742,QUIZ4449,Chemistry,Acids and Bases,19,14,5,73.68,26.76
STU0742,QUIZ4450,Chemistry,Acids and Bases,18,7,11,38.89,85.9
STU0742,QUIZ4451,Mathematics,Trigonometry,22,14,8,63.64,65.27
STU0742,QUIZ4452,Physics,Motion,16,5,11,31.25,57.88
STU0743,QUIZ4453,Chemistry,Atoms,23,16,7,69.57,36.71
STU0743,QUIZ4454,Chemistry,Acids and Bases,29,13,16,44.83,36.75
STU0743,QUIZ4455,Chemistry,Chemical Bonding,21,11,10,52.38,38.98
STU0743,QUIZ4456,Chemistry,Atoms,28,28,0,100.0,62.64
STU0743,QUIZ4457,Biology,Plant Physiology,17,5,12,29.41,79.86
STU0743,QUIZ4458,Physics,Electricity,15,14,1,93.33,23.13
STU0744,QUIZ4459,Physics,Work and Energy,26,14,12,53.85,48.24
STU0744,QUIZ4460,Chemistry,Organic Chemistry,27,18,9,66.67,68.1
STU0744,QUIZ4461,Chemistry,Acids and Bases,27,21,6,77.78,21.27
STU0744,QUIZ4462,Mathematics,Calculus,19,5,14,26.32,30.91
STU0744,QUIZ4463,Mathematics,Trigonometry,26,25,1,96.15,57.82
STU0744,QUIZ4464,Physics,Work and Energy,29,7,22,24.14,51.81
STU0745,QUIZ4465,Physics,Work and Energy,24,18,6,75.0,21.18
STU0745,QUIZ4466,Biology,Cell,20,7,13,35.0,58.25
STU0745,QUIZ4467,Mathematics,Probability,28,13,15,46.43,75.62
STU0745,QUIZ4468,Chemistry,Atoms,26,6,20,23.08,54.92
STU0745,QUIZ4469,Mathematics,Algebra,29,24,5,82.76,47.57
STU0745,QUIZ4470,Physics,Motion,23,15,8,65.22,35.33
STU0746,QUIZ4471,Mathematics,Trigonometry,19,8,11,42.11,78.23
STU0746,QUIZ4472,Physics,Motion,30,23,7,76.67,23.02
STU0746,QUIZ4473,Physics,Work and Energy,19,15,4,78.95,42.65
STU0746,QUIZ4474,Chemistry,Atoms,29,26,3,89.66,79.13
STU0746,QUIZ4475,Mathematics,Probability,19,6,13,31.58,56.38
STU0746,QUIZ4476,Biology,Cell,20,5,15,25.0,76.03
STU0747,QUIZ4477,Chemistry,Organic Chemistry,25,12,13,48.0,61.47
STU0747,QUIZ4478,Physics,Laws of Motion,28,19,9,67.86,36.09
STU0747,QUIZ4479,Mathematics,Calculus,16,7,9,43.75,21.39
STU0747,QUIZ4480,Biology,Plant Physiology,30,20,10,66.67,49.0
STU0747,QUIZ4481,Chemistry,Acids and Bases,16,7,9,43.75,69.35
STU0747,QUIZ4482,Chemistry,Acids and Bases,22,20,2,90.91,39.89
STU0748,QUIZ4483,Physics,Motion,17,14,3,82.35,37.96
STU0748,QUIZ4484,Chemistry,Chemical Bonding,23,10,13,43.48,77.66
STU0748,QUIZ4485,Biology,Genetics,17,9,8,52.94,83.45
STU0748,QUIZ4486,Chemistry,Atoms,19,7,12,36.84,32.63
STU0748,QUIZ4487,Biology,Genetics,20,8,12,40.0,60.64
STU0748,QUIZ4488,Mathematics,Algebra,19,5,14,26.32,22.06
STU0749,QUIZ4489,Physics,Electricity,16,11,5,68.75,77.19
STU0749,QUIZ4490,Mathematics,Probability,29,21,8,72.41,67.52
STU0749,QUIZ4491,Chemistry,Atoms,23,10,13,43.48,33.59
STU0749,QUIZ4492,Physics,Laws of Motion,30,13,17,43.33,77.97
STU0749,QUIZ4493,Physics,Laws of Motion,15,14,1,93.33,61.58
STU0749,QUIZ4494,Physics,Laws of Motion,17,9,8,52.94,69.84
STU0750,QUIZ4495,Chemistry,Acids and Bases,22,9,13,40.91,66.2
STU0750,QUIZ4496,Chemistry,Organic Chemistry,25,10,15,40.0,49.05
STU0750,QUIZ4497,Mathematics,Trigonometry,30,10,20,33.33,22.48
STU0750,QUIZ4498,Biology,Plant Physiology,25,21,4,84.0,56.6
STU0750,QUIZ4499,Mathematics,Algebra,24,23,1,95.83,48.09
STU0750,QUIZ4500,Mathematics,Trigonometry,16,6,10,37.5,48.67
STU0751,QUIZ4501,Chemistry,Chemical Bonding,21,17,4,80.95,54.63
STU0751,QUIZ4502,Physics,Electricity,30,6,24,20.0,73.45
STU0751,QUIZ4503,Biology,Human Body,25,7,18,28.0,27.67
STU0751,QUIZ4504,Mathematics,Calculus,20,20,0,100.0,83.23
STU0751,QUIZ4505,Chemistry,Chemical Bonding,26,23,3,88.46,64.81
STU0751,QUIZ4506,Biology,Human Body,21,14,7,66.67,87.24
STU0752,QUIZ4507,Biology,Cell,17,6,11,35.29,89.91
STU0752,QUIZ4508,Biology,Cell,24,15,9,62.5,59.41
STU0752,QUIZ4509,Biology,Genetics,26,19,7,73.08,34.9
STU0752,QUIZ4510,Chemistry,Acids and Bases,19,6,13,31.58,39.13
STU0752,QUIZ4511,Chemistry,Acids and Bases,21,12,9,57.14,40.06
STU0752,QUIZ4512,Mathematics,Calculus,21,9,12,42.86,36.56
STU0753,QUIZ4513,Physics,Work and Energy,17,10,7,58.82,84.82
STU0753,QUIZ4514,Biology,Cell,16,13,3,81.25,67.72
STU0753,QUIZ4515,Biology,Human Body,20,5,15,25.0,45.82
STU0753,QUIZ4516,Chemistry,Chemical Bonding,30,13,17,43.33,79.39
STU0753,QUIZ4517,Biology,Cell,25,16,9,64.0,67.52
STU0753,QUIZ4518,Mathematics,Algebra,28,5,23,17.86,60.13
STU0754,QUIZ4519,Physics,Electricity,15,14,1,93.33,84.93
STU0754,QUIZ4520,Biology,Plant Physiology,18,18,0,100.0,86.41
STU0754,QUIZ4521,Chemistry,Atoms,24,14,10,58.33,54.42
STU0754,QUIZ4522,Chemistry,Acids and Bases,26,15,11,57.69,33.63
STU0754,QUIZ4523,Biology,Plant Physiology,16,15,1,93.75,67.66
STU0754,QUIZ4524,Chemistry,Atoms,29,9,20,31.03,66.68
STU0755,QUIZ4525,Physics,Electricity,24,13,11,54.17,52.86
STU0755,QUIZ4526,Physics,Motion,25,15,10,60.0,48.1
STU0755,QUIZ4527,Mathematics,Trigonometry,17,17,0,100.0,75.93
STU0755,QUIZ4528,Physics,Electricity,21,5,16,23.81,76.38
STU0755,QUIZ4529,Biology,Plant Physiology,16,12,4,75.0,71.87
STU0755,QUIZ4530,Chemistry,Organic Chemistry,20,11,9,55.0,23.99
STU0756,QUIZ4531,Mathematics,Trigonometry,26,23,3,88.46,21.45
STU0756,QUIZ4532,Physics,Work and Energy,23,7,16,30.43,44.06
STU0756,QUIZ4533,Physics,Work and Energy,19,10,9,52.63,27.25
STU0756,QUIZ4534,Mathematics,Calculus,16,6,10,37.5,47.36
STU0756,QUIZ4535,Physics,Work and Energy,21,18,3,85.71,57.45
STU0756,QUIZ4536,Chemistry,Acids and Bases,19,19,0,100.0,27.31
STU0757,QUIZ4537,Biology,Human Body,27,8,19,29.63,39.21
STU0757,QUIZ4538,Chemistry,Organic Chemistry,17,15,2,88.24,38.26
STU0757,QUIZ4539,Biology,Genetics,18,7,11,38.89,42.58
STU0757,QUIZ4540,Mathematics,Trigonometry,27,11,16,40.74,70.67
STU0757,QUIZ4541,Biology,Cell,15,11,4,73.33,85.44
STU0757,QUIZ4542,Mathematics,Probability,30,24,6,80.0,40.9
STU0758,QUIZ4543,Physics,Motion,19,5,14,26.32,52.49
STU0758,QUIZ4544,Physics,Work and Energy,20,8,12,40.0,29.56
STU0758,QUIZ4545,Chemistry,Atoms,25,6,19,24.0,72.76
STU0758,QUIZ4546,Physics,Work and Energy,22,19,3,86.36,87.24
STU0758,QUIZ4547,Mathematics,Trigonometry,18,15,3,83.33,22.35
STU0758,QUIZ4548,Mathematics,Trigonometry,28,20,8,71.43,40.56
STU0759,QUIZ4549,Mathematics,Probability,22,17,5,77.27,29.44
STU0759,QUIZ4550,Chemistry,Organic Chemistry,26,16,10,61.54,60.8
STU0759,QUIZ4551,Biology,Genetics,28,19,9,67.86,69.84
STU0759,QUIZ4552,Mathematics,Probability,26,24,2,92.31,81.44
STU0759,QUIZ4553,Physics,Laws of Motion,21,12,9,57.14,68.06
STU0759,QUIZ4554,Mathematics,Probability,25,21,4,84.0,74.0
STU0760,QUIZ4555,Mathematics,Calculus,26,13,13,50.0,46.55
STU0760,QUIZ4556,Mathematics,Calculus,17,6,11,35.29,71.7
STU0760,QUIZ4557,Mathematics,Probability,28,14,14,50.0,84.73
STU0760,QUIZ4558,Biology,Human Body,20,8,12,40.0,64.92
STU0760,QUIZ4559,Biology,Genetics,16,13,3,81.25,53.07
STU0760,QUIZ4560,Biology,Cell,30,7,23,23.33,83.71
STU0761,QUIZ4561,Mathematics,Algebra,27,7,20,25.93,77.09
STU0761,QUIZ4562,Physics,Motion,25,24,1,96.0,43.92
STU0761,QUIZ4563,Mathematics,Calculus,29,19,10,65.52,42.1
STU0761,QUIZ4564,Biology,Cell,22,16,6,72.73,50.89
STU0761,QUIZ4565,Chemistry,Atoms,22,8,14,36.36,50.89
STU0761,QUIZ4566,Chemistry,Chemical Bonding,15,15,0,100.0,76.25
STU0762,QUIZ4567,Mathematics,Algebra,23,5,18,21.74,48.58
STU0762,QUIZ4568,Chemistry,Atoms,19,8,11,42.11,32.9
STU0762,QUIZ4569,Mathematics,Trigonometry,30,27,3,90.0,46.55
STU0762,QUIZ4570,Physics,Laws of Motion,22,16,6,72.73,22.17
STU0762,QUIZ4571,Biology,Human Body,30,22,8,73.33,74.28
STU0762,QUIZ4572,Biology,Cell,20,20,0,100.0,57.0
STU0763,QUIZ4573,Physics,Work and Energy,23,9,14,39.13,58.07
STU0763,QUIZ4574,Chemistry,Atoms,18,7,11,38.89,43.24
STU0763,QUIZ4575,Physics,Work and Energy,18,16,2,88.89,53.61
STU0763,QUIZ4576,Chemistry,Chemical Bonding,20,18,2,90.0,51.87
STU0763,QUIZ4577,Chemistry,Atoms,15,6,9,40.0,63.44
STU0763,QUIZ4578,Mathematics,Calculus,21,13,8,61.9,27.86
STU0764,QUIZ4579,Physics,Laws of Motion,21,21,0,100.0,31.89
STU0764,QUIZ4580,Physics,Laws of Motion,23,20,3,86.96,52.39
STU0764,QUIZ4581,Biology,Genetics,28,17,11,60.71,34.07
STU0764,QUIZ4582,Physics,Electricity,17,17,0,100.0,79.12
STU0764,QUIZ4583,Physics,Electricity,20,7,13,35.0,47.79
STU0764,QUIZ4584,Biology,Cell,20,20,0,100.0,89.5
STU0765,QUIZ4585,Mathematics,Trigonometry,26,25,1,96.15,80.39
STU0765,QUIZ4586,Biology,Cell,29,14,15,48.28,60.04
STU0765,QUIZ4587,Chemistry,Acids and Bases,18,7,11,38.89,53.55
STU0765,QUIZ4588,Chemistry,Atoms,26,19,7,73.08,67.07
STU0765,QUIZ4589,Mathematics,Algebra,22,6,16,27.27,74.4
STU0765,QUIZ4590,Biology,Human Body,29,15,14,51.72,29.62
STU0766,QUIZ4591,Physics,Motion,19,17,2,89.47,44.3
STU0766,QUIZ4592,Chemistry,Chemical Bonding,21,13,8,61.9,72.1
STU0766,QUIZ4593,Chemistry,Chemical Bonding,28,28,0,100.0,75.98
STU0766,QUIZ4594,Mathematics,Calculus,17,16,1,94.12,68.22
STU0766,QUIZ4595,Physics,Electricity,24,6,18,25.0,46.04
STU0766,QUIZ4596,Chemistry,Acids and Bases,25,7,18,28.0,86.7
STU0767,QUIZ4597,Mathematics,Algebra,16,10,6,62.5,86.23
STU0767,QUIZ4598,Physics,Motion,17,12,5,70.59,39.1
STU0767,QUIZ4599,Mathematics,Probability,22,12,10,54.55,25.65
STU0767,QUIZ4600,Biology,Plant Physiology,28,9,19,32.14,88.38
STU0767,QUIZ4601,Mathematics,Algebra,25,8,17,32.0,53.71
STU0767,QUIZ4602,Physics,Motion,17,12,5,70.59,70.46
STU0768,QUIZ4603,Chemistry,Chemical Bonding,29,18,11,62.07,47.88
STU0768,QUIZ4604,Biology,Cell,16,16,0,100.0,53.63
STU0768,QUIZ4605,Physics,Motion,30,25,5,83.33,22.82
STU0768,QUIZ4606,Physics,Electricity,26,25,1,96.15,68.38
STU0768,QUIZ4607,Chemistry,Chemical Bonding,15,8,7,53.33,41.58
STU0768,QUIZ4608,Physics,Work and Energy,25,16,9,64.0,54.68
STU0769,QUIZ4609,Chemistry,Atoms,20,10,10,50.0,79.27
STU0769,QUIZ4610,Chemistry,Chemical Bonding,18,6,12,33.33,45.9
STU0769,QUIZ4611,Chemistry,Chemical Bonding,23,5,18,21.74,69.09
STU0769,QUIZ4612,Mathematics,Calculus,20,19,1,95.0,55.5
STU0769,QUIZ4613,Mathematics,Calculus,19,16,3,84.21,31.23
STU0769,QUIZ4614,Physics,Motion,17,13,4,76.47,41.18
STU0770,QUIZ4615,Physics,Electricity,18,14,4,77.78,78.32
STU0770,QUIZ4616,Biology,Genetics,20,11,9,55.0,66.59
STU0770,QUIZ4617,Chemistry,Chemical Bonding,29,6,23,20.69,63.97
STU0770,QUIZ4618,Physics,Laws of Motion,21,21,0,100.0,32.61
STU0770,QUIZ4619,Biology,Genetics,20,11,9,55.0,25.01
STU0770,QUIZ4620,Biology,Cell,24,18,6,75.0,22.71
STU0771,QUIZ4621,Biology,Plant Physiology,16,9,7,56.25,47.23
STU0771,QUIZ4622,Physics,Electricity,15,5,10,33.33,54.74
STU0771,QUIZ4623,Mathematics,Probability,29,21,8,72.41,46.19
STU0771,QUIZ4624,Mathematics,Calculus,29,24,5,82.76,36.47
STU0771,QUIZ4625,Mathematics,Algebra,30,20,10,66.67,42.0
STU0771,QUIZ4626,Physics,Laws of Motion,29,16,13,55.17,24.65
STU0772,QUIZ4627,Physics,Motion,30,18,12,60.0,58.19
STU0772,QUIZ4628,Mathematics,Trigonometry,16,9,7,56.25,57.76
STU0772,QUIZ4629,Physics,Work and Energy,15,11,4,73.33,30.35
STU0772,QUIZ4630,Mathematics,Algebra,26,24,2,92.31,41.59
STU0772,QUIZ4631,Chemistry,Chemical Bonding,25,6,19,24.0,52.93
STU0772,QUIZ4632,Biology,Genetics,25,23,2,92.0,69.92
STU0773,QUIZ4633,Biology,Genetics,19,18,1,94.74,55.47
STU0773,QUIZ4634,Physics,Motion,18,7,11,38.89,66.3
STU0773,QUIZ4635,Mathematics,Algebra,25,21,4,84.0,32.6
STU0773,QUIZ4636,Physics,Work and Energy,16,16,0,100.0,23.15
STU0773,QUIZ4637,Biology,Genetics,19,12,7,63.16,59.02
STU0773,QUIZ4638,Mathematics,Calculus,25,14,11,56.0,57.11
STU0774,QUIZ4639,Biology,Genetics,18,16,2,88.89,68.07
STU0774,QUIZ4640,Physics,Electricity,20,8,12,40.0,88.33
STU0774,QUIZ4641,Chemistry,Chemical Bonding,24,8,16,33.33,31.27
STU0774,QUIZ4642,Physics,Work and Energy,21,13,8,61.9,75.29
STU0774,QUIZ4643,Mathematics,Calculus,19,5,14,26.32,87.68
STU0774,QUIZ4644,Mathematics,Probability,16,12,4,75.0,84.82
STU0775,QUIZ4645,Mathematics,Probability,17,15,2,88.24,46.45
STU0775,QUIZ4646,Physics,Electricity,20,15,5,75.0,53.03
STU0775,QUIZ4647,Mathematics,Algebra,17,5,12,29.41,73.49
STU0775,QUIZ4648,Mathematics,Trigonometry,29,29,0,100.0,47.38
STU0775,QUIZ4649,Biology,Plant Physiology,27,20,7,74.07,71.07
STU0775,QUIZ4650,Chemistry,Acids and Bases,17,15,2,88.24,22.79
STU0776,QUIZ4651,Chemistry,Organic Chemistry,16,9,7,56.25,35.88
STU0776,QUIZ4652,Chemistry,Chemical Bonding,17,13,4,76.47,47.72
STU0776,QUIZ4653,Chemistry,Acids and Bases,22,21,1,95.45,41.14
STU0776,QUIZ4654,Mathematics,Trigonometry,21,20,1,95.24,60.55
STU0776,QUIZ4655,Physics,Motion,28,7,21,25.0,61.98
STU0776,QUIZ4656,Physics,Laws of Motion,19,15,4,78.95,82.6
STU0777,QUIZ4657,Mathematics,Trigonometry,22,19,3,86.36,59.74
STU0777,QUIZ4658,Biology,Plant Physiology,17,12,5,70.59,39.39
STU0777,QUIZ4659,Biology,Human Body,29,24,5,82.76,86.75
STU0777,QUIZ4660,Physics,Motion,25,25,0,100.0,85.42
STU0777,QUIZ4661,Biology,Cell,18,11,7,61.11,22.04
STU0777,QUIZ4662,Mathematics,Probability,27,5,22,18.52,72.13
STU0778,QUIZ4663,Mathematics,Algebra,20,5,15,25.0,50.42
STU0778,QUIZ4664,Mathematics,Algebra,23,7,16,30.43,27.94
STU0778,QUIZ4665,Mathematics,Trigonometry,20,20,0,100.0,80.5
STU0778,QUIZ4666,Mathematics,Calculus,22,20,2,90.91,35.27
STU0778,QUIZ4667,Biology,Cell,22,8,14,36.36,20.68
STU0778,QUIZ4668,Physics,Electricity,25,15,10,60.0,89.59
STU0779,QUIZ4669,Physics,Motion,18,16,2,88.89,53.2
STU0779,QUIZ4670,Chemistry,Organic Chemistry,18,14,4,77.78,80.23
STU0779,QUIZ4671,Chemistry,Acids and Bases,22,15,7,68.18,86.33
STU0779,QUIZ4672,Mathematics,Probability,28,10,18,35.71,36.39
STU0779,QUIZ4673,Physics,Motion,28,16,12,57.14,65.56
STU0779,QUIZ4674,Mathematics,Trigonometry,18,7,11,38.89,54.41
STU0780,QUIZ4675,Physics,Motion,29,28,1,96.55,65.18
STU0780,QUIZ4676,Mathematics,Probability,25,8,17,32.0,71.05
STU0780,QUIZ4677,Biology,Plant Physiology,30,9,21,30.0,29.52
STU0780,QUIZ4678,Biology,Plant Physiology,21,5,16,23.81,47.9
STU0780,QUIZ4679,Mathematics,Calculus,29,22,7,75.86,25.93
STU0780,QUIZ4680,Mathematics,Calculus,28,23,5,82.14,55.46
STU0781,QUIZ4681,Biology,Plant Physiology,22,10,12,45.45,29.86
STU0781,QUIZ4682,Physics,Laws of Motion,18,18,0,100.0,66.83
STU0781,QUIZ4683,Physics,Laws of Motion,17,12,5,70.59,23.87
STU0781,QUIZ4684,Physics,Electricity,29,15,14,51.72,42.7
STU0781,QUIZ4685,Mathematics,Algebra,18,10,8,55.56,76.4
STU0781,QUIZ4686,Physics,Work and Energy,24,17,7,70.83,79.02
STU0782,QUIZ4687,Physics,Electricity,17,7,10,41.18,69.68
STU0782,QUIZ4688,Chemistry,Organic Chemistry,22,14,8,63.64,82.63
STU0782,QUIZ4689,Biology,Cell,24,21,3,87.5,53.88
STU0782,QUIZ4690,Biology,Human Body,20,13,7,65.0,57.11
STU0782,QUIZ4691,Mathematics,Algebra,21,16,5,76.19,57.64
STU0782,QUIZ4692,Mathematics,Calculus,26,5,21,19.23,26.62
STU0783,QUIZ4693,Physics,Laws of Motion,26,5,21,19.23,80.93
STU0783,QUIZ4694,Biology,Cell,25,24,1,96.0,86.06
STU0783,QUIZ4695,Mathematics,Probability,22,16,6,72.73,21.73
STU0783,QUIZ4696,Mathematics,Algebra,16,7,9,43.75,82.38
STU0783,QUIZ4697,Mathematics,Calculus,27,6,21,22.22,88.74
STU0783,QUIZ4698,Chemistry,Organic Chemistry,21,12,9,57.14,31.84
STU0784,QUIZ4699,Physics,Laws of Motion,20,20,0,100.0,35.76
STU0784,QUIZ4700,Physics,Laws of Motion,16,13,3,81.25,32.28
STU0784,QUIZ4701,Biology,Genetics,25,8,17,32.0,60.41
STU0784,QUIZ4702,Chemistry,Acids and Bases,28,17,11,60.71,28.97
STU0784,QUIZ4703,Mathematics,Trigonometry,20,13,7,65.0,68.96
STU0784,QUIZ4704,Chemistry,Atoms,15,15,0,100.0,42.05
STU0785,QUIZ4705,Chemistry,Atoms,16,11,5,68.75,26.36
STU0785,QUIZ4706,Physics,Laws of Motion,24,14,10,58.33,56.82
STU0785,QUIZ4707,Mathematics,Trigonometry,20,15,5,75.0,83.42
STU0785,QUIZ4708,Mathematics,Trigonometry,26,7,19,26.92,39.71
STU0785,QUIZ4709,Biology,Cell,19,16,3,84.21,25.81
STU0785,QUIZ4710,Physics,Motion,24,14,10,58.33,64.2
STU0786,QUIZ4711,Chemistry,Organic Chemistry,23,10,13,43.48,73.53
STU0786,QUIZ4712,Physics,Electricity,27,27,0,100.0,57.45
STU0786,QUIZ4713,Mathematics,Calculus,24,6,18,25.0,21.96
STU0786,QUIZ4714,Chemistry,Atoms,21,14,7,66.67,84.47
STU0786,QUIZ4715,Chemistry,Acids and Bases,29,12,17,41.38,57.96
STU0786,QUIZ4716,Biology,Genetics,24,18,6,75.0,82.3
STU0787,QUIZ4717,Mathematics,Calculus,29,15,14,51.72,89.48
STU0787,QUIZ4718,Biology,Genetics,15,8,7,53.33,80.33
STU0787,QUIZ4719,Biology,Genetics,28,6,22,21.43,75.01
STU0787,QUIZ4720,Mathematics,Probability,25,24,1,96.0,87.58
STU0787,QUIZ4721,Biology,Human Body,30,8,22,26.67,51.65
STU0787,QUIZ4722,Mathematics,Algebra,19,15,4,78.95,54.14
STU0788,QUIZ4723,Chemistry,Organic Chemistry,21,8,13,38.1,81.01
STU0788,QUIZ4724,Physics,Work and Energy,30,8,22,26.67,31.61
STU0788,QUIZ4725,Physics,Motion,19,18,1,94.74,75.5
STU0788,QUIZ4726,Physics,Electricity,29,26,3,89.66,31.32
STU0788,QUIZ4727,Biology,Plant Physiology,20,18,2,90.0,82.45
STU0788,QUIZ4728,Chemistry,Organic Chemistry,23,11,12,47.83,33.33
STU0789,QUIZ4729,Chemistry,Chemical Bonding,27,27,0,100.0,21.55
STU0789,QUIZ4730,Mathematics,Probability,24,19,5,79.17,33.6
STU0789,QUIZ4731,Chemistry,Chemical Bonding,25,20,5,80.0,22.21
STU0789,QUIZ4732,Biology,Genetics,27,14,13,51.85,80.08
STU0789,QUIZ4733,Mathematics,Probability,17,14,3,82.35,28.73
STU0789,QUIZ4734,Chemistry,Atoms,27,19,8,70.37,39.51
STU0790,QUIZ4735,Physics,Electricity,21,21,0,100.0,56.39
STU0790,QUIZ4736,Biology,Human Body,22,8,14,36.36,59.24
STU0790,QUIZ4737,Chemistry,Atoms,23,22,1,95.65,51.99
STU0790,QUIZ4738,Mathematics,Calculus,19,11,8,57.89,62.09
STU0790,QUIZ4739,Chemistry,Chemical Bonding,20,5,15,25.0,58.66
STU0790,QUIZ4740,Physics,Motion,27,7,20,25.93,76.16
STU0791,QUIZ4741,Mathematics,Trigonometry,19,11,8,57.89,30.33
STU0791,QUIZ4742,Mathematics,Trigonometry,24,5,19,20.83,28.65
STU0791,QUIZ4743,Mathematics,Calculus,30,11,19,36.67,72.78
STU0791,QUIZ4744,Chemistry,Atoms,28,18,10,64.29,57.05
STU0791,QUIZ4745,Chemistry,Organic Chemistry,20,13,7,65.0,50.86
STU0791,QUIZ4746,Mathematics,Calculus,30,25,5,83.33,20.91
STU0792,QUIZ4747,Chemistry,Organic Chemistry,20,11,9,55.0,60.47
STU0792,QUIZ4748,Biology,Human Body,20,20,0,100.0,61.36
STU0792,QUIZ4749,Mathematics,Probability,21,17,4,80.95,40.99
STU0792,QUIZ4750,Biology,Plant Physiology,27,12,15,44.44,77.93
STU0792,QUIZ4751,Biology,Plant Physiology,17,10,7,58.82,68.34
STU0792,QUIZ4752,Biology,Plant Physiology,30,12,18,40.0,89.23
STU0793,QUIZ4753,Chemistry,Chemical Bonding,18,17,1,94.44,64.32
STU0793,QUIZ4754,Biology,Genetics,19,11,8,57.89,69.59
STU0793,QUIZ4755,Mathematics,Algebra,15,13,2,86.67,64.57
STU0793,QUIZ4756,Chemistry,Atoms,15,9,6,60.0,49.29
STU0793,QUIZ4757,Mathematics,Trigonometry,23,18,5,78.26,25.53
STU0793,QUIZ4758,Chemistry,Acids and Bases,26,20,6,76.92,38.72
STU0794,QUIZ4759,Chemistry,Chemical Bonding,29,12,17,41.38,55.53
STU0794,QUIZ4760,Chemistry,Acids and Bases,19,17,2,89.47,34.35
STU0794,QUIZ4761,Physics,Motion,28,21,7,75.0,59.37
STU0794,QUIZ4762,Mathematics,Probability,20,19,1,95.0,50.75
STU0794,QUIZ4763,Chemistry,Atoms,16,13,3,81.25,24.39
STU0794,QUIZ4764,Chemistry,Chemical Bonding,24,11,13,45.83,20.76
STU0795,QUIZ4765,Chemistry,Organic Chemistry,16,15,1,93.75,85.29
STU0795,QUIZ4766,Physics,Laws of Motion,28,8,20,28.57,48.96
STU0795,QUIZ4767,Chemistry,Chemical Bonding,23,5,18,21.74,23.47
STU0795,QUIZ4768,Physics,Work and Energy,29,13,16,44.83,28.78
STU0795,QUIZ4769,Mathematics,Probability,15,6,9,40.0,28.1
STU0795,QUIZ4770,Mathematics,Probability,28,20,8,71.43,76.88
STU0796,QUIZ4771,Biology,Plant Physiology,29,10,19,34.48,41.85
STU0796,QUIZ4772,Physics,Electricity,28,19,9,67.86,67.11
STU0796,QUIZ4773,Biology,Plant Physiology,20,12,8,60.0,65.57
STU0796,QUIZ4774,Chemistry,Organic Chemistry,24,14,10,58.33,71.84
STU0796,QUIZ4775,Chemistry,Chemical Bonding,23,23,0,100.0,85.5
STU0796,QUIZ4776,Mathematics,Algebra,18,10,8,55.56,51.83
STU0797,QUIZ4777,Biology,Human Body,20,17,3,85.0,82.35
STU0797,QUIZ4778,Chemistry,Chemical Bonding,25,5,20,20.0,71.97
STU0797,QUIZ4779,Physics,Work and Energy,21,11,10,52.38,82.38
STU0797,QUIZ4780,Mathematics,Calculus,23,15,8,65.22,63.11
STU0797,QUIZ4781,Physics,Laws of Motion,20,18,2,90.0,36.36
STU0797,QUIZ4782,Chemistry,Chemical Bonding,17,9,8,52.94,79.13
STU0798,QUIZ4783,Chemistry,Atoms,27,25,2,92.59,82.65
STU0798,QUIZ4784,Mathematics,Probability,15,10,5,66.67,40.55
STU0798,QUIZ4785,Mathematics,Calculus,17,5,12,29.41,61.67
STU0798,QUIZ4786,Mathematics,Trigonometry,24,7,17,29.17,37.3
STU0798,QUIZ4787,Mathematics,Probability,26,13,13,50.0,34.39
STU0798,QUIZ4788,Chemistry,Atoms,30,26,4,86.67,75.99
STU0799,QUIZ4789,Chemistry,Acids and Bases,28,12,16,42.86,66.7
STU0799,QUIZ4790,Biology,Cell,29,17,12,58.62,45.54
STU0799,QUIZ4791,Biology,Human Body,23,20,3,86.96,50.71
STU0799,QUIZ4792,Chemistry,Chemical Bonding,25,19,6,76.0,52.94
STU0799,QUIZ4793,Physics,Laws of Motion,18,13,5,72.22,25.25
STU0799,QUIZ4794,Biology,Plant Physiology,19,8,11,42.11,22.98
STU0800,QUIZ4795,Chemistry,Chemical Bonding,16,13,3,81.25,74.2
STU0800,QUIZ4796,Biology,Genetics,29,28,1,96.55,50.61
STU0800,QUIZ4797,Mathematics,Calculus,15,9,6,60.0,50.28
STU0800,QUIZ4798,Biology,Human Body,20,19,1,95.0,73.49
STU0800,QUIZ4799,Biology,Genetics,26,26,0,100.0,74.66
STU0800,QUIZ4800,Physics,Motion,23,19,4,82.61,77.46
STU0801,QUIZ4801,Physics,Laws of Motion,23,16,7,69.57,33.22
STU0801,QUIZ4802,Chemistry,Chemical Bonding,28,8,20,28.57,36.81
STU0801,QUIZ4803,Biology,Genetics,19,19,0,100.0,71.69
STU0801,QUIZ4804,Physics,Electricity,21,18,3,85.71,52.47
STU0801,QUIZ4805,Physics,Motion,16,5,11,31.25,71.4
STU0801,QUIZ4806,Mathematics,Calculus,26,13,13,50.0,54.7
STU0802,QUIZ4807,Physics,Electricity,22,14,8,63.64,22.0
STU0802,QUIZ4808,Biology,Cell,28,21,7,75.0,82.95
STU0802,QUIZ4809,Physics,Electricity,19,6,13,31.58,21.44
STU0802,QUIZ4810,Biology,Genetics,23,18,5,78.26,51.75
STU0802,QUIZ4811,Chemistry,Atoms,22,6,16,27.27,81.24
STU0802,QUIZ4812,Chemistry,Organic Chemistry,17,6,11,35.29,55.83
STU0803,QUIZ4813,Biology,Genetics,29,12,17,41.38,70.1
STU0803,QUIZ4814,Chemistry,Atoms,19,5,14,26.32,52.97
STU0803,QUIZ4815,Mathematics,Calculus,29,7,22,24.14,84.73
STU0803,QUIZ4816,Physics,Electricity,26,18,8,69.23,28.45
STU0803,QUIZ4817,Mathematics,Algebra,19,15,4,78.95,86.2
STU0803,QUIZ4818,Biology,Genetics,19,8,11,42.11,21.67
STU0804,QUIZ4819,Chemistry,Chemical Bonding,24,20,4,83.33,35.93
STU0804,QUIZ4820,Chemistry,Chemical Bonding,15,7,8,46.67,85.49
STU0804,QUIZ4821,Mathematics,Calculus,24,18,6,75.0,71.76
STU0804,QUIZ4822,Mathematics,Algebra,23,8,15,34.78,51.23
STU0804,QUIZ4823,Physics,Motion,22,15,7,68.18,32.16
STU0804,QUIZ4824,Physics,Laws of Motion,19,8,11,42.11,81.07
STU0805,QUIZ4825,Biology,Genetics,20,8,12,40.0,89.14
STU0805,QUIZ4826,Mathematics,Trigonometry,18,16,2,88.89,51.53
STU0805,QUIZ4827,Physics,Motion,20,9,11,45.0,23.91
STU0805,QUIZ4828,Physics,Laws of Motion,27,22,5,81.48,26.98
STU0805,QUIZ4829,Chemistry,Chemical Bonding,29,18,11,62.07,37.24
STU0805,QUIZ4830,Mathematics,Calculus,23,18,5,78.26,56.95
STU0806,QUIZ4831,Mathematics,Probability,29,25,4,86.21,82.0
STU0806,QUIZ4832,Biology,Plant Physiology,19,14,5,73.68,54.33
STU0806,QUIZ4833,Physics,Electricity,18,8,10,44.44,45.41
STU0806,QUIZ4834,Chemistry,Organic Chemistry,22,17,5,77.27,88.45
STU0806,QUIZ4835,Physics,Laws of Motion,27,6,21,22.22,86.73
STU0806,QUIZ4836,Chemistry,Atoms,29,8,21,27.59,84.37
STU0807,QUIZ4837,Chemistry,Acids and Bases,18,17,1,94.44,48.55
STU0807,QUIZ4838,Chemistry,Organic Chemistry,25,14,11,56.0,38.02
STU0807,QUIZ4839,Biology,Genetics,29,26,3,89.66,82.5
STU0807,QUIZ4840,Chemistry,Acids and Bases,24,12,12,50.0,47.27
STU0807,QUIZ4841,Mathematics,Trigonometry,22,6,16,27.27,64.94
STU0807,QUIZ4842,Chemistry,Chemical Bonding,29,24,5,82.76,64.89
STU0808,QUIZ4843,Chemistry,Organic Chemistry,22,14,8,63.64,47.26
STU0808,QUIZ4844,Mathematics,Algebra,18,9,9,50.0,22.62
STU0808,QUIZ4845,Physics,Work and Energy,21,7,14,33.33,38.34
STU0808,QUIZ4846,Mathematics,Probability,27,14,13,51.85,70.28
STU0808,QUIZ4847,Biology,Cell,22,13,9,59.09,28.79
STU0808,QUIZ4848,Mathematics,Probability,18,17,1,94.44,71.32
STU0809,QUIZ4849,Chemistry,Organic Chemistry,22,18,4,81.82,31.64
STU0809,QUIZ4850,Physics,Work and Energy,18,15,3,83.33,80.03
STU0809,QUIZ4851,Physics,Laws of Motion,20,5,15,25.0,78.92
STU0809,QUIZ4852,Biology,Human Body,22,15,7,68.18,84.79
STU0809,QUIZ4853,Biology,Human Body,25,24,1,96.0,84.43
STU0809,QUIZ4854,Chemistry,Chemical Bonding,28,22,6,78.57,42.72
STU0810,QUIZ4855,Chemistry,Atoms,19,5,14,26.32,39.7
STU0810,QUIZ4856,Chemistry,Organic Chemistry,23,14,9,60.87,34.29
STU0810,QUIZ4857,Physics,Motion,26,17,9,65.38,56.48
STU0810,QUIZ4858,Mathematics,Trigonometry,27,9,18,33.33,62.36
STU0810,QUIZ4859,Physics,Laws of Motion,16,16,0,100.0,88.22
STU0810,QUIZ4860,Biology,Plant Physiology,22,5,17,22.73,68.99
STU0811,QUIZ4861,Chemistry,Acids and Bases,19,9,10,47.37,29.31
STU0811,QUIZ4862,Chemistry,Acids and Bases,20,20,0,100.0,50.17
STU0811,QUIZ4863,Biology,Genetics,24,20,4,83.33,56.23
STU0811,QUIZ4864,Biology,Genetics,28,7,21,25.0,30.16
STU0811,QUIZ4865,Mathematics,Calculus,28,26,2,92.86,61.94
STU0811,QUIZ4866,Chemistry,Acids and Bases,30,28,2,93.33,53.15
STU0812,QUIZ4867,Biology,Cell,27,11,16,40.74,32.16
STU0812,QUIZ4868,Chemistry,Atoms,21,10,11,47.62,81.91
STU0812,QUIZ4869,Physics,Work and Energy,27,11,16,40.74,82.6
STU0812,QUIZ4870,Mathematics,Trigonometry,17,8,9,47.06,38.74
STU0812,QUIZ4871,Physics,Electricity,24,9,15,37.5,66.35
STU0812,QUIZ4872,Physics,Work and Energy,20,19,1,95.0,61.61
STU0813,QUIZ4873,Chemistry,Atoms,29,16,13,55.17,24.99
STU0813,QUIZ4874,Biology,Cell,30,24,6,80.0,31.85
STU0813,QUIZ4875,Mathematics,Probability,18,13,5,72.22,59.39
STU0813,QUIZ4876,Chemistry,Organic Chemistry,21,21,0,100.0,85.68
STU0813,QUIZ4877,Physics,Motion,18,11,7,61.11,47.25
STU0813,QUIZ4878,Chemistry,Acids and Bases,25,17,8,68.0,40.79
STU0814,QUIZ4879,Physics,Work and Energy,30,8,22,26.67,20.28
STU0814,QUIZ4880,Chemistry,Acids and Bases,18,6,12,33.33,49.9
STU0814,QUIZ4881,Physics,Motion,30,10,20,33.33,55.03
STU0814,QUIZ4882,Mathematics,Trigonometry,25,16,9,64.0,63.56
STU0814,QUIZ4883,Mathematics,Trigonometry,20,12,8,60.0,52.57
STU0814,QUIZ4884,Chemistry,Organic Chemistry,26,7,19,26.92,24.71
STU0815,QUIZ4885,Physics,Motion,26,8,18,30.77,50.66
STU0815,QUIZ4886,Chemistry,Organic Chemistry,19,13,6,68.42,22.25
STU0815,QUIZ4887,Chemistry,Acids and Bases,20,14,6,70.0,61.19
STU0815,QUIZ4888,Physics,Electricity,19,9,10,47.37,42.85
STU0815,QUIZ4889,Mathematics,Algebra,21,6,15,28.57,49.63
STU0815,QUIZ4890,Mathematics,Trigonometry,25,7,18,28.0,74.49
STU0816,QUIZ4891,Physics,Work and Energy,20,6,14,30.0,64.65
STU0816,QUIZ4892,Biology,Plant Physiology,21,11,10,52.38,69.09
STU0816,QUIZ4893,Biology,Human Body,28,14,14,50.0,71.17
STU0816,QUIZ4894,Biology,Plant Physiology,17,16,1,94.12,50.09
STU0816,QUIZ4895,Biology,Human Body,28,11,17,39.29,73.42
STU0816,QUIZ4896,Physics,Work and Energy,23,18,5,78.26,79.73
STU0817,QUIZ4897,Mathematics,Trigonometry,28,12,16,42.86,34.98
STU0817,QUIZ4898,Biology,Human Body,20,14,6,70.0,73.62
STU0817,QUIZ4899,Chemistry,Chemical Bonding,22,9,13,40.91,46.53
STU0817,QUIZ4900,Physics,Motion,19,17,2,89.47,74.23
STU0817,QUIZ4901,Physics,Electricity,17,5,12,29.41,89.34
STU0817,QUIZ4902,Biology,Plant Physiology,24,20,4,83.33,87.12
STU0818,QUIZ4903,Mathematics,Trigonometry,26,21,5,80.77,36.27
STU0818,QUIZ4904,Biology,Human Body,20,8,12,40.0,53.86
STU0818,QUIZ4905,Biology,Genetics,25,15,10,60.0,70.84
STU0818,QUIZ4906,Biology,Cell,15,15,0,100.0,68.18
STU0818,QUIZ4907,Mathematics,Trigonometry,25,18,7,72.0,23.44
STU0818,QUIZ4908,Biology,Plant Physiology,29,14,15,48.28,70.02
STU0819,QUIZ4909,Mathematics,Algebra,19,16,3,84.21,36.01
STU0819,QUIZ4910,Biology,Human Body,21,21,0,100.0,84.01
STU0819,QUIZ4911,Physics,Laws of Motion,28,15,13,53.57,74.4
STU0819,QUIZ4912,Chemistry,Chemical Bonding,22,15,7,68.18,73.06
STU0819,QUIZ4913,Physics,Work and Energy,28,9,19,32.14,25.1
STU0819,QUIZ4914,Chemistry,Atoms,22,18,4,81.82,82.7
STU0820,QUIZ4915,Chemistry,Acids and Bases,23,7,16,30.43,24.76
STU0820,QUIZ4916,Chemistry,Acids and Bases,15,13,2,86.67,79.14
STU0820,QUIZ4917,Physics,Electricity,24,23,1,95.83,69.64
STU0820,QUIZ4918,Mathematics,Trigonometry,20,10,10,50.0,26.68
STU0820,QUIZ4919,Biology,Genetics,22,13,9,59.09,76.02
STU0820,QUIZ4920,Physics,Electricity,28,19,9,67.86,54.18
STU0821,QUIZ4921,Biology,Plant Physiology,22,9,13,40.91,44.62
STU0821,QUIZ4922,Physics,Motion,27,15,12,55.56,33.59
STU0821,QUIZ4923,Chemistry,Acids and Bases,18,12,6,66.67,50.59
STU0821,QUIZ4924,Chemistry,Acids and Bases,21,20,1,95.24,80.61
STU0821,QUIZ4925,Chemistry,Organic Chemistry,15,11,4,73.33,33.62
STU0821,QUIZ4926,Mathematics,Algebra,23,12,11,52.17,49.25
STU0822,QUIZ4927,Chemistry,Atoms,21,20,1,95.24,86.42
STU0822,QUIZ4928,Biology,Cell,15,11,4,73.33,30.15
STU0822,QUIZ4929,Mathematics,Calculus,30,17,13,56.67,28.18
STU0822,QUIZ4930,Mathematics,Trigonometry,22,20,2,90.91,80.79
STU0822,QUIZ4931,Biology,Human Body,17,5,12,29.41,29.48
STU0822,QUIZ4932,Biology,Cell,20,18,2,90.0,24.08
STU0823,QUIZ4933,Chemistry,Organic Chemistry,24,17,7,70.83,31.3
STU0823,QUIZ4934,Mathematics,Trigonometry,29,23,6,79.31,61.55
STU0823,QUIZ4935,Biology,Human Body,19,15,4,78.95,58.14
STU0823,QUIZ4936,Chemistry,Organic Chemistry,29,20,9,68.97,71.25
STU0823,QUIZ4937,Chemistry,Organic Chemistry,15,14,1,93.33,61.56
STU0823,QUIZ4938,Biology,Human Body,17,13,4,76.47,23.09
STU0824,QUIZ4939,Chemistry,Acids and Bases,25,9,16,36.0,54.57
STU0824,QUIZ4940,Biology,Plant Physiology,20,15,5,75.0,31.18
STU0824,QUIZ4941,Physics,Electricity,26,15,11,57.69,78.87
STU0824,QUIZ4942,Chemistry,Atoms,24,16,8,66.67,49.79
STU0824,QUIZ4943,Physics,Work and Energy,18,12,6,66.67,20.21
STU0824,QUIZ4944,Chemistry,Organic Chemistry,29,16,13,55.17,70.71
STU0825,QUIZ4945,Biology,Human Body,24,17,7,70.83,39.44
STU0825,QUIZ4946,Biology,Human Body,26,11,15,42.31,80.7
STU0825,QUIZ4947,Chemistry,Atoms,28,18,10,64.29,74.69
STU0825,QUIZ4948,Physics,Laws of Motion,29,22,7,75.86,49.73
STU0825,QUIZ4949,Biology,Human Body,20,10,10,50.0,29.13
STU0825,QUIZ4950,Chemistry,Acids and Bases,17,11,6,64.71,80.18
STU0826,QUIZ4951,Physics,Work and Energy,25,24,1,96.0,78.07
STU0826,QUIZ4952,Physics,Motion,21,21,0,100.0,59.42
STU0826,QUIZ4953,Physics,Electricity,23,19,4,82.61,86.02
STU0826,QUIZ4954,Physics,Work and Energy,21,21,0,100.0,53.2
STU0826,QUIZ4955,Biology,Human Body,15,10,5,66.67,68.29
STU0826,QUIZ4956,Mathematics,Calculus,20,20,0,100.0,70.09
STU0827,QUIZ4957,Chemistry,Chemical Bonding,28,14,14,50.0,35.24
STU0827,QUIZ4958,Chemistry,Atoms,15,8,7,53.33,33.84
STU0827,QUIZ4959,Chemistry,Acids and Bases,15,13,2,86.67,33.42
STU0827,QUIZ4960,Physics,Electricity,16,16,0,100.0,78.11
STU0827,QUIZ4961,Physics,Electricity,25,17,8,68.0,44.58
STU0827,QUIZ4962,Mathematics,Calculus,28,7,21,25.0,45.76
STU0828,QUIZ4963,Chemistry,Acids and Bases,30,24,6,80.0,53.0
STU0828,QUIZ4964,Mathematics,Calculus,30,22,8,73.33,40.78
STU0828,QUIZ4965,Mathematics,Calculus,15,5,10,33.33,69.21
STU0828,QUIZ4966,Mathematics,Algebra,21,10,11,47.62,52.41
STU0828,QUIZ4967,Biology,Genetics,15,9,6,60.0,34.99
STU0828,QUIZ4968,Mathematics,Trigonometry,26,14,12,53.85,50.09
STU0829,QUIZ4969,Chemistry,Chemical Bonding,19,10,9,52.63,42.79
STU0829,QUIZ4970,Chemistry,Organic Chemistry,21,15,6,71.43,78.35
STU0829,QUIZ4971,Mathematics,Calculus,27,12,15,44.44,49.05
STU0829,QUIZ4972,Physics,Work and Energy,19,19,0,100.0,83.67
STU0829,QUIZ4973,Chemistry,Organic Chemistry,30,16,14,53.33,89.43
STU0829,QUIZ4974,Physics,Motion,18,14,4,77.78,38.54
STU0830,QUIZ4975,Mathematics,Trigonometry,23,23,0,100.0,59.9
STU0830,QUIZ4976,Mathematics,Calculus,17,16,1,94.12,77.05
STU0830,QUIZ4977,Biology,Plant Physiology,21,10,11,47.62,31.2
STU0830,QUIZ4978,Chemistry,Atoms,29,21,8,72.41,43.29
STU0830,QUIZ4979,Biology,Human Body,30,6,24,20.0,81.58
STU0830,QUIZ4980,Mathematics,Calculus,28,19,9,67.86,75.75
STU0831,QUIZ4981,Biology,Human Body,26,7,19,26.92,64.69
STU0831,QUIZ4982,Chemistry,Acids and Bases,15,9,6,60.0,57.11
STU0831,QUIZ4983,Chemistry,Organic Chemistry,23,16,7,69.57,58.99
STU0831,QUIZ4984,Physics,Motion,18,17,1,94.44,78.39
STU0831,QUIZ4985,Physics,Laws of Motion,30,16,14,53.33,49.25
STU0831,QUIZ4986,Biology,Plant Physiology,25,5,20,20.0,51.32
STU0832,QUIZ4987,Biology,Cell,18,14,4,77.78,58.26
STU0832,QUIZ4988,Biology,Genetics,29,26,3,89.66,21.09
STU0832,QUIZ4989,Biology,Plant Physiology,15,9,6,60.0,37.05
STU0832,QUIZ4990,Biology,Genetics,15,6,9,40.0,63.8
STU0832,QUIZ4991,Mathematics,Trigonometry,19,10,9,52.63,27.32
STU0832,QUIZ4992,Mathematics,Algebra,16,5,11,31.25,45.64
STU0833,QUIZ4993,Mathematics,Calculus,16,12,4,75.0,83.1
STU0833,QUIZ4994,Mathematics,Algebra,22,15,7,68.18,35.5
STU0833,QUIZ4995,Physics,Electricity,30,28,2,93.33,72.77
STU0833,QUIZ4996,Physics,Electricity,15,15,0,100.0,33.68
STU0833,QUIZ4997,Physics,Electricity,27,5,22,18.52,56.08
STU0833,QUIZ4998,Biology,Human Body,24,19,5,79.17,49.86
STU0834,QUIZ4999,Biology,Genetics,21,13,8,61.9,86.59
STU0834,QUIZ5000,Biology,Genetics,27,6,21,22.22,48.0
STU0834,QUIZ5001,Mathematics,Trigonometry,23,7,16,30.43,50.0
STU0834,QUIZ5002,Chemistry,Atoms,26,18,8,69.23,77.32
STU0834,QUIZ5003,Mathematics,Algebra,19,10,9,52.63,35.25
STU0834,QUIZ5004,Physics,Electricity,26,24,2,92.31,72.04
STU0835,QUIZ5005,Mathematics,Probability,23,19,4,82.61,56.27
STU0835,QUIZ5006,Chemistry,Atoms,18,14,4,77.78,25.13
STU0835,QUIZ5007,Biology,Cell,23,15,8,65.22,78.37
STU0835,QUIZ5008,Biology,Genetics,30,20,10,66.67,51.85
STU0835,QUIZ5009,Physics,Motion,20,15,5,75.0,48.42
STU0835,QUIZ5010,Mathematics,Trigonometry,27,12,15,44.44,67.16
STU0836,QUIZ5011,Chemistry,Atoms,28,10,18,35.71,23.4
STU0836,QUIZ5012,Mathematics,Algebra,17,11,6,64.71,89.21
STU0836,QUIZ5013,Biology,Plant Physiology,15,12,3,80.0,83.14
STU0836,QUIZ5014,Mathematics,Algebra,30,6,24,20.0,60.95
STU0836,QUIZ5015,Mathematics,Probability,24,10,14,41.67,30.5
STU0836,QUIZ5016,Mathematics,Algebra,30,23,7,76.67,28.96
STU0837,QUIZ5017,Biology,Human Body,15,6,9,40.0,51.17
STU0837,QUIZ5018,Chemistry,Organic Chemistry,28,27,1,96.43,56.64
STU0837,QUIZ5019,Biology,Genetics,19,14,5,73.68,89.56
STU0837,QUIZ5020,Physics,Electricity,27,22,5,81.48,49.4
STU0837,QUIZ5021,Chemistry,Organic Chemistry,30,24,6,80.0,78.59
STU0837,QUIZ5022,Chemistry,Acids and Bases,22,13,9,59.09,62.29
STU0838,QUIZ5023,Chemistry,Chemical Bonding,27,7,20,25.93,23.17
STU0838,QUIZ5024,Chemistry,Organic Chemistry,28,18,10,64.29,71.16
STU0838,QUIZ5025,Physics,Electricity,22,18,4,81.82,72.9
STU0838,QUIZ5026,Biology,Human Body,21,17,4,80.95,87.72
STU0838,QUIZ5027,Physics,Work and Energy,25,23,2,92.0,66.78
STU0838,QUIZ5028,Mathematics,Algebra,25,22,3,88.0,49.9
STU0839,QUIZ5029,Mathematics,Trigonometry,25,8,17,32.0,63.2
STU0839,QUIZ5030,Mathematics,Probability,15,5,10,33.33,26.07
STU0839,QUIZ5031,Chemistry,Organic Chemistry,25,20,5,80.0,31.7
STU0839,QUIZ5032,Chemistry,Atoms,15,15,0,100.0,85.2
STU0839,QUIZ5033,Chemistry,Organic Chemistry,19,6,13,31.58,87.42
STU0839,QUIZ5034,Physics,Electricity,20,19,1,95.0,39.61
STU0840,QUIZ5035,Physics,Motion,25,20,5,80.0,31.48
STU0840,QUIZ5036,Chemistry,Chemical Bonding,23,19,4,82.61,22.85
STU0840,QUIZ5037,Biology,Human Body,24,9,15,37.5,53.89
STU0840,QUIZ5038,Mathematics,Algebra,26,14,12,53.85,32.97
STU0840,QUIZ5039,Chemistry,Acids and Bases,20,8,12,40.0,82.4
STU0840,QUIZ5040,Biology,Cell,30,10,20,33.33,56.14
STU0841,QUIZ5041,Physics,Electricity,25,19,6,76.0,44.8
STU0841,QUIZ5042,Mathematics,Algebra,18,13,5,72.22,40.82
STU0841,QUIZ5043,Chemistry,Acids and Bases,29,16,13,55.17,77.35
STU0841,QUIZ5044,Biology,Human Body,24,8,16,33.33,78.77
STU0841,QUIZ5045,Biology,Human Body,25,11,14,44.0,67.77
STU0841,QUIZ5046,Mathematics,Trigonometry,29,26,3,89.66,31.39
STU0842,QUIZ5047,Chemistry,Chemical Bonding,22,21,1,95.45,77.67
STU0842,QUIZ5048,Chemistry,Acids and Bases,25,21,4,84.0,50.03
STU0842,QUIZ5049,Physics,Work and Energy,22,14,8,63.64,87.45
STU0842,QUIZ5050,Biology,Human Body,21,13,8,61.9,67.63
STU0842,QUIZ5051,Chemistry,Chemical Bonding,23,19,4,82.61,48.42
STU0842,QUIZ5052,Physics,Laws of Motion,30,27,3,90.0,20.36
STU0843,QUIZ5053,Biology,Cell,20,10,10,50.0,53.58
STU0843,QUIZ5054,Mathematics,Trigonometry,30,7,23,23.33,77.42
STU0843,QUIZ5055,Biology,Human Body,17,6,11,35.29,45.45
STU0843,QUIZ5056,Physics,Laws of Motion,25,20,5,80.0,69.06
STU0843,QUIZ5057,Physics,Work and Energy,23,10,13,43.48,70.89
STU0843,QUIZ5058,Chemistry,Organic Chemistry,30,26,4,86.67,45.38
STU0844,QUIZ5059,Mathematics,Trigonometry,24,11,13,45.83,31.88
STU0844,QUIZ5060,Mathematics,Probability,23,15,8,65.22,56.69
STU0844,QUIZ5061,Biology,Genetics,17,17,0,100.0,65.28
STU0844,QUIZ5062,Physics,Work and Energy,29,14,15,48.28,20.22
STU0844,QUIZ5063,Physics,Motion,22,15,7,68.18,53.84
STU0844,QUIZ5064,Biology,Genetics,29,28,1,96.55,50.12
STU0845,QUIZ5065,Mathematics,Calculus,26,5,21,19.23,20.87
STU0845,QUIZ5066,Physics,Work and Energy,23,18,5,78.26,59.59
STU0845,QUIZ5067,Biology,Human Body,23,18,5,78.26,67.96
STU0845,QUIZ5068,Biology,Genetics,25,9,16,36.0,25.7
STU0845,QUIZ5069,Biology,Cell,16,15,1,93.75,67.83
STU0845,QUIZ5070,Physics,Laws of Motion,17,12,5,70.59,80.46
STU0846,QUIZ5071,Chemistry,Organic Chemistry,17,7,10,41.18,27.85
STU0846,QUIZ5072,Physics,Electricity,27,8,19,29.63,89.96
STU0846,QUIZ5073,Physics,Work and Energy,17,14,3,82.35,30.44
STU0846,QUIZ5074,Physics,Electricity,17,16,1,94.12,69.41
STU0846,QUIZ5075,Mathematics,Probability,28,23,5,82.14,49.23
STU0846,QUIZ5076,Biology,Human Body,26,21,5,80.77,78.23
STU0847,QUIZ5077,Chemistry,Organic Chemistry,28,17,11,60.71,34.46
STU0847,QUIZ5078,Physics,Laws of Motion,20,20,0,100.0,54.2
STU0847,QUIZ5079,Mathematics,Trigonometry,20,8,12,40.0,29.41
STU0847,QUIZ5080,Chemistry,Chemical Bonding,18,16,2,88.89,69.88
STU0847,QUIZ5081,Physics,Laws of Motion,20,14,6,70.0,49.16
STU0847,QUIZ5082,Chemistry,Organic Chemistry,20,19,1,95.0,25.03
STU0848,QUIZ5083,Chemistry,Chemical Bonding,16,15,1,93.75,52.94
STU0848,QUIZ5084,Mathematics,Algebra,19,14,5,73.68,78.42
STU0848,QUIZ5085,Chemistry,Organic Chemistry,22,19,3,86.36,64.95
STU0848,QUIZ5086,Physics,Work and Energy,24,20,4,83.33,68.68
STU0848,QUIZ5087,Mathematics,Probability,30,5,25,16.67,87.84
STU0848,QUIZ5088,Physics,Work and Energy,29,25,4,86.21,41.3
STU0849,QUIZ5089,Biology,Human Body,15,7,8,46.67,54.17
STU0849,QUIZ5090,Mathematics,Calculus,18,16,2,88.89,76.41
STU0849,QUIZ5091,Mathematics,Calculus,30,9,21,30.0,84.32
STU0849,QUIZ5092,Biology,Genetics,16,10,6,62.5,66.57
STU0849,QUIZ5093,Biology,Genetics,22,18,4,81.82,85.46
STU0849,QUIZ5094,Biology,Plant Physiology,16,9,7,56.25,35.58
STU0850,QUIZ5095,Physics,Electricity,24,24,0,100.0,22.03
STU0850,QUIZ5096,Biology,Genetics,22,6,16,27.27,23.21
STU0850,QUIZ5097,Mathematics,Algebra,22,13,9,59.09,32.61
STU0850,QUIZ5098,Mathematics,Probability,23,11,12,47.83,35.07
STU0850,QUIZ5099,Physics,Work and Energy,18,13,5,72.22,22.94
STU0850,QUIZ5100,Chemistry,Atoms,21,6,15,28.57,65.04
STU0851,QUIZ5101,Chemistry,Organic Chemistry,21,17,4,80.95,79.8
STU0851,QUIZ5102,Biology,Cell,16,11,5,68.75,52.71
STU0851,QUIZ5103,Biology,Plant Physiology,30,20,10,66.67,77.49
STU0851,QUIZ5104,Mathematics,Calculus,18,5,13,27.78,88.69
STU0851,QUIZ5105,Mathematics,Algebra,21,20,1,95.24,55.76
STU0851,QUIZ5106,Biology,Human Body,29,13,16,44.83,33.28
STU0852,QUIZ5107,Mathematics,Calculus,27,6,21,22.22,69.72
STU0852,QUIZ5108,Physics,Work and Energy,26,10,16,38.46,80.5
STU0852,QUIZ5109,Chemistry,Acids and Bases,25,20,5,80.0,22.36
STU0852,QUIZ5110,Chemistry,Organic Chemistry,22,14,8,63.64,56.23
STU0852,QUIZ5111,Mathematics,Probability,26,10,16,38.46,44.36
STU0852,QUIZ5112,Chemistry,Organic Chemistry,30,18,12,60.0,30.82
STU0853,QUIZ5113,Mathematics,Trigonometry,27,26,1,96.3,39.83
STU0853,QUIZ5114,Physics,Electricity,15,11,4,73.33,68.51
STU0853,QUIZ5115,Physics,Electricity,18,17,1,94.44,40.76
STU0853,QUIZ5116,Mathematics,Algebra,30,11,19,36.67,51.54
STU0853,QUIZ5117,Mathematics,Algebra,15,12,3,80.0,21.19
STU0853,QUIZ5118,Chemistry,Acids and Bases,19,12,7,63.16,62.77
STU0854,QUIZ5119,Chemistry,Chemical Bonding,23,18,5,78.26,30.72
STU0854,QUIZ5120,Mathematics,Trigonometry,17,17,0,100.0,67.55
STU0854,QUIZ5121,Mathematics,Algebra,23,10,13,43.48,72.62
STU0854,QUIZ5122,Mathematics,Trigonometry,29,22,7,75.86,20.79
STU0854,QUIZ5123,Chemistry,Organic Chemistry,17,8,9,47.06,73.77
STU0854,QUIZ5124,Biology,Genetics,20,12,8,60.0,87.17
STU0855,QUIZ5125,Mathematics,Trigonometry,20,7,13,35.0,37.2
STU0855,QUIZ5126,Chemistry,Atoms,29,21,8,72.41,40.54
STU0855,QUIZ5127,Biology,Genetics,20,16,4,80.0,24.31
STU0855,QUIZ5128,Chemistry,Acids and Bases,28,18,10,64.29,37.91
STU0855,QUIZ5129,Chemistry,Chemical Bonding,16,16,0,100.0,84.71
STU0855,QUIZ5130,Mathematics,Probability,30,27,3,90.0,72.44
STU0856,QUIZ5131,Biology,Human Body,20,10,10,50.0,31.96
STU0856,QUIZ5132,Physics,Laws of Motion,29,15,14,51.72,26.32
STU0856,QUIZ5133,Mathematics,Calculus,28,12,16,42.86,37.57
STU0856,QUIZ5134,Biology,Genetics,24,22,2,91.67,85.82
STU0856,QUIZ5135,Biology,Cell,21,13,8,61.9,32.84
STU0856,QUIZ5136,Chemistry,Atoms,15,11,4,73.33,73.41
STU0857,QUIZ5137,Physics,Electricity,21,20,1,95.24,80.53
STU0857,QUIZ5138,Biology,Human Body,27,26,1,96.3,42.43
STU0857,QUIZ5139,Mathematics,Trigonometry,27,21,6,77.78,36.36
STU0857,QUIZ5140,Mathematics,Algebra,26,5,21,19.23,28.79
STU0857,QUIZ5141,Chemistry,Atoms,18,14,4,77.78,51.99
STU0857,QUIZ5142,Mathematics,Calculus,28,11,17,39.29,33.92
STU0858,QUIZ5143,Biology,Plant Physiology,29,23,6,79.31,71.27
STU0858,QUIZ5144,Chemistry,Atoms,16,14,2,87.5,34.2
STU0858,QUIZ5145,Mathematics,Probability,20,19,1,95.0,77.49
STU0858,QUIZ5146,Biology,Genetics,17,11,6,64.71,68.31
STU0858,QUIZ5147,Physics,Electricity,17,11,6,64.71,29.91
STU0858,QUIZ5148,Chemistry,Organic Chemistry,18,13,5,72.22,48.65
STU0859,QUIZ5149,Physics,Laws of Motion,30,6,24,20.0,52.91
STU0859,QUIZ5150,Physics,Electricity,20,15,5,75.0,58.19
STU0859,QUIZ5151,Mathematics,Probability,30,26,4,86.67,44.57
STU0859,QUIZ5152,Mathematics,Trigonometry,29,11,18,37.93,40.81
STU0859,QUIZ5153,Chemistry,Chemical Bonding,28,27,1,96.43,25.88
STU0859,QUIZ5154,Biology,Genetics,21,20,1,95.24,65.99
STU0860,QUIZ5155,Physics,Work and Energy,20,19,1,95.0,32.53
STU0860,QUIZ5156,Chemistry,Organic Chemistry,30,13,17,43.33,51.31
STU0860,QUIZ5157,Biology,Genetics,24,23,1,95.83,43.7
STU0860,QUIZ5158,Physics,Electricity,25,7,18,28.0,70.24
STU0860,QUIZ5159,Mathematics,Algebra,25,17,8,68.0,23.41
STU0860,QUIZ5160,Biology,Human Body,19,12,7,63.16,55.78
STU0861,QUIZ5161,Mathematics,Calculus,29,7,22,24.14,28.82
STU0861,QUIZ5162,Mathematics,Calculus,23,7,16,30.43,24.69
STU0861,QUIZ5163,Biology,Human Body,30,5,25,16.67,87.35
STU0861,QUIZ5164,Biology,Cell,16,13,3,81.25,59.42
STU0861,QUIZ5165,Biology,Genetics,29,7,22,24.14,62.05
STU0861,QUIZ5166,Biology,Human Body,15,7,8,46.67,35.18
STU0862,QUIZ5167,Chemistry,Atoms,20,7,13,35.0,75.79
STU0862,QUIZ5168,Biology,Human Body,18,18,0,100.0,43.18
STU0862,QUIZ5169,Physics,Motion,26,21,5,80.77,76.43
STU0862,QUIZ5170,Biology,Genetics,24,13,11,54.17,43.64
STU0862,QUIZ5171,Mathematics,Calculus,20,9,11,45.0,57.83
STU0862,QUIZ5172,Mathematics,Algebra,21,21,0,100.0,49.11
STU0863,QUIZ5173,Physics,Laws of Motion,23,17,6,73.91,28.16
STU0863,QUIZ5174,Physics,Laws of Motion,18,6,12,33.33,55.92
STU0863,QUIZ5175,Biology,Plant Physiology,26,21,5,80.77,26.37
STU0863,QUIZ5176,Physics,Work and Energy,17,7,10,41.18,21.23
STU0863,QUIZ5177,Chemistry,Organic Chemistry,19,16,3,84.21,60.17
STU0863,QUIZ5178,Biology,Cell,30,26,4,86.67,27.15
STU0864,QUIZ5179,Mathematics,Calculus,20,15,5,75.0,63.67
STU0864,QUIZ5180,Chemistry,Acids and Bases,23,6,17,26.09,88.34
STU0864,QUIZ5181,Mathematics,Algebra,21,14,7,66.67,44.06
STU0864,QUIZ5182,Mathematics,Algebra,19,6,13,31.58,20.36
STU0864,QUIZ5183,Physics,Work and Energy,15,10,5,66.67,41.27
STU0864,QUIZ5184,Chemistry,Organic Chemistry,29,8,21,27.59,88.2
STU0865,QUIZ5185,Physics,Motion,25,8,17,32.0,86.58
STU0865,QUIZ5186,Chemistry,Atoms,20,15,5,75.0,72.83
STU0865,QUIZ5187,Chemistry,Chemical Bonding,29,14,15,48.28,64.59
STU0865,QUIZ5188,Physics,Laws of Motion,17,11,6,64.71,81.14
STU0865,QUIZ5189,Physics,Work and Energy,15,12,3,80.0,82.44
STU0865,QUIZ5190,Mathematics,Probability,17,11,6,64.71,85.54
STU0866,QUIZ5191,Mathematics,Trigonometry,21,11,10,52.38,75.04
STU0866,QUIZ5192,Mathematics,Trigonometry,23,5,18,21.74,66.04
STU0866,QUIZ5193,Chemistry,Acids and Bases,26,20,6,76.92,35.01
STU0866,QUIZ5194,Mathematics,Probability,27,17,10,62.96,42.56
STU0866,QUIZ5195,Physics,Work and Energy,26,26,0,100.0,41.31
STU0866,QUIZ5196,Mathematics,Calculus,30,12,18,40.0,60.71
STU0867,QUIZ5197,Mathematics,Calculus,27,12,15,44.44,24.56
STU0867,QUIZ5198,Biology,Human Body,22,7,15,31.82,21.25
STU0867,QUIZ5199,Chemistry,Acids and Bases,17,13,4,76.47,62.91
STU0867,QUIZ5200,Chemistry,Acids and Bases,27,20,7,74.07,44.43
STU0867,QUIZ5201,Chemistry,Atoms,23,8,15,34.78,31.6
STU0867,QUIZ5202,Biology,Cell,29,21,8,72.41,78.1
STU0868,QUIZ5203,Biology,Plant Physiology,17,17,0,100.0,54.1
STU0868,QUIZ5204,Physics,Motion,24,19,5,79.17,48.29
STU0868,QUIZ5205,Chemistry,Atoms,24,6,18,25.0,31.65
STU0868,QUIZ5206,Chemistry,Atoms,23,9,14,39.13,28.45
STU0868,QUIZ5207,Physics,Motion,27,11,16,40.74,82.22
STU0868,QUIZ5208,Biology,Plant Physiology,20,6,14,30.0,29.16
STU0869,QUIZ5209,Biology,Genetics,26,20,6,76.92,52.15
STU0869,QUIZ5210,Biology,Plant Physiology,16,7,9,43.75,59.99
STU0869,QUIZ5211,Chemistry,Chemical Bonding,29,27,2,93.1,85.34
STU0869,QUIZ5212,Chemistry,Atoms,17,5,12,29.41,79.1
STU0869,QUIZ5213,Mathematics,Algebra,21,11,10,52.38,20.98
STU0869,QUIZ5214,Mathematics,Calculus,16,5,11,31.25,43.96
STU0870,QUIZ5215,Physics,Work and Energy,30,26,4,86.67,52.62
STU0870,QUIZ5216,Physics,Motion,22,7,15,31.82,77.26
STU0870,QUIZ5217,Physics,Motion,21,18,3,85.71,23.33
STU0870,QUIZ5218,Biology,Cell,22,9,13,40.91,56.43
STU0870,QUIZ5219,Biology,Cell,19,10,9,52.63,80.54
STU0870,QUIZ5220,Chemistry,Atoms,17,12,5,70.59,50.53
STU0871,QUIZ5221,Mathematics,Algebra,26,18,8,69.23,44.96
STU0871,QUIZ5222,Chemistry,Organic Chemistry,15,15,0,100.0,29.41
STU0871,QUIZ5223,Mathematics,Probability,15,7,8,46.67,86.03
STU0871,QUIZ5224,Chemistry,Organic Chemistry,25,19,6,76.0,69.72
STU0871,QUIZ5225,Biology,Genetics,15,15,0,100.0,81.72
STU0871,QUIZ5226,Mathematics,Probability,21,20,1,95.24,49.33
STU0872,QUIZ5227,Mathematics,Calculus,17,17,0,100.0,72.74
STU0872,QUIZ5228,Biology,Genetics,16,8,8,50.0,71.48
STU0872,QUIZ5229,Physics,Motion,18,14,4,77.78,55.86
STU0872,QUIZ5230,Mathematics,Probability,18,7,11,38.89,51.2
STU0872,QUIZ5231,Physics,Motion,28,5,23,17.86,88.36
STU0872,QUIZ5232,Physics,Motion,16,16,0,100.0,61.9
STU0873,QUIZ5233,Mathematics,Algebra,25,14,11,56.0,42.18
STU0873,QUIZ5234,Biology,Genetics,17,14,3,82.35,84.86
STU0873,QUIZ5235,Physics,Work and Energy,16,7,9,43.75,20.83
STU0873,QUIZ5236,Chemistry,Chemical Bonding,24,13,11,54.17,66.36
STU0873,QUIZ5237,Mathematics,Probability,28,26,2,92.86,40.92
STU0873,QUIZ5238,Physics,Laws of Motion,24,13,11,54.17,63.33
STU0874,QUIZ5239,Biology,Cell,23,23,0,100.0,30.36
STU0874,QUIZ5240,Mathematics,Probability,28,25,3,89.29,24.24
STU0874,QUIZ5241,Chemistry,Acids and Bases,28,18,10,64.29,66.05
STU0874,QUIZ5242,Mathematics,Trigonometry,28,24,4,85.71,66.67
STU0874,QUIZ5243,Physics,Laws of Motion,30,7,23,23.33,74.41
STU0874,QUIZ5244,Mathematics,Calculus,25,14,11,56.0,23.66
STU0875,QUIZ5245,Biology,Cell,24,24,0,100.0,78.27
STU0875,QUIZ5246,Chemistry,Acids and Bases,23,7,16,30.43,62.62
STU0875,QUIZ5247,Chemistry,Atoms,26,14,12,53.85,20.45
STU0875,QUIZ5248,Biology,Genetics,25,25,0,100.0,53.6
STU0875,QUIZ5249,Biology,Cell,19,14,5,73.68,68.93
STU0875,QUIZ5250,Mathematics,Trigonometry,21,10,11,47.62,82.82
STU0876,QUIZ5251,Chemistry,Acids and Bases,26,12,14,46.15,50.05
STU0876,QUIZ5252,Mathematics,Algebra,21,15,6,71.43,36.15
STU0876,QUIZ5253,Biology,Cell,18,12,6,66.67,74.4
STU0876,QUIZ5254,Biology,Cell,22,7,15,31.82,51.25
STU0876,QUIZ5255,Physics,Work and Energy,25,5,20,20.0,76.96
STU0876,QUIZ5256,Physics,Electricity,26,12,14,46.15,48.07
STU0877,QUIZ5257,Biology,Human Body,21,21,0,100.0,70.54
STU0877,QUIZ5258,Chemistry,Acids and Bases,23,11,12,47.83,58.1
STU0877,QUIZ5259,Chemistry,Acids and Bases,18,12,6,66.67,52.59
STU0877,QUIZ5260,Mathematics,Trigonometry,22,11,11,50.0,69.09
STU0877,QUIZ5261,Biology,Human Body,27,27,0,100.0,63.63
STU0877,QUIZ5262,Biology,Genetics,24,21,3,87.5,56.36
STU0878,QUIZ5263,Physics,Work and Energy,21,10,11,47.62,64.96
STU0878,QUIZ5264,Biology,Plant Physiology,29,21,8,72.41,49.01
STU0878,QUIZ5265,Biology,Genetics,26,5,21,19.23,77.0
STU0878,QUIZ5266,Chemistry,Chemical Bonding,19,9,10,47.37,61.28
STU0878,QUIZ5267,Physics,Work and Energy,26,21,5,80.77,22.42
STU0878,QUIZ5268,Chemistry,Chemical Bonding,23,18,5,78.26,30.79
STU0879,QUIZ5269,Physics,Electricity,24,7,17,29.17,73.44
STU0879,QUIZ5270,Biology,Genetics,23,13,10,56.52,61.59
STU0879,QUIZ5271,Mathematics,Calculus,18,10,8,55.56,24.0
STU0879,QUIZ5272,Biology,Genetics,30,24,6,80.0,71.58
STU0879,QUIZ5273,Biology,Cell,17,6,11,35.29,84.63
STU0879,QUIZ5274,Physics,Motion,18,11,7,61.11,57.19
STU0880,QUIZ5275,Physics,Laws of Motion,21,8,13,38.1,47.8
STU0880,QUIZ5276,Physics,Work and Energy,19,11,8,57.89,25.2
STU0880,QUIZ5277,Physics,Laws of Motion,27,6,21,22.22,23.36
STU0880,QUIZ5278,Biology,Cell,30,16,14,53.33,55.41
STU0880,QUIZ5279,Biology,Genetics,26,11,15,42.31,77.91
STU0880,QUIZ5280,Biology,Genetics,16,8,8,50.0,89.26
STU0881,QUIZ5281,Biology,Plant Physiology,19,14,5,73.68,64.47
STU0881,QUIZ5282,Mathematics,Trigonometry,30,21,9,70.0,62.2
STU0881,QUIZ5283,Chemistry,Acids and Bases,15,8,7,53.33,34.92
STU0881,QUIZ5284,Physics,Laws of Motion,18,9,9,50.0,77.43
STU0881,QUIZ5285,Mathematics,Calculus,27,8,19,29.63,67.37
STU0881,QUIZ5286,Chemistry,Organic Chemistry,17,10,7,58.82,68.26
STU0882,QUIZ5287,Biology,Cell,24,23,1,95.83,33.15
STU0882,QUIZ5288,Physics,Laws of Motion,27,27,0,100.0,39.79
STU0882,QUIZ5289,Chemistry,Organic Chemistry,29,13,16,44.83,85.07
STU0882,QUIZ5290,Physics,Laws of Motion,19,15,4,78.95,51.13
STU0882,QUIZ5291,Mathematics,Algebra,19,19,0,100.0,71.4
STU0882,QUIZ5292,Physics,Work and Energy,27,23,4,85.19,54.57
STU0883,QUIZ5293,Mathematics,Calculus,25,13,12,52.0,43.35
STU0883,QUIZ5294,Biology,Plant Physiology,29,13,16,44.83,89.96
STU0883,QUIZ5295,Chemistry,Chemical Bonding,17,17,0,100.0,58.97
STU0883,QUIZ5296,Mathematics,Algebra,16,12,4,75.0,29.38
STU0883,QUIZ5297,Physics,Motion,22,7,15,31.82,67.37
STU0883,QUIZ5298,Chemistry,Organic Chemistry,26,25,1,96.15,24.34
STU0884,QUIZ5299,Biology,Genetics,22,13,9,59.09,24.06
STU0884,QUIZ5300,Physics,Laws of Motion,27,24,3,88.89,76.63
STU0884,QUIZ5301,Physics,Laws of Motion,29,13,16,44.83,75.03
STU0884,QUIZ5302,Mathematics,Trigonometry,26,19,7,73.08,56.1
STU0884,QUIZ5303,Mathematics,Probability,20,8,12,40.0,47.39
STU0884,QUIZ5304,Mathematics,Trigonometry,29,6,23,20.69,46.08
STU0885,QUIZ5305,Biology,Genetics,16,10,6,62.5,89.88
STU0885,QUIZ5306,Biology,Human Body,19,5,14,26.32,38.6
STU0885,QUIZ5307,Mathematics,Probability,18,8,10,44.44,74.79
STU0885,QUIZ5308,Biology,Plant Physiology,16,7,9,43.75,49.85
STU0885,QUIZ5309,Physics,Motion,29,23,6,79.31,73.31
STU0885,QUIZ5310,Biology,Genetics,18,16,2,88.89,74.33
STU0886,QUIZ5311,Biology,Genetics,20,7,13,35.0,88.45
STU0886,QUIZ5312,Physics,Laws of Motion,28,7,21,25.0,63.68
STU0886,QUIZ5313,Chemistry,Chemical Bonding,27,12,15,44.44,73.34
STU0886,QUIZ5314,Chemistry,Atoms,17,16,1,94.12,21.25
STU0886,QUIZ5315,Chemistry,Chemical Bonding,30,7,23,23.33,71.77
STU0886,QUIZ5316,Biology,Plant Physiology,21,13,8,61.9,26.03
STU0887,QUIZ5317,Mathematics,Algebra,16,10,6,62.5,29.84
STU0887,QUIZ5318,Physics,Work and Energy,28,22,6,78.57,47.61
STU0887,QUIZ5319,Physics,Motion,24,11,13,45.83,66.45
STU0887,QUIZ5320,Mathematics,Probability,15,13,2,86.67,48.95
STU0887,QUIZ5321,Physics,Work and Energy,18,11,7,61.11,45.68
STU0887,QUIZ5322,Biology,Cell,24,7,17,29.17,68.4
STU0888,QUIZ5323,Chemistry,Chemical Bonding,22,12,10,54.55,87.86
STU0888,QUIZ5324,Chemistry,Atoms,22,19,3,86.36,30.35
STU0888,QUIZ5325,Physics,Work and Energy,20,11,9,55.0,63.92
STU0888,QUIZ5326,Physics,Electricity,26,13,13,50.0,66.6
STU0888,QUIZ5327,Chemistry,Organic Chemistry,15,8,7,53.33,79.66
STU0888,QUIZ5328,Mathematics,Probability,19,19,0,100.0,26.93
STU0889,QUIZ5329,Biology,Cell,16,15,1,93.75,43.31
STU0889,QUIZ5330,Chemistry,Organic Chemistry,26,6,20,23.08,27.06
STU0889,QUIZ5331,Chemistry,Chemical Bonding,20,15,5,75.0,37.73
STU0889,QUIZ5332,Mathematics,Probability,24,23,1,95.83,20.23
STU0889,QUIZ5333,Chemistry,Acids and Bases,26,12,14,46.15,40.72
STU0889,QUIZ5334,Mathematics,Algebra,27,15,12,55.56,56.93
STU0890,QUIZ5335,Biology,Plant Physiology,19,7,12,36.84,48.16
STU0890,QUIZ5336,Biology,Plant Physiology,23,15,8,65.22,49.38
STU0890,QUIZ5337,Physics,Motion,20,16,4,80.0,85.92
STU0890,QUIZ5338,Chemistry,Acids and Bases,27,20,7,74.07,20.25
STU0890,QUIZ5339,Biology,Cell,23,8,15,34.78,58.7
STU0890,QUIZ5340,Physics,Electricity,24,10,14,41.67,64.36
STU0891,QUIZ5341,Biology,Genetics,25,17,8,68.0,26.24
STU0891,QUIZ5342,Biology,Plant Physiology,17,16,1,94.12,50.57
STU0891,QUIZ5343,Chemistry,Organic Chemistry,24,14,10,58.33,30.97
STU0891,QUIZ5344,Mathematics,Probability,17,8,9,47.06,23.47
STU0891,QUIZ5345,Mathematics,Calculus,23,13,10,56.52,48.1
STU0891,QUIZ5346,Biology,Plant Physiology,26,15,11,57.69,62.28
STU0892,QUIZ5347,Chemistry,Atoms,20,16,4,80.0,20.99
STU0892,QUIZ5348,Chemistry,Acids and Bases,23,15,8,65.22,84.12
STU0892,QUIZ5349,Mathematics,Calculus,18,6,12,33.33,38.4
STU0892,QUIZ5350,Biology,Genetics,29,12,17,41.38,83.96
STU0892,QUIZ5351,Physics,Motion,20,9,11,45.0,39.4
STU0892,QUIZ5352,Chemistry,Organic Chemistry,30,11,19,36.67,69.77
STU0893,QUIZ5353,Biology,Cell,15,8,7,53.33,55.38
STU0893,QUIZ5354,Chemistry,Atoms,29,23,6,79.31,85.32
STU0893,QUIZ5355,Chemistry,Acids and Bases,25,14,11,56.0,44.06
STU0893,QUIZ5356,Mathematics,Trigonometry,20,6,14,30.0,40.06
STU0893,QUIZ5357,Chemistry,Chemical Bonding,30,10,20,33.33,39.93
STU0893,QUIZ5358,Physics,Motion,25,23,2,92.0,67.24
STU0894,QUIZ5359,Biology,Cell,23,6,17,26.09,87.77
STU0894,QUIZ5360,Biology,Plant Physiology,27,13,14,48.15,55.9
STU0894,QUIZ5361,Physics,Electricity,26,21,5,80.77,59.19
STU0894,QUIZ5362,Mathematics,Trigonometry,18,7,11,38.89,39.81
STU0894,QUIZ5363,Physics,Electricity,29,9,20,31.03,83.16
STU0894,QUIZ5364,Biology,Genetics,25,17,8,68.0,25.75
STU0895,QUIZ5365,Biology,Cell,29,5,24,17.24,36.76
STU0895,QUIZ5366,Physics,Motion,17,9,8,52.94,24.6
STU0895,QUIZ5367,Mathematics,Probability,17,15,2,88.24,49.61
STU0895,QUIZ5368,Chemistry,Organic Chemistry,15,5,10,33.33,22.31
STU0895,QUIZ5369,Biology,Cell,25,10,15,40.0,29.05
STU0895,QUIZ5370,Chemistry,Chemical Bonding,23,15,8,65.22,68.92
STU0896,QUIZ5371,Mathematics,Algebra,20,8,12,40.0,38.24
STU0896,QUIZ5372,Chemistry,Chemical Bonding,18,7,11,38.89,31.59
STU0896,QUIZ5373,Physics,Laws of Motion,23,16,7,69.57,60.12
STU0896,QUIZ5374,Biology,Cell,25,11,14,44.0,80.83
STU0896,QUIZ5375,Physics,Electricity,27,13,14,48.15,77.91
STU0896,QUIZ5376,Mathematics,Trigonometry,30,16,14,53.33,42.48
STU0897,QUIZ5377,Biology,Plant Physiology,23,19,4,82.61,35.28
STU0897,QUIZ5378,Chemistry,Organic Chemistry,23,14,9,60.87,58.64
STU0897,QUIZ5379,Physics,Motion,23,14,9,60.87,35.42
STU0897,QUIZ5380,Mathematics,Trigonometry,20,13,7,65.0,89.82
STU0897,QUIZ5381,Chemistry,Atoms,25,24,1,96.0,71.3
STU0897,QUIZ5382,Biology,Human Body,19,18,1,94.74,54.79
STU0898,QUIZ5383,Biology,Plant Physiology,24,14,10,58.33,81.22
STU0898,QUIZ5384,Mathematics,Probability,24,11,13,45.83,38.42
STU0898,QUIZ5385,Chemistry,Acids and Bases,17,15,2,88.24,74.19
STU0898,QUIZ5386,Physics,Motion,26,23,3,88.46,20.88
STU0898,QUIZ5387,Mathematics,Algebra,27,13,14,48.15,47.49
STU0898,QUIZ5388,Mathematics,Probability,30,14,16,46.67,21.02
STU0899,QUIZ5389,Physics,Laws of Motion,15,7,8,46.67,20.32
STU0899,QUIZ5390,Chemistry,Atoms,30,12,18,40.0,59.06
STU0899,QUIZ5391,Physics,Motion,26,14,12,53.85,33.56
STU0899,QUIZ5392,Chemistry,Atoms,25,23,2,92.0,25.87
STU0899,QUIZ5393,Mathematics,Calculus,18,10,8,55.56,82.14
STU0899,QUIZ5394,Physics,Electricity,24,20,4,83.33,85.27
STU0900,QUIZ5395,Biology,Human Body,28,10,18,35.71,67.63
STU0900,QUIZ5396,Physics,Motion,17,5,12,29.41,25.08
STU0900,QUIZ5397,Physics,Work and Energy,15,10,5,66.67,56.46
STU0900,QUIZ5398,Mathematics,Trigonometry,30,14,16,46.67,49.56
STU0900,QUIZ5399,Physics,Motion,26,13,13,50.0,80.44
STU0900,QUIZ5400,Biology,Human Body,27,12,15,44.44,83.61
STU0901,QUIZ5401,Biology,Cell,23,20,3,86.96,70.72
STU0901,QUIZ5402,Chemistry,Atoms,21,10,11,47.62,24.62
STU0901,QUIZ5403,Chemistry,Acids and Bases,19,6,13,31.58,31.57
STU0901,QUIZ5404,Biology,Genetics,15,7,8,46.67,40.66
STU0901,QUIZ5405,Chemistry,Atoms,18,14,4,77.78,53.83
STU0901,QUIZ5406,Chemistry,Atoms,29,17,12,58.62,48.2
STU0902,QUIZ5407,Physics,Motion,25,10,15,40.0,57.22
STU0902,QUIZ5408,Biology,Genetics,22,9,13,40.91,66.42
STU0902,QUIZ5409,Chemistry,Acids and Bases,18,12,6,66.67,36.74
STU0902,QUIZ5410,Physics,Electricity,18,6,12,33.33,41.05
STU0902,QUIZ5411,Mathematics,Algebra,27,19,8,70.37,57.31
STU0902,QUIZ5412,Mathematics,Trigonometry,16,12,4,75.0,76.25
STU0903,QUIZ5413,Physics,Motion,15,14,1,93.33,85.53
STU0903,QUIZ5414,Mathematics,Algebra,30,7,23,23.33,50.4
STU0903,QUIZ5415,Mathematics,Probability,27,12,15,44.44,21.52
STU0903,QUIZ5416,Mathematics,Probability,28,24,4,85.71,73.7
STU0903,QUIZ5417,Chemistry,Organic Chemistry,29,26,3,89.66,84.51
STU0903,QUIZ5418,Physics,Laws of Motion,21,8,13,38.1,72.25
STU0904,QUIZ5419,Chemistry,Chemical Bonding,27,26,1,96.3,73.26
STU0904,QUIZ5420,Physics,Motion,23,14,9,60.87,23.41
STU0904,QUIZ5421,Chemistry,Acids and Bases,29,22,7,75.86,80.66
STU0904,QUIZ5422,Physics,Laws of Motion,17,10,7,58.82,48.61
STU0904,QUIZ5423,Physics,Laws of Motion,15,5,10,33.33,71.17
STU0904,QUIZ5424,Biology,Cell,27,17,10,62.96,79.73
STU0905,QUIZ5425,Mathematics,Algebra,29,21,8,72.41,38.79
STU0905,QUIZ5426,Biology,Plant Physiology,17,16,1,94.12,27.59
STU0905,QUIZ5427,Chemistry,Atoms,22,9,13,40.91,30.07
STU0905,QUIZ5428,Physics,Work and Energy,24,14,10,58.33,75.55
STU0905,QUIZ5429,Biology,Plant Physiology,20,18,2,90.0,65.18
STU0905,QUIZ5430,Chemistry,Chemical Bonding,15,11,4,73.33,79.64
STU0906,QUIZ5431,Chemistry,Acids and Bases,25,25,0,100.0,78.38
STU0906,QUIZ5432,Physics,Motion,21,15,6,71.43,88.22
STU0906,QUIZ5433,Chemistry,Chemical Bonding,20,10,10,50.0,85.89
STU0906,QUIZ5434,Chemistry,Atoms,30,9,21,30.0,31.86
STU0906,QUIZ5435,Chemistry,Organic Chemistry,20,20,0,100.0,21.39
STU0906,QUIZ5436,Biology,Cell,22,17,5,77.27,42.52
STU0907,QUIZ5437,Biology,Human Body,28,27,1,96.43,30.25
STU0907,QUIZ5438,Biology,Genetics,16,14,2,87.5,88.79
STU0907,QUIZ5439,Biology,Plant Physiology,26,26,0,100.0,22.29
STU0907,QUIZ5440,Mathematics,Calculus,19,19,0,100.0,45.5
STU0907,QUIZ5441,Biology,Cell,16,11,5,68.75,38.51
STU0907,QUIZ5442,Biology,Plant Physiology,20,12,8,60.0,88.7
STU0908,QUIZ5443,Physics,Electricity,24,24,0,100.0,57.82
STU0908,QUIZ5444,Biology,Cell,17,6,11,35.29,46.03
STU0908,QUIZ5445,Chemistry,Acids and Bases,26,26,0,100.0,24.97
STU0908,QUIZ5446,Chemistry,Atoms,19,17,2,89.47,45.29
STU0908,QUIZ5447,Chemistry,Acids and Bases,26,20,6,76.92,44.25
STU0908,QUIZ5448,Chemistry,Atoms,24,22,2,91.67,35.38
STU0909,QUIZ5449,Biology,Plant Physiology,24,11,13,45.83,43.21
STU0909,QUIZ5450,Mathematics,Trigonometry,25,16,9,64.0,44.55
STU0909,QUIZ5451,Physics,Laws of Motion,20,9,11,45.0,38.53
STU0909,QUIZ5452,Physics,Laws of Motion,27,14,13,51.85,39.17
STU0909,QUIZ5453,Biology,Cell,22,16,6,72.73,47.53
STU0909,QUIZ5454,Mathematics,Trigonometry,29,26,3,89.66,64.09
STU0910,QUIZ5455,Chemistry,Organic Chemistry,18,8,10,44.44,34.02
STU0910,QUIZ5456,Physics,Laws of Motion,19,12,7,63.16,76.42
STU0910,QUIZ5457,Biology,Genetics,16,6,10,37.5,46.3
STU0910,QUIZ5458,Mathematics,Calculus,20,16,4,80.0,49.12
STU0910,QUIZ5459,Physics,Motion,23,11,12,47.83,46.36
STU0910,QUIZ5460,Chemistry,Organic Chemistry,27,7,20,25.93,33.5
STU0911,QUIZ5461,Chemistry,Organic Chemistry,21,7,14,33.33,29.25
STU0911,QUIZ5462,Chemistry,Atoms,24,11,13,45.83,27.69
STU0911,QUIZ5463,Biology,Genetics,25,11,14,44.0,83.93
STU0911,QUIZ5464,Mathematics,Calculus,19,16,3,84.21,26.15
STU0911,QUIZ5465,Chemistry,Acids and Bases,19,18,1,94.74,49.11
STU0911,QUIZ5466,Mathematics,Algebra,28,18,10,64.29,67.91
STU0912,QUIZ5467,Physics,Electricity,23,20,3,86.96,76.22
STU0912,QUIZ5468,Chemistry,Acids and Bases,29,11,18,37.93,40.97
STU0912,QUIZ5469,Mathematics,Calculus,15,8,7,53.33,87.23
STU0912,QUIZ5470,Chemistry,Acids and Bases,26,14,12,53.85,47.17
STU0912,QUIZ5471,Chemistry,Chemical Bonding,26,17,9,65.38,60.05
STU0912,QUIZ5472,Mathematics,Trigonometry,22,6,16,27.27,78.19
STU0913,QUIZ5473,Physics,Motion,20,12,8,60.0,83.47
STU0913,QUIZ5474,Mathematics,Trigonometry,25,5,20,20.0,74.38
STU0913,QUIZ5475,Mathematics,Algebra,27,10,17,37.04,88.68
STU0913,QUIZ5476,Biology,Cell,17,14,3,82.35,47.06
STU0913,QUIZ5477,Chemistry,Organic Chemistry,28,16,12,57.14,25.59
STU0913,QUIZ5478,Chemistry,Chemical Bonding,28,28,0,100.0,52.88
STU0914,QUIZ5479,Chemistry,Organic Chemistry,26,25,1,96.15,63.39
STU0914,QUIZ5480,Chemistry,Atoms,16,14,2,87.5,21.22
STU0914,QUIZ5481,Biology,Plant Physiology,29,28,1,96.55,26.1
STU0914,QUIZ5482,Biology,Human Body,22,12,10,54.55,66.31
STU0914,QUIZ5483,Mathematics,Trigonometry,27,6,21,22.22,82.71
STU0914,QUIZ5484,Biology,Plant Physiology,20,19,1,95.0,61.92
STU0915,QUIZ5485,Biology,Cell,26,24,2,92.31,75.37
STU0915,QUIZ5486,Biology,Genetics,26,20,6,76.92,46.21
STU0915,QUIZ5487,Physics,Work and Energy,24,16,8,66.67,23.07
STU0915,QUIZ5488,Mathematics,Calculus,30,9,21,30.0,85.28
STU0915,QUIZ5489,Physics,Motion,19,16,3,84.21,80.76
STU0915,QUIZ5490,Biology,Cell,19,15,4,78.95,54.56
STU0916,QUIZ5491,Biology,Plant Physiology,17,13,4,76.47,83.59
STU0916,QUIZ5492,Mathematics,Calculus,22,15,7,68.18,49.0
STU0916,QUIZ5493,Mathematics,Probability,21,16,5,76.19,42.02
STU0916,QUIZ5494,Mathematics,Algebra,27,16,11,59.26,47.31
STU0916,QUIZ5495,Mathematics,Probability,21,17,4,80.95,72.6
STU0916,QUIZ5496,Chemistry,Atoms,30,30,0,100.0,27.58
STU0917,QUIZ5497,Mathematics,Algebra,28,12,16,42.86,38.96
STU0917,QUIZ5498,Mathematics,Calculus,19,14,5,73.68,58.55
STU0917,QUIZ5499,Mathematics,Algebra,24,9,15,37.5,85.35
STU0917,QUIZ5500,Physics,Motion,21,13,8,61.9,31.86
STU0917,QUIZ5501,Physics,Motion,25,24,1,96.0,37.54
STU0917,QUIZ5502,Physics,Electricity,27,18,9,66.67,84.34
STU0918,QUIZ5503,Physics,Work and Energy,30,12,18,40.0,33.14
STU0918,QUIZ5504,Biology,Cell,28,18,10,64.29,37.9
STU0918,QUIZ5505,Chemistry,Acids and Bases,29,19,10,65.52,73.44
STU0918,QUIZ5506,Mathematics,Trigonometry,17,14,3,82.35,53.79
STU0918,QUIZ5507,Physics,Work and Energy,28,18,10,64.29,43.98
STU0918,QUIZ5508,Chemistry,Chemical Bonding,22,20,2,90.91,79.67
STU0919,QUIZ5509,Biology,Human Body,25,17,8,68.0,39.05
STU0919,QUIZ5510,Mathematics,Algebra,15,13,2,86.67,51.37
STU0919,QUIZ5511,Mathematics,Probability,21,14,7,66.67,43.76
STU0919,QUIZ5512,Chemistry,Organic Chemistry,18,8,10,44.44,76.77
STU0919,QUIZ5513,Mathematics,Algebra,17,8,9,47.06,76.66
STU0919,QUIZ5514,Mathematics,Probability,20,16,4,80.0,65.61
STU0920,QUIZ5515,Biology,Cell,24,6,18,25.0,42.11
STU0920,QUIZ5516,Chemistry,Chemical Bonding,30,6,24,20.0,71.42
STU0920,QUIZ5517,Physics,Work and Energy,30,19,11,63.33,58.33
STU0920,QUIZ5518,Biology,Cell,25,9,16,36.0,33.55
STU0920,QUIZ5519,Biology,Cell,25,19,6,76.0,68.2
STU0920,QUIZ5520,Biology,Human Body,17,7,10,41.18,20.97
STU0921,QUIZ5521,Chemistry,Acids and Bases,24,20,4,83.33,24.55
STU0921,QUIZ5522,Biology,Cell,30,10,20,33.33,58.65
STU0921,QUIZ5523,Biology,Human Body,29,7,22,24.14,39.81
STU0921,QUIZ5524,Mathematics,Trigonometry,28,11,17,39.29,51.69
STU0921,QUIZ5525,Biology,Plant Physiology,20,14,6,70.0,22.76
STU0921,QUIZ5526,Chemistry,Organic Chemistry,21,13,8,61.9,78.76
STU0922,QUIZ5527,Chemistry,Atoms,21,10,11,47.62,24.76
STU0922,QUIZ5528,Chemistry,Acids and Bases,22,14,8,63.64,39.32
STU0922,QUIZ5529,Biology,Human Body,17,15,2,88.24,89.08
STU0922,QUIZ5530,Mathematics,Algebra,15,11,4,73.33,69.9
STU0922,QUIZ5531,Mathematics,Trigonometry,25,13,12,52.0,79.04
STU0922,QUIZ5532,Biology,Plant Physiology,20,7,13,35.0,71.94
STU0923,QUIZ5533,Physics,Laws of Motion,23,6,17,26.09,27.97
STU0923,QUIZ5534,Mathematics,Calculus,26,24,2,92.31,72.85
STU0923,QUIZ5535,Mathematics,Calculus,29,16,13,55.17,83.54
STU0923,QUIZ5536,Physics,Motion,27,19,8,70.37,20.03
STU0923,QUIZ5537,Mathematics,Algebra,25,13,12,52.0,66.19
STU0923,QUIZ5538,Biology,Human Body,29,9,20,31.03,63.56
STU0924,QUIZ5539,Physics,Work and Energy,29,14,15,48.28,74.47
STU0924,QUIZ5540,Chemistry,Organic Chemistry,30,7,23,23.33,85.57
STU0924,QUIZ5541,Physics,Work and Energy,23,6,17,26.09,89.53
STU0924,QUIZ5542,Chemistry,Acids and Bases,30,20,10,66.67,47.02
STU0924,QUIZ5543,Chemistry,Chemical Bonding,18,18,0,100.0,63.79
STU0924,QUIZ5544,Biology,Plant Physiology,18,13,5,72.22,59.63
STU0925,QUIZ5545,Biology,Human Body,22,19,3,86.36,63.6
STU0925,QUIZ5546,Chemistry,Organic Chemistry,21,14,7,66.67,79.21
STU0925,QUIZ5547,Biology,Cell,27,16,11,59.26,42.8
STU0925,QUIZ5548,Chemistry,Chemical Bonding,22,12,10,54.55,68.69
STU0925,QUIZ5549,Mathematics,Calculus,27,11,16,40.74,40.79
STU0925,QUIZ5550,Physics,Electricity,18,10,8,55.56,80.48
STU0926,QUIZ5551,Physics,Motion,27,25,2,92.59,59.42
STU0926,QUIZ5552,Chemistry,Atoms,28,5,23,17.86,81.87
STU0926,QUIZ5553,Biology,Genetics,19,19,0,100.0,42.7
STU0926,QUIZ5554,Physics,Electricity,30,28,2,93.33,73.61
STU0926,QUIZ5555,Biology,Human Body,27,14,13,51.85,85.31
STU0926,QUIZ5556,Mathematics,Calculus,22,21,1,95.45,87.33
STU0927,QUIZ5557,Physics,Motion,23,22,1,95.65,21.21
STU0927,QUIZ5558,Physics,Electricity,30,11,19,36.67,61.29
STU0927,QUIZ5559,Mathematics,Trigonometry,21,19,2,90.48,73.1
STU0927,QUIZ5560,Mathematics,Probability,19,15,4,78.95,72.5
STU0927,QUIZ5561,Mathematics,Trigonometry,20,15,5,75.0,22.31
STU0927,QUIZ5562,Chemistry,Organic Chemistry,23,15,8,65.22,54.7
STU0928,QUIZ5563,Physics,Work and Energy,19,8,11,42.11,28.15
STU0928,QUIZ5564,Mathematics,Calculus,23,22,1,95.65,26.59
STU0928,QUIZ5565,Mathematics,Probability,16,9,7,56.25,26.42
STU0928,QUIZ5566,Biology,Cell,26,7,19,26.92,77.25
STU0928,QUIZ5567,Physics,Motion,16,6,10,37.5,48.38
STU0928,QUIZ5568,Biology,Genetics,29,6,23,20.69,61.18
STU0929,QUIZ5569,Physics,Work and Energy,28,7,21,25.0,47.8
STU0929,QUIZ5570,Chemistry,Organic Chemistry,19,9,10,47.37,76.63
STU0929,QUIZ5571,Mathematics,Probability,23,23,0,100.0,37.58
STU0929,QUIZ5572,Biology,Cell,19,6,13,31.58,23.28
STU0929,QUIZ5573,Mathematics,Probability,27,20,7,74.07,32.66
STU0929,QUIZ5574,Physics,Motion,30,26,4,86.67,79.88
STU0930,QUIZ5575,Biology,Cell,25,16,9,64.0,82.4
STU0930,QUIZ5576,Mathematics,Calculus,17,9,8,52.94,75.09
STU0930,QUIZ5577,Chemistry,Organic Chemistry,17,9,8,52.94,38.59
STU0930,QUIZ5578,Physics,Laws of Motion,15,11,4,73.33,33.05
STU0930,QUIZ5579,Mathematics,Calculus,15,13,2,86.67,54.37
STU0930,QUIZ5580,Physics,Laws of Motion,18,11,7,61.11,72.7
STU0931,QUIZ5581,Mathematics,Trigonometry,15,14,1,93.33,88.52
STU0931,QUIZ5582,Biology,Genetics,28,10,18,35.71,31.7
STU0931,QUIZ5583,Biology,Genetics,16,13,3,81.25,86.6
STU0931,QUIZ5584,Physics,Electricity,30,24,6,80.0,27.49
STU0931,QUIZ5585,Physics,Laws of Motion,19,19,0,100.0,24.04
STU0931,QUIZ5586,Mathematics,Probability,28,16,12,57.14,67.26
STU0932,QUIZ5587,Chemistry,Organic Chemistry,26,21,5,80.77,39.31
STU0932,QUIZ5588,Biology,Cell,30,22,8,73.33,64.54
STU0932,QUIZ5589,Biology,Genetics,21,19,2,90.48,81.83
STU0932,QUIZ5590,Chemistry,Organic Chemistry,16,10,6,62.5,65.27
STU0932,QUIZ5591,Biology,Cell,28,18,10,64.29,39.55
STU0932,QUIZ5592,Physics,Motion,30,30,0,100.0,56.45
STU0933,QUIZ5593,Mathematics,Calculus,21,15,6,71.43,61.27
STU0933,QUIZ5594,Biology,Human Body,17,16,1,94.12,46.51
STU0933,QUIZ5595,Mathematics,Probability,26,6,20,23.08,34.22
STU0933,QUIZ5596,Biology,Human Body,16,12,4,75.0,58.95
STU0933,QUIZ5597,Chemistry,Atoms,24,6,18,25.0,78.07
STU0933,QUIZ5598,Mathematics,Probability,23,14,9,60.87,60.27
STU0934,QUIZ5599,Biology,Plant Physiology,20,10,10,50.0,35.39
STU0934,QUIZ5600,Physics,Laws of Motion,28,23,5,82.14,35.54
STU0934,QUIZ5601,Biology,Cell,15,6,9,40.0,26.36
STU0934,QUIZ5602,Biology,Cell,18,12,6,66.67,34.39
STU0934,QUIZ5603,Mathematics,Probability,28,10,18,35.71,25.27
STU0934,QUIZ5604,Physics,Work and Energy,25,13,12,52.0,73.0
STU0935,QUIZ5605,Mathematics,Probability,28,21,7,75.0,56.13
STU0935,QUIZ5606,Biology,Plant Physiology,21,8,13,38.1,58.84
STU0935,QUIZ5607,Physics,Motion,26,5,21,19.23,80.56
STU0935,QUIZ5608,Biology,Plant Physiology,21,11,10,52.38,20.87
STU0935,QUIZ5609,Mathematics,Probability,19,18,1,94.74,52.75
STU0935,QUIZ5610,Mathematics,Calculus,15,5,10,33.33,77.38
STU0936,QUIZ5611,Biology,Human Body,21,15,6,71.43,79.57
STU0936,QUIZ5612,Physics,Work and Energy,19,17,2,89.47,43.84
STU0936,QUIZ5613,Mathematics,Calculus,15,10,5,66.67,78.88
STU0936,QUIZ5614,Mathematics,Algebra,22,17,5,77.27,70.04
STU0936,QUIZ5615,Physics,Motion,19,18,1,94.74,59.94
STU0936,QUIZ5616,Chemistry,Acids and Bases,22,7,15,31.82,88.72
STU0937,QUIZ5617,Mathematics,Trigonometry,15,13,2,86.67,46.17
STU0937,QUIZ5618,Biology,Human Body,21,9,12,42.86,56.42
STU0937,QUIZ5619,Physics,Electricity,30,23,7,76.67,72.26
STU0937,QUIZ5620,Mathematics,Calculus,22,8,14,36.36,77.73
STU0937,QUIZ5621,Chemistry,Acids and Bases,30,19,11,63.33,28.56
STU0937,QUIZ5622,Biology,Genetics,29,10,19,34.48,35.78
STU0938,QUIZ5623,Mathematics,Calculus,22,5,17,22.73,69.17
STU0938,QUIZ5624,Biology,Plant Physiology,24,6,18,25.0,80.11
STU0938,QUIZ5625,Biology,Genetics,20,11,9,55.0,25.17
STU0938,QUIZ5626,Mathematics,Probability,26,12,14,46.15,79.93
STU0938,QUIZ5627,Physics,Motion,26,16,10,61.54,24.88
STU0938,QUIZ5628,Physics,Motion,20,7,13,35.0,24.17
STU0939,QUIZ5629,Physics,Motion,26,11,15,42.31,43.99
STU0939,QUIZ5630,Biology,Cell,20,14,6,70.0,70.38
STU0939,QUIZ5631,Physics,Laws of Motion,30,24,6,80.0,87.7
STU0939,QUIZ5632,Chemistry,Atoms,28,12,16,42.86,79.75
STU0939,QUIZ5633,Biology,Cell,29,6,23,20.69,37.13
STU0939,QUIZ5634,Physics,Work and Energy,29,8,21,27.59,82.73
STU0940,QUIZ5635,Chemistry,Acids and Bases,15,8,7,53.33,70.95
STU0940,QUIZ5636,Physics,Work and Energy,30,15,15,50.0,87.47
STU0940,QUIZ5637,Biology,Plant Physiology,17,17,0,100.0,60.48
STU0940,QUIZ5638,Chemistry,Organic Chemistry,29,14,15,48.28,52.83
STU0940,QUIZ5639,Physics,Work and Energy,22,5,17,22.73,83.15
STU0940,QUIZ5640,Biology,Genetics,25,22,3,88.0,25.43
STU0941,QUIZ5641,Chemistry,Acids and Bases,16,6,10,37.5,65.06
STU0941,QUIZ5642,Mathematics,Calculus,21,13,8,61.9,65.72
STU0941,QUIZ5643,Biology,Genetics,17,13,4,76.47,24.53
STU0941,QUIZ5644,Physics,Laws of Motion,27,26,1,96.3,20.04
STU0941,QUIZ5645,Biology,Plant Physiology,27,26,1,96.3,82.44
STU0941,QUIZ5646,Biology,Cell,22,7,15,31.82,87.9
STU0942,QUIZ5647,Physics,Laws of Motion,30,7,23,23.33,21.74
STU0942,QUIZ5648,Chemistry,Atoms,20,18,2,90.0,51.47
STU0942,QUIZ5649,Chemistry,Chemical Bonding,16,10,6,62.5,45.68
STU0942,QUIZ5650,Physics,Motion,21,19,2,90.48,23.57
STU0942,QUIZ5651,Physics,Laws of Motion,15,15,0,100.0,74.55
STU0942,QUIZ5652,Mathematics,Trigonometry,25,17,8,68.0,78.35
STU0943,QUIZ5653,Physics,Work and Energy,28,20,8,71.43,53.46
STU0943,QUIZ5654,Chemistry,Chemical Bonding,22,9,13,40.91,43.86
STU0943,QUIZ5655,Biology,Genetics,15,12,3,80.0,67.48
STU0943,QUIZ5656,Biology,Genetics,28,10,18,35.71,21.59
STU0943,QUIZ5657,Biology,Human Body,16,14,2,87.5,66.51
STU0943,QUIZ5658,Biology,Plant Physiology,26,15,11,57.69,30.14
STU0944,QUIZ5659,Physics,Laws of Motion,17,16,1,94.12,29.84
STU0944,QUIZ5660,Mathematics,Probability,23,16,7,69.57,59.62
STU0944,QUIZ5661,Physics,Motion,22,15,7,68.18,27.27
STU0944,QUIZ5662,Biology,Genetics,16,15,1,93.75,30.94
STU0944,QUIZ5663,Mathematics,Trigonometry,25,9,16,36.0,26.91
STU0944,QUIZ5664,Chemistry,Atoms,26,15,11,57.69,71.08
STU0945,QUIZ5665,Physics,Laws of Motion,17,15,2,88.24,58.94
STU0945,QUIZ5666,Physics,Motion,23,9,14,39.13,31.48
STU0945,QUIZ5667,Chemistry,Organic Chemistry,23,12,11,52.17,74.9
STU0945,QUIZ5668,Biology,Genetics,23,10,13,43.48,46.9
STU0945,QUIZ5669,Physics,Electricity,22,6,16,27.27,62.45
STU0945,QUIZ5670,Chemistry,Atoms,19,5,14,26.32,69.96
STU0946,QUIZ5671,Biology,Cell,20,9,11,45.0,36.99
STU0946,QUIZ5672,Biology,Cell,18,15,3,83.33,28.81
STU0946,QUIZ5673,Physics,Laws of Motion,27,25,2,92.59,70.99
STU0946,QUIZ5674,Mathematics,Trigonometry,30,8,22,26.67,85.18
STU0946,QUIZ5675,Mathematics,Probability,21,10,11,47.62,50.09
STU0946,QUIZ5676,Biology,Human Body,18,10,8,55.56,54.72
STU0947,QUIZ5677,Chemistry,Acids and Bases,22,18,4,81.82,75.23
STU0947,QUIZ5678,Physics,Laws of Motion,23,13,10,56.52,72.83
STU0947,QUIZ5679,Physics,Work and Energy,30,18,12,60.0,38.71
STU0947,QUIZ5680,Mathematics,Calculus,26,9,17,34.62,24.63
STU0947,QUIZ5681,Chemistry,Chemical Bonding,26,5,21,19.23,83.7
STU0947,QUIZ5682,Chemistry,Acids and Bases,29,5,24,17.24,22.11
STU0948,QUIZ5683,Biology,Genetics,21,18,3,85.71,52.78
STU0948,QUIZ5684,Chemistry,Chemical Bonding,17,11,6,64.71,55.97
STU0948,QUIZ5685,Physics,Motion,29,25,4,86.21,69.26
STU0948,QUIZ5686,Mathematics,Trigonometry,17,13,4,76.47,45.72
STU0948,QUIZ5687,Biology,Genetics,19,5,14,26.32,33.78
STU0948,QUIZ5688,Physics,Work and Energy,30,7,23,23.33,75.01
STU0949,QUIZ5689,Chemistry,Atoms,15,15,0,100.0,48.5
STU0949,QUIZ5690,Physics,Motion,28,12,16,42.86,58.09
STU0949,QUIZ5691,Mathematics,Trigonometry,25,12,13,48.0,38.46
STU0949,QUIZ5692,Chemistry,Organic Chemistry,26,24,2,92.31,22.81
STU0949,QUIZ5693,Chemistry,Atoms,21,5,16,23.81,34.47
STU0949,QUIZ5694,Mathematics,Algebra,26,19,7,73.08,34.63
STU0950,QUIZ5695,Biology,Genetics,19,12,7,63.16,64.06
STU0950,QUIZ5696,Chemistry,Organic Chemistry,29,12,17,41.38,40.38
STU0950,QUIZ5697,Chemistry,Chemical Bonding,21,6,15,28.57,73.54
STU0950,QUIZ5698,Mathematics,Algebra,17,14,3,82.35,55.5
STU0950,QUIZ5699,Chemistry,Organic Chemistry,22,9,13,40.91,48.13
STU0950,QUIZ5700,Chemistry,Organic Chemistry,18,6,12,33.33,25.48
STU0951,QUIZ5701,Mathematics,Algebra,24,14,10,58.33,31.02
STU0951,QUIZ5702,Physics,Work and Energy,24,18,6,75.0,64.16
STU0951,QUIZ5703,Mathematics,Algebra,27,25,2,92.59,64.6
STU0951,QUIZ5704,Biology,Genetics,29,20,9,68.97,36.5
STU0951,QUIZ5705,Mathematics,Trigonometry,19,11,8,57.89,65.61
STU0951,QUIZ5706,Physics,Electricity,26,7,19,26.92,79.89
STU0952,QUIZ5707,Mathematics,Calculus,19,16,3,84.21,63.48
STU0952,QUIZ5708,Physics,Electricity,28,27,1,96.43,31.45
STU0952,QUIZ5709,Physics,Work and Energy,29,29,0,100.0,27.03
STU0952,QUIZ5710,Chemistry,Chemical Bonding,28,25,3,89.29,53.3
STU0952,QUIZ5711,Mathematics,Algebra,16,15,1,93.75,56.37
STU0952,QUIZ5712,Biology,Genetics,28,8,20,28.57,54.29
STU0953,QUIZ5713,Mathematics,Algebra,20,7,13,35.0,31.97
STU0953,QUIZ5714,Mathematics,Calculus,24,20,4,83.33,87.1
STU0953,QUIZ5715,Physics,Work and Energy,28,9,19,32.14,28.47
STU0953,QUIZ5716,Physics,Work and Energy,22,15,7,68.18,26.95
STU0953,QUIZ5717,Mathematics,Algebra,20,8,12,40.0,29.08
STU0953,QUIZ5718,Mathematics,Algebra,22,12,10,54.55,60.54
STU0954,QUIZ5719,Physics,Motion,23,23,0,100.0,73.06
STU0954,QUIZ5720,Biology,Plant Physiology,27,21,6,77.78,73.37
STU0954,QUIZ5721,Physics,Laws of Motion,26,21,5,80.77,43.7
STU0954,QUIZ5722,Chemistry,Atoms,27,13,14,48.15,35.71
STU0954,QUIZ5723,Biology,Cell,24,24,0,100.0,26.82
STU0954,QUIZ5724,Biology,Human Body,26,8,18,30.77,34.19
STU0955,QUIZ5725,Biology,Genetics,17,6,11,35.29,43.86
STU0955,QUIZ5726,Biology,Genetics,30,24,6,80.0,27.49
STU0955,QUIZ5727,Chemistry,Acids and Bases,30,23,7,76.67,57.2
STU0955,QUIZ5728,Biology,Plant Physiology,24,8,16,33.33,24.19
STU0955,QUIZ5729,Chemistry,Atoms,24,21,3,87.5,66.95
STU0955,QUIZ5730,Biology,Genetics,22,10,12,45.45,87.01
STU0956,QUIZ5731,Chemistry,Chemical Bonding,16,14,2,87.5,33.38
STU0956,QUIZ5732,Physics,Motion,16,15,1,93.75,82.68
STU0956,QUIZ5733,Mathematics,Trigonometry,15,5,10,33.33,73.15
STU0956,QUIZ5734,Mathematics,Trigonometry,15,14,1,93.33,70.23
STU0956,QUIZ5735,Biology,Human Body,18,15,3,83.33,29.64
STU0956,QUIZ5736,Biology,Genetics,26,11,15,42.31,89.15
STU0957,QUIZ5737,Physics,Electricity,26,26,0,100.0,75.15
STU0957,QUIZ5738,Chemistry,Atoms,17,16,1,94.12,63.05
STU0957,QUIZ5739,Chemistry,Atoms,19,14,5,73.68,54.56
STU0957,QUIZ5740,Biology,Human Body,30,13,17,43.33,66.46
STU0957,QUIZ5741,Biology,Human Body,24,11,13,45.83,89.01
STU0957,QUIZ5742,Chemistry,Acids and Bases,24,17,7,70.83,44.13
STU0958,QUIZ5743,Chemistry,Acids and Bases,22,17,5,77.27,76.37
STU0958,QUIZ5744,Biology,Genetics,17,7,10,41.18,34.39
STU0958,QUIZ5745,Physics,Motion,29,14,15,48.28,62.14
STU0958,QUIZ5746,Chemistry,Organic Chemistry,26,22,4,84.62,76.79
STU0958,QUIZ5747,Physics,Motion,23,21,2,91.3,51.83
STU0958,QUIZ5748,Chemistry,Organic Chemistry,20,6,14,30.0,24.23
STU0959,QUIZ5749,Chemistry,Organic Chemistry,27,16,11,59.26,39.83
STU0959,QUIZ5750,Biology,Human Body,30,23,7,76.67,25.78
STU0959,QUIZ5751,Mathematics,Probability,16,14,2,87.5,26.15
STU0959,QUIZ5752,Biology,Human Body,21,12,9,57.14,78.2
STU0959,QUIZ5753,Physics,Laws of Motion,15,5,10,33.33,47.87
STU0959,QUIZ5754,Mathematics,Calculus,21,15,6,71.43,23.14
STU0960,QUIZ5755,Physics,Motion,25,5,20,20.0,41.97
STU0960,QUIZ5756,Chemistry,Chemical Bonding,19,19,0,100.0,25.52
STU0960,QUIZ5757,Mathematics,Probability,26,15,11,57.69,61.96
STU0960,QUIZ5758,Biology,Plant Physiology,22,10,12,45.45,24.14
STU0960,QUIZ5759,Physics,Work and Energy,15,6,9,40.0,34.74
STU0960,QUIZ5760,Chemistry,Acids and Bases,22,6,16,27.27,83.0
STU0961,QUIZ5761,Mathematics,Trigonometry,29,6,23,20.69,67.43
STU0961,QUIZ5762,Chemistry,Chemical Bonding,16,8,8,50.0,52.73
STU0961,QUIZ5763,Biology,Plant Physiology,19,14,5,73.68,53.94
STU0961,QUIZ5764,Mathematics,Calculus,20,9,11,45.0,54.86
STU0961,QUIZ5765,Chemistry,Acids and Bases,22,8,14,36.36,49.68
STU0961,QUIZ5766,Biology,Plant Physiology,25,16,9,64.0,26.72
STU0962,QUIZ5767,Mathematics,Trigonometry,28,19,9,67.86,31.87
STU0962,QUIZ5768,Chemistry,Atoms,24,12,12,50.0,30.61
STU0962,QUIZ5769,Biology,Human Body,22,12,10,54.55,55.42
STU0962,QUIZ5770,Chemistry,Chemical Bonding,19,19,0,100.0,76.92
STU0962,QUIZ5771,Chemistry,Acids and Bases,27,18,9,66.67,44.53
STU0962,QUIZ5772,Biology,Cell,29,22,7,75.86,75.2
STU0963,QUIZ5773,Biology,Human Body,16,9,7,56.25,27.11
STU0963,QUIZ5774,Physics,Electricity,28,14,14,50.0,78.27
STU0963,QUIZ5775,Physics,Work and Energy,21,7,14,33.33,45.19
STU0963,QUIZ5776,Chemistry,Chemical Bonding,22,12,10,54.55,56.29
STU0963,QUIZ5777,Mathematics,Trigonometry,26,18,8,69.23,29.68
STU0963,QUIZ5778,Biology,Human Body,27,10,17,37.04,74.44
STU0964,QUIZ5779,Physics,Laws of Motion,25,23,2,92.0,57.94
STU0964,QUIZ5780,Chemistry,Organic Chemistry,22,13,9,59.09,30.28
STU0964,QUIZ5781,Mathematics,Algebra,27,21,6,77.78,64.27
STU0964,QUIZ5782,Mathematics,Probability,18,13,5,72.22,60.44
STU0964,QUIZ5783,Physics,Work and Energy,28,6,22,21.43,54.61
STU0964,QUIZ5784,Mathematics,Algebra,27,13,14,48.15,30.21
STU0965,QUIZ5785,Physics,Electricity,15,11,4,73.33,46.23
STU0965,QUIZ5786,Mathematics,Probability,21,13,8,61.9,67.37
STU0965,QUIZ5787,Biology,Human Body,17,11,6,64.71,83.05
STU0965,QUIZ5788,Physics,Motion,21,11,10,52.38,58.34
STU0965,QUIZ5789,Mathematics,Algebra,25,17,8,68.0,86.32
STU0965,QUIZ5790,Mathematics,Probability,15,8,7,53.33,76.84
STU0966,QUIZ5791,Mathematics,Algebra,23,13,10,56.52,57.53
STU0966,QUIZ5792,Mathematics,Calculus,21,17,4,80.95,67.63
STU0966,QUIZ5793,Physics,Electricity,15,8,7,53.33,74.57
STU0966,QUIZ5794,Physics,Laws of Motion,19,14,5,73.68,54.27
STU0966,QUIZ5795,Biology,Cell,19,19,0,100.0,42.78
STU0966,QUIZ5796,Physics,Electricity,18,15,3,83.33,87.71
STU0967,QUIZ5797,Mathematics,Trigonometry,26,16,10,61.54,55.62
STU0967,QUIZ5798,Mathematics,Probability,16,14,2,87.5,79.28
STU0967,QUIZ5799,Biology,Cell,20,13,7,65.0,63.51
STU0967,QUIZ5800,Physics,Laws of Motion,23,23,0,100.0,22.41
STU0967,QUIZ5801,Mathematics,Trigonometry,23,18,5,78.26,40.38
STU0967,QUIZ5802,Mathematics,Calculus,29,5,24,17.24,33.18
STU0968,QUIZ5803,Mathematics,Calculus,17,8,9,47.06,26.56
STU0968,QUIZ5804,Biology,Cell,15,8,7,53.33,41.5
STU0968,QUIZ5805,Biology,Human Body,24,20,4,83.33,79.46
STU0968,QUIZ5806,Mathematics,Algebra,28,13,15,46.43,51.15
STU0968,QUIZ5807,Mathematics,Calculus,22,16,6,72.73,68.06
STU0968,QUIZ5808,Chemistry,Organic Chemistry,24,10,14,41.67,57.12
STU0969,QUIZ5809,Mathematics,Probability,25,9,16,36.0,34.11
STU0969,QUIZ5810,Biology,Plant Physiology,23,8,15,34.78,44.93
STU0969,QUIZ5811,Biology,Plant Physiology,27,7,20,25.93,27.3
STU0969,QUIZ5812,Chemistry,Organic Chemistry,30,6,24,20.0,64.15
STU0969,QUIZ5813,Biology,Plant Physiology,18,13,5,72.22,20.18
STU0969,QUIZ5814,Mathematics,Probability,19,14,5,73.68,69.86
STU0970,QUIZ5815,Biology,Human Body,28,7,21,25.0,77.96
STU0970,QUIZ5816,Physics,Electricity,25,15,10,60.0,40.63
STU0970,QUIZ5817,Physics,Motion,30,11,19,36.67,48.57
STU0970,QUIZ5818,Mathematics,Calculus,25,18,7,72.0,60.25
STU0970,QUIZ5819,Mathematics,Calculus,29,21,8,72.41,21.14
STU0970,QUIZ5820,Physics,Laws of Motion,24,7,17,29.17,44.32
STU0971,QUIZ5821,Biology,Human Body,24,17,7,70.83,71.19
STU0971,QUIZ5822,Physics,Laws of Motion,17,15,2,88.24,42.98
STU0971,QUIZ5823,Mathematics,Algebra,23,8,15,34.78,20.17
STU0971,QUIZ5824,Mathematics,Calculus,23,15,8,65.22,50.19
STU0971,QUIZ5825,Physics,Electricity,15,8,7,53.33,64.78
STU0971,QUIZ5826,Biology,Cell,30,22,8,73.33,24.79
STU0972,QUIZ5827,Physics,Laws of Motion,26,9,17,34.62,55.22
STU0972,QUIZ5828,Mathematics,Calculus,17,9,8,52.94,33.13
STU0972,QUIZ5829,Chemistry,Acids and Bases,29,13,16,44.83,37.55
STU0972,QUIZ5830,Chemistry,Organic Chemistry,28,11,17,39.29,57.31
STU0972,QUIZ5831,Biology,Human Body,27,24,3,88.89,58.09
STU0972,QUIZ5832,Biology,Cell,15,5,10,33.33,76.39
STU0973,QUIZ5833,Physics,Work and Energy,20,5,15,25.0,39.98
STU0973,QUIZ5834,Chemistry,Organic Chemistry,17,13,4,76.47,66.25
STU0973,QUIZ5835,Biology,Plant Physiology,28,13,15,46.43,23.86
STU0973,QUIZ5836,Physics,Laws of Motion,23,6,17,26.09,28.67
STU0973,QUIZ5837,Biology,Human Body,23,11,12,47.83,27.18
STU0973,QUIZ5838,Physics,Motion,16,6,10,37.5,31.03
STU0974,QUIZ5839,Mathematics,Algebra,20,17,3,85.0,67.89
STU0974,QUIZ5840,Physics,Electricity,20,20,0,100.0,72.85
STU0974,QUIZ5841,Mathematics,Probability,25,24,1,96.0,25.4
STU0974,QUIZ5842,Biology,Human Body,26,26,0,100.0,63.85
STU0974,QUIZ5843,Physics,Motion,20,6,14,30.0,85.64
STU0974,QUIZ5844,Chemistry,Atoms,26,10,16,38.46,32.73
STU0975,QUIZ5845,Biology,Genetics,29,20,9,68.97,78.15
STU0975,QUIZ5846,Physics,Motion,30,15,15,50.0,83.03
STU0975,QUIZ5847,Chemistry,Atoms,21,17,4,80.95,30.06
STU0975,QUIZ5848,Mathematics,Calculus,27,12,15,44.44,41.22
STU0975,QUIZ5849,Biology,Human Body,28,6,22,21.43,87.64
STU0975,QUIZ5850,Physics,Electricity,22,5,17,22.73,89.33
STU0976,QUIZ5851,Biology,Human Body,30,19,11,63.33,40.2
STU0976,QUIZ5852,Mathematics,Algebra,30,30,0,100.0,83.31
STU0976,QUIZ5853,Biology,Plant Physiology,26,13,13,50.0,50.77
STU0976,QUIZ5854,Chemistry,Chemical Bonding,20,10,10,50.0,31.15
STU0976,QUIZ5855,Biology,Genetics,24,21,3,87.5,78.44
STU0976,QUIZ5856,Physics,Electricity,20,5,15,25.0,26.51
STU0977,QUIZ5857,Mathematics,Trigonometry,24,7,17,29.17,61.07
STU0977,QUIZ5858,Physics,Motion,30,10,20,33.33,89.58
STU0977,QUIZ5859,Biology,Human Body,20,16,4,80.0,69.65
STU0977,QUIZ5860,Physics,Laws of Motion,24,21,3,87.5,37.8
STU0977,QUIZ5861,Mathematics,Algebra,20,5,15,25.0,20.54
STU0977,QUIZ5862,Mathematics,Algebra,16,10,6,62.5,41.06
STU0978,QUIZ5863,Chemistry,Atoms,17,11,6,64.71,68.18
STU0978,QUIZ5864,Physics,Laws of Motion,30,27,3,90.0,23.58
STU0978,QUIZ5865,Biology,Genetics,24,17,7,70.83,38.96
STU0978,QUIZ5866,Chemistry,Organic Chemistry,18,6,12,33.33,68.11
STU0978,QUIZ5867,Physics,Motion,28,26,2,92.86,40.63
STU0978,QUIZ5868,Chemistry,Acids and Bases,15,10,5,66.67,68.35
STU0979,QUIZ5869,Biology,Plant Physiology,23,20,3,86.96,38.3
STU0979,QUIZ5870,Mathematics,Calculus,18,8,10,44.44,76.96
STU0979,QUIZ5871,Chemistry,Acids and Bases,27,11,16,40.74,38.99
STU0979,QUIZ5872,Physics,Motion,19,8,11,42.11,88.86
STU0979,QUIZ5873,Biology,Plant Physiology,15,13,2,86.67,53.5
STU0979,QUIZ5874,Chemistry,Organic Chemistry,23,14,9,60.87,86.29
STU0980,QUIZ5875,Physics,Laws of Motion,22,18,4,81.82,63.46
STU0980,QUIZ5876,Chemistry,Organic Chemistry,23,16,7,69.57,20.31
STU0980,QUIZ5877,Chemistry,Chemical Bonding,29,6,23,20.69,69.02
STU0980,QUIZ5878,Physics,Work and Energy,21,6,15,28.57,40.4
STU0980,QUIZ5879,Biology,Human Body,24,7,17,29.17,69.2
STU0980,QUIZ5880,Mathematics,Algebra,17,5,12,29.41,61.79
STU0981,QUIZ5881,Mathematics,Calculus,20,9,11,45.0,79.98
STU0981,QUIZ5882,Mathematics,Calculus,27,25,2,92.59,25.28
STU0981,QUIZ5883,Biology,Cell,30,26,4,86.67,20.61
STU0981,QUIZ5884,Physics,Work and Energy,25,10,15,40.0,69.21
STU0981,QUIZ5885,Mathematics,Algebra,27,21,6,77.78,34.41
STU0981,QUIZ5886,Biology,Plant Physiology,29,18,11,62.07,73.57
STU0982,QUIZ5887,Biology,Human Body,28,13,15,46.43,82.0
STU0982,QUIZ5888,Biology,Plant Physiology,20,8,12,40.0,63.41
STU0982,QUIZ5889,Mathematics,Probability,20,11,9,55.0,45.62
STU0982,QUIZ5890,Chemistry,Acids and Bases,22,11,11,50.0,39.4
STU0982,QUIZ5891,Chemistry,Organic Chemistry,16,7,9,43.75,41.82
STU0982,QUIZ5892,Biology,Cell,23,13,10,56.52,43.55
STU0983,QUIZ5893,Physics,Electricity,21,18,3,85.71,46.93
STU0983,QUIZ5894,Biology,Cell,21,11,10,52.38,25.76
STU0983,QUIZ5895,Mathematics,Probability,17,13,4,76.47,37.31
STU0983,QUIZ5896,Chemistry,Chemical Bonding,26,14,12,53.85,35.59
STU0983,QUIZ5897,Chemistry,Chemical Bonding,27,7,20,25.93,45.09
STU0983,QUIZ5898,Chemistry,Organic Chemistry,22,10,12,45.45,60.0
STU0984,QUIZ5899,Chemistry,Chemical Bonding,29,14,15,48.28,43.32
STU0984,QUIZ5900,Chemistry,Atoms,30,12,18,40.0,89.95
STU0984,QUIZ5901,Chemistry,Organic Chemistry,16,13,3,81.25,83.02
STU0984,QUIZ5902,Biology,Cell,26,25,1,96.15,24.3
STU0984,QUIZ5903,Biology,Plant Physiology,23,14,9,60.87,51.06
STU0984,QUIZ5904,Physics,Electricity,27,14,13,51.85,56.27
STU0985,QUIZ5905,Biology,Human Body,18,14,4,77.78,76.98
STU0985,QUIZ5906,Biology,Human Body,23,8,15,34.78,83.13
STU0985,QUIZ5907,Physics,Motion,18,12,6,66.67,59.69
STU0985,QUIZ5908,Physics,Electricity,22,22,0,100.0,30.66
STU0985,QUIZ5909,Biology,Plant Physiology,24,23,1,95.83,58.59
STU0985,QUIZ5910,Physics,Laws of Motion,23,5,18,21.74,36.64
STU0986,QUIZ5911,Chemistry,Organic Chemistry,29,28,1,96.55,86.27
STU0986,QUIZ5912,Chemistry,Chemical Bonding,20,10,10,50.0,77.01
STU0986,QUIZ5913,Biology,Genetics,20,14,6,70.0,41.19
STU0986,QUIZ5914,Chemistry,Atoms,20,15,5,75.0,32.82
STU0986,QUIZ5915,Chemistry,Chemical Bonding,19,14,5,73.68,59.93
STU0986,QUIZ5916,Physics,Electricity,18,18,0,100.0,71.75
STU0987,QUIZ5917,Mathematics,Algebra,28,13,15,46.43,71.01
STU0987,QUIZ5918,Physics,Motion,20,11,9,55.0,61.94
STU0987,QUIZ5919,Chemistry,Atoms,17,5,12,29.41,48.98
STU0987,QUIZ5920,Mathematics,Calculus,26,7,19,26.92,30.82
STU0987,QUIZ5921,Mathematics,Probability,28,7,21,25.0,27.46
STU0987,QUIZ5922,Physics,Motion,25,18,7,72.0,63.3
STU0988,QUIZ5923,Physics,Work and Energy,17,17,0,100.0,58.36
STU0988,QUIZ5924,Chemistry,Atoms,23,9,14,39.13,27.14
STU0988,QUIZ5925,Chemistry,Atoms,17,8,9,47.06,69.28
STU0988,QUIZ5926,Mathematics,Calculus,28,20,8,71.43,36.95
STU0988,QUIZ5927,Physics,Work and Energy,25,25,0,100.0,53.68
STU0988,QUIZ5928,Chemistry,Chemical Bonding,19,13,6,68.42,70.84
STU0989,QUIZ5929,Physics,Work and Energy,18,9,9,50.0,23.85
STU0989,QUIZ5930,Biology,Human Body,29,8,21,27.59,29.16
STU0989,QUIZ5931,Mathematics,Algebra,25,17,8,68.0,27.18
STU0989,QUIZ5932,Mathematics,Trigonometry,21,6,15,28.57,56.67
STU0989,QUIZ5933,Biology,Human Body,30,5,25,16.67,51.23
STU0989,QUIZ5934,Biology,Plant Physiology,15,6,9,40.0,62.09
STU0990,QUIZ5935,Chemistry,Acids and Bases,30,12,18,40.0,23.99
STU0990,QUIZ5936,Biology,Genetics,22,16,6,72.73,83.55
STU0990,QUIZ5937,Chemistry,Chemical Bonding,25,7,18,28.0,39.91
STU0990,QUIZ5938,Physics,Laws of Motion,24,20,4,83.33,69.77
STU0990,QUIZ5939,Physics,Laws of Motion,23,21,2,91.3,57.2
STU0990,QUIZ5940,Biology,Cell,30,13,17,43.33,24.09
STU0991,QUIZ5941,Chemistry,Chemical Bonding,30,10,20,33.33,57.41
STU0991,QUIZ5942,Chemistry,Chemical Bonding,26,17,9,65.38,31.04
STU0991,QUIZ5943,Mathematics,Calculus,23,21,2,91.3,40.32
STU0991,QUIZ5944,Chemistry,Chemical Bonding,17,11,6,64.71,87.86
STU0991,QUIZ5945,Chemistry,Atoms,15,9,6,60.0,45.83
STU0991,QUIZ5946,Chemistry,Atoms,30,15,15,50.0,29.1
STU0992,QUIZ5947,Physics,Motion,18,15,3,83.33,85.65
STU0992,QUIZ5948,Mathematics,Probability,20,16,4,80.0,53.72
STU0992,QUIZ5949,Mathematics,Calculus,27,5,22,18.52,38.82
STU0992,QUIZ5950,Biology,Human Body,30,13,17,43.33,39.97
STU0992,QUIZ5951,Mathematics,Algebra,16,10,6,62.5,28.7
STU0992,QUIZ5952,Biology,Cell,29,24,5,82.76,40.41
STU0993,QUIZ5953,Mathematics,Probability,21,19,2,90.48,65.28
STU0993,QUIZ5954,Physics,Motion,23,6,17,26.09,61.87
STU0993,QUIZ5955,Biology,Plant Physiology,29,6,23,20.69,26.06
STU0993,QUIZ5956,Chemistry,Organic Chemistry,24,18,6,75.0,58.01
STU0993,QUIZ5957,Mathematics,Algebra,24,21,3,87.5,60.05
STU0993,QUIZ5958,Biology,Cell,16,15,1,93.75,51.59
STU0994,QUIZ5959,Physics,Work and Energy,25,23,2,92.0,76.55
STU0994,QUIZ5960,Physics,Laws of Motion,18,12,6,66.67,78.95
STU0994,QUIZ5961,Chemistry,Atoms,28,17,11,60.71,46.71
STU0994,QUIZ5962,Physics,Motion,23,7,16,30.43,23.48
STU0994,QUIZ5963,Physics,Motion,18,16,2,88.89,30.31
STU0994,QUIZ5964,Biology,Human Body,26,17,9,65.38,88.93
STU0995,QUIZ5965,Physics,Laws of Motion,22,21,1,95.45,82.33
STU0995,QUIZ5966,Mathematics,Algebra,23,11,12,47.83,63.8
STU0995,QUIZ5967,Physics,Work and Energy,20,12,8,60.0,42.96
STU0995,QUIZ5968,Physics,Laws of Motion,21,9,12,42.86,57.33
STU0995,QUIZ5969,Physics,Motion,28,17,11,60.71,76.02
STU0995,QUIZ5970,Physics,Laws of Motion,21,5,16,23.81,22.06
STU0996,QUIZ5971,Mathematics,Trigonometry,24,12,12,50.0,21.05
STU0996,QUIZ5972,Biology,Human Body,16,9,7,56.25,45.33
STU0996,QUIZ5973,Mathematics,Probability,30,10,20,33.33,89.42
STU0996,QUIZ5974,Chemistry,Organic Chemistry,27,17,10,62.96,65.75
STU0996,QUIZ5975,Mathematics,Trigonometry,17,5,12,29.41,27.14
STU0996,QUIZ5976,Physics,Laws of Motion,15,6,9,40.0,67.41
STU0997,QUIZ5977,Biology,Plant Physiology,17,9,8,52.94,59.36
STU0997,QUIZ5978,Mathematics,Trigonometry,30,23,7,76.67,51.12
STU0997,QUIZ5979,Chemistry,Atoms,29,9,20,31.03,79.25
STU0997,QUIZ5980,Chemistry,Organic Chemistry,19,14,5,73.68,89.15
STU0997,QUIZ5981,Chemistry,Chemical Bonding,15,14,1,93.33,25.23
STU0997,QUIZ5982,Biology,Cell,23,14,9,60.87,75.66
STU0998,QUIZ5983,Biology,Human Body,30,16,14,53.33,31.29
STU0998,QUIZ5984,Biology,Cell,25,13,12,52.0,83.38
STU0998,QUIZ5985,Mathematics,Trigonometry,23,21,2,91.3,49.29
STU0998,QUIZ5986,Mathematics,Algebra,21,13,8,61.9,41.9
STU0998,QUIZ5987,Biology,Cell,24,5,19,20.83,38.84
STU0998,QUIZ5988,Chemistry,Atoms,29,7,22,24.14,72.23
STU0999,QUIZ5989,Chemistry,Organic Chemistry,18,13,5,72.22,55.6
STU0999,QUIZ5990,Mathematics,Calculus,24,6,18,25.0,50.05
STU0999,QUIZ5991,Biology,Genetics,18,17,1,94.44,85.31
STU0999,QUIZ5992,Physics,Motion,17,10,7,58.82,48.88
STU0999,QUIZ5993,Chemistry,Chemical Bonding,27,19,8,70.37,57.83
STU0999,QUIZ5994,Biology,Human Body,23,15,8,65.22,54.61
STU1000,QUIZ5995,Chemistry,Atoms,26,13,13,50.0,62.74
STU1000,QUIZ5996,Chemistry,Organic Chemistry,18,18,0,100.0,68.15
STU1000,QUIZ5997,Chemistry,Acids and Bases,29,15,14,51.72,72.56
STU1000,QUIZ5998,Chemistry,Atoms,27,24,3,88.89,56.8
STU1000,QUIZ5999,Mathematics,Trigonometry,22,13,9,59.09,59.36
STU1000,QUIZ6000,Biology,Cell,20,17,3,85.0,85.5
STU1001,QUIZ6001,Physics,Electricity,16,9,7,56.25,38.5
STU1001,QUIZ6002,Chemistry,Atoms,28,14,14,50.0,36.96
STU1001,QUIZ6003,Biology,Genetics,22,21,1,95.45,22.69
STU1001,QUIZ6004,Physics,Electricity,15,5,10,33.33,22.17
STU1001,QUIZ6005,Biology,Human Body,28,27,1,96.43,51.47
STU1001,QUIZ6006,Biology,Genetics,29,23,6,79.31,49.82
STU1002,QUIZ6007,Mathematics,Trigonometry,19,11,8,57.89,44.4
STU1002,QUIZ6008,Mathematics,Probability,20,19,1,95.0,31.78
STU1002,QUIZ6009,Mathematics,Probability,16,15,1,93.75,38.11
STU1002,QUIZ6010,Chemistry,Acids and Bases,18,8,10,44.44,71.49
STU1002,QUIZ6011,Mathematics,Calculus,29,27,2,93.1,22.29
STU1002,QUIZ6012,Chemistry,Acids and Bases,29,28,1,96.55,59.54
STU1003,QUIZ6013,Physics,Laws of Motion,29,23,6,79.31,41.15
STU1003,QUIZ6014,Mathematics,Probability,16,13,3,81.25,73.55
STU1003,QUIZ6015,Chemistry,Chemical Bonding,17,16,1,94.12,89.81
STU1003,QUIZ6016,Mathematics,Calculus,29,11,18,37.93,25.18
STU1003,QUIZ6017,Biology,Plant Physiology,18,16,2,88.89,53.63
STU1003,QUIZ6018,Physics,Electricity,17,16,1,94.12,41.58
STU1004,QUIZ6019,Biology,Human Body,29,22,7,75.86,77.16
STU1004,QUIZ6020,Physics,Electricity,23,16,7,69.57,59.0
STU1004,QUIZ6021,Chemistry,Acids and Bases,22,10,12,45.45,51.42
STU1004,QUIZ6022,Mathematics,Algebra,27,25,2,92.59,20.74
STU1004,QUIZ6023,Chemistry,Organic Chemistry,28,5,23,17.86,87.81
STU1004,QUIZ6024,Physics,Motion,28,14,14,50.0,80.81
STU1005,QUIZ6025,Mathematics,Probability,21,12,9,57.14,36.86
STU1005,QUIZ6026,Physics,Work and Energy,26,24,2,92.31,27.5
STU1005,QUIZ6027,Mathematics,Probability,20,14,6,70.0,39.7
STU1005,QUIZ6028,Mathematics,Algebra,19,7,12,36.84,53.7
STU1005,QUIZ6029,Physics,Work and Energy,27,11,16,40.74,58.12
STU1005,QUIZ6030,Biology,Plant Physiology,28,27,1,96.43,38.04
STU1006,QUIZ6031,Chemistry,Organic Chemistry,29,9,20,31.03,43.83
STU1006,QUIZ6032,Biology,Human Body,16,9,7,56.25,36.4
STU1006,QUIZ6033,Biology,Genetics,17,17,0,100.0,62.3
STU1006,QUIZ6034,Biology,Genetics,21,11,10,52.38,75.75
STU1006,QUIZ6035,Mathematics,Calculus,15,6,9,40.0,22.53
STU1006,QUIZ6036,Biology,Genetics,18,6,12,33.33,38.63
STU1007,QUIZ6037,Physics,Motion,20,18,2,90.0,45.18
STU1007,QUIZ6038,Physics,Electricity,23,17,6,73.91,84.18
STU1007,QUIZ6039,Chemistry,Acids and Bases,15,8,7,53.33,86.69
STU1007,QUIZ6040,Chemistry,Chemical Bonding,22,12,10,54.55,34.43
STU1007,QUIZ6041,Physics,Work and Energy,17,17,0,100.0,51.53
STU1007,QUIZ6042,Biology,Plant Physiology,17,12,5,70.59,27.73
STU1008,QUIZ6043,Mathematics,Probability,25,16,9,64.0,79.36
STU1008,QUIZ6044,Biology,Human Body,28,17,11,60.71,32.83
STU1008,QUIZ6045,Physics,Laws of Motion,17,13,4,76.47,84.49
STU1008,QUIZ6046,Chemistry,Chemical Bonding,16,13,3,81.25,78.89
STU1008,QUIZ6047,Biology,Plant Physiology,20,6,14,30.0,52.61
STU1008,QUIZ6048,Physics,Laws of Motion,25,8,17,32.0,46.67
STU1009,QUIZ6049,Biology,Human Body,28,13,15,46.43,51.0
STU1009,QUIZ6050,Chemistry,Acids and Bases,26,9,17,34.62,44.03
STU1009,QUIZ6051,Chemistry,Organic Chemistry,28,18,10,64.29,76.94
STU1009,QUIZ6052,Chemistry,Organic Chemistry,21,14,7,66.67,29.51
STU1009,QUIZ6053,Mathematics,Algebra,21,18,3,85.71,29.66
STU1009,QUIZ6054,Biology,Plant Physiology,25,12,13,48.0,80.31
STU1010,QUIZ6055,Chemistry,Acids and Bases,22,9,13,40.91,68.83
STU1010,QUIZ6056,Biology,Human Body,17,7,10,41.18,66.2
STU1010,QUIZ6057,Mathematics,Trigonometry,29,29,0,100.0,24.51
STU1010,QUIZ6058,Chemistry,Organic Chemistry,17,15,2,88.24,24.4
STU1010,QUIZ6059,Mathematics,Algebra,19,12,7,63.16,58.05
STU1010,QUIZ6060,Physics,Work and Energy,22,20,2,90.91,61.9
STU1011,QUIZ6061,Chemistry,Chemical Bonding,22,19,3,86.36,39.04
STU1011,QUIZ6062,Mathematics,Trigonometry,24,16,8,66.67,56.88
STU1011,QUIZ6063,Physics,Motion,15,12,3,80.0,78.49
STU1011,QUIZ6064,Biology,Cell,22,16,6,72.73,78.65
STU1011,QUIZ6065,Chemistry,Organic Chemistry,17,5,12,29.41,57.66
STU1011,QUIZ6066,Mathematics,Algebra,16,13,3,81.25,77.41
STU1012,QUIZ6067,Mathematics,Calculus,19,15,4,78.95,41.12
STU1012,QUIZ6068,Biology,Genetics,15,6,9,40.0,57.74
STU1012,QUIZ6069,Physics,Laws of Motion,25,9,16,36.0,66.77
STU1012,QUIZ6070,Physics,Electricity,18,18,0,100.0,46.49
STU1012,QUIZ6071,Mathematics,Algebra,24,20,4,83.33,35.68
STU1012,QUIZ6072,Biology,Human Body,17,14,3,82.35,42.27
STU1013,QUIZ6073,Physics,Laws of Motion,20,10,10,50.0,84.89
STU1013,QUIZ6074,Biology,Cell,27,19,8,70.37,54.52
STU1013,QUIZ6075,Mathematics,Trigonometry,22,9,13,40.91,79.6
STU1013,QUIZ6076,Chemistry,Acids and Bases,20,9,11,45.0,25.75
STU1013,QUIZ6077,Chemistry,Organic Chemistry,29,12,17,41.38,21.42
STU1013,QUIZ6078,Chemistry,Acids and Bases,29,27,2,93.1,78.55
STU1014,QUIZ6079,Biology,Plant Physiology,30,21,9,70.0,78.9
STU1014,QUIZ6080,Mathematics,Probability,21,14,7,66.67,64.79
STU1014,QUIZ6081,Physics,Electricity,19,11,8,57.89,84.96
STU1014,QUIZ6082,Physics,Motion,19,15,4,78.95,34.52
STU1014,QUIZ6083,Mathematics,Algebra,19,6,13,31.58,74.95
STU1014,QUIZ6084,Physics,Electricity,30,10,20,33.33,68.01
STU1015,QUIZ6085,Mathematics,Algebra,20,15,5,75.0,26.98
STU1015,QUIZ6086,Biology,Plant Physiology,25,13,12,52.0,23.47
STU1015,QUIZ6087,Physics,Motion,20,5,15,25.0,21.06
STU1015,QUIZ6088,Biology,Plant Physiology,22,6,16,27.27,56.97
STU1015,QUIZ6089,Mathematics,Calculus,21,16,5,76.19,27.62
STU1015,QUIZ6090,Chemistry,Atoms,25,20,5,80.0,57.25
STU1016,QUIZ6091,Physics,Laws of Motion,30,26,4,86.67,43.74
STU1016,QUIZ6092,Chemistry,Chemical Bonding,30,28,2,93.33,53.41
STU1016,QUIZ6093,Physics,Laws of Motion,20,19,1,95.0,80.42
STU1016,QUIZ6094,Physics,Electricity,20,6,14,30.0,33.3
STU1016,QUIZ6095,Biology,Human Body,21,5,16,23.81,47.76
STU1016,QUIZ6096,Mathematics,Algebra,15,9,6,60.0,80.5
STU1017,QUIZ6097,Chemistry,Organic Chemistry,30,23,7,76.67,23.58
STU1017,QUIZ6098,Physics,Electricity,18,11,7,61.11,42.0
STU1017,QUIZ6099,Physics,Laws of Motion,24,13,11,54.17,61.53
STU1017,QUIZ6100,Chemistry,Atoms,21,12,9,57.14,63.24
STU1017,QUIZ6101,Physics,Electricity,29,16,13,55.17,65.4
STU1017,QUIZ6102,Biology,Cell,30,24,6,80.0,62.11
STU1018,QUIZ6103,Chemistry,Organic Chemistry,27,12,15,44.44,59.58
STU1018,QUIZ6104,Physics,Electricity,21,14,7,66.67,42.94
STU1018,QUIZ6105,Mathematics,Probability,22,7,15,31.82,53.58
STU1018,QUIZ6106,Physics,Electricity,16,5,11,31.25,68.58
STU1018,QUIZ6107,Physics,Motion,29,11,18,37.93,89.91
STU1018,QUIZ6108,Physics,Laws of Motion,15,12,3,80.0,20.99
STU1019,QUIZ6109,Mathematics,Calculus,25,23,2,92.0,58.39
STU1019,QUIZ6110,Physics,Laws of Motion,25,24,1,96.0,80.67
STU1019,QUIZ6111,Biology,Cell,18,13,5,72.22,24.05
STU1019,QUIZ6112,Physics,Motion,24,8,16,33.33,63.94
STU1019,QUIZ6113,Physics,Work and Energy,16,13,3,81.25,67.36
STU1019,QUIZ6114,Mathematics,Algebra,16,9,7,56.25,40.86
STU1020,QUIZ6115,Mathematics,Trigonometry,23,20,3,86.96,47.55
STU1020,QUIZ6116,Chemistry,Atoms,26,21,5,80.77,34.99
STU1020,QUIZ6117,Biology,Cell,28,18,10,64.29,37.2
STU1020,QUIZ6118,Chemistry,Chemical Bonding,17,10,7,58.82,44.76
STU1020,QUIZ6119,Biology,Plant Physiology,24,9,15,37.5,70.82
STU1020,QUIZ6120,Biology,Human Body,29,21,8,72.41,81.42
STU1021,QUIZ6121,Mathematics,Algebra,28,21,7,75.0,85.24
STU1021,QUIZ6122,Mathematics,Trigonometry,27,26,1,96.3,35.04
STU1021,QUIZ6123,Chemistry,Atoms,27,19,8,70.37,57.57
STU1021,QUIZ6124,Mathematics,Algebra,26,11,15,42.31,85.11
STU1021,QUIZ6125,Biology,Human Body,28,15,13,53.57,39.49
STU1021,QUIZ6126,Biology,Plant Physiology,19,15,4,78.95,51.4
STU1022,QUIZ6127,Physics,Laws of Motion,29,8,21,27.59,77.56
STU1022,QUIZ6128,Biology,Genetics,16,15,1,93.75,83.8
STU1022,QUIZ6129,Physics,Electricity,26,9,17,34.62,55.1
STU1022,QUIZ6130,Mathematics,Probability,22,14,8,63.64,31.65
STU1022,QUIZ6131,Mathematics,Calculus,24,5,19,20.83,68.87
STU1022,QUIZ6132,Mathematics,Algebra,18,18,0,100.0,80.47
STU1023,QUIZ6133,Biology,Cell,15,10,5,66.67,76.28
STU1023,QUIZ6134,Mathematics,Algebra,22,6,16,27.27,54.87
STU1023,QUIZ6135,Mathematics,Probability,20,19,1,95.0,35.21
STU1023,QUIZ6136,Biology,Plant Physiology,23,19,4,82.61,59.88
STU1023,QUIZ6137,Biology,Genetics,17,13,4,76.47,76.88
STU1023,QUIZ6138,Chemistry,Organic Chemistry,24,8,16,33.33,77.96
STU1024,QUIZ6139,Physics,Work and Energy,30,20,10,66.67,87.12
STU1024,QUIZ6140,Chemistry,Acids and Bases,29,13,16,44.83,69.91
STU1024,QUIZ6141,Physics,Electricity,29,7,22,24.14,37.38
STU1024,QUIZ6142,Physics,Electricity,20,8,12,40.0,27.46
STU1024,QUIZ6143,Mathematics,Calculus,25,14,11,56.0,31.82
STU1024,QUIZ6144,Biology,Plant Physiology,28,10,18,35.71,53.48
STU1025,QUIZ6145,Physics,Work and Energy,20,5,15,25.0,31.23
STU1025,QUIZ6146,Physics,Motion,17,9,8,52.94,65.39
STU1025,QUIZ6147,Physics,Motion,24,14,10,58.33,39.63
STU1025,QUIZ6148,Physics,Laws of Motion,27,5,22,18.52,75.29
STU1025,QUIZ6149,Physics,Laws of Motion,20,16,4,80.0,59.0
STU1025,QUIZ6150,Chemistry,Atoms,28,6,22,21.43,55.91
STU1026,QUIZ6151,Biology,Cell,20,5,15,25.0,40.01
STU1026,QUIZ6152,Physics,Motion,28,24,4,85.71,58.5
STU1026,QUIZ6153,Chemistry,Chemical Bonding,19,11,8,57.89,22.13
STU1026,QUIZ6154,Biology,Cell,21,20,1,95.24,45.48
STU1026,QUIZ6155,Mathematics,Algebra,25,25,0,100.0,81.11
STU1026,QUIZ6156,Chemistry,Atoms,25,18,7,72.0,29.22
STU1027,QUIZ6157,Mathematics,Trigonometry,15,15,0,100.0,68.02
STU1027,QUIZ6158,Physics,Laws of Motion,17,5,12,29.41,86.1
STU1027,QUIZ6159,Mathematics,Probability,28,11,17,39.29,72.61
STU1027,QUIZ6160,Physics,Laws of Motion,23,20,3,86.96,78.07
STU1027,QUIZ6161,Chemistry,Chemical Bonding,24,9,15,37.5,70.41
STU1027,QUIZ6162,Mathematics,Trigonometry,27,15,12,55.56,55.68
STU1028,QUIZ6163,Mathematics,Algebra,25,15,10,60.0,54.04
STU1028,QUIZ6164,Chemistry,Chemical Bonding,23,22,1,95.65,21.06
STU1028,QUIZ6165,Biology,Cell,20,9,11,45.0,46.8
STU1028,QUIZ6166,Chemistry,Organic Chemistry,21,20,1,95.24,87.11
STU1028,QUIZ6167,Chemistry,Chemical Bonding,26,16,10,61.54,25.88
STU1028,QUIZ6168,Physics,Laws of Motion,21,17,4,80.95,82.85
STU1029,QUIZ6169,Physics,Work and Energy,20,16,4,80.0,77.3
STU1029,QUIZ6170,Physics,Electricity,20,20,0,100.0,44.25
STU1029,QUIZ6171,Mathematics,Trigonometry,28,22,6,78.57,45.47
STU1029,QUIZ6172,Biology,Cell,16,5,11,31.25,58.26
STU1029,QUIZ6173,Physics,Electricity,24,22,2,91.67,42.4
STU1029,QUIZ6174,Physics,Electricity,29,17,12,58.62,85.85
STU1030,QUIZ6175,Biology,Human Body,25,20,5,80.0,84.08
STU1030,QUIZ6176,Chemistry,Atoms,24,9,15,37.5,87.48
STU1030,QUIZ6177,Chemistry,Acids and Bases,24,21,3,87.5,65.17
STU1030,QUIZ6178,Chemistry,Chemical Bonding,30,11,19,36.67,67.19
STU1030,QUIZ6179,Chemistry,Acids and Bases,28,9,19,32.14,49.24
STU1030,QUIZ6180,Physics,Electricity,24,10,14,41.67,20.24
STU1031,QUIZ6181,Physics,Electricity,15,6,9,40.0,63.22
STU1031,QUIZ6182,Biology,Genetics,28,13,15,46.43,75.41
STU1031,QUIZ6183,Chemistry,Acids and Bases,17,14,3,82.35,25.3
STU1031,QUIZ6184,Physics,Work and Energy,17,10,7,58.82,31.65
STU1031,QUIZ6185,Chemistry,Organic Chemistry,29,21,8,72.41,66.59
STU1031,QUIZ6186,Mathematics,Algebra,20,20,0,100.0,78.61
STU1032,QUIZ6187,Mathematics,Calculus,29,22,7,75.86,74.14
STU1032,QUIZ6188,Chemistry,Acids and Bases,18,9,9,50.0,46.26
STU1032,QUIZ6189,Chemistry,Chemical Bonding,29,27,2,93.1,81.26
STU1032,QUIZ6190,Physics,Work and Energy,25,8,17,32.0,81.84
STU1032,QUIZ6191,Biology,Human Body,17,11,6,64.71,20.69
STU1032,QUIZ6192,Mathematics,Probability,27,13,14,48.15,70.07
STU1033,QUIZ6193,Biology,Plant Physiology,25,8,17,32.0,62.32
STU1033,QUIZ6194,Mathematics,Algebra,20,15,5,75.0,22.08
STU1033,QUIZ6195,Physics,Motion,25,22,3,88.0,84.28
STU1033,QUIZ6196,Chemistry,Atoms,26,21,5,80.77,50.98
STU1033,QUIZ6197,Biology,Genetics,27,23,4,85.19,54.3
STU1033,QUIZ6198,Physics,Laws of Motion,30,14,16,46.67,36.85
STU1034,QUIZ6199,Biology,Plant Physiology,23,19,4,82.61,53.1
STU1034,QUIZ6200,Chemistry,Organic Chemistry,28,24,4,85.71,42.98
STU1034,QUIZ6201,Chemistry,Organic Chemistry,20,19,1,95.0,22.74
STU1034,QUIZ6202,Mathematics,Algebra,16,13,3,81.25,44.14
STU1034,QUIZ6203,Biology,Plant Physiology,28,8,20,28.57,60.87
STU1034,QUIZ6204,Biology,Genetics,28,27,1,96.43,76.18
STU1035,QUIZ6205,Biology,Genetics,20,15,5,75.0,60.18
STU1035,QUIZ6206,Biology,Genetics,17,10,7,58.82,71.69
STU1035,QUIZ6207,Mathematics,Probability,24,18,6,75.0,71.03
STU1035,QUIZ6208,Chemistry,Atoms,29,25,4,86.21,76.95
STU1035,QUIZ6209,Biology,Cell,15,12,3,80.0,22.35
STU1035,QUIZ6210,Chemistry,Chemical Bonding,23,23,0,100.0,27.24
STU1036,QUIZ6211,Biology,Genetics,25,11,14,44.0,68.81
STU1036,QUIZ6212,Biology,Human Body,17,9,8,52.94,76.46
STU1036,QUIZ6213,Mathematics,Trigonometry,19,19,0,100.0,67.4
STU1036,QUIZ6214,Physics,Laws of Motion,28,17,11,60.71,32.41
STU1036,QUIZ6215,Physics,Electricity,29,23,6,79.31,45.67
STU1036,QUIZ6216,Chemistry,Organic Chemistry,29,5,24,17.24,33.96
STU1037,QUIZ6217,Chemistry,Atoms,15,12,3,80.0,87.88
STU1037,QUIZ6218,Physics,Electricity,28,11,17,39.29,38.71
STU1037,QUIZ6219,Chemistry,Organic Chemistry,25,9,16,36.0,58.33
STU1037,QUIZ6220,Mathematics,Trigonometry,17,16,1,94.12,75.35
STU1037,QUIZ6221,Biology,Human Body,19,19,0,100.0,57.5
STU1037,QUIZ6222,Biology,Plant Physiology,18,8,10,44.44,51.35
STU1038,QUIZ6223,Physics,Work and Energy,29,19,10,65.52,85.39
STU1038,QUIZ6224,Chemistry,Organic Chemistry,21,9,12,42.86,44.61
STU1038,QUIZ6225,Biology,Genetics,20,9,11,45.0,31.93
STU1038,QUIZ6226,Mathematics,Calculus,23,22,1,95.65,61.6
STU1038,QUIZ6227,Mathematics,Algebra,25,10,15,40.0,54.77
STU1038,QUIZ6228,Physics,Motion,23,17,6,73.91,50.42
STU1039,QUIZ6229,Physics,Electricity,25,14,11,56.0,59.63
STU1039,QUIZ6230,Physics,Work and Energy,25,20,5,80.0,87.55
STU1039,QUIZ6231,Mathematics,Probability,19,17,2,89.47,32.3
STU1039,QUIZ6232,Physics,Work and Energy,28,22,6,78.57,36.28
STU1039,QUIZ6233,Chemistry,Organic Chemistry,19,15,4,78.95,77.83
STU1039,QUIZ6234,Biology,Human Body,25,20,5,80.0,26.6
STU1040,QUIZ6235,Mathematics,Probability,24,24,0,100.0,38.62
STU1040,QUIZ6236,Physics,Work and Energy,18,7,11,38.89,56.88
STU1040,QUIZ6237,Mathematics,Algebra,16,10,6,62.5,59.62
STU1040,QUIZ6238,Chemistry,Acids and Bases,23,8,15,34.78,71.78
STU1040,QUIZ6239,Chemistry,Organic Chemistry,30,24,6,80.0,68.96
STU1040,QUIZ6240,Biology,Plant Physiology,26,7,19,26.92,63.06
STU1041,QUIZ6241,Physics,Laws of Motion,29,17,12,58.62,25.0
STU1041,QUIZ6242,Biology,Plant Physiology,21,17,4,80.95,71.73
STU1041,QUIZ6243,Mathematics,Algebra,27,16,11,59.26,21.96
STU1041,QUIZ6244,Biology,Plant Physiology,21,7,14,33.33,21.85
STU1041,QUIZ6245,Chemistry,Chemical Bonding,30,14,16,46.67,23.9
STU1041,QUIZ6246,Biology,Genetics,20,15,5,75.0,75.42
STU1042,QUIZ6247,Biology,Plant Physiology,19,8,11,42.11,65.1
STU1042,QUIZ6248,Biology,Genetics,19,15,4,78.95,50.41
STU1042,QUIZ6249,Physics,Motion,19,12,7,63.16,21.3
STU1042,QUIZ6250,Physics,Work and Energy,17,8,9,47.06,30.7
STU1042,QUIZ6251,Physics,Motion,25,5,20,20.0,36.04
STU1042,QUIZ6252,Mathematics,Calculus,28,21,7,75.0,65.69
STU1043,QUIZ6253,Physics,Motion,27,18,9,66.67,43.92
STU1043,QUIZ6254,Chemistry,Organic Chemistry,27,24,3,88.89,37.24
STU1043,QUIZ6255,Mathematics,Calculus,15,9,6,60.0,22.78
STU1043,QUIZ6256,Biology,Human Body,30,17,13,56.67,76.28
STU1043,QUIZ6257,Biology,Human Body,29,16,13,55.17,48.93
STU1043,QUIZ6258,Physics,Electricity,17,14,3,82.35,65.05
STU1044,QUIZ6259,Biology,Human Body,29,15,14,51.72,69.1
STU1044,QUIZ6260,Chemistry,Acids and Bases,18,18,0,100.0,24.22
STU1044,QUIZ6261,Mathematics,Algebra,24,15,9,62.5,74.46
STU1044,QUIZ6262,Biology,Plant Physiology,30,6,24,20.0,85.76
STU1044,QUIZ6263,Physics,Electricity,16,16,0,100.0,84.41
STU1044,QUIZ6264,Biology,Genetics,29,10,19,34.48,71.57
STU1045,QUIZ6265,Physics,Electricity,18,13,5,72.22,71.83
STU1045,QUIZ6266,Physics,Motion,28,5,23,17.86,83.82
STU1045,QUIZ6267,Mathematics,Calculus,15,15,0,100.0,24.14
STU1045,QUIZ6268,Chemistry,Atoms,20,16,4,80.0,67.82
STU1045,QUIZ6269,Mathematics,Probability,21,9,12,42.86,87.4
STU1045,QUIZ6270,Mathematics,Algebra,26,6,20,23.08,66.11
STU1046,QUIZ6271,Biology,Genetics,29,20,9,68.97,84.91
STU1046,QUIZ6272,Chemistry,Acids and Bases,18,10,8,55.56,26.4
STU1046,QUIZ6273,Physics,Work and Energy,24,11,13,45.83,74.65
STU1046,QUIZ6274,Biology,Plant Physiology,19,8,11,42.11,84.45
STU1046,QUIZ6275,Chemistry,Organic Chemistry,26,20,6,76.92,89.96
STU1046,QUIZ6276,Chemistry,Acids and Bases,27,5,22,18.52,25.42
STU1047,QUIZ6277,Physics,Laws of Motion,19,19,0,100.0,34.33
STU1047,QUIZ6278,Mathematics,Algebra,22,19,3,86.36,52.21
STU1047,QUIZ6279,Biology,Genetics,18,9,9,50.0,63.16
STU1047,QUIZ6280,Mathematics,Probability,28,6,22,21.43,44.88
STU1047,QUIZ6281,Mathematics,Algebra,15,13,2,86.67,60.65
STU1047,QUIZ6282,Biology,Human Body,17,11,6,64.71,68.74
STU1048,QUIZ6283,Biology,Human Body,28,10,18,35.71,81.35
STU1048,QUIZ6284,Biology,Plant Physiology,18,16,2,88.89,55.55
STU1048,QUIZ6285,Mathematics,Trigonometry,26,7,19,26.92,77.46
STU1048,QUIZ6286,Mathematics,Trigonometry,16,10,6,62.5,63.46
STU1048,QUIZ6287,Mathematics,Probability,19,12,7,63.16,65.6
STU1048,QUIZ6288,Biology,Genetics,28,14,14,50.0,83.84
STU1049,QUIZ6289,Biology,Cell,20,8,12,40.0,58.4
STU1049,QUIZ6290,Physics,Motion,23,19,4,82.61,55.59
STU1049,QUIZ6291,Mathematics,Probability,16,7,9,43.75,80.16
STU1049,QUIZ6292,Biology,Genetics,21,16,5,76.19,64.66
STU1049,QUIZ6293,Physics,Electricity,18,8,10,44.44,30.22
STU1049,QUIZ6294,Mathematics,Probability,27,11,16,40.74,28.43
STU1050,QUIZ6295,Physics,Electricity,19,13,6,68.42,54.14
STU1050,QUIZ6296,Chemistry,Organic Chemistry,19,17,2,89.47,36.0
STU1050,QUIZ6297,Chemistry,Atoms,16,16,0,100.0,49.28
STU1050,QUIZ6298,Physics,Work and Energy,18,5,13,27.78,39.59
STU1050,QUIZ6299,Mathematics,Calculus,18,7,11,38.89,46.45
STU1050,QUIZ6300,Physics,Electricity,15,9,6,60.0,28.29
STU1051,QUIZ6301,Physics,Work and Energy,29,21,8,72.41,37.1
STU1051,QUIZ6302,Biology,Plant Physiology,21,20,1,95.24,29.8
STU1051,QUIZ6303,Chemistry,Chemical Bonding,19,14,5,73.68,75.03
STU1051,QUIZ6304,Biology,Genetics,30,13,17,43.33,69.37
STU1051,QUIZ6305,Physics,Motion,23,15,8,65.22,54.2
STU1051,QUIZ6306,Mathematics,Calculus,17,8,9,47.06,23.24
STU1052,QUIZ6307,Physics,Electricity,19,5,14,26.32,26.99
STU1052,QUIZ6308,Biology,Cell,27,12,15,44.44,68.29
STU1052,QUIZ6309,Physics,Motion,26,19,7,73.08,30.08
STU1052,QUIZ6310,Mathematics,Calculus,22,13,9,59.09,22.36
STU1052,QUIZ6311,Physics,Electricity,15,15,0,100.0,84.61
STU1052,QUIZ6312,Mathematics,Probability,18,18,0,100.0,73.46
STU1053,QUIZ6313,Mathematics,Probability,22,7,15,31.82,73.32
STU1053,QUIZ6314,Physics,Motion,24,14,10,58.33,87.13
STU1053,QUIZ6315,Physics,Electricity,21,5,16,23.81,73.4
STU1053,QUIZ6316,Physics,Electricity,15,14,1,93.33,74.31
STU1053,QUIZ6317,Biology,Cell,30,8,22,26.67,54.08
STU1053,QUIZ6318,Physics,Laws of Motion,23,18,5,78.26,44.4
STU1054,QUIZ6319,Chemistry,Atoms,27,15,12,55.56,73.67
STU1054,QUIZ6320,Mathematics,Algebra,15,15,0,100.0,57.72
STU1054,QUIZ6321,Biology,Genetics,18,8,10,44.44,43.41
STU1054,QUIZ6322,Physics,Laws of Motion,17,11,6,64.71,58.77
STU1054,QUIZ6323,Chemistry,Organic Chemistry,29,23,6,79.31,27.16
STU1054,QUIZ6324,Physics,Laws of Motion,27,17,10,62.96,36.01
STU1055,QUIZ6325,Physics,Laws of Motion,15,14,1,93.33,55.67
STU1055,QUIZ6326,Mathematics,Calculus,25,25,0,100.0,74.89
STU1055,QUIZ6327,Biology,Plant Physiology,18,15,3,83.33,76.95
STU1055,QUIZ6328,Physics,Motion,25,9,16,36.0,54.48
STU1055,QUIZ6329,Chemistry,Atoms,21,12,9,57.14,47.36
STU1055,QUIZ6330,Mathematics,Trigonometry,26,14,12,53.85,72.2
STU1056,QUIZ6331,Biology,Human Body,15,6,9,40.0,65.25
STU1056,QUIZ6332,Physics,Electricity,22,21,1,95.45,62.52
STU1056,QUIZ6333,Mathematics,Algebra,29,19,10,65.52,65.17
STU1056,QUIZ6334,Physics,Motion,24,12,12,50.0,74.72
STU1056,QUIZ6335,Mathematics,Trigonometry,24,8,16,33.33,38.88
STU1056,QUIZ6336,Physics,Motion,21,12,9,57.14,26.83
STU1057,QUIZ6337,Mathematics,Trigonometry,20,16,4,80.0,89.18
STU1057,QUIZ6338,Biology,Genetics,18,18,0,100.0,31.54
STU1057,QUIZ6339,Physics,Laws of Motion,18,15,3,83.33,27.38
STU1057,QUIZ6340,Chemistry,Chemical Bonding,26,11,15,42.31,89.05
STU1057,QUIZ6341,Chemistry,Atoms,19,10,9,52.63,60.79
STU1057,QUIZ6342,Chemistry,Chemical Bonding,25,13,12,52.0,47.74
STU1058,QUIZ6343,Biology,Human Body,20,10,10,50.0,43.52
STU1058,QUIZ6344,Biology,Plant Physiology,15,14,1,93.33,23.92
STU1058,QUIZ6345,Physics,Work and Energy,15,10,5,66.67,79.45
STU1058,QUIZ6346,Physics,Electricity,28,20,8,71.43,33.18
STU1058,QUIZ6347,Physics,Electricity,19,17,2,89.47,32.21
STU1058,QUIZ6348,Biology,Cell,21,5,16,23.81,58.71
STU1059,QUIZ6349,Physics,Laws of Motion,26,16,10,61.54,86.25
STU1059,QUIZ6350,Chemistry,Chemical Bonding,21,10,11,47.62,77.93
STU1059,QUIZ6351,Mathematics,Probability,29,23,6,79.31,70.11
STU1059,QUIZ6352,Physics,Laws of Motion,29,17,12,58.62,43.71
STU1059,QUIZ6353,Mathematics,Calculus,18,7,11,38.89,78.4
STU1059,QUIZ6354,Mathematics,Probability,15,6,9,40.0,72.54
STU1060,QUIZ6355,Mathematics,Probability,18,13,5,72.22,48.77
STU1060,QUIZ6356,Physics,Work and Energy,22,18,4,81.82,64.37
STU1060,QUIZ6357,Chemistry,Organic Chemistry,28,9,19,32.14,49.85
STU1060,QUIZ6358,Physics,Work and Energy,16,14,2,87.5,46.59
STU1060,QUIZ6359,Chemistry,Organic Chemistry,26,5,21,19.23,60.51
STU1060,QUIZ6360,Chemistry,Atoms,29,15,14,51.72,23.49
STU1061,QUIZ6361,Physics,Laws of Motion,24,16,8,66.67,63.05
STU1061,QUIZ6362,Biology,Genetics,23,7,16,30.43,80.92
STU1061,QUIZ6363,Physics,Laws of Motion,21,7,14,33.33,69.08
STU1061,QUIZ6364,Biology,Plant Physiology,21,10,11,47.62,71.23
STU1061,QUIZ6365,Chemistry,Organic Chemistry,18,11,7,61.11,89.08
STU1061,QUIZ6366,Physics,Motion,30,23,7,76.67,41.11
STU1062,QUIZ6367,Physics,Electricity,23,20,3,86.96,38.23
STU1062,QUIZ6368,Physics,Electricity,19,11,8,57.89,44.06
STU1062,QUIZ6369,Chemistry,Chemical Bonding,18,15,3,83.33,64.81
STU1062,QUIZ6370,Biology,Plant Physiology,21,10,11,47.62,82.88
STU1062,QUIZ6371,Physics,Electricity,15,9,6,60.0,33.67
STU1062,QUIZ6372,Physics,Laws of Motion,26,5,21,19.23,39.94
STU1063,QUIZ6373,Biology,Human Body,21,17,4,80.95,68.16
STU1063,QUIZ6374,Biology,Plant Physiology,24,16,8,66.67,74.79
STU1063,QUIZ6375,Biology,Cell,30,12,18,40.0,33.29
STU1063,QUIZ6376,Physics,Laws of Motion,21,5,16,23.81,49.02
STU1063,QUIZ6377,Mathematics,Probability,16,15,1,93.75,52.31
STU1063,QUIZ6378,Physics,Electricity,25,13,12,52.0,32.98
STU1064,QUIZ6379,Physics,Electricity,21,15,6,71.43,76.88
STU1064,QUIZ6380,Mathematics,Calculus,16,7,9,43.75,29.56
STU1064,QUIZ6381,Chemistry,Atoms,30,11,19,36.67,33.52
STU1064,QUIZ6382,Mathematics,Probability,17,16,1,94.12,33.82
STU1064,QUIZ6383,Mathematics,Trigonometry,21,17,4,80.95,84.91
STU1064,QUIZ6384,Physics,Laws of Motion,22,8,14,36.36,55.17
STU1065,QUIZ6385,Chemistry,Organic Chemistry,16,15,1,93.75,86.29
STU1065,QUIZ6386,Mathematics,Probability,28,8,20,28.57,64.37
STU1065,QUIZ6387,Biology,Genetics,25,15,10,60.0,65.02
STU1065,QUIZ6388,Physics,Electricity,19,17,2,89.47,62.08
STU1065,QUIZ6389,Mathematics,Calculus,21,15,6,71.43,78.58
STU1065,QUIZ6390,Physics,Motion,15,10,5,66.67,27.25
STU1066,QUIZ6391,Mathematics,Probability,15,5,10,33.33,51.11
STU1066,QUIZ6392,Physics,Electricity,20,15,5,75.0,80.62
STU1066,QUIZ6393,Mathematics,Probability,24,12,12,50.0,52.97
STU1066,QUIZ6394,Biology,Plant Physiology,25,23,2,92.0,72.92
STU1066,QUIZ6395,Physics,Work and Energy,26,9,17,34.62,61.32
STU1066,QUIZ6396,Mathematics,Algebra,28,20,8,71.43,80.41
STU1067,QUIZ6397,Mathematics,Trigonometry,23,15,8,65.22,30.3
STU1067,QUIZ6398,Mathematics,Trigonometry,27,27,0,100.0,41.41
STU1067,QUIZ6399,Mathematics,Algebra,28,13,15,46.43,60.99
STU1067,QUIZ6400,Biology,Plant Physiology,16,11,5,68.75,66.87
STU1067,QUIZ6401,Chemistry,Chemical Bonding,23,23,0,100.0,39.2
STU1067,QUIZ6402,Mathematics,Calculus,29,8,21,27.59,62.8
STU1068,QUIZ6403,Mathematics,Probability,21,20,1,95.24,56.12
STU1068,QUIZ6404,Physics,Electricity,23,16,7,69.57,42.27
STU1068,QUIZ6405,Chemistry,Atoms,25,13,12,52.0,53.55
STU1068,QUIZ6406,Chemistry,Acids and Bases,16,8,8,50.0,24.11
STU1068,QUIZ6407,Physics,Electricity,19,19,0,100.0,86.43
STU1068,QUIZ6408,Physics,Electricity,21,6,15,28.57,39.81
STU1069,QUIZ6409,Physics,Motion,23,21,2,91.3,67.28
STU1069,QUIZ6410,Mathematics,Probability,21,8,13,38.1,20.97
STU1069,QUIZ6411,Physics,Electricity,15,13,2,86.67,69.92
STU1069,QUIZ6412,Biology,Cell,28,25,3,89.29,72.56
STU1069,QUIZ6413,Biology,Plant Physiology,28,26,2,92.86,86.0
STU1069,QUIZ6414,Biology,Genetics,21,7,14,33.33,69.22
STU1070,QUIZ6415,Physics,Laws of Motion,15,8,7,53.33,61.16
STU1070,QUIZ6416,Biology,Genetics,24,20,4,83.33,49.96
STU1070,QUIZ6417,Biology,Cell,22,21,1,95.45,49.98
STU1070,QUIZ6418,Biology,Human Body,27,19,8,70.37,28.31
STU1070,QUIZ6419,Physics,Laws of Motion,28,26,2,92.86,82.84
STU1070,QUIZ6420,Physics,Work and Energy,26,21,5,80.77,52.83
STU1071,QUIZ6421,Chemistry,Organic Chemistry,19,10,9,52.63,45.53
STU1071,QUIZ6422,Physics,Motion,15,7,8,46.67,78.25
STU1071,QUIZ6423,Mathematics,Probability,29,29,0,100.0,49.66
STU1071,QUIZ6424,Mathematics,Probability,29,10,19,34.48,54.94
STU1071,QUIZ6425,Biology,Plant Physiology,22,19,3,86.36,57.85
STU1071,QUIZ6426,Mathematics,Algebra,28,13,15,46.43,66.95
STU1072,QUIZ6427,Biology,Cell,16,15,1,93.75,35.82
STU1072,QUIZ6428,Biology,Human Body,26,24,2,92.31,79.76
STU1072,QUIZ6429,Chemistry,Chemical Bonding,25,15,10,60.0,27.98
STU1072,QUIZ6430,Mathematics,Trigonometry,15,13,2,86.67,42.76
STU1072,QUIZ6431,Mathematics,Calculus,26,24,2,92.31,48.97
STU1072,QUIZ6432,Chemistry,Atoms,19,11,8,57.89,69.71
STU1073,QUIZ6433,Chemistry,Organic Chemistry,30,13,17,43.33,50.69
STU1073,QUIZ6434,Physics,Motion,23,20,3,86.96,35.23
STU1073,QUIZ6435,Mathematics,Algebra,21,15,6,71.43,31.52
STU1073,QUIZ6436,Mathematics,Algebra,17,6,11,35.29,24.52
STU1073,QUIZ6437,Biology,Human Body,16,9,7,56.25,64.69
STU1073,QUIZ6438,Biology,Human Body,16,6,10,37.5,26.42
STU1074,QUIZ6439,Biology,Plant Physiology,25,22,3,88.0,73.33
STU1074,QUIZ6440,Mathematics,Probability,27,13,14,48.15,86.23
STU1074,QUIZ6441,Chemistry,Acids and Bases,30,10,20,33.33,54.82
STU1074,QUIZ6442,Biology,Genetics,23,22,1,95.65,83.46
STU1074,QUIZ6443,Chemistry,Atoms,16,13,3,81.25,73.81
STU1074,QUIZ6444,Physics,Work and Energy,17,14,3,82.35,33.12
STU1075,QUIZ6445,Chemistry,Chemical Bonding,25,20,5,80.0,24.44
STU1075,QUIZ6446,Mathematics,Probability,17,14,3,82.35,82.4
STU1075,QUIZ6447,Chemistry,Atoms,26,16,10,61.54,47.84
STU1075,QUIZ6448,Chemistry,Atoms,27,5,22,18.52,78.69
STU1075,QUIZ6449,Biology,Genetics,19,7,12,36.84,68.89
STU1075,QUIZ6450,Biology,Genetics,28,21,7,75.0,48.04
STU1076,QUIZ6451,Biology,Genetics,27,18,9,66.67,40.66
STU1076,QUIZ6452,Physics,Laws of Motion,20,5,15,25.0,38.2
STU1076,QUIZ6453,Physics,Motion,20,14,6,70.0,58.53
STU1076,QUIZ6454,Mathematics,Trigonometry,23,20,3,86.96,26.21
STU1076,QUIZ6455,Mathematics,Trigonometry,28,20,8,71.43,36.03
STU1076,QUIZ6456,Biology,Genetics,22,6,16,27.27,33.33
STU1077,QUIZ6457,Physics,Motion,18,5,13,27.78,58.35
STU1077,QUIZ6458,Chemistry,Organic Chemistry,15,14,1,93.33,29.85
STU1077,QUIZ6459,Physics,Motion,25,17,8,68.0,31.51
STU1077,QUIZ6460,Chemistry,Organic Chemistry,29,5,24,17.24,85.53
STU1077,QUIZ6461,Mathematics,Algebra,27,7,20,25.93,48.57
STU1077,QUIZ6462,Biology,Plant Physiology,17,8,9,47.06,27.19
STU1078,QUIZ6463,Physics,Laws of Motion,21,10,11,47.62,65.1
STU1078,QUIZ6464,Mathematics,Probability,24,21,3,87.5,59.34
STU1078,QUIZ6465,Biology,Genetics,16,14,2,87.5,88.12
STU1078,QUIZ6466,Chemistry,Atoms,29,9,20,31.03,66.45
STU1078,QUIZ6467,Chemistry,Chemical Bonding,16,15,1,93.75,82.72
STU1078,QUIZ6468,Mathematics,Calculus,18,18,0,100.0,68.11
STU1079,QUIZ6469,Biology,Genetics,26,6,20,23.08,31.8
STU1079,QUIZ6470,Biology,Human Body,22,10,12,45.45,83.69
STU1079,QUIZ6471,Mathematics,Probability,21,14,7,66.67,20.25
STU1079,QUIZ6472,Chemistry,Chemical Bonding,17,12,5,70.59,31.58
STU1079,QUIZ6473,Mathematics,Calculus,17,11,6,64.71,72.77
STU1079,QUIZ6474,Physics,Work and Energy,19,17,2,89.47,34.01
STU1080,QUIZ6475,Mathematics,Probability,25,9,16,36.0,57.45
STU1080,QUIZ6476,Chemistry,Acids and Bases,26,10,16,38.46,47.48
STU1080,QUIZ6477,Mathematics,Algebra,25,12,13,48.0,70.84
STU1080,QUIZ6478,Biology,Human Body,27,15,12,55.56,30.51
STU1080,QUIZ6479,Biology,Human Body,27,16,11,59.26,22.06
STU1080,QUIZ6480,Biology,Cell,29,22,7,75.86,71.82
STU1081,QUIZ6481,Physics,Motion,27,17,10,62.96,34.01
STU1081,QUIZ6482,Physics,Laws of Motion,21,9,12,42.86,52.16
STU1081,QUIZ6483,Mathematics,Calculus,25,5,20,20.0,62.44
STU1081,QUIZ6484,Biology,Genetics,30,24,6,80.0,36.3
STU1081,QUIZ6485,Mathematics,Algebra,23,14,9,60.87,57.05
STU1081,QUIZ6486,Biology,Cell,24,12,12,50.0,88.78
STU1082,QUIZ6487,Mathematics,Probability,30,11,19,36.67,46.03
STU1082,QUIZ6488,Physics,Laws of Motion,21,12,9,57.14,84.41
STU1082,QUIZ6489,Biology,Genetics,27,5,22,18.52,73.78
STU1082,QUIZ6490,Mathematics,Trigonometry,24,22,2,91.67,79.08
STU1082,QUIZ6491,Biology,Genetics,23,20,3,86.96,23.73
STU1082,QUIZ6492,Chemistry,Chemical Bonding,29,29,0,100.0,70.13
STU1083,QUIZ6493,Mathematics,Algebra,15,9,6,60.0,55.3
STU1083,QUIZ6494,Chemistry,Chemical Bonding,22,15,7,68.18,39.34
STU1083,QUIZ6495,Chemistry,Organic Chemistry,19,8,11,42.11,28.03
STU1083,QUIZ6496,Physics,Motion,25,21,4,84.0,47.78
STU1083,QUIZ6497,Biology,Human Body,18,7,11,38.89,61.4
STU1083,QUIZ6498,Biology,Plant Physiology,28,11,17,39.29,26.31
STU1084,QUIZ6499,Physics,Electricity,15,15,0,100.0,45.73
STU1084,QUIZ6500,Chemistry,Atoms,26,19,7,73.08,66.07
STU1084,QUIZ6501,Physics,Electricity,24,13,11,54.17,79.1
STU1084,QUIZ6502,Chemistry,Atoms,16,11,5,68.75,50.88
STU1084,QUIZ6503,Chemistry,Atoms,26,21,5,80.77,57.43
STU1084,QUIZ6504,Biology,Plant Physiology,22,12,10,54.55,35.22
STU1085,QUIZ6505,Chemistry,Organic Chemistry,29,10,19,34.48,27.13
STU1085,QUIZ6506,Mathematics,Probability,18,15,3,83.33,56.38
STU1085,QUIZ6507,Biology,Plant Physiology,25,9,16,36.0,79.55
STU1085,QUIZ6508,Biology,Cell,17,12,5,70.59,22.43
STU1085,QUIZ6509,Biology,Plant Physiology,21,8,13,38.1,64.94
STU1085,QUIZ6510,Physics,Laws of Motion,18,17,1,94.44,30.02
STU1086,QUIZ6511,Chemistry,Organic Chemistry,20,12,8,60.0,20.55
STU1086,QUIZ6512,Mathematics,Calculus,30,18,12,60.0,25.64
STU1086,QUIZ6513,Physics,Electricity,16,8,8,50.0,80.07
STU1086,QUIZ6514,Biology,Genetics,24,24,0,100.0,81.57
STU1086,QUIZ6515,Physics,Motion,19,18,1,94.74,35.58
STU1086,QUIZ6516,Mathematics,Trigonometry,16,14,2,87.5,57.31
STU1087,QUIZ6517,Chemistry,Atoms,27,18,9,66.67,63.09
STU1087,QUIZ6518,Biology,Human Body,17,15,2,88.24,23.64
STU1087,QUIZ6519,Chemistry,Organic Chemistry,21,17,4,80.95,77.93
STU1087,QUIZ6520,Biology,Human Body,26,17,9,65.38,83.01
STU1087,QUIZ6521,Physics,Motion,30,9,21,30.0,40.18
STU1087,QUIZ6522,Mathematics,Calculus,29,13,16,44.83,74.81
STU1088,QUIZ6523,Biology,Human Body,18,5,13,27.78,24.31
STU1088,QUIZ6524,Biology,Human Body,24,8,16,33.33,83.71
STU1088,QUIZ6525,Physics,Motion,27,8,19,29.63,57.51
STU1088,QUIZ6526,Chemistry,Acids and Bases,21,12,9,57.14,24.18
STU1088,QUIZ6527,Biology,Cell,18,16,2,88.89,73.39
STU1088,QUIZ6528,Mathematics,Trigonometry,20,13,7,65.0,88.86
STU1089,QUIZ6529,Biology,Plant Physiology,19,7,12,36.84,61.75
STU1089,QUIZ6530,Mathematics,Probability,25,20,5,80.0,31.81
STU1089,QUIZ6531,Mathematics,Calculus,15,10,5,66.67,30.83
STU1089,QUIZ6532,Physics,Work and Energy,25,24,1,96.0,88.53
STU1089,QUIZ6533,Mathematics,Algebra,20,7,13,35.0,40.24
STU1089,QUIZ6534,Chemistry,Acids and Bases,27,21,6,77.78,56.59
STU1090,QUIZ6535,Chemistry,Organic Chemistry,18,13,5,72.22,55.5
STU1090,QUIZ6536,Mathematics,Probability,19,18,1,94.74,80.08
STU1090,QUIZ6537,Physics,Electricity,22,16,6,72.73,72.86
STU1090,QUIZ6538,Mathematics,Trigonometry,20,20,0,100.0,39.06
STU1090,QUIZ6539,Chemistry,Acids and Bases,23,17,6,73.91,81.78
STU1090,QUIZ6540,Mathematics,Trigonometry,24,24,0,100.0,72.28
STU1091,QUIZ6541,Biology,Cell,24,15,9,62.5,38.41
STU1091,QUIZ6542,Mathematics,Calculus,15,8,7,53.33,52.09
STU1091,QUIZ6543,Mathematics,Algebra,30,30,0,100.0,33.03
STU1091,QUIZ6544,Biology,Genetics,19,5,14,26.32,58.38
STU1091,QUIZ6545,Physics,Electricity,22,12,10,54.55,29.24
STU1091,QUIZ6546,Chemistry,Chemical Bonding,29,28,1,96.55,22.5
STU1092,QUIZ6547,Chemistry,Organic Chemistry,15,14,1,93.33,51.7
STU1092,QUIZ6548,Physics,Laws of Motion,17,16,1,94.12,34.63
STU1092,QUIZ6549,Mathematics,Probability,20,19,1,95.0,86.61
STU1092,QUIZ6550,Chemistry,Organic Chemistry,30,20,10,66.67,76.55
STU1092,QUIZ6551,Mathematics,Calculus,17,17,0,100.0,57.46
STU1092,QUIZ6552,Physics,Work and Energy,20,12,8,60.0,21.3
STU1093,QUIZ6553,Physics,Motion,24,15,9,62.5,35.59
STU1093,QUIZ6554,Physics,Motion,16,7,9,43.75,80.09
STU1093,QUIZ6555,Chemistry,Atoms,16,11,5,68.75,74.77
STU1093,QUIZ6556,Physics,Laws of Motion,30,8,22,26.67,83.24
STU1093,QUIZ6557,Mathematics,Probability,27,16,11,59.26,67.49
STU1093,QUIZ6558,Chemistry,Acids and Bases,17,17,0,100.0,48.21
STU1094,QUIZ6559,Physics,Motion,20,5,15,25.0,33.59
STU1094,QUIZ6560,Biology,Human Body,19,17,2,89.47,72.5
STU1094,QUIZ6561,Chemistry,Organic Chemistry,16,8,8,50.0,74.64
STU1094,QUIZ6562,Chemistry,Atoms,25,6,19,24.0,84.61
STU1094,QUIZ6563,Biology,Cell,17,10,7,58.82,20.84
STU1094,QUIZ6564,Biology,Cell,19,18,1,94.74,35.68
STU1095,QUIZ6565,Chemistry,Organic Chemistry,20,17,3,85.0,84.1
STU1095,QUIZ6566,Physics,Laws of Motion,27,18,9,66.67,86.21
STU1095,QUIZ6567,Biology,Plant Physiology,20,6,14,30.0,36.4
STU1095,QUIZ6568,Biology,Human Body,29,22,7,75.86,69.06
STU1095,QUIZ6569,Physics,Electricity,30,21,9,70.0,88.21
STU1095,QUIZ6570,Mathematics,Algebra,22,14,8,63.64,86.74
STU1096,QUIZ6571,Mathematics,Calculus,19,18,1,94.74,71.29
STU1096,QUIZ6572,Physics,Work and Energy,29,8,21,27.59,75.95
STU1096,QUIZ6573,Mathematics,Trigonometry,30,21,9,70.0,75.27
STU1096,QUIZ6574,Mathematics,Trigonometry,15,5,10,33.33,55.47
STU1096,QUIZ6575,Chemistry,Atoms,27,14,13,51.85,57.86
STU1096,QUIZ6576,Mathematics,Algebra,25,22,3,88.0,22.3
STU1097,QUIZ6577,Chemistry,Acids and Bases,18,9,9,50.0,20.55
STU1097,QUIZ6578,Biology,Plant Physiology,27,11,16,40.74,59.11
STU1097,QUIZ6579,Physics,Motion,26,8,18,30.77,58.71
STU1097,QUIZ6580,Physics,Electricity,20,6,14,30.0,63.27
STU1097,QUIZ6581,Physics,Work and Energy,22,11,11,50.0,65.08
STU1097,QUIZ6582,Mathematics,Calculus,18,14,4,77.78,49.45
STU1098,QUIZ6583,Mathematics,Probability,21,17,4,80.95,40.15
STU1098,QUIZ6584,Biology,Human Body,18,16,2,88.89,40.98
STU1098,QUIZ6585,Chemistry,Acids and Bases,17,13,4,76.47,39.51
STU1098,QUIZ6586,Mathematics,Trigonometry,22,7,15,31.82,62.59
STU1098,QUIZ6587,Physics,Motion,29,18,11,62.07,46.37
STU1098,QUIZ6588,Chemistry,Acids and Bases,19,18,1,94.74,61.48
STU1099,QUIZ6589,Physics,Work and Energy,26,25,1,96.15,22.7
STU1099,QUIZ6590,Physics,Motion,27,18,9,66.67,76.37
STU1099,QUIZ6591,Chemistry,Chemical Bonding,17,14,3,82.35,53.24
STU1099,QUIZ6592,Chemistry,Acids and Bases,16,14,2,87.5,69.9
STU1099,QUIZ6593,Biology,Genetics,27,6,21,22.22,21.64
STU1099,QUIZ6594,Physics,Work and Energy,28,28,0,100.0,59.89
STU1100,QUIZ6595,Physics,Electricity,28,28,0,100.0,43.01
STU1100,QUIZ6596,Mathematics,Trigonometry,18,18,0,100.0,30.59
STU1100,QUIZ6597,Physics,Laws of Motion,21,19,2,90.48,31.22
STU1100,QUIZ6598,Biology,Human Body,28,25,3,89.29,85.32
STU1100,QUIZ6599,Biology,Plant Physiology,29,26,3,89.66,57.76
STU1100,QUIZ6600,Mathematics,Trigonometry,28,6,22,21.43,35.08
STU1101,QUIZ6601,Physics,Work and Energy,18,17,1,94.44,65.17
STU1101,QUIZ6602,Biology,Genetics,21,19,2,90.48,74.17
STU1101,QUIZ6603,Biology,Human Body,17,12,5,70.59,52.47
STU1101,QUIZ6604,Mathematics,Probability,17,12,5,70.59,21.78
STU1101,QUIZ6605,Biology,Cell,30,23,7,76.67,46.42
STU1101,QUIZ6606,Chemistry,Atoms,23,12,11,52.17,89.47
STU1102,QUIZ6607,Biology,Genetics,22,9,13,40.91,75.34
STU1102,QUIZ6608,Biology,Plant Physiology,28,11,17,39.29,50.05
STU1102,QUIZ6609,Mathematics,Probability,24,20,4,83.33,23.92
STU1102,QUIZ6610,Mathematics,Trigonometry,19,5,14,26.32,85.91
STU1102,QUIZ6611,Biology,Human Body,17,15,2,88.24,44.85
STU1102,QUIZ6612,Biology,Genetics,21,17,4,80.95,78.5
STU1103,QUIZ6613,Biology,Human Body,18,11,7,61.11,69.56
STU1103,QUIZ6614,Biology,Genetics,28,14,14,50.0,37.8
STU1103,QUIZ6615,Biology,Plant Physiology,24,6,18,25.0,74.19
STU1103,QUIZ6616,Biology,Cell,25,12,13,48.0,32.51
STU1103,QUIZ6617,Mathematics,Algebra,17,16,1,94.12,83.29
STU1103,QUIZ6618,Mathematics,Calculus,24,13,11,54.17,87.71
STU1104,QUIZ6619,Physics,Work and Energy,26,5,21,19.23,63.93
STU1104,QUIZ6620,Physics,Work and Energy,24,9,15,37.5,75.57
STU1104,QUIZ6621,Chemistry,Chemical Bonding,21,5,16,23.81,49.77
STU1104,QUIZ6622,Mathematics,Calculus,16,5,11,31.25,48.64
STU1104,QUIZ6623,Chemistry,Atoms,24,14,10,58.33,46.92
STU1104,QUIZ6624,Biology,Human Body,15,7,8,46.67,21.25
STU1105,QUIZ6625,Physics,Work and Energy,23,19,4,82.61,27.81
STU1105,QUIZ6626,Chemistry,Atoms,17,9,8,52.94,51.69
STU1105,QUIZ6627,Mathematics,Algebra,17,11,6,64.71,48.65
STU1105,QUIZ6628,Physics,Work and Energy,26,9,17,34.62,21.15
STU1105,QUIZ6629,Biology,Human Body,29,14,15,48.28,34.64
STU1105,QUIZ6630,Biology,Human Body,26,15,11,57.69,46.51
STU1106,QUIZ6631,Physics,Electricity,25,13,12,52.0,69.0
STU1106,QUIZ6632,Mathematics,Algebra,29,5,24,17.24,80.32
STU1106,QUIZ6633,Chemistry,Organic Chemistry,25,13,12,52.0,82.26
STU1106,QUIZ6634,Chemistry,Organic Chemistry,22,19,3,86.36,74.47
STU1106,QUIZ6635,Physics,Work and Energy,24,14,10,58.33,55.93
STU1106,QUIZ6636,Biology,Plant Physiology,22,13,9,59.09,57.4
STU1107,QUIZ6637,Mathematics,Calculus,20,14,6,70.0,87.42
STU1107,QUIZ6638,Mathematics,Trigonometry,21,13,8,61.9,45.58
STU1107,QUIZ6639,Mathematics,Probability,25,15,10,60.0,23.6
STU1107,QUIZ6640,Physics,Electricity,17,6,11,35.29,43.62
STU1107,QUIZ6641,Chemistry,Chemical Bonding,18,9,9,50.0,43.37
STU1107,QUIZ6642,Physics,Work and Energy,24,6,18,25.0,52.67
STU1108,QUIZ6643,Mathematics,Probability,24,24,0,100.0,39.57
STU1108,QUIZ6644,Mathematics,Trigonometry,16,15,1,93.75,76.52
STU1108,QUIZ6645,Chemistry,Organic Chemistry,24,15,9,62.5,56.09
STU1108,QUIZ6646,Physics,Work and Energy,22,21,1,95.45,87.69
STU1108,QUIZ6647,Physics,Electricity,17,5,12,29.41,45.41
STU1108,QUIZ6648,Physics,Electricity,23,10,13,43.48,61.72
STU1109,QUIZ6649,Physics,Work and Energy,20,16,4,80.0,69.72
STU1109,QUIZ6650,Mathematics,Calculus,28,12,16,42.86,44.87
STU1109,QUIZ6651,Biology,Cell,26,21,5,80.77,83.19
STU1109,QUIZ6652,Mathematics,Trigonometry,15,14,1,93.33,74.0
STU1109,QUIZ6653,Physics,Motion,30,16,14,53.33,44.2
STU1109,QUIZ6654,Biology,Cell,21,15,6,71.43,45.49
STU1110,QUIZ6655,Chemistry,Acids and Bases,17,6,11,35.29,43.74
STU1110,QUIZ6656,Chemistry,Acids and Bases,18,6,12,33.33,61.64
STU1110,QUIZ6657,Chemistry,Atoms,28,22,6,78.57,40.16
STU1110,QUIZ6658,Chemistry,Organic Chemistry,25,19,6,76.0,30.52
STU1110,QUIZ6659,Mathematics,Trigonometry,20,9,11,45.0,78.46
STU1110,QUIZ6660,Chemistry,Acids and Bases,17,5,12,29.41,28.03
STU1111,QUIZ6661,Physics,Electricity,28,21,7,75.0,25.27
STU1111,QUIZ6662,Chemistry,Chemical Bonding,24,5,19,20.83,62.74
STU1111,QUIZ6663,Biology,Plant Physiology,27,13,14,48.15,33.15
STU1111,QUIZ6664,Chemistry,Acids and Bases,20,16,4,80.0,74.16
STU1111,QUIZ6665,Mathematics,Trigonometry,26,16,10,61.54,39.67
STU1111,QUIZ6666,Chemistry,Atoms,22,15,7,68.18,77.86
STU1112,QUIZ6667,Physics,Electricity,16,5,11,31.25,43.95
STU1112,QUIZ6668,Biology,Genetics,19,17,2,89.47,86.55
STU1112,QUIZ6669,Chemistry,Organic Chemistry,17,13,4,76.47,57.8
STU1112,QUIZ6670,Chemistry,Organic Chemistry,20,14,6,70.0,50.99
STU1112,QUIZ6671,Mathematics,Trigonometry,30,17,13,56.67,82.1
STU1112,QUIZ6672,Physics,Electricity,17,15,2,88.24,66.83
STU1113,QUIZ6673,Biology,Plant Physiology,25,24,1,96.0,54.21
STU1113,QUIZ6674,Mathematics,Calculus,25,22,3,88.0,86.91
STU1113,QUIZ6675,Biology,Genetics,27,24,3,88.89,22.27
STU1113,QUIZ6676,Mathematics,Calculus,15,11,4,73.33,81.07
STU1113,QUIZ6677,Mathematics,Calculus,19,17,2,89.47,75.53
STU1113,QUIZ6678,Chemistry,Chemical Bonding,20,8,12,40.0,68.45
STU1114,QUIZ6679,Biology,Genetics,21,5,16,23.81,40.65
STU1114,QUIZ6680,Physics,Electricity,24,13,11,54.17,80.99
STU1114,QUIZ6681,Physics,Work and Energy,18,9,9,50.0,25.6
STU1114,QUIZ6682,Physics,Laws of Motion,26,25,1,96.15,56.85
STU1114,QUIZ6683,Chemistry,Chemical Bonding,24,13,11,54.17,77.49
STU1114,QUIZ6684,Physics,Work and Energy,30,5,25,16.67,35.21
STU1115,QUIZ6685,Mathematics,Calculus,29,13,16,44.83,29.24
STU1115,QUIZ6686,Chemistry,Acids and Bases,29,9,20,31.03,31.13
STU1115,QUIZ6687,Biology,Human Body,25,19,6,76.0,82.97
STU1115,QUIZ6688,Mathematics,Calculus,16,9,7,56.25,28.76
STU1115,QUIZ6689,Biology,Plant Physiology,19,10,9,52.63,48.68
STU1115,QUIZ6690,Biology,Plant Physiology,27,27,0,100.0,51.6
STU1116,QUIZ6691,Chemistry,Atoms,19,17,2,89.47,80.06
STU1116,QUIZ6692,Chemistry,Organic Chemistry,27,18,9,66.67,73.9
STU1116,QUIZ6693,Physics,Motion,27,6,21,22.22,87.14
STU1116,QUIZ6694,Physics,Work and Energy,19,17,2,89.47,41.21
STU1116,QUIZ6695,Chemistry,Atoms,30,22,8,73.33,31.89
STU1116,QUIZ6696,Chemistry,Chemical Bonding,30,22,8,73.33,53.59
STU1117,QUIZ6697,Chemistry,Organic Chemistry,16,7,9,43.75,75.99
STU1117,QUIZ6698,Mathematics,Calculus,19,12,7,63.16,67.43
STU1117,QUIZ6699,Chemistry,Atoms,24,12,12,50.0,63.36
STU1117,QUIZ6700,Physics,Work and Energy,23,10,13,43.48,55.94
STU1117,QUIZ6701,Chemistry,Acids and Bases,30,13,17,43.33,86.71
STU1117,QUIZ6702,Mathematics,Trigonometry,26,11,15,42.31,68.62
STU1118,QUIZ6703,Chemistry,Acids and Bases,23,22,1,95.65,23.95
STU1118,QUIZ6704,Chemistry,Chemical Bonding,18,6,12,33.33,21.95
STU1118,QUIZ6705,Biology,Human Body,17,7,10,41.18,64.42
STU1118,QUIZ6706,Mathematics,Calculus,17,6,11,35.29,83.43
STU1118,QUIZ6707,Mathematics,Calculus,23,13,10,56.52,27.27
STU1118,QUIZ6708,Physics,Work and Energy,23,15,8,65.22,36.56
STU1119,QUIZ6709,Chemistry,Atoms,25,17,8,68.0,51.12
STU1119,QUIZ6710,Physics,Motion,24,9,15,37.5,58.07
STU1119,QUIZ6711,Chemistry,Atoms,18,14,4,77.78,71.34
STU1119,QUIZ6712,Mathematics,Calculus,27,20,7,74.07,37.22
STU1119,QUIZ6713,Physics,Motion,25,17,8,68.0,35.02
STU1119,QUIZ6714,Biology,Human Body,21,12,9,57.14,71.18
STU1120,QUIZ6715,Chemistry,Atoms,21,17,4,80.95,22.02
STU1120,QUIZ6716,Mathematics,Trigonometry,22,20,2,90.91,42.57
STU1120,QUIZ6717,Physics,Electricity,16,7,9,43.75,65.73
STU1120,QUIZ6718,Mathematics,Trigonometry,29,10,19,34.48,38.6
STU1120,QUIZ6719,Biology,Cell,19,12,7,63.16,85.56
STU1120,QUIZ6720,Mathematics,Algebra,29,19,10,65.52,63.34
STU1121,QUIZ6721,Chemistry,Organic Chemistry,22,9,13,40.91,45.99
STU1121,QUIZ6722,Biology,Plant Physiology,24,13,11,54.17,37.29
STU1121,QUIZ6723,Mathematics,Trigonometry,23,7,16,30.43,54.71
STU1121,QUIZ6724,Chemistry,Acids and Bases,23,21,2,91.3,27.37
STU1121,QUIZ6725,Physics,Work and Energy,28,14,14,50.0,88.61
STU1121,QUIZ6726,Physics,Laws of Motion,15,12,3,80.0,59.12
STU1122,QUIZ6727,Mathematics,Calculus,21,10,11,47.62,79.5
STU1122,QUIZ6728,Mathematics,Trigonometry,16,6,10,37.5,85.71
STU1122,QUIZ6729,Chemistry,Acids and Bases,24,18,6,75.0,29.75
STU1122,QUIZ6730,Physics,Laws of Motion,20,15,5,75.0,54.29
STU1122,QUIZ6731,Biology,Plant Physiology,29,17,12,58.62,62.56
STU1122,QUIZ6732,Biology,Plant Physiology,23,20,3,86.96,63.55
STU1123,QUIZ6733,Biology,Plant Physiology,17,7,10,41.18,63.58
STU1123,QUIZ6734,Physics,Motion,24,14,10,58.33,61.29
STU1123,QUIZ6735,Mathematics,Probability,25,22,3,88.0,36.39
STU1123,QUIZ6736,Biology,Genetics,20,10,10,50.0,85.78
STU1123,QUIZ6737,Biology,Plant Physiology,19,12,7,63.16,77.21
STU1123,QUIZ6738,Chemistry,Organic Chemistry,25,13,12,52.0,79.12
STU1124,QUIZ6739,Mathematics,Calculus,25,20,5,80.0,54.93
STU1124,QUIZ6740,Mathematics,Calculus,30,18,12,60.0,20.17
STU1124,QUIZ6741,Chemistry,Atoms,15,11,4,73.33,26.29
STU1124,QUIZ6742,Chemistry,Chemical Bonding,24,6,18,25.0,62.89
STU1124,QUIZ6743,Physics,Laws of Motion,17,9,8,52.94,65.74
STU1124,QUIZ6744,Biology,Genetics,19,9,10,47.37,43.69
STU1125,QUIZ6745,Mathematics,Calculus,20,15,5,75.0,22.74
STU1125,QUIZ6746,Biology,Plant Physiology,29,25,4,86.21,42.21
STU1125,QUIZ6747,Biology,Cell,30,30,0,100.0,54.74
STU1125,QUIZ6748,Chemistry,Acids and Bases,17,17,0,100.0,62.12
STU1125,QUIZ6749,Mathematics,Trigonometry,18,14,4,77.78,87.08
STU1125,QUIZ6750,Biology,Genetics,15,15,0,100.0,29.74
STU1126,QUIZ6751,Mathematics,Algebra,27,13,14,48.15,25.98
STU1126,QUIZ6752,Biology,Human Body,21,8,13,38.1,36.9
STU1126,QUIZ6753,Mathematics,Probability,21,13,8,61.9,41.46
STU1126,QUIZ6754,Biology,Human Body,29,10,19,34.48,44.29
STU1126,QUIZ6755,Biology,Cell,17,8,9,47.06,44.43
STU1126,QUIZ6756,Chemistry,Organic Chemistry,21,6,15,28.57,86.88
STU1127,QUIZ6757,Biology,Plant Physiology,16,9,7,56.25,54.72
STU1127,QUIZ6758,Biology,Cell,22,17,5,77.27,44.25
STU1127,QUIZ6759,Chemistry,Chemical Bonding,22,16,6,72.73,42.75
STU1127,QUIZ6760,Biology,Human Body,17,8,9,47.06,82.86
STU1127,QUIZ6761,Biology,Human Body,29,15,14,51.72,31.19
STU1127,QUIZ6762,Biology,Human Body,19,17,2,89.47,59.72
STU1128,QUIZ6763,Biology,Genetics,30,22,8,73.33,68.52
STU1128,QUIZ6764,Mathematics,Probability,24,15,9,62.5,22.78
STU1128,QUIZ6765,Physics,Laws of Motion,24,11,13,45.83,76.66
STU1128,QUIZ6766,Physics,Work and Energy,17,8,9,47.06,44.92
STU1128,QUIZ6767,Physics,Work and Energy,26,10,16,38.46,46.88
STU1128,QUIZ6768,Chemistry,Acids and Bases,27,20,7,74.07,89.97
STU1129,QUIZ6769,Biology,Plant Physiology,18,15,3,83.33,73.31
STU1129,QUIZ6770,Chemistry,Acids and Bases,29,28,1,96.55,26.88
STU1129,QUIZ6771,Biology,Plant Physiology,15,11,4,73.33,67.28
STU1129,QUIZ6772,Physics,Laws of Motion,28,21,7,75.0,32.84
STU1129,QUIZ6773,Biology,Cell,15,15,0,100.0,43.73
STU1129,QUIZ6774,Chemistry,Organic Chemistry,23,17,6,73.91,80.42
STU1130,QUIZ6775,Physics,Electricity,19,16,3,84.21,27.27
STU1130,QUIZ6776,Biology,Cell,20,12,8,60.0,66.77
STU1130,QUIZ6777,Mathematics,Algebra,27,21,6,77.78,24.39
STU1130,QUIZ6778,Biology,Genetics,29,23,6,79.31,74.78
STU1130,QUIZ6779,Physics,Motion,30,24,6,80.0,30.65
STU1130,QUIZ6780,Biology,Plant Physiology,17,6,11,35.29,20.12
STU1131,QUIZ6781,Biology,Plant Physiology,22,16,6,72.73,41.11
STU1131,QUIZ6782,Biology,Plant Physiology,18,9,9,50.0,87.78
STU1131,QUIZ6783,Chemistry,Acids and Bases,28,12,16,42.86,32.71
STU1131,QUIZ6784,Physics,Laws of Motion,16,12,4,75.0,56.51
STU1131,QUIZ6785,Chemistry,Organic Chemistry,30,7,23,23.33,26.94
STU1131,QUIZ6786,Physics,Electricity,30,15,15,50.0,32.97
STU1132,QUIZ6787,Mathematics,Calculus,16,9,7,56.25,35.24
STU1132,QUIZ6788,Physics,Electricity,28,15,13,53.57,82.15
STU1132,QUIZ6789,Chemistry,Organic Chemistry,17,12,5,70.59,30.71
STU1132,QUIZ6790,Biology,Human Body,22,13,9,59.09,48.81
STU1132,QUIZ6791,Chemistry,Acids and Bases,28,11,17,39.29,33.16
STU1132,QUIZ6792,Mathematics,Calculus,24,10,14,41.67,36.79
STU1133,QUIZ6793,Physics,Work and Energy,29,20,9,68.97,21.76
STU1133,QUIZ6794,Biology,Cell,29,13,16,44.83,46.85
STU1133,QUIZ6795,Physics,Electricity,24,9,15,37.5,78.44
STU1133,QUIZ6796,Biology,Genetics,15,7,8,46.67,85.44
STU1133,QUIZ6797,Physics,Electricity,17,6,11,35.29,22.55
STU1133,QUIZ6798,Chemistry,Acids and Bases,22,8,14,36.36,66.14
STU1134,QUIZ6799,Mathematics,Calculus,26,7,19,26.92,27.53
STU1134,QUIZ6800,Mathematics,Probability,19,11,8,57.89,55.29
STU1134,QUIZ6801,Mathematics,Probability,25,13,12,52.0,85.14
STU1134,QUIZ6802,Mathematics,Probability,18,15,3,83.33,69.36
STU1134,QUIZ6803,Chemistry,Chemical Bonding,20,10,10,50.0,70.75
STU1134,QUIZ6804,Physics,Work and Energy,24,24,0,100.0,77.86
STU1135,QUIZ6805,Mathematics,Trigonometry,27,22,5,81.48,33.75
STU1135,QUIZ6806,Biology,Human Body,26,26,0,100.0,30.99
STU1135,QUIZ6807,Physics,Motion,16,6,10,37.5,43.14
STU1135,QUIZ6808,Physics,Laws of Motion,18,5,13,27.78,58.72
STU1135,QUIZ6809,Mathematics,Algebra,20,16,4,80.0,87.74
STU1135,QUIZ6810,Physics,Laws of Motion,22,10,12,45.45,64.96
STU1136,QUIZ6811,Mathematics,Calculus,19,13,6,68.42,40.87
STU1136,QUIZ6812,Biology,Cell,15,5,10,33.33,87.46
STU1136,QUIZ6813,Chemistry,Atoms,15,13,2,86.67,45.57
STU1136,QUIZ6814,Physics,Electricity,16,14,2,87.5,21.79
STU1136,QUIZ6815,Biology,Cell,22,6,16,27.27,22.31
STU1136,QUIZ6816,Chemistry,Atoms,25,8,17,32.0,61.45
STU1137,QUIZ6817,Physics,Work and Energy,16,16,0,100.0,41.71
STU1137,QUIZ6818,Chemistry,Chemical Bonding,20,5,15,25.0,41.03
STU1137,QUIZ6819,Biology,Cell,19,8,11,42.11,71.97
STU1137,QUIZ6820,Chemistry,Acids and Bases,22,8,14,36.36,73.06
STU1137,QUIZ6821,Biology,Genetics,27,19,8,70.37,37.29
STU1137,QUIZ6822,Chemistry,Organic Chemistry,29,22,7,75.86,32.81
STU1138,QUIZ6823,Biology,Human Body,22,13,9,59.09,85.12
STU1138,QUIZ6824,Chemistry,Acids and Bases,23,5,18,21.74,44.26
STU1138,QUIZ6825,Mathematics,Algebra,24,20,4,83.33,39.81
STU1138,QUIZ6826,Biology,Cell,25,15,10,60.0,51.45
STU1138,QUIZ6827,Physics,Laws of Motion,27,22,5,81.48,22.77
STU1138,QUIZ6828,Mathematics,Trigonometry,23,9,14,39.13,32.32
STU1139,QUIZ6829,Chemistry,Organic Chemistry,15,11,4,73.33,21.82
STU1139,QUIZ6830,Mathematics,Trigonometry,21,11,10,52.38,38.24
STU1139,QUIZ6831,Chemistry,Atoms,16,9,7,56.25,78.53
STU1139,QUIZ6832,Chemistry,Acids and Bases,20,9,11,45.0,72.22
STU1139,QUIZ6833,Physics,Motion,20,19,1,95.0,32.52
STU1139,QUIZ6834,Physics,Laws of Motion,25,8,17,32.0,47.92
STU1140,QUIZ6835,Biology,Genetics,19,17,2,89.47,88.96
STU1140,QUIZ6836,Chemistry,Chemical Bonding,28,28,0,100.0,76.29
STU1140,QUIZ6837,Physics,Electricity,21,8,13,38.1,48.21
STU1140,QUIZ6838,Biology,Plant Physiology,25,20,5,80.0,76.23
STU1140,QUIZ6839,Biology,Plant Physiology,20,20,0,100.0,65.92
STU1140,QUIZ6840,Mathematics,Probability,22,5,17,22.73,84.59
STU1141,QUIZ6841,Physics,Laws of Motion,15,14,1,93.33,33.63
STU1141,QUIZ6842,Mathematics,Calculus,20,7,13,35.0,66.27
STU1141,QUIZ6843,Mathematics,Probability,26,18,8,69.23,89.18
STU1141,QUIZ6844,Biology,Human Body,24,13,11,54.17,71.51
STU1141,QUIZ6845,Biology,Human Body,18,10,8,55.56,44.74
STU1141,QUIZ6846,Chemistry,Organic Chemistry,19,12,7,63.16,87.17
STU1142,QUIZ6847,Mathematics,Trigonometry,30,19,11,63.33,89.35
STU1142,QUIZ6848,Biology,Genetics,15,10,5,66.67,38.2
STU1142,QUIZ6849,Chemistry,Acids and Bases,30,14,16,46.67,64.81
STU1142,QUIZ6850,Mathematics,Trigonometry,15,12,3,80.0,81.89
STU1142,QUIZ6851,Mathematics,Calculus,16,6,10,37.5,79.84
STU1142,QUIZ6852,Chemistry,Organic Chemistry,27,7,20,25.93,52.67
STU1143,QUIZ6853,Biology,Genetics,16,9,7,56.25,74.01
STU1143,QUIZ6854,Chemistry,Chemical Bonding,22,22,0,100.0,83.29
STU1143,QUIZ6855,Biology,Cell,16,15,1,93.75,67.03
STU1143,QUIZ6856,Mathematics,Probability,18,14,4,77.78,36.62
STU1143,QUIZ6857,Physics,Laws of Motion,17,16,1,94.12,26.59
STU1143,QUIZ6858,Biology,Human Body,23,12,11,52.17,70.6
STU1144,QUIZ6859,Mathematics,Calculus,18,16,2,88.89,33.14
STU1144,QUIZ6860,Mathematics,Trigonometry,18,7,11,38.89,52.71
STU1144,QUIZ6861,Biology,Cell,29,17,12,58.62,34.2
STU1144,QUIZ6862,Physics,Electricity,28,21,7,75.0,30.99
STU1144,QUIZ6863,Mathematics,Probability,25,16,9,64.0,26.59
STU1144,QUIZ6864,Physics,Work and Energy,22,18,4,81.82,54.2
STU1145,QUIZ6865,Physics,Electricity,20,10,10,50.0,64.21
STU1145,QUIZ6866,Mathematics,Calculus,24,10,14,41.67,24.34
STU1145,QUIZ6867,Biology,Cell,16,8,8,50.0,59.09
STU1145,QUIZ6868,Biology,Plant Physiology,30,16,14,53.33,25.75
STU1145,QUIZ6869,Mathematics,Algebra,22,17,5,77.27,84.63
STU1145,QUIZ6870,Physics,Work and Energy,27,6,21,22.22,41.06
STU1146,QUIZ6871,Mathematics,Trigonometry,27,22,5,81.48,60.7
STU1146,QUIZ6872,Biology,Genetics,17,11,6,64.71,86.52
STU1146,QUIZ6873,Biology,Cell,16,14,2,87.5,42.8
STU1146,QUIZ6874,Chemistry,Atoms,21,21,0,100.0,56.94
STU1146,QUIZ6875,Mathematics,Probability,17,17,0,100.0,31.89
STU1146,QUIZ6876,Physics,Motion,30,13,17,43.33,81.32
STU1147,QUIZ6877,Chemistry,Chemical Bonding,23,22,1,95.65,65.77
STU1147,QUIZ6878,Biology,Genetics,16,10,6,62.5,49.51
STU1147,QUIZ6879,Mathematics,Algebra,18,18,0,100.0,55.87
STU1147,QUIZ6880,Mathematics,Trigonometry,30,30,0,100.0,30.19
STU1147,QUIZ6881,Mathematics,Probability,16,16,0,100.0,61.31
STU1147,QUIZ6882,Biology,Cell,18,8,10,44.44,48.5
STU1148,QUIZ6883,Mathematics,Probability,24,7,17,29.17,44.26
STU1148,QUIZ6884,Mathematics,Algebra,27,21,6,77.78,41.35
STU1148,QUIZ6885,Chemistry,Chemical Bonding,22,19,3,86.36,56.61
STU1148,QUIZ6886,Mathematics,Trigonometry,28,20,8,71.43,24.03
STU1148,QUIZ6887,Biology,Cell,20,6,14,30.0,25.29
STU1148,QUIZ6888,Physics,Electricity,18,16,2,88.89,71.88
STU1149,QUIZ6889,Physics,Laws of Motion,23,22,1,95.65,46.08
STU1149,QUIZ6890,Biology,Genetics,27,11,16,40.74,57.14
STU1149,QUIZ6891,Mathematics,Calculus,24,16,8,66.67,54.43
STU1149,QUIZ6892,Physics,Laws of Motion,28,5,23,17.86,72.2
STU1149,QUIZ6893,Chemistry,Acids and Bases,16,12,4,75.0,45.9
STU1149,QUIZ6894,Chemistry,Acids and Bases,16,13,3,81.25,42.35
STU1150,QUIZ6895,Mathematics,Calculus,19,12,7,63.16,62.42
STU1150,QUIZ6896,Mathematics,Trigonometry,30,30,0,100.0,65.37
STU1150,QUIZ6897,Biology,Plant Physiology,21,9,12,42.86,82.28
STU1150,QUIZ6898,Physics,Electricity,18,7,11,38.89,45.77
STU1150,QUIZ6899,Biology,Genetics,22,8,14,36.36,76.71
STU1150,QUIZ6900,Physics,Motion,25,9,16,36.0,86.99
STU1151,QUIZ6901,Mathematics,Trigonometry,30,17,13,56.67,72.07
STU1151,QUIZ6902,Physics,Electricity,27,9,18,33.33,35.62
STU1151,QUIZ6903,Chemistry,Chemical Bonding,19,8,11,42.11,22.6
STU1151,QUIZ6904,Physics,Work and Energy,30,14,16,46.67,30.32
STU1151,QUIZ6905,Mathematics,Algebra,20,20,0,100.0,30.5
STU1151,QUIZ6906,Chemistry,Atoms,23,9,14,39.13,30.53
STU1152,QUIZ6907,Physics,Motion,18,6,12,33.33,84.72
STU1152,QUIZ6908,Chemistry,Acids and Bases,23,10,13,43.48,55.67
STU1152,QUIZ6909,Chemistry,Acids and Bases,20,11,9,55.0,66.87
STU1152,QUIZ6910,Mathematics,Probability,20,16,4,80.0,48.89
STU1152,QUIZ6911,Mathematics,Trigonometry,24,5,19,20.83,47.53
STU1152,QUIZ6912,Biology,Human Body,30,23,7,76.67,66.93
STU1153,QUIZ6913,Chemistry,Chemical Bonding,29,9,20,31.03,29.74
STU1153,QUIZ6914,Chemistry,Chemical Bonding,28,11,17,39.29,63.25
STU1153,QUIZ6915,Physics,Motion,27,16,11,59.26,76.48
STU1153,QUIZ6916,Mathematics,Algebra,19,10,9,52.63,40.48
STU1153,QUIZ6917,Chemistry,Acids and Bases,22,9,13,40.91,58.47
STU1153,QUIZ6918,Biology,Genetics,17,10,7,58.82,63.76
STU1154,QUIZ6919,Physics,Work and Energy,21,18,3,85.71,35.61
STU1154,QUIZ6920,Physics,Motion,23,13,10,56.52,27.79
STU1154,QUIZ6921,Chemistry,Organic Chemistry,21,18,3,85.71,29.29
STU1154,QUIZ6922,Mathematics,Probability,27,26,1,96.3,70.76
STU1154,QUIZ6923,Mathematics,Calculus,26,9,17,34.62,64.39
STU1154,QUIZ6924,Chemistry,Acids and Bases,29,10,19,34.48,29.89
STU1155,QUIZ6925,Chemistry,Atoms,18,18,0,100.0,43.53
STU1155,QUIZ6926,Biology,Genetics,18,7,11,38.89,64.82
STU1155,QUIZ6927,Physics,Work and Energy,28,20,8,71.43,88.3
STU1155,QUIZ6928,Biology,Genetics,25,20,5,80.0,47.15
STU1155,QUIZ6929,Chemistry,Atoms,30,20,10,66.67,55.07
STU1155,QUIZ6930,Mathematics,Calculus,28,21,7,75.0,65.24
STU1156,QUIZ6931,Mathematics,Calculus,27,14,13,51.85,82.41
STU1156,QUIZ6932,Chemistry,Chemical Bonding,29,7,22,24.14,47.84
STU1156,QUIZ6933,Biology,Cell,27,17,10,62.96,59.4
STU1156,QUIZ6934,Physics,Work and Energy,19,6,13,31.58,75.55
STU1156,QUIZ6935,Chemistry,Organic Chemistry,29,26,3,89.66,85.35
STU1156,QUIZ6936,Biology,Cell,28,17,11,60.71,55.12
STU1157,QUIZ6937,Biology,Genetics,27,26,1,96.3,70.69
STU1157,QUIZ6938,Chemistry,Atoms,29,8,21,27.59,34.26
STU1157,QUIZ6939,Biology,Cell,24,12,12,50.0,67.7
STU1157,QUIZ6940,Biology,Human Body,16,15,1,93.75,78.46
STU1157,QUIZ6941,Physics,Electricity,27,20,7,74.07,77.83
STU1157,QUIZ6942,Chemistry,Organic Chemistry,23,20,3,86.96,32.18
STU1158,QUIZ6943,Physics,Motion,24,14,10,58.33,58.82
STU1158,QUIZ6944,Biology,Genetics,23,7,16,30.43,60.64
STU1158,QUIZ6945,Chemistry,Organic Chemistry,30,8,22,26.67,69.82
STU1158,QUIZ6946,Physics,Laws of Motion,18,6,12,33.33,60.8
STU1158,QUIZ6947,Mathematics,Calculus,18,14,4,77.78,47.58
STU1158,QUIZ6948,Mathematics,Probability,19,17,2,89.47,80.48
STU1159,QUIZ6949,Mathematics,Calculus,23,22,1,95.65,84.09
STU1159,QUIZ6950,Biology,Genetics,17,17,0,100.0,71.08
STU1159,QUIZ6951,Chemistry,Acids and Bases,21,12,9,57.14,35.49
STU1159,QUIZ6952,Physics,Work and Energy,23,23,0,100.0,39.4
STU1159,QUIZ6953,Chemistry,Organic Chemistry,19,14,5,73.68,25.89
STU1159,QUIZ6954,Chemistry,Organic Chemistry,30,9,21,30.0,86.47
STU1160,QUIZ6955,Mathematics,Trigonometry,25,11,14,44.0,53.68
STU1160,QUIZ6956,Chemistry,Atoms,16,6,10,37.5,61.4
STU1160,QUIZ6957,Physics,Laws of Motion,23,15,8,65.22,39.13
STU1160,QUIZ6958,Biology,Plant Physiology,19,7,12,36.84,46.84
STU1160,QUIZ6959,Physics,Laws of Motion,16,14,2,87.5,70.97
STU1160,QUIZ6960,Physics,Laws of Motion,18,7,11,38.89,63.91
STU1161,QUIZ6961,Mathematics,Probability,22,19,3,86.36,24.03
STU1161,QUIZ6962,Biology,Cell,29,13,16,44.83,79.56
STU1161,QUIZ6963,Biology,Cell,24,12,12,50.0,67.37
STU1161,QUIZ6964,Chemistry,Acids and Bases,26,6,20,23.08,76.35
STU1161,QUIZ6965,Chemistry,Chemical Bonding,17,6,11,35.29,79.82
STU1161,QUIZ6966,Biology,Plant Physiology,27,12,15,44.44,42.48
STU1162,QUIZ6967,Mathematics,Calculus,22,10,12,45.45,38.53
STU1162,QUIZ6968,Biology,Cell,22,7,15,31.82,78.53
STU1162,QUIZ6969,Mathematics,Calculus,24,16,8,66.67,50.3
STU1162,QUIZ6970,Mathematics,Calculus,16,13,3,81.25,79.93
STU1162,QUIZ6971,Chemistry,Acids and Bases,26,12,14,46.15,39.59
STU1162,QUIZ6972,Chemistry,Acids and Bases,26,9,17,34.62,41.48
STU1163,QUIZ6973,Mathematics,Algebra,24,16,8,66.67,84.47
STU1163,QUIZ6974,Physics,Electricity,18,18,0,100.0,32.11
STU1163,QUIZ6975,Mathematics,Calculus,26,21,5,80.77,67.11
STU1163,QUIZ6976,Biology,Cell,19,7,12,36.84,21.44
STU1163,QUIZ6977,Physics,Laws of Motion,16,6,10,37.5,63.98
STU1163,QUIZ6978,Physics,Work and Energy,24,19,5,79.17,72.99
STU1164,QUIZ6979,Physics,Motion,28,8,20,28.57,41.53
STU1164,QUIZ6980,Biology,Genetics,30,24,6,80.0,46.12
STU1164,QUIZ6981,Chemistry,Organic Chemistry,17,5,12,29.41,28.21
STU1164,QUIZ6982,Mathematics,Probability,19,10,9,52.63,60.53
STU1164,QUIZ6983,Physics,Motion,26,19,7,73.08,48.34
STU1164,QUIZ6984,Mathematics,Algebra,27,23,4,85.19,74.48
STU1165,QUIZ6985,Biology,Cell,26,11,15,42.31,36.09
STU1165,QUIZ6986,Biology,Human Body,20,8,12,40.0,87.42
STU1165,QUIZ6987,Mathematics,Trigonometry,23,15,8,65.22,56.57
STU1165,QUIZ6988,Mathematics,Probability,22,21,1,95.45,79.9
STU1165,QUIZ6989,Physics,Motion,20,12,8,60.0,32.45
STU1165,QUIZ6990,Mathematics,Trigonometry,29,23,6,79.31,45.36
STU1166,QUIZ6991,Mathematics,Calculus,26,21,5,80.77,81.78
STU1166,QUIZ6992,Physics,Laws of Motion,15,11,4,73.33,36.48
STU1166,QUIZ6993,Biology,Genetics,23,8,15,34.78,88.96
STU1166,QUIZ6994,Biology,Plant Physiology,30,24,6,80.0,69.2
STU1166,QUIZ6995,Mathematics,Trigonometry,28,9,19,32.14,79.85
STU1166,QUIZ6996,Physics,Motion,25,8,17,32.0,37.89
STU1167,QUIZ6997,Chemistry,Acids and Bases,23,5,18,21.74,34.42
STU1167,QUIZ6998,Chemistry,Acids and Bases,17,7,10,41.18,76.36
STU1167,QUIZ6999,Mathematics,Algebra,20,10,10,50.0,34.32
STU1167,QUIZ7000,Chemistry,Atoms,15,9,6,60.0,89.81
STU1167,QUIZ7001,Physics,Laws of Motion,18,18,0,100.0,60.54
STU1167,QUIZ7002,Biology,Cell,25,15,10,60.0,63.55
STU1168,QUIZ7003,Biology,Human Body,24,9,15,37.5,55.54
STU1168,QUIZ7004,Mathematics,Trigonometry,26,5,21,19.23,23.25
STU1168,QUIZ7005,Chemistry,Atoms,23,19,4,82.61,64.96
STU1168,QUIZ7006,Mathematics,Algebra,27,13,14,48.15,81.69
STU1168,QUIZ7007,Mathematics,Calculus,28,17,11,60.71,49.19
STU1168,QUIZ7008,Physics,Work and Energy,28,27,1,96.43,46.01
STU1169,QUIZ7009,Mathematics,Trigonometry,20,5,15,25.0,46.31
STU1169,QUIZ7010,Mathematics,Algebra,23,14,9,60.87,86.1
STU1169,QUIZ7011,Mathematics,Algebra,27,11,16,40.74,89.68
STU1169,QUIZ7012,Chemistry,Acids and Bases,16,14,2,87.5,70.4
STU1169,QUIZ7013,Physics,Electricity,15,14,1,93.33,76.74
STU1169,QUIZ7014,Physics,Motion,21,11,10,52.38,80.1
STU1170,QUIZ7015,Physics,Work and Energy,30,26,4,86.67,87.16
STU1170,QUIZ7016,Biology,Plant Physiology,25,9,16,36.0,54.8
STU1170,QUIZ7017,Mathematics,Calculus,21,17,4,80.95,22.6
STU1170,QUIZ7018,Chemistry,Acids and Bases,24,11,13,45.83,52.58
STU1170,QUIZ7019,Physics,Motion,24,9,15,37.5,36.37
STU1170,QUIZ7020,Physics,Motion,15,8,7,53.33,74.65
STU1171,QUIZ7021,Physics,Work and Energy,25,19,6,76.0,30.43
STU1171,QUIZ7022,Mathematics,Calculus,18,6,12,33.33,64.03
STU1171,QUIZ7023,Chemistry,Acids and Bases,18,5,13,27.78,77.76
STU1171,QUIZ7024,Chemistry,Atoms,18,6,12,33.33,88.48
STU1171,QUIZ7025,Physics,Motion,29,17,12,58.62,74.86
STU1171,QUIZ7026,Physics,Electricity,24,22,2,91.67,84.05
STU1172,QUIZ7027,Physics,Laws of Motion,15,7,8,46.67,85.54
STU1172,QUIZ7028,Mathematics,Calculus,15,13,2,86.67,26.81
STU1172,QUIZ7029,Chemistry,Organic Chemistry,29,16,13,55.17,31.68
STU1172,QUIZ7030,Mathematics,Trigonometry,25,9,16,36.0,21.7
STU1172,QUIZ7031,Biology,Human Body,18,10,8,55.56,47.93
STU1172,QUIZ7032,Physics,Laws of Motion,25,15,10,60.0,82.02
STU1173,QUIZ7033,Mathematics,Algebra,20,18,2,90.0,27.96
STU1173,QUIZ7034,Mathematics,Algebra,17,10,7,58.82,42.66
STU1173,QUIZ7035,Physics,Electricity,15,12,3,80.0,66.54
STU1173,QUIZ7036,Biology,Genetics,23,12,11,52.17,37.33
STU1173,QUIZ7037,Chemistry,Atoms,26,21,5,80.77,34.92
STU1173,QUIZ7038,Chemistry,Atoms,19,7,12,36.84,63.67
STU1174,QUIZ7039,Chemistry,Atoms,15,14,1,93.33,20.61
STU1174,QUIZ7040,Biology,Plant Physiology,22,15,7,68.18,72.91
STU1174,QUIZ7041,Biology,Human Body,18,16,2,88.89,84.14
STU1174,QUIZ7042,Mathematics,Algebra,25,13,12,52.0,60.64
STU1174,QUIZ7043,Chemistry,Acids and Bases,25,16,9,64.0,73.4
STU1174,QUIZ7044,Chemistry,Chemical Bonding,23,16,7,69.57,36.23
STU1175,QUIZ7045,Biology,Genetics,15,5,10,33.33,61.1
STU1175,QUIZ7046,Physics,Work and Energy,24,6,18,25.0,83.61
STU1175,QUIZ7047,Chemistry,Organic Chemistry,25,13,12,52.0,73.64
STU1175,QUIZ7048,Biology,Human Body,28,27,1,96.43,59.21
STU1175,QUIZ7049,Chemistry,Chemical Bonding,21,21,0,100.0,74.82
STU1175,QUIZ7050,Mathematics,Algebra,19,11,8,57.89,63.79
STU1176,QUIZ7051,Physics,Electricity,25,17,8,68.0,64.41
STU1176,QUIZ7052,Physics,Laws of Motion,23,16,7,69.57,54.84
STU1176,QUIZ7053,Chemistry,Organic Chemistry,16,7,9,43.75,65.36
STU1176,QUIZ7054,Biology,Human Body,19,11,8,57.89,21.18
STU1176,QUIZ7055,Physics,Electricity,16,13,3,81.25,67.7
STU1176,QUIZ7056,Biology,Human Body,22,19,3,86.36,85.95
STU1177,QUIZ7057,Mathematics,Trigonometry,19,6,13,31.58,85.96
STU1177,QUIZ7058,Chemistry,Atoms,21,10,11,47.62,54.75
STU1177,QUIZ7059,Chemistry,Acids and Bases,29,20,9,68.97,51.05
STU1177,QUIZ7060,Mathematics,Trigonometry,15,10,5,66.67,77.51
STU1177,QUIZ7061,Biology,Plant Physiology,19,19,0,100.0,49.29
STU1177,QUIZ7062,Biology,Plant Physiology,23,13,10,56.52,70.47
STU1178,QUIZ7063,Physics,Electricity,26,13,13,50.0,45.96
STU1178,QUIZ7064,Mathematics,Probability,24,11,13,45.83,41.95
STU1178,QUIZ7065,Mathematics,Trigonometry,15,12,3,80.0,25.3
STU1178,QUIZ7066,Biology,Genetics,20,16,4,80.0,42.88
STU1178,QUIZ7067,Mathematics,Calculus,16,10,6,62.5,61.8
STU1178,QUIZ7068,Physics,Electricity,27,19,8,70.37,61.8
STU1179,QUIZ7069,Chemistry,Organic Chemistry,28,14,14,50.0,56.94
STU1179,QUIZ7070,Physics,Laws of Motion,26,9,17,34.62,23.38
STU1179,QUIZ7071,Physics,Electricity,28,20,8,71.43,57.11
STU1179,QUIZ7072,Chemistry,Chemical Bonding,25,18,7,72.0,62.48
STU1179,QUIZ7073,Physics,Laws of Motion,25,6,19,24.0,22.71
STU1179,QUIZ7074,Chemistry,Acids and Bases,17,6,11,35.29,40.75
STU1180,QUIZ7075,Chemistry,Atoms,24,16,8,66.67,37.66
STU1180,QUIZ7076,Mathematics,Trigonometry,22,9,13,40.91,49.5
STU1180,QUIZ7077,Biology,Human Body,25,9,16,36.0,49.31
STU1180,QUIZ7078,Biology,Genetics,30,17,13,56.67,59.99
STU1180,QUIZ7079,Chemistry,Acids and Bases,30,26,4,86.67,76.73
STU1180,QUIZ7080,Biology,Human Body,28,22,6,78.57,89.15
STU1181,QUIZ7081,Mathematics,Algebra,22,8,14,36.36,64.0
STU1181,QUIZ7082,Biology,Plant Physiology,29,9,20,31.03,36.17
STU1181,QUIZ7083,Chemistry,Acids and Bases,29,20,9,68.97,37.97
STU1181,QUIZ7084,Physics,Work and Energy,21,16,5,76.19,82.96
STU1181,QUIZ7085,Mathematics,Algebra,23,15,8,65.22,45.53
STU1181,QUIZ7086,Chemistry,Chemical Bonding,23,5,18,21.74,73.76
STU1182,QUIZ7087,Mathematics,Probability,23,23,0,100.0,89.65
STU1182,QUIZ7088,Chemistry,Atoms,18,6,12,33.33,59.18
STU1182,QUIZ7089,Physics,Electricity,24,18,6,75.0,82.6
STU1182,QUIZ7090,Biology,Human Body,18,8,10,44.44,82.97
STU1182,QUIZ7091,Biology,Genetics,23,13,10,56.52,45.83
STU1182,QUIZ7092,Mathematics,Calculus,24,7,17,29.17,44.13
STU1183,QUIZ7093,Mathematics,Trigonometry,29,22,7,75.86,30.34
STU1183,QUIZ7094,Physics,Motion,23,21,2,91.3,66.81
STU1183,QUIZ7095,Physics,Laws of Motion,26,8,18,30.77,54.59
STU1183,QUIZ7096,Physics,Work and Energy,15,13,2,86.67,48.74
STU1183,QUIZ7097,Mathematics,Calculus,22,18,4,81.82,89.8
STU1183,QUIZ7098,Chemistry,Atoms,21,7,14,33.33,82.44
STU1184,QUIZ7099,Biology,Human Body,27,12,15,44.44,21.05
STU1184,QUIZ7100,Chemistry,Chemical Bonding,22,12,10,54.55,25.8
STU1184,QUIZ7101,Mathematics,Calculus,23,21,2,91.3,68.16
STU1184,QUIZ7102,Biology,Genetics,28,25,3,89.29,58.84
STU1184,QUIZ7103,Physics,Laws of Motion,15,10,5,66.67,74.12
STU1184,QUIZ7104,Biology,Genetics,17,10,7,58.82,80.88
STU1185,QUIZ7105,Biology,Cell,28,7,21,25.0,34.29
STU1185,QUIZ7106,Chemistry,Atoms,20,6,14,30.0,33.06
STU1185,QUIZ7107,Biology,Cell,24,22,2,91.67,72.7
STU1185,QUIZ7108,Chemistry,Acids and Bases,21,11,10,52.38,26.09
STU1185,QUIZ7109,Chemistry,Chemical Bonding,22,10,12,45.45,73.81
STU1185,QUIZ7110,Mathematics,Probability,16,13,3,81.25,89.05
STU1186,QUIZ7111,Mathematics,Trigonometry,28,18,10,64.29,32.82
STU1186,QUIZ7112,Physics,Laws of Motion,25,14,11,56.0,56.11
STU1186,QUIZ7113,Chemistry,Organic Chemistry,17,17,0,100.0,25.65
STU1186,QUIZ7114,Biology,Plant Physiology,25,5,20,20.0,52.31
STU1186,QUIZ7115,Biology,Human Body,30,19,11,63.33,51.8
STU1186,QUIZ7116,Physics,Laws of Motion,20,10,10,50.0,69.04
STU1187,QUIZ7117,Mathematics,Probability,27,24,3,88.89,25.17
STU1187,QUIZ7118,Physics,Motion,19,18,1,94.74,58.07
STU1187,QUIZ7119,Chemistry,Organic Chemistry,18,17,1,94.44,57.78
STU1187,QUIZ7120,Mathematics,Probability,28,23,5,82.14,28.9
STU1187,QUIZ7121,Mathematics,Algebra,25,16,9,64.0,34.52
STU1187,QUIZ7122,Mathematics,Trigonometry,26,25,1,96.15,70.05
STU1188,QUIZ7123,Physics,Electricity,23,11,12,47.83,23.78
STU1188,QUIZ7124,Chemistry,Acids and Bases,19,6,13,31.58,67.22
STU1188,QUIZ7125,Mathematics,Algebra,18,10,8,55.56,33.59
STU1188,QUIZ7126,Physics,Laws of Motion,24,17,7,70.83,20.94
STU1188,QUIZ7127,Biology,Cell,16,14,2,87.5,32.03
STU1188,QUIZ7128,Mathematics,Trigonometry,29,25,4,86.21,83.83
STU1189,QUIZ7129,Physics,Work and Energy,17,13,4,76.47,62.75
STU1189,QUIZ7130,Mathematics,Trigonometry,23,8,15,34.78,40.86
STU1189,QUIZ7131,Chemistry,Acids and Bases,29,24,5,82.76,29.13
STU1189,QUIZ7132,Mathematics,Algebra,22,18,4,81.82,53.67
STU1189,QUIZ7133,Chemistry,Atoms,27,26,1,96.3,89.37
STU1189,QUIZ7134,Physics,Laws of Motion,29,25,4,86.21,43.25
STU1190,QUIZ7135,Physics,Motion,21,11,10,52.38,63.84
STU1190,QUIZ7136,Chemistry,Acids and Bases,28,10,18,35.71,60.85
STU1190,QUIZ7137,Mathematics,Trigonometry,19,13,6,68.42,67.67
STU1190,QUIZ7138,Physics,Laws of Motion,21,17,4,80.95,21.57
STU1190,QUIZ7139,Physics,Laws of Motion,17,14,3,82.35,64.11
STU1190,QUIZ7140,Chemistry,Atoms,30,6,24,20.0,46.83
STU1191,QUIZ7141,Physics,Laws of Motion,30,28,2,93.33,24.81
STU1191,QUIZ7142,Biology,Cell,17,7,10,41.18,68.3
STU1191,QUIZ7143,Physics,Laws of Motion,24,23,1,95.83,75.67
STU1191,QUIZ7144,Biology,Human Body,24,13,11,54.17,75.31
STU1191,QUIZ7145,Physics,Electricity,21,8,13,38.1,35.7
STU1191,QUIZ7146,Physics,Motion,30,30,0,100.0,22.13
STU1192,QUIZ7147,Biology,Human Body,15,9,6,60.0,50.96
STU1192,QUIZ7148,Chemistry,Atoms,30,26,4,86.67,60.62
STU1192,QUIZ7149,Mathematics,Trigonometry,28,21,7,75.0,64.77
STU1192,QUIZ7150,Physics,Work and Energy,18,12,6,66.67,66.65
STU1192,QUIZ7151,Chemistry,Atoms,18,16,2,88.89,59.29
STU1192,QUIZ7152,Biology,Human Body,30,29,1,96.67,85.54
STU1193,QUIZ7153,Physics,Motion,22,19,3,86.36,85.49
STU1193,QUIZ7154,Chemistry,Chemical Bonding,25,6,19,24.0,21.98
STU1193,QUIZ7155,Physics,Motion,30,9,21,30.0,79.98
STU1193,QUIZ7156,Chemistry,Organic Chemistry,15,11,4,73.33,31.35
STU1193,QUIZ7157,Biology,Cell,18,17,1,94.44,22.0
STU1193,QUIZ7158,Chemistry,Organic Chemistry,28,7,21,25.0,69.11
STU1194,QUIZ7159,Physics,Motion,27,7,20,25.93,23.09
STU1194,QUIZ7160,Biology,Plant Physiology,24,22,2,91.67,67.48
STU1194,QUIZ7161,Biology,Cell,25,25,0,100.0,32.57
STU1194,QUIZ7162,Chemistry,Organic Chemistry,20,17,3,85.0,39.17
STU1194,QUIZ7163,Physics,Electricity,23,16,7,69.57,71.68
STU1194,QUIZ7164,Biology,Plant Physiology,26,21,5,80.77,39.04
STU1195,QUIZ7165,Biology,Cell,23,13,10,56.52,52.83
STU1195,QUIZ7166,Physics,Laws of Motion,20,20,0,100.0,63.21
STU1195,QUIZ7167,Biology,Plant Physiology,18,18,0,100.0,49.26
STU1195,QUIZ7168,Mathematics,Algebra,15,11,4,73.33,48.26
STU1195,QUIZ7169,Mathematics,Algebra,20,6,14,30.0,20.72
STU1195,QUIZ7170,Chemistry,Chemical Bonding,24,17,7,70.83,24.28
STU1196,QUIZ7171,Mathematics,Algebra,21,21,0,100.0,58.47
STU1196,QUIZ7172,Chemistry,Organic Chemistry,24,11,13,45.83,58.33
STU1196,QUIZ7173,Mathematics,Algebra,16,6,10,37.5,40.61
STU1196,QUIZ7174,Physics,Motion,25,7,18,28.0,86.64
STU1196,QUIZ7175,Biology,Plant Physiology,24,23,1,95.83,49.09
STU1196,QUIZ7176,Mathematics,Calculus,28,20,8,71.43,60.57
STU1197,QUIZ7177,Physics,Electricity,29,18,11,62.07,24.95
STU1197,QUIZ7178,Chemistry,Organic Chemistry,27,19,8,70.37,69.17
STU1197,QUIZ7179,Chemistry,Atoms,21,18,3,85.71,79.7
STU1197,QUIZ7180,Mathematics,Trigonometry,21,5,16,23.81,67.27
STU1197,QUIZ7181,Chemistry,Acids and Bases,15,11,4,73.33,21.97
STU1197,QUIZ7182,Mathematics,Trigonometry,18,6,12,33.33,69.1
STU1198,QUIZ7183,Chemistry,Acids and Bases,19,13,6,68.42,52.31
STU1198,QUIZ7184,Physics,Motion,30,21,9,70.0,41.84
STU1198,QUIZ7185,Biology,Genetics,16,15,1,93.75,21.44
STU1198,QUIZ7186,Chemistry,Chemical Bonding,28,8,20,28.57,46.74
STU1198,QUIZ7187,Biology,Human Body,27,7,20,25.93,68.87
STU1198,QUIZ7188,Mathematics,Calculus,22,11,11,50.0,65.89
STU1199,QUIZ7189,Mathematics,Trigonometry,24,18,6,75.0,65.84
STU1199,QUIZ7190,Chemistry,Chemical Bonding,27,18,9,66.67,58.17
STU1199,QUIZ7191,Mathematics,Probability,27,27,0,100.0,87.65
STU1199,QUIZ7192,Physics,Motion,16,9,7,56.25,22.81
STU1199,QUIZ7193,Biology,Human Body,18,10,8,55.56,54.78
STU1199,QUIZ7194,Chemistry,Atoms,17,8,9,47.06,47.47
STU1200,QUIZ7195,Biology,Cell,27,14,13,51.85,88.66
STU1200,QUIZ7196,Mathematics,Trigonometry,19,7,12,36.84,25.0
STU1200,QUIZ7197,Physics,Laws of Motion,23,16,7,69.57,33.56
STU1200,QUIZ7198,Chemistry,Chemical Bonding,22,11,11,50.0,75.44
STU1200,QUIZ7199,Biology,Plant Physiology,23,10,13,43.48,39.95
STU1200,QUIZ7200,Physics,Electricity,27,7,20,25.93,87.88
STU1201,QUIZ7201,Mathematics,Calculus,26,26,0,100.0,76.3
STU1201,QUIZ7202,Biology,Human Body,21,21,0,100.0,39.17
STU1201,QUIZ7203,Chemistry,Chemical Bonding,30,16,14,53.33,67.38
STU1201,QUIZ7204,Chemistry,Chemical Bonding,21,8,13,38.1,29.72
STU1201,QUIZ7205,Biology,Genetics,17,14,3,82.35,75.35
STU1201,QUIZ7206,Physics,Motion,23,16,7,69.57,69.28
STU1202,QUIZ7207,Mathematics,Algebra,30,27,3,90.0,69.61
STU1202,QUIZ7208,Biology,Human Body,28,16,12,57.14,60.55
STU1202,QUIZ7209,Mathematics,Algebra,29,28,1,96.55,56.83
STU1202,QUIZ7210,Physics,Work and Energy,19,15,4,78.95,61.4
STU1202,QUIZ7211,Physics,Work and Energy,30,10,20,33.33,33.64
STU1202,QUIZ7212,Mathematics,Algebra,28,27,1,96.43,31.26
STU1203,QUIZ7213,Physics,Motion,30,18,12,60.0,22.24
STU1203,QUIZ7214,Biology,Cell,17,14,3,82.35,87.47
STU1203,QUIZ7215,Chemistry,Organic Chemistry,22,17,5,77.27,25.58
STU1203,QUIZ7216,Mathematics,Probability,17,11,6,64.71,39.48
STU1203,QUIZ7217,Chemistry,Organic Chemistry,22,14,8,63.64,47.25
STU1203,QUIZ7218,Chemistry,Acids and Bases,20,7,13,35.0,30.86
STU1204,QUIZ7219,Chemistry,Organic Chemistry,28,11,17,39.29,70.18
STU1204,QUIZ7220,Biology,Cell,17,9,8,52.94,37.58
STU1204,QUIZ7221,Biology,Human Body,24,21,3,87.5,82.57
STU1204,QUIZ7222,Chemistry,Acids and Bases,22,19,3,86.36,22.31
STU1204,QUIZ7223,Mathematics,Algebra,15,11,4,73.33,34.59
STU1204,QUIZ7224,Mathematics,Algebra,23,6,17,26.09,43.02
STU1205,QUIZ7225,Biology,Cell,25,6,19,24.0,60.35
STU1205,QUIZ7226,Physics,Motion,26,13,13,50.0,88.96
STU1205,QUIZ7227,Mathematics,Calculus,16,12,4,75.0,34.07
STU1205,QUIZ7228,Physics,Motion,23,11,12,47.83,35.46
STU1205,QUIZ7229,Chemistry,Atoms,15,10,5,66.67,32.54
STU1205,QUIZ7230,Mathematics,Calculus,18,14,4,77.78,41.02
STU1206,QUIZ7231,Physics,Motion,29,29,0,100.0,80.23
STU1206,QUIZ7232,Physics,Work and Energy,28,18,10,64.29,27.83
STU1206,QUIZ7233,Physics,Laws of Motion,19,6,13,31.58,38.12
STU1206,QUIZ7234,Chemistry,Chemical Bonding,19,15,4,78.95,24.56
STU1206,QUIZ7235,Chemistry,Acids and Bases,28,14,14,50.0,62.77
STU1206,QUIZ7236,Chemistry,Organic Chemistry,24,14,10,58.33,25.79
STU1207,QUIZ7237,Chemistry,Organic Chemistry,22,12,10,54.55,49.55
STU1207,QUIZ7238,Chemistry,Chemical Bonding,20,17,3,85.0,46.03
STU1207,QUIZ7239,Mathematics,Probability,24,19,5,79.17,28.82
STU1207,QUIZ7240,Physics,Electricity,16,13,3,81.25,88.88
STU1207,QUIZ7241,Biology,Genetics,18,13,5,72.22,66.67
STU1207,QUIZ7242,Mathematics,Algebra,28,21,7,75.0,79.82
STU1208,QUIZ7243,Biology,Human Body,24,16,8,66.67,50.91
STU1208,QUIZ7244,Biology,Genetics,27,25,2,92.59,62.52
STU1208,QUIZ7245,Mathematics,Calculus,17,11,6,64.71,29.81
STU1208,QUIZ7246,Chemistry,Atoms,25,5,20,20.0,65.83
STU1208,QUIZ7247,Chemistry,Chemical Bonding,19,12,7,63.16,42.83
STU1208,QUIZ7248,Physics,Work and Energy,26,7,19,26.92,36.51
STU1209,QUIZ7249,Biology,Plant Physiology,23,19,4,82.61,34.52
STU1209,QUIZ7250,Chemistry,Atoms,26,25,1,96.15,35.39
STU1209,QUIZ7251,Biology,Genetics,15,12,3,80.0,29.08
STU1209,QUIZ7252,Chemistry,Acids and Bases,23,18,5,78.26,48.35
STU1209,QUIZ7253,Chemistry,Acids and Bases,29,28,1,96.55,55.69
STU1209,QUIZ7254,Mathematics,Trigonometry,23,21,2,91.3,22.14
STU1210,QUIZ7255,Physics,Work and Energy,15,13,2,86.67,58.58
STU1210,QUIZ7256,Mathematics,Algebra,21,7,14,33.33,54.37
STU1210,QUIZ7257,Chemistry,Atoms,25,15,10,60.0,74.41
STU1210,QUIZ7258,Chemistry,Acids and Bases,25,16,9,64.0,61.22
STU1210,QUIZ7259,Chemistry,Atoms,28,24,4,85.71,69.53
STU1210,QUIZ7260,Chemistry,Chemical Bonding,21,6,15,28.57,46.03
STU1211,QUIZ7261,Mathematics,Calculus,26,17,9,65.38,67.46
STU1211,QUIZ7262,Biology,Human Body,25,13,12,52.0,35.18
STU1211,QUIZ7263,Physics,Work and Energy,29,18,11,62.07,67.11
STU1211,QUIZ7264,Physics,Work and Energy,21,5,16,23.81,56.52
STU1211,QUIZ7265,Biology,Cell,20,12,8,60.0,58.96
STU1211,QUIZ7266,Mathematics,Algebra,28,21,7,75.0,51.62
STU1212,QUIZ7267,Physics,Motion,24,19,5,79.17,49.65
STU1212,QUIZ7268,Physics,Work and Energy,20,6,14,30.0,82.76
STU1212,QUIZ7269,Mathematics,Calculus,28,22,6,78.57,87.68
STU1212,QUIZ7270,Physics,Motion,19,7,12,36.84,67.52
STU1212,QUIZ7271,Physics,Electricity,28,5,23,17.86,37.88
STU1212,QUIZ7272,Physics,Laws of Motion,27,8,19,29.63,43.14
STU1213,QUIZ7273,Mathematics,Trigonometry,15,10,5,66.67,83.64
STU1213,QUIZ7274,Physics,Laws of Motion,26,26,0,100.0,35.58
STU1213,QUIZ7275,Mathematics,Algebra,27,5,22,18.52,25.9
STU1213,QUIZ7276,Chemistry,Organic Chemistry,22,11,11,50.0,34.04
STU1213,QUIZ7277,Chemistry,Acids and Bases,28,19,9,67.86,56.17
STU1213,QUIZ7278,Mathematics,Trigonometry,29,20,9,68.97,44.3
STU1214,QUIZ7279,Biology,Human Body,28,24,4,85.71,44.33
STU1214,QUIZ7280,Physics,Motion,28,17,11,60.71,23.71
STU1214,QUIZ7281,Chemistry,Organic Chemistry,28,14,14,50.0,31.12
STU1214,QUIZ7282,Mathematics,Algebra,24,18,6,75.0,41.25
STU1214,QUIZ7283,Biology,Human Body,27,24,3,88.89,51.46
STU1214,QUIZ7284,Biology,Human Body,21,10,11,47.62,43.71
STU1215,QUIZ7285,Physics,Motion,21,14,7,66.67,67.53
STU1215,QUIZ7286,Biology,Human Body,26,16,10,61.54,78.05
STU1215,QUIZ7287,Chemistry,Chemical Bonding,24,23,1,95.83,39.77
STU1215,QUIZ7288,Chemistry,Acids and Bases,27,16,11,59.26,61.36
STU1215,QUIZ7289,Mathematics,Calculus,22,9,13,40.91,25.18
STU1215,QUIZ7290,Biology,Human Body,23,6,17,26.09,44.96
STU1216,QUIZ7291,Mathematics,Algebra,16,14,2,87.5,80.47
STU1216,QUIZ7292,Physics,Motion,16,16,0,100.0,67.77
STU1216,QUIZ7293,Biology,Genetics,19,17,2,89.47,76.43
STU1216,QUIZ7294,Mathematics,Calculus,28,14,14,50.0,85.73
STU1216,QUIZ7295,Mathematics,Probability,18,15,3,83.33,87.94
STU1216,QUIZ7296,Physics,Laws of Motion,26,14,12,53.85,77.24
STU1217,QUIZ7297,Biology,Plant Physiology,23,23,0,100.0,30.33
STU1217,QUIZ7298,Physics,Electricity,28,7,21,25.0,44.64
STU1217,QUIZ7299,Physics,Laws of Motion,29,11,18,37.93,39.58
STU1217,QUIZ7300,Mathematics,Algebra,18,11,7,61.11,27.03
STU1217,QUIZ7301,Mathematics,Calculus,28,6,22,21.43,75.68
STU1217,QUIZ7302,Mathematics,Calculus,28,5,23,17.86,36.77
STU1218,QUIZ7303,Physics,Work and Energy,20,17,3,85.0,53.34
STU1218,QUIZ7304,Physics,Laws of Motion,18,15,3,83.33,68.65
STU1218,QUIZ7305,Biology,Plant Physiology,17,6,11,35.29,59.3
STU1218,QUIZ7306,Biology,Genetics,28,19,9,67.86,48.92
STU1218,QUIZ7307,Mathematics,Calculus,27,15,12,55.56,67.23
STU1218,QUIZ7308,Mathematics,Algebra,18,12,6,66.67,68.68
STU1219,QUIZ7309,Mathematics,Calculus,27,9,18,33.33,74.7
STU1219,QUIZ7310,Physics,Laws of Motion,22,9,13,40.91,24.76
STU1219,QUIZ7311,Biology,Human Body,18,8,10,44.44,73.93
STU1219,QUIZ7312,Mathematics,Calculus,18,10,8,55.56,35.76
STU1219,QUIZ7313,Mathematics,Algebra,15,6,9,40.0,27.63
STU1219,QUIZ7314,Biology,Human Body,19,7,12,36.84,30.37
STU1220,QUIZ7315,Mathematics,Probability,24,7,17,29.17,88.48
STU1220,QUIZ7316,Mathematics,Probability,15,6,9,40.0,35.62
STU1220,QUIZ7317,Chemistry,Chemical Bonding,24,17,7,70.83,60.18
STU1220,QUIZ7318,Chemistry,Atoms,20,6,14,30.0,56.58
STU1220,QUIZ7319,Physics,Electricity,28,23,5,82.14,49.26
STU1220,QUIZ7320,Chemistry,Acids and Bases,28,21,7,75.0,56.98
STU1221,QUIZ7321,Mathematics,Calculus,16,8,8,50.0,50.79
STU1221,QUIZ7322,Physics,Motion,26,9,17,34.62,87.26
STU1221,QUIZ7323,Mathematics,Calculus,20,5,15,25.0,81.43
STU1221,QUIZ7324,Chemistry,Acids and Bases,30,8,22,26.67,24.71
STU1221,QUIZ7325,Biology,Cell,25,9,16,36.0,21.82
STU1221,QUIZ7326,Mathematics,Trigonometry,27,15,12,55.56,60.34
STU1222,QUIZ7327,Physics,Electricity,21,5,16,23.81,73.8
STU1222,QUIZ7328,Biology,Genetics,19,19,0,100.0,40.21
STU1222,QUIZ7329,Mathematics,Trigonometry,27,7,20,25.93,58.84
STU1222,QUIZ7330,Mathematics,Algebra,22,7,15,31.82,56.25
STU1222,QUIZ7331,Physics,Work and Energy,29,13,16,44.83,20.31
STU1222,QUIZ7332,Mathematics,Algebra,28,27,1,96.43,79.68
STU1223,QUIZ7333,Biology,Genetics,15,9,6,60.0,71.46
STU1223,QUIZ7334,Chemistry,Chemical Bonding,24,7,17,29.17,43.93
STU1223,QUIZ7335,Physics,Electricity,24,10,14,41.67,89.74
STU1223,QUIZ7336,Chemistry,Chemical Bonding,30,26,4,86.67,58.03
STU1223,QUIZ7337,Mathematics,Trigonometry,29,10,19,34.48,72.61
STU1223,QUIZ7338,Chemistry,Acids and Bases,29,14,15,48.28,58.14
STU1224,QUIZ7339,Physics,Motion,27,26,1,96.3,63.51
STU1224,QUIZ7340,Chemistry,Organic Chemistry,28,8,20,28.57,54.04
STU1224,QUIZ7341,Physics,Work and Energy,23,20,3,86.96,46.86
STU1224,QUIZ7342,Chemistry,Chemical Bonding,20,19,1,95.0,21.41
STU1224,QUIZ7343,Physics,Electricity,15,6,9,40.0,26.5
STU1224,QUIZ7344,Chemistry,Atoms,25,5,20,20.0,75.96
STU1225,QUIZ7345,Physics,Laws of Motion,29,18,11,62.07,64.73
STU1225,QUIZ7346,Mathematics,Probability,21,21,0,100.0,29.88
STU1225,QUIZ7347,Biology,Genetics,19,12,7,63.16,57.62
STU1225,QUIZ7348,Biology,Cell,26,5,21,19.23,47.76
STU1225,QUIZ7349,Biology,Cell,23,17,6,73.91,55.19
STU1225,QUIZ7350,Biology,Cell,15,12,3,80.0,52.83
STU1226,QUIZ7351,Mathematics,Calculus,17,13,4,76.47,39.7
STU1226,QUIZ7352,Physics,Work and Energy,22,19,3,86.36,23.56
STU1226,QUIZ7353,Mathematics,Calculus,20,20,0,100.0,58.01
STU1226,QUIZ7354,Biology,Cell,28,15,13,53.57,76.25
STU1226,QUIZ7355,Biology,Human Body,25,18,7,72.0,57.33
STU1226,QUIZ7356,Biology,Plant Physiology,19,14,5,73.68,53.37
STU1227,QUIZ7357,Chemistry,Organic Chemistry,19,7,12,36.84,38.78
STU1227,QUIZ7358,Biology,Genetics,24,6,18,25.0,21.66
STU1227,QUIZ7359,Mathematics,Algebra,17,6,11,35.29,77.86
STU1227,QUIZ7360,Physics,Laws of Motion,19,13,6,68.42,65.0
STU1227,QUIZ7361,Chemistry,Acids and Bases,19,10,9,52.63,60.4
STU1227,QUIZ7362,Chemistry,Acids and Bases,30,21,9,70.0,76.64
STU1228,QUIZ7363,Biology,Genetics,16,10,6,62.5,20.73
STU1228,QUIZ7364,Mathematics,Calculus,15,15,0,100.0,89.93
STU1228,QUIZ7365,Physics,Electricity,24,22,2,91.67,77.96
STU1228,QUIZ7366,Physics,Work and Energy,19,6,13,31.58,89.05
STU1228,QUIZ7367,Physics,Motion,29,8,21,27.59,45.85
STU1228,QUIZ7368,Physics,Laws of Motion,25,15,10,60.0,77.57
STU1229,QUIZ7369,Chemistry,Acids and Bases,27,9,18,33.33,59.16
STU1229,QUIZ7370,Biology,Plant Physiology,28,13,15,46.43,34.07
STU1229,QUIZ7371,Mathematics,Probability,15,11,4,73.33,42.69
STU1229,QUIZ7372,Biology,Genetics,22,17,5,77.27,48.64
STU1229,QUIZ7373,Biology,Human Body,29,29,0,100.0,86.34
STU1229,QUIZ7374,Mathematics,Calculus,19,17,2,89.47,39.45
STU1230,QUIZ7375,Biology,Genetics,28,27,1,96.43,70.73
STU1230,QUIZ7376,Mathematics,Probability,23,18,5,78.26,87.04
STU1230,QUIZ7377,Physics,Laws of Motion,25,8,17,32.0,20.75
STU1230,QUIZ7378,Physics,Electricity,15,12,3,80.0,47.74
STU1230,QUIZ7379,Mathematics,Probability,28,23,5,82.14,31.15
STU1230,QUIZ7380,Biology,Human Body,26,23,3,88.46,40.51
STU1231,QUIZ7381,Physics,Work and Energy,15,11,4,73.33,38.49
STU1231,QUIZ7382,Biology,Genetics,28,25,3,89.29,70.59
STU1231,QUIZ7383,Chemistry,Acids and Bases,30,5,25,16.67,23.08
STU1231,QUIZ7384,Mathematics,Trigonometry,27,17,10,62.96,57.09
STU1231,QUIZ7385,Physics,Motion,15,12,3,80.0,72.14
STU1231,QUIZ7386,Biology,Genetics,19,14,5,73.68,48.13
STU1232,QUIZ7387,Physics,Motion,15,15,0,100.0,37.58
STU1232,QUIZ7388,Chemistry,Atoms,30,15,15,50.0,88.4
STU1232,QUIZ7389,Mathematics,Algebra,26,25,1,96.15,61.53
STU1232,QUIZ7390,Chemistry,Acids and Bases,15,5,10,33.33,39.55
STU1232,QUIZ7391,Mathematics,Probability,18,13,5,72.22,20.59
STU1232,QUIZ7392,Mathematics,Probability,15,10,5,66.67,70.64
STU1233,QUIZ7393,Chemistry,Chemical Bonding,18,10,8,55.56,81.03
STU1233,QUIZ7394,Physics,Motion,19,14,5,73.68,35.92
STU1233,QUIZ7395,Biology,Plant Physiology,29,11,18,37.93,66.56
STU1233,QUIZ7396,Biology,Genetics,16,9,7,56.25,22.11
STU1233,QUIZ7397,Chemistry,Organic Chemistry,16,5,11,31.25,71.8
STU1233,QUIZ7398,Mathematics,Probability,26,9,17,34.62,41.93
STU1234,QUIZ7399,Physics,Work and Energy,26,19,7,73.08,64.93
STU1234,QUIZ7400,Physics,Work and Energy,30,24,6,80.0,75.65
STU1234,QUIZ7401,Biology,Cell,17,15,2,88.24,29.91
STU1234,QUIZ7402,Mathematics,Probability,27,24,3,88.89,32.42
STU1234,QUIZ7403,Physics,Electricity,27,5,22,18.52,77.63
STU1234,QUIZ7404,Physics,Laws of Motion,24,13,11,54.17,33.66
STU1235,QUIZ7405,Chemistry,Atoms,23,5,18,21.74,87.73
STU1235,QUIZ7406,Mathematics,Probability,23,9,14,39.13,48.74
STU1235,QUIZ7407,Physics,Motion,28,6,22,21.43,71.0
STU1235,QUIZ7408,Physics,Electricity,24,23,1,95.83,76.01
STU1235,QUIZ7409,Chemistry,Acids and Bases,15,10,5,66.67,59.44
STU1235,QUIZ7410,Biology,Human Body,26,6,20,23.08,41.88
STU1236,QUIZ7411,Biology,Human Body,30,22,8,73.33,32.82
STU1236,QUIZ7412,Chemistry,Organic Chemistry,28,22,6,78.57,42.27
STU1236,QUIZ7413,Chemistry,Chemical Bonding,30,23,7,76.67,29.88
STU1236,QUIZ7414,Mathematics,Trigonometry,20,11,9,55.0,59.45
STU1236,QUIZ7415,Physics,Work and Energy,24,22,2,91.67,73.64
STU1236,QUIZ7416,Biology,Plant Physiology,29,22,7,75.86,63.63
STU1237,QUIZ7417,Physics,Motion,30,21,9,70.0,37.45
STU1237,QUIZ7418,Biology,Plant Physiology,30,25,5,83.33,83.16
STU1237,QUIZ7419,Biology,Cell,29,16,13,55.17,34.02
STU1237,QUIZ7420,Physics,Motion,16,9,7,56.25,50.82
STU1237,QUIZ7421,Physics,Laws of Motion,27,26,1,96.3,62.23
STU1237,QUIZ7422,Biology,Plant Physiology,29,15,14,51.72,21.64
STU1238,QUIZ7423,Physics,Work and Energy,29,7,22,24.14,35.63
STU1238,QUIZ7424,Biology,Genetics,23,10,13,43.48,34.94
STU1238,QUIZ7425,Chemistry,Organic Chemistry,17,11,6,64.71,70.1
STU1238,QUIZ7426,Biology,Human Body,17,8,9,47.06,20.52
STU1238,QUIZ7427,Biology,Human Body,23,12,11,52.17,66.88
STU1238,QUIZ7428,Chemistry,Acids and Bases,26,14,12,53.85,36.14
STU1239,QUIZ7429,Biology,Human Body,15,12,3,80.0,68.19
STU1239,QUIZ7430,Chemistry,Acids and Bases,25,23,2,92.0,27.79
STU1239,QUIZ7431,Mathematics,Trigonometry,20,9,11,45.0,61.58
STU1239,QUIZ7432,Mathematics,Probability,19,5,14,26.32,78.81
STU1239,QUIZ7433,Chemistry,Atoms,20,12,8,60.0,64.44
STU1239,QUIZ7434,Chemistry,Chemical Bonding,18,8,10,44.44,47.64
STU1240,QUIZ7435,Chemistry,Acids and Bases,26,13,13,50.0,65.58
STU1240,QUIZ7436,Mathematics,Probability,17,15,2,88.24,35.38
STU1240,QUIZ7437,Biology,Human Body,18,9,9,50.0,21.04
STU1240,QUIZ7438,Biology,Cell,19,17,2,89.47,81.0
STU1240,QUIZ7439,Physics,Motion,16,13,3,81.25,32.15
STU1240,QUIZ7440,Mathematics,Probability,15,5,10,33.33,71.37
STU1241,QUIZ7441,Chemistry,Atoms,19,19,0,100.0,31.77
STU1241,QUIZ7442,Physics,Work and Energy,28,9,19,32.14,66.53
STU1241,QUIZ7443,Chemistry,Organic Chemistry,22,7,15,31.82,80.42
STU1241,QUIZ7444,Physics,Work and Energy,21,21,0,100.0,51.73
STU1241,QUIZ7445,Biology,Cell,17,12,5,70.59,52.05
STU1241,QUIZ7446,Physics,Work and Energy,28,28,0,100.0,46.12
STU1242,QUIZ7447,Physics,Electricity,25,8,17,32.0,36.65
STU1242,QUIZ7448,Physics,Laws of Motion,21,16,5,76.19,24.55
STU1242,QUIZ7449,Physics,Motion,22,21,1,95.45,79.71
STU1242,QUIZ7450,Biology,Genetics,28,18,10,64.29,83.15
STU1242,QUIZ7451,Physics,Work and Energy,30,10,20,33.33,27.49
STU1242,QUIZ7452,Physics,Work and Energy,20,18,2,90.0,67.92
STU1243,QUIZ7453,Biology,Genetics,22,11,11,50.0,38.82
STU1243,QUIZ7454,Chemistry,Atoms,16,10,6,62.5,52.87
STU1243,QUIZ7455,Physics,Motion,24,17,7,70.83,86.72
STU1243,QUIZ7456,Physics,Motion,22,17,5,77.27,65.84
STU1243,QUIZ7457,Chemistry,Chemical Bonding,18,7,11,38.89,26.01
STU1243,QUIZ7458,Chemistry,Atoms,23,14,9,60.87,74.4
STU1244,QUIZ7459,Biology,Genetics,26,6,20,23.08,62.85
STU1244,QUIZ7460,Biology,Cell,27,25,2,92.59,25.5
STU1244,QUIZ7461,Mathematics,Calculus,18,12,6,66.67,54.72
STU1244,QUIZ7462,Chemistry,Acids and Bases,29,25,4,86.21,48.96
STU1244,QUIZ7463,Physics,Work and Energy,30,6,24,20.0,78.04
STU1244,QUIZ7464,Chemistry,Atoms,15,11,4,73.33,51.7
STU1245,QUIZ7465,Physics,Work and Energy,19,16,3,84.21,60.88
STU1245,QUIZ7466,Physics,Motion,18,5,13,27.78,79.76
STU1245,QUIZ7467,Mathematics,Algebra,30,28,2,93.33,74.72
STU1245,QUIZ7468,Biology,Plant Physiology,30,5,25,16.67,52.53
STU1245,QUIZ7469,Mathematics,Trigonometry,15,7,8,46.67,41.41
STU1245,QUIZ7470,Chemistry,Chemical Bonding,18,15,3,83.33,60.61
STU1246,QUIZ7471,Biology,Genetics,28,13,15,46.43,40.64
STU1246,QUIZ7472,Mathematics,Calculus,17,16,1,94.12,65.76
STU1246,QUIZ7473,Biology,Cell,29,13,16,44.83,34.07
STU1246,QUIZ7474,Mathematics,Calculus,19,18,1,94.74,44.08
STU1246,QUIZ7475,Biology,Genetics,29,12,17,41.38,89.34
STU1246,QUIZ7476,Biology,Human Body,18,14,4,77.78,71.17
STU1247,QUIZ7477,Physics,Work and Energy,17,16,1,94.12,64.41
STU1247,QUIZ7478,Mathematics,Trigonometry,18,13,5,72.22,32.11
STU1247,QUIZ7479,Physics,Laws of Motion,19,18,1,94.74,55.3
STU1247,QUIZ7480,Biology,Human Body,17,5,12,29.41,47.15
STU1247,QUIZ7481,Biology,Genetics,26,15,11,57.69,66.05
STU1247,QUIZ7482,Chemistry,Chemical Bonding,26,7,19,26.92,37.23
STU1248,QUIZ7483,Physics,Motion,28,28,0,100.0,44.37
STU1248,QUIZ7484,Biology,Human Body,20,5,15,25.0,65.49
STU1248,QUIZ7485,Chemistry,Chemical Bonding,25,18,7,72.0,50.26
STU1248,QUIZ7486,Mathematics,Algebra,19,19,0,100.0,46.4
STU1248,QUIZ7487,Biology,Plant Physiology,24,7,17,29.17,56.53
STU1248,QUIZ7488,Physics,Motion,17,7,10,41.18,20.95
STU1249,QUIZ7489,Physics,Electricity,28,22,6,78.57,71.54
STU1249,QUIZ7490,Chemistry,Atoms,23,14,9,60.87,28.88
STU1249,QUIZ7491,Physics,Laws of Motion,27,11,16,40.74,45.25
STU1249,QUIZ7492,Biology,Plant Physiology,19,10,9,52.63,30.78
STU1249,QUIZ7493,Biology,Plant Physiology,23,17,6,73.91,47.25
STU1249,QUIZ7494,Biology,Plant Physiology,23,7,16,30.43,31.14
STU1250,QUIZ7495,Physics,Laws of Motion,29,8,21,27.59,75.9
STU1250,QUIZ7496,Physics,Work and Energy,28,26,2,92.86,52.63
STU1250,QUIZ7497,Physics,Work and Energy,26,19,7,73.08,33.15
STU1250,QUIZ7498,Chemistry,Chemical Bonding,21,8,13,38.1,67.28
STU1250,QUIZ7499,Biology,Cell,30,29,1,96.67,40.32
STU1250,QUIZ7500,Mathematics,Algebra,28,18,10,64.29,29.31
STU1251,QUIZ7501,Physics,Motion,24,10,14,41.67,57.33
STU1251,QUIZ7502,Mathematics,Trigonometry,24,8,16,33.33,70.16
STU1251,QUIZ7503,Biology,Cell,26,12,14,46.15,28.52
STU1251,QUIZ7504,Physics,Motion,18,5,13,27.78,43.13
STU1251,QUIZ7505,Chemistry,Chemical Bonding,25,13,12,52.0,75.91
STU1251,QUIZ7506,Chemistry,Acids and Bases,25,6,19,24.0,24.94
STU1252,QUIZ7507,Biology,Human Body,19,15,4,78.95,55.03
STU1252,QUIZ7508,Chemistry,Chemical Bonding,28,16,12,57.14,24.78
STU1252,QUIZ7509,Physics,Work and Energy,26,8,18,30.77,36.59
STU1252,QUIZ7510,Biology,Cell,19,12,7,63.16,27.95
STU1252,QUIZ7511,Biology,Cell,19,19,0,100.0,70.75
STU1252,QUIZ7512,Mathematics,Calculus,15,10,5,66.67,41.36
STU1253,QUIZ7513,Physics,Laws of Motion,17,8,9,47.06,31.02
STU1253,QUIZ7514,Biology,Plant Physiology,17,13,4,76.47,39.87
STU1253,QUIZ7515,Mathematics,Trigonometry,25,5,20,20.0,57.28
STU1253,QUIZ7516,Mathematics,Trigonometry,18,10,8,55.56,74.55
STU1253,QUIZ7517,Biology,Plant Physiology,27,5,22,18.52,82.33
STU1253,QUIZ7518,Mathematics,Calculus,23,22,1,95.65,77.37
STU1254,QUIZ7519,Chemistry,Atoms,25,22,3,88.0,39.29
STU1254,QUIZ7520,Physics,Electricity,28,16,12,57.14,48.07
STU1254,QUIZ7521,Physics,Work and Energy,24,12,12,50.0,63.48
STU1254,QUIZ7522,Biology,Cell,21,10,11,47.62,28.51
STU1254,QUIZ7523,Biology,Plant Physiology,22,12,10,54.55,34.32
STU1254,QUIZ7524,Chemistry,Atoms,19,16,3,84.21,77.51
STU1255,QUIZ7525,Physics,Laws of Motion,26,19,7,73.08,56.46
STU1255,QUIZ7526,Physics,Electricity,15,8,7,53.33,36.24
STU1255,QUIZ7527,Physics,Work and Energy,19,17,2,89.47,75.1
STU1255,QUIZ7528,Mathematics,Calculus,24,24,0,100.0,80.41
STU1255,QUIZ7529,Chemistry,Organic Chemistry,19,19,0,100.0,60.89
STU1255,QUIZ7530,Physics,Motion,26,21,5,80.77,34.6
STU1256,QUIZ7531,Chemistry,Acids and Bases,27,11,16,40.74,62.67
STU1256,QUIZ7532,Biology,Cell,27,21,6,77.78,33.45
STU1256,QUIZ7533,Mathematics,Algebra,25,20,5,80.0,74.83
STU1256,QUIZ7534,Mathematics,Calculus,20,6,14,30.0,63.67
STU1256,QUIZ7535,Chemistry,Acids and Bases,21,14,7,66.67,23.34
STU1256,QUIZ7536,Mathematics,Probability,16,13,3,81.25,77.81
STU1257,QUIZ7537,Biology,Human Body,30,15,15,50.0,25.49
STU1257,QUIZ7538,Biology,Cell,22,21,1,95.45,43.45
STU1257,QUIZ7539,Chemistry,Organic Chemistry,20,6,14,30.0,77.73
STU1257,QUIZ7540,Mathematics,Trigonometry,18,18,0,100.0,30.72
STU1257,QUIZ7541,Physics,Electricity,23,7,16,30.43,86.03
STU1257,QUIZ7542,Physics,Motion,29,16,13,55.17,32.45
STU1258,QUIZ7543,Chemistry,Chemical Bonding,24,17,7,70.83,61.14
STU1258,QUIZ7544,Physics,Laws of Motion,26,7,19,26.92,62.47
STU1258,QUIZ7545,Chemistry,Atoms,21,14,7,66.67,41.03
STU1258,QUIZ7546,Chemistry,Atoms,16,14,2,87.5,23.81
STU1258,QUIZ7547,Chemistry,Organic Chemistry,23,10,13,43.48,49.14
STU1258,QUIZ7548,Biology,Genetics,25,7,18,28.0,28.23
STU1259,QUIZ7549,Biology,Human Body,27,22,5,81.48,34.27
STU1259,QUIZ7550,Physics,Work and Energy,17,16,1,94.12,58.62
STU1259,QUIZ7551,Chemistry,Acids and Bases,23,10,13,43.48,67.41
STU1259,QUIZ7552,Biology,Cell,15,7,8,46.67,46.32
STU1259,QUIZ7553,Mathematics,Calculus,16,16,0,100.0,47.96
STU1259,QUIZ7554,Chemistry,Acids and Bases,23,17,6,73.91,29.68
STU1260,QUIZ7555,Biology,Plant Physiology,25,6,19,24.0,60.44
STU1260,QUIZ7556,Mathematics,Probability,20,16,4,80.0,73.66
STU1260,QUIZ7557,Physics,Motion,19,17,2,89.47,55.29
STU1260,QUIZ7558,Chemistry,Chemical Bonding,20,6,14,30.0,43.8
STU1260,QUIZ7559,Mathematics,Trigonometry,26,18,8,69.23,51.75
STU1260,QUIZ7560,Physics,Laws of Motion,15,5,10,33.33,60.34
STU1261,QUIZ7561,Physics,Laws of Motion,22,17,5,77.27,59.22
STU1261,QUIZ7562,Physics,Laws of Motion,22,18,4,81.82,74.7
STU1261,QUIZ7563,Mathematics,Trigonometry,29,29,0,100.0,47.57
STU1261,QUIZ7564,Biology,Plant Physiology,25,25,0,100.0,83.56
STU1261,QUIZ7565,Mathematics,Calculus,22,16,6,72.73,80.15
STU1261,QUIZ7566,Chemistry,Organic Chemistry,26,26,0,100.0,74.0
STU1262,QUIZ7567,Mathematics,Calculus,23,7,16,30.43,20.51
STU1262,QUIZ7568,Physics,Electricity,30,29,1,96.67,87.99
STU1262,QUIZ7569,Mathematics,Probability,20,16,4,80.0,68.5
STU1262,QUIZ7570,Physics,Motion,28,17,11,60.71,53.58
STU1262,QUIZ7571,Biology,Genetics,23,6,17,26.09,47.77
STU1262,QUIZ7572,Biology,Plant Physiology,29,22,7,75.86,28.38
STU1263,QUIZ7573,Physics,Electricity,21,7,14,33.33,73.43
STU1263,QUIZ7574,Physics,Electricity,29,7,22,24.14,36.63
STU1263,QUIZ7575,Biology,Human Body,29,15,14,51.72,65.56
STU1263,QUIZ7576,Chemistry,Atoms,26,7,19,26.92,81.91
STU1263,QUIZ7577,Mathematics,Algebra,23,19,4,82.61,60.37
STU1263,QUIZ7578,Chemistry,Acids and Bases,24,13,11,54.17,67.19
STU1264,QUIZ7579,Chemistry,Chemical Bonding,17,6,11,35.29,77.99
STU1264,QUIZ7580,Chemistry,Atoms,21,20,1,95.24,26.44
STU1264,QUIZ7581,Chemistry,Atoms,17,14,3,82.35,26.7
STU1264,QUIZ7582,Chemistry,Organic Chemistry,26,13,13,50.0,38.3
STU1264,QUIZ7583,Biology,Cell,27,12,15,44.44,54.81
STU1264,QUIZ7584,Biology,Genetics,24,5,19,20.83,39.74
STU1265,QUIZ7585,Biology,Plant Physiology,25,20,5,80.0,68.4
STU1265,QUIZ7586,Chemistry,Atoms,20,8,12,40.0,23.27
STU1265,QUIZ7587,Physics,Work and Energy,26,18,8,69.23,62.9
STU1265,QUIZ7588,Chemistry,Chemical Bonding,25,8,17,32.0,86.19
STU1265,QUIZ7589,Chemistry,Organic Chemistry,24,13,11,54.17,25.59
STU1265,QUIZ7590,Biology,Cell,25,11,14,44.0,82.9
STU1266,QUIZ7591,Chemistry,Organic Chemistry,25,21,4,84.0,56.96
STU1266,QUIZ7592,Biology,Genetics,20,17,3,85.0,32.12
STU1266,QUIZ7593,Biology,Cell,24,8,16,33.33,72.75
STU1266,QUIZ7594,Chemistry,Chemical Bonding,29,26,3,89.66,45.97
STU1266,QUIZ7595,Physics,Motion,17,16,1,94.12,44.55
STU1266,QUIZ7596,Mathematics,Calculus,16,14,2,87.5,55.37
STU1267,QUIZ7597,Mathematics,Trigonometry,17,15,2,88.24,52.44
STU1267,QUIZ7598,Biology,Human Body,17,5,12,29.41,23.19
STU1267,QUIZ7599,Chemistry,Acids and Bases,15,7,8,46.67,43.94
STU1267,QUIZ7600,Mathematics,Trigonometry,26,26,0,100.0,62.98
STU1267,QUIZ7601,Physics,Work and Energy,23,6,17,26.09,87.04
STU1267,QUIZ7602,Mathematics,Probability,20,8,12,40.0,53.66
STU1268,QUIZ7603,Chemistry,Organic Chemistry,30,11,19,36.67,88.83
STU1268,QUIZ7604,Biology,Human Body,17,13,4,76.47,25.61
STU1268,QUIZ7605,Physics,Electricity,17,14,3,82.35,57.79
STU1268,QUIZ7606,Physics,Work and Energy,27,13,14,48.15,82.9
STU1268,QUIZ7607,Chemistry,Chemical Bonding,17,9,8,52.94,85.64
STU1268,QUIZ7608,Mathematics,Algebra,18,17,1,94.44,79.5
STU1269,QUIZ7609,Mathematics,Trigonometry,24,10,14,41.67,49.84
STU1269,QUIZ7610,Mathematics,Algebra,25,10,15,40.0,78.7
STU1269,QUIZ7611,Mathematics,Probability,28,28,0,100.0,65.34
STU1269,QUIZ7612,Biology,Plant Physiology,17,6,11,35.29,88.43
STU1269,QUIZ7613,Mathematics,Trigonometry,28,5,23,17.86,26.94
STU1269,QUIZ7614,Biology,Human Body,29,22,7,75.86,38.97
STU1270,QUIZ7615,Physics,Electricity,18,18,0,100.0,42.29
STU1270,QUIZ7616,Mathematics,Algebra,30,8,22,26.67,60.8
STU1270,QUIZ7617,Physics,Motion,28,6,22,21.43,74.67
STU1270,QUIZ7618,Physics,Laws of Motion,17,9,8,52.94,79.49
STU1270,QUIZ7619,Mathematics,Calculus,18,7,11,38.89,31.55
STU1270,QUIZ7620,Biology,Human Body,23,5,18,21.74,86.3
STU1271,QUIZ7621,Physics,Electricity,29,28,1,96.55,47.3
STU1271,QUIZ7622,Chemistry,Organic Chemistry,22,13,9,59.09,25.08
STU1271,QUIZ7623,Mathematics,Calculus,25,23,2,92.0,79.22
STU1271,QUIZ7624,Biology,Plant Physiology,28,27,1,96.43,60.14
STU1271,QUIZ7625,Chemistry,Organic Chemistry,23,7,16,30.43,49.32
STU1271,QUIZ7626,Mathematics,Trigonometry,17,11,6,64.71,36.44
STU1272,QUIZ7627,Chemistry,Atoms,22,11,11,50.0,25.66
STU1272,QUIZ7628,Mathematics,Trigonometry,15,8,7,53.33,38.58
STU1272,QUIZ7629,Physics,Electricity,26,19,7,73.08,71.16
STU1272,QUIZ7630,Biology,Cell,23,17,6,73.91,69.89
STU1272,QUIZ7631,Chemistry,Organic Chemistry,16,14,2,87.5,76.13
STU1272,QUIZ7632,Chemistry,Organic Chemistry,21,6,15,28.57,52.76
STU1273,QUIZ7633,Chemistry,Organic Chemistry,20,17,3,85.0,65.74
STU1273,QUIZ7634,Physics,Electricity,22,13,9,59.09,35.89
STU1273,QUIZ7635,Mathematics,Probability,23,19,4,82.61,70.45
STU1273,QUIZ7636,Chemistry,Atoms,17,10,7,58.82,55.31
STU1273,QUIZ7637,Mathematics,Probability,22,22,0,100.0,35.59
STU1273,QUIZ7638,Mathematics,Algebra,25,16,9,64.0,84.85
STU1274,QUIZ7639,Biology,Human Body,19,13,6,68.42,21.18
STU1274,QUIZ7640,Chemistry,Atoms,26,23,3,88.46,45.61
STU1274,QUIZ7641,Physics,Work and Energy,16,13,3,81.25,43.55
STU1274,QUIZ7642,Mathematics,Algebra,30,5,25,16.67,75.08
STU1274,QUIZ7643,Physics,Motion,30,29,1,96.67,70.31
STU1274,QUIZ7644,Mathematics,Algebra,16,12,4,75.0,58.13
STU1275,QUIZ7645,Mathematics,Calculus,25,19,6,76.0,60.95
STU1275,QUIZ7646,Biology,Human Body,16,6,10,37.5,34.06
STU1275,QUIZ7647,Biology,Human Body,27,27,0,100.0,25.88
STU1275,QUIZ7648,Mathematics,Trigonometry,30,15,15,50.0,49.24
STU1275,QUIZ7649,Physics,Electricity,18,17,1,94.44,38.49
STU1275,QUIZ7650,Mathematics,Probability,17,11,6,64.71,20.75
STU1276,QUIZ7651,Chemistry,Organic Chemistry,26,23,3,88.46,51.25
STU1276,QUIZ7652,Biology,Human Body,20,5,15,25.0,38.21
STU1276,QUIZ7653,Mathematics,Probability,18,7,11,38.89,67.85
STU1276,QUIZ7654,Biology,Cell,18,9,9,50.0,88.43
STU1276,QUIZ7655,Biology,Genetics,26,21,5,80.77,80.12
STU1276,QUIZ7656,Biology,Genetics,27,23,4,85.19,68.1
STU1277,QUIZ7657,Biology,Genetics,26,12,14,46.15,52.52
STU1277,QUIZ7658,Chemistry,Acids and Bases,20,17,3,85.0,85.5
STU1277,QUIZ7659,Biology,Human Body,22,13,9,59.09,86.05
STU1277,QUIZ7660,Mathematics,Calculus,27,11,16,40.74,84.77
STU1277,QUIZ7661,Physics,Laws of Motion,30,16,14,53.33,85.82
STU1277,QUIZ7662,Mathematics,Trigonometry,26,17,9,65.38,52.73
STU1278,QUIZ7663,Mathematics,Probability,21,20,1,95.24,46.19
STU1278,QUIZ7664,Mathematics,Algebra,18,10,8,55.56,80.96
STU1278,QUIZ7665,Biology,Human Body,23,14,9,60.87,67.86
STU1278,QUIZ7666,Chemistry,Acids and Bases,29,22,7,75.86,82.36
STU1278,QUIZ7667,Mathematics,Probability,18,18,0,100.0,80.27
STU1278,QUIZ7668,Biology,Plant Physiology,15,9,6,60.0,66.69
STU1279,QUIZ7669,Biology,Human Body,20,13,7,65.0,42.75
STU1279,QUIZ7670,Chemistry,Acids and Bases,24,14,10,58.33,22.17
STU1279,QUIZ7671,Mathematics,Calculus,23,7,16,30.43,77.59
STU1279,QUIZ7672,Biology,Cell,25,10,15,40.0,53.67
STU1279,QUIZ7673,Biology,Human Body,20,12,8,60.0,64.16
STU1279,QUIZ7674,Mathematics,Algebra,22,5,17,22.73,77.34
STU1280,QUIZ7675,Physics,Work and Energy,26,20,6,76.92,58.8
STU1280,QUIZ7676,Chemistry,Acids and Bases,21,9,12,42.86,57.96
STU1280,QUIZ7677,Physics,Laws of Motion,19,15,4,78.95,28.23
STU1280,QUIZ7678,Physics,Work and Energy,30,20,10,66.67,61.25
STU1280,QUIZ7679,Physics,Laws of Motion,22,7,15,31.82,46.21
STU1280,QUIZ7680,Mathematics,Algebra,19,14,5,73.68,59.72
STU1281,QUIZ7681,Mathematics,Probability,21,13,8,61.9,44.09
STU1281,QUIZ7682,Chemistry,Acids and Bases,20,18,2,90.0,30.96
STU1281,QUIZ7683,Biology,Plant Physiology,23,12,11,52.17,43.36
STU1281,QUIZ7684,Mathematics,Probability,20,12,8,60.0,36.4
STU1281,QUIZ7685,Physics,Motion,25,10,15,40.0,36.56
STU1281,QUIZ7686,Physics,Electricity,23,6,17,26.09,81.44
STU1282,QUIZ7687,Mathematics,Probability,24,12,12,50.0,54.27
STU1282,QUIZ7688,Biology,Human Body,27,21,6,77.78,81.59
STU1282,QUIZ7689,Mathematics,Algebra,21,11,10,52.38,29.73
STU1282,QUIZ7690,Biology,Genetics,25,20,5,80.0,50.24
STU1282,QUIZ7691,Biology,Cell,28,11,17,39.29,86.1
STU1282,QUIZ7692,Physics,Laws of Motion,15,13,2,86.67,27.54
STU1283,QUIZ7693,Chemistry,Chemical Bonding,20,17,3,85.0,70.99
STU1283,QUIZ7694,Biology,Genetics,15,5,10,33.33,59.98
STU1283,QUIZ7695,Chemistry,Organic Chemistry,19,13,6,68.42,55.38
STU1283,QUIZ7696,Biology,Cell,17,15,2,88.24,63.36
STU1283,QUIZ7697,Chemistry,Chemical Bonding,27,27,0,100.0,33.44
STU1283,QUIZ7698,Chemistry,Chemical Bonding,27,5,22,18.52,31.26
STU1284,QUIZ7699,Chemistry,Atoms,23,17,6,73.91,57.9
STU1284,QUIZ7700,Chemistry,Organic Chemistry,19,5,14,26.32,66.55
STU1284,QUIZ7701,Physics,Electricity,23,12,11,52.17,77.12
STU1284,QUIZ7702,Chemistry,Atoms,21,16,5,76.19,37.76
STU1284,QUIZ7703,Biology,Cell,26,16,10,61.54,47.0
STU1284,QUIZ7704,Chemistry,Acids and Bases,19,16,3,84.21,66.58
STU1285,QUIZ7705,Physics,Work and Energy,20,19,1,95.0,75.2
STU1285,QUIZ7706,Mathematics,Algebra,27,19,8,70.37,67.91
STU1285,QUIZ7707,Chemistry,Acids and Bases,30,24,6,80.0,46.87
STU1285,QUIZ7708,Biology,Human Body,17,10,7,58.82,56.39
STU1285,QUIZ7709,Biology,Genetics,22,10,12,45.45,21.0
STU1285,QUIZ7710,Chemistry,Chemical Bonding,26,23,3,88.46,20.09
STU1286,QUIZ7711,Biology,Plant Physiology,30,11,19,36.67,26.92
STU1286,QUIZ7712,Biology,Genetics,18,15,3,83.33,74.66
STU1286,QUIZ7713,Biology,Cell,20,7,13,35.0,85.21
STU1286,QUIZ7714,Biology,Genetics,24,15,9,62.5,62.75
STU1286,QUIZ7715,Biology,Human Body,18,11,7,61.11,48.23
STU1286,QUIZ7716,Chemistry,Organic Chemistry,23,13,10,56.52,75.08
STU1287,QUIZ7717,Chemistry,Atoms,17,16,1,94.12,34.14
STU1287,QUIZ7718,Mathematics,Trigonometry,25,15,10,60.0,47.89
STU1287,QUIZ7719,Mathematics,Calculus,18,10,8,55.56,74.89
STU1287,QUIZ7720,Biology,Cell,25,19,6,76.0,23.46
STU1287,QUIZ7721,Mathematics,Algebra,16,15,1,93.75,75.17
STU1287,QUIZ7722,Chemistry,Acids and Bases,17,12,5,70.59,61.88
STU1288,QUIZ7723,Chemistry,Acids and Bases,15,7,8,46.67,47.27
STU1288,QUIZ7724,Mathematics,Algebra,29,23,6,79.31,82.2
STU1288,QUIZ7725,Chemistry,Acids and Bases,19,8,11,42.11,32.92
STU1288,QUIZ7726,Chemistry,Atoms,24,24,0,100.0,27.99
STU1288,QUIZ7727,Biology,Cell,30,20,10,66.67,32.58
STU1288,QUIZ7728,Chemistry,Chemical Bonding,20,10,10,50.0,77.62
STU1289,QUIZ7729,Biology,Human Body,21,8,13,38.1,76.55
STU1289,QUIZ7730,Chemistry,Chemical Bonding,18,14,4,77.78,56.8
STU1289,QUIZ7731,Mathematics,Calculus,16,8,8,50.0,65.42
STU1289,QUIZ7732,Chemistry,Organic Chemistry,19,12,7,63.16,73.42
STU1289,QUIZ7733,Chemistry,Acids and Bases,19,6,13,31.58,30.54
STU1289,QUIZ7734,Biology,Cell,26,25,1,96.15,39.01
STU1290,QUIZ7735,Biology,Genetics,25,24,1,96.0,63.99
STU1290,QUIZ7736,Biology,Human Body,20,17,3,85.0,37.28
STU1290,QUIZ7737,Physics,Work and Energy,27,22,5,81.48,70.21
STU1290,QUIZ7738,Mathematics,Probability,23,6,17,26.09,58.59
STU1290,QUIZ7739,Chemistry,Acids and Bases,26,5,21,19.23,49.46
STU1290,QUIZ7740,Mathematics,Algebra,26,6,20,23.08,73.33
STU1291,QUIZ7741,Biology,Genetics,22,14,8,63.64,74.29
STU1291,QUIZ7742,Chemistry,Organic Chemistry,20,6,14,30.0,77.2
STU1291,QUIZ7743,Biology,Cell,20,17,3,85.0,64.56
STU1291,QUIZ7744,Physics,Electricity,15,8,7,53.33,54.32
STU1291,QUIZ7745,Chemistry,Organic Chemistry,20,9,11,45.0,61.14
STU1291,QUIZ7746,Chemistry,Organic Chemistry,22,22,0,100.0,87.72
STU1292,QUIZ7747,Physics,Laws of Motion,25,17,8,68.0,89.77
STU1292,QUIZ7748,Physics,Motion,21,11,10,52.38,54.81
STU1292,QUIZ7749,Mathematics,Calculus,20,12,8,60.0,41.8
STU1292,QUIZ7750,Mathematics,Algebra,17,17,0,100.0,54.18
STU1292,QUIZ7751,Chemistry,Chemical Bonding,26,22,4,84.62,61.65
STU1292,QUIZ7752,Biology,Plant Physiology,19,18,1,94.74,35.15
STU1293,QUIZ7753,Biology,Cell,23,15,8,65.22,44.32
STU1293,QUIZ7754,Biology,Genetics,22,18,4,81.82,22.54
STU1293,QUIZ7755,Chemistry,Acids and Bases,19,11,8,57.89,77.16
STU1293,QUIZ7756,Mathematics,Probability,18,7,11,38.89,86.86
STU1293,QUIZ7757,Mathematics,Calculus,15,7,8,46.67,87.24
STU1293,QUIZ7758,Mathematics,Calculus,18,18,0,100.0,53.02
STU1294,QUIZ7759,Chemistry,Chemical Bonding,15,8,7,53.33,60.93
STU1294,QUIZ7760,Physics,Motion,15,14,1,93.33,76.34
STU1294,QUIZ7761,Physics,Electricity,29,26,3,89.66,55.41
STU1294,QUIZ7762,Physics,Motion,28,10,18,35.71,89.54
STU1294,QUIZ7763,Biology,Genetics,24,6,18,25.0,81.47
STU1294,QUIZ7764,Physics,Electricity,20,11,9,55.0,50.19
STU1295,QUIZ7765,Chemistry,Organic Chemistry,27,17,10,62.96,84.85
STU1295,QUIZ7766,Chemistry,Atoms,21,18,3,85.71,69.28
STU1295,QUIZ7767,Chemistry,Acids and Bases,15,7,8,46.67,38.12
STU1295,QUIZ7768,Biology,Human Body,21,12,9,57.14,35.11
STU1295,QUIZ7769,Physics,Work and Energy,27,6,21,22.22,34.69
STU1295,QUIZ7770,Physics,Electricity,30,8,22,26.67,84.28
STU1296,QUIZ7771,Biology,Genetics,23,12,11,52.17,68.28
STU1296,QUIZ7772,Biology,Human Body,17,10,7,58.82,56.72
STU1296,QUIZ7773,Mathematics,Trigonometry,16,6,10,37.5,57.79
STU1296,QUIZ7774,Chemistry,Atoms,29,27,2,93.1,70.24
STU1296,QUIZ7775,Physics,Work and Energy,24,19,5,79.17,20.61
STU1296,QUIZ7776,Physics,Laws of Motion,21,6,15,28.57,54.68
STU1297,QUIZ7777,Physics,Electricity,30,11,19,36.67,58.27
STU1297,QUIZ7778,Mathematics,Algebra,24,11,13,45.83,28.69
STU1297,QUIZ7779,Chemistry,Chemical Bonding,30,23,7,76.67,76.05
STU1297,QUIZ7780,Chemistry,Organic Chemistry,25,13,12,52.0,72.84
STU1297,QUIZ7781,Mathematics,Probability,29,17,12,58.62,89.66
STU1297,QUIZ7782,Mathematics,Calculus,22,20,2,90.91,50.68
STU1298,QUIZ7783,Biology,Plant Physiology,15,15,0,100.0,85.08
STU1298,QUIZ7784,Biology,Plant Physiology,21,9,12,42.86,37.86
STU1298,QUIZ7785,Mathematics,Probability,23,10,13,43.48,27.91
STU1298,QUIZ7786,Physics,Electricity,15,9,6,60.0,67.3
STU1298,QUIZ7787,Biology,Genetics,24,20,4,83.33,89.98
STU1298,QUIZ7788,Mathematics,Trigonometry,16,7,9,43.75,26.05
STU1299,QUIZ7789,Mathematics,Trigonometry,24,24,0,100.0,38.64
STU1299,QUIZ7790,Biology,Genetics,23,8,15,34.78,25.2
STU1299,QUIZ7791,Chemistry,Organic Chemistry,29,7,22,24.14,21.95
STU1299,QUIZ7792,Mathematics,Trigonometry,21,18,3,85.71,44.67
STU1299,QUIZ7793,Biology,Plant Physiology,24,16,8,66.67,26.64
STU1299,QUIZ7794,Biology,Plant Physiology,16,8,8,50.0,89.64
STU1300,QUIZ7795,Physics,Motion,18,17,1,94.44,80.57
STU1300,QUIZ7796,Biology,Human Body,17,12,5,70.59,86.25
STU1300,QUIZ7797,Physics,Work and Energy,22,5,17,22.73,51.79
STU1300,QUIZ7798,Chemistry,Organic Chemistry,27,24,3,88.89,43.91
STU1300,QUIZ7799,Physics,Laws of Motion,21,12,9,57.14,67.23
STU1300,QUIZ7800,Chemistry,Chemical Bonding,20,19,1,95.0,58.17
STU1301,QUIZ7801,Chemistry,Organic Chemistry,24,19,5,79.17,39.28
STU1301,QUIZ7802,Physics,Work and Energy,27,6,21,22.22,26.34
STU1301,QUIZ7803,Biology,Genetics,15,6,9,40.0,23.45
STU1301,QUIZ7804,Chemistry,Organic Chemistry,22,7,15,31.82,28.1
STU1301,QUIZ7805,Biology,Genetics,28,16,12,57.14,83.18
STU1301,QUIZ7806,Biology,Genetics,19,7,12,36.84,21.62
STU1302,QUIZ7807,Mathematics,Trigonometry,25,25,0,100.0,27.97
STU1302,QUIZ7808,Physics,Laws of Motion,26,21,5,80.77,39.73
STU1302,QUIZ7809,Biology,Genetics,27,25,2,92.59,65.25
STU1302,QUIZ7810,Chemistry,Atoms,29,24,5,82.76,86.42
STU1302,QUIZ7811,Biology,Cell,28,22,6,78.57,43.02
STU1302,QUIZ7812,Chemistry,Atoms,16,11,5,68.75,85.68
STU1303,QUIZ7813,Chemistry,Organic Chemistry,26,13,13,50.0,23.18
STU1303,QUIZ7814,Mathematics,Algebra,23,5,18,21.74,53.31
STU1303,QUIZ7815,Mathematics,Trigonometry,22,12,10,54.55,34.95
STU1303,QUIZ7816,Biology,Plant Physiology,30,15,15,50.0,20.15
STU1303,QUIZ7817,Chemistry,Acids and Bases,17,7,10,41.18,89.08
STU1303,QUIZ7818,Physics,Work and Energy,17,9,8,52.94,53.25
STU1304,QUIZ7819,Mathematics,Trigonometry,20,12,8,60.0,47.15
STU1304,QUIZ7820,Physics,Work and Energy,30,23,7,76.67,27.83
STU1304,QUIZ7821,Physics,Laws of Motion,30,14,16,46.67,67.58
STU1304,QUIZ7822,Physics,Work and Energy,21,7,14,33.33,48.11
STU1304,QUIZ7823,Mathematics,Probability,30,5,25,16.67,55.01
STU1304,QUIZ7824,Physics,Electricity,15,5,10,33.33,55.89
STU1305,QUIZ7825,Biology,Plant Physiology,15,11,4,73.33,50.74
STU1305,QUIZ7826,Physics,Electricity,27,27,0,100.0,57.31
STU1305,QUIZ7827,Mathematics,Trigonometry,21,8,13,38.1,52.62
STU1305,QUIZ7828,Chemistry,Acids and Bases,19,15,4,78.95,49.51
STU1305,QUIZ7829,Biology,Human Body,21,8,13,38.1,38.42
STU1305,QUIZ7830,Mathematics,Calculus,23,9,14,39.13,42.66
STU1306,QUIZ7831,Chemistry,Organic Chemistry,20,9,11,45.0,25.55
STU1306,QUIZ7832,Mathematics,Trigonometry,25,5,20,20.0,89.87
STU1306,QUIZ7833,Physics,Laws of Motion,28,17,11,60.71,70.88
STU1306,QUIZ7834,Mathematics,Probability,28,22,6,78.57,50.41
STU1306,QUIZ7835,Biology,Human Body,24,11,13,45.83,64.25
STU1306,QUIZ7836,Mathematics,Calculus,16,16,0,100.0,38.11
STU1307,QUIZ7837,Chemistry,Chemical Bonding,21,6,15,28.57,72.13
STU1307,QUIZ7838,Mathematics,Calculus,27,20,7,74.07,59.88
STU1307,QUIZ7839,Mathematics,Calculus,22,7,15,31.82,35.84
STU1307,QUIZ7840,Chemistry,Atoms,27,5,22,18.52,67.11
STU1307,QUIZ7841,Chemistry,Chemical Bonding,23,6,17,26.09,32.93
STU1307,QUIZ7842,Physics,Work and Energy,19,19,0,100.0,40.29
STU1308,QUIZ7843,Mathematics,Probability,20,16,4,80.0,35.35
STU1308,QUIZ7844,Mathematics,Trigonometry,27,11,16,40.74,46.31
STU1308,QUIZ7845,Physics,Motion,30,6,24,20.0,74.28
STU1308,QUIZ7846,Physics,Motion,27,18,9,66.67,75.32
STU1308,QUIZ7847,Physics,Laws of Motion,21,12,9,57.14,72.68
STU1308,QUIZ7848,Mathematics,Trigonometry,24,10,14,41.67,20.41
STU1309,QUIZ7849,Mathematics,Probability,22,15,7,68.18,61.14
STU1309,QUIZ7850,Physics,Laws of Motion,24,10,14,41.67,89.85
STU1309,QUIZ7851,Chemistry,Acids and Bases,27,26,1,96.3,82.0
STU1309,QUIZ7852,Chemistry,Chemical Bonding,25,14,11,56.0,55.3
STU1309,QUIZ7853,Physics,Laws of Motion,21,18,3,85.71,51.43
STU1309,QUIZ7854,Chemistry,Organic Chemistry,22,17,5,77.27,81.67
STU1310,QUIZ7855,Physics,Electricity,22,5,17,22.73,62.94
STU1310,QUIZ7856,Biology,Plant Physiology,17,11,6,64.71,74.37
STU1310,QUIZ7857,Chemistry,Chemical Bonding,22,10,12,45.45,70.23
STU1310,QUIZ7858,Chemistry,Chemical Bonding,24,15,9,62.5,60.69
STU1310,QUIZ7859,Physics,Work and Energy,30,24,6,80.0,23.55
STU1310,QUIZ7860,Physics,Laws of Motion,25,25,0,100.0,27.23
STU1311,QUIZ7861,Biology,Human Body,22,15,7,68.18,38.01
STU1311,QUIZ7862,Chemistry,Organic Chemistry,15,8,7,53.33,53.69
STU1311,QUIZ7863,Chemistry,Chemical Bonding,22,22,0,100.0,79.41
STU1311,QUIZ7864,Biology,Human Body,23,21,2,91.3,25.81
STU1311,QUIZ7865,Biology,Cell,29,5,24,17.24,72.42
STU1311,QUIZ7866,Physics,Electricity,26,21,5,80.77,42.14
STU1312,QUIZ7867,Physics,Work and Energy,25,12,13,48.0,88.49
STU1312,QUIZ7868,Physics,Laws of Motion,15,7,8,46.67,49.3
STU1312,QUIZ7869,Physics,Motion,16,7,9,43.75,80.33
STU1312,QUIZ7870,Mathematics,Calculus,28,7,21,25.0,49.36
STU1312,QUIZ7871,Mathematics,Trigonometry,19,14,5,73.68,28.21
STU1312,QUIZ7872,Mathematics,Probability,29,25,4,86.21,78.3
STU1313,QUIZ7873,Chemistry,Atoms,18,11,7,61.11,47.1
STU1313,QUIZ7874,Physics,Motion,26,6,20,23.08,71.48
STU1313,QUIZ7875,Mathematics,Calculus,25,8,17,32.0,45.23
STU1313,QUIZ7876,Mathematics,Calculus,24,6,18,25.0,39.44
STU1313,QUIZ7877,Biology,Human Body,15,10,5,66.67,47.22
STU1313,QUIZ7878,Physics,Motion,30,8,22,26.67,73.02
STU1314,QUIZ7879,Chemistry,Chemical Bonding,29,7,22,24.14,47.35
STU1314,QUIZ7880,Physics,Electricity,23,12,11,52.17,36.17
STU1314,QUIZ7881,Chemistry,Atoms,17,5,12,29.41,29.99
STU1314,QUIZ7882,Biology,Human Body,27,22,5,81.48,89.02
STU1314,QUIZ7883,Physics,Laws of Motion,19,8,11,42.11,88.96
STU1314,QUIZ7884,Biology,Plant Physiology,15,5,10,33.33,87.01
STU1315,QUIZ7885,Chemistry,Organic Chemistry,28,20,8,71.43,27.14
STU1315,QUIZ7886,Biology,Genetics,28,8,20,28.57,84.06
STU1315,QUIZ7887,Mathematics,Trigonometry,27,8,19,29.63,71.54
STU1315,QUIZ7888,Physics,Motion,19,10,9,52.63,40.13
STU1315,QUIZ7889,Chemistry,Organic Chemistry,15,11,4,73.33,52.46
STU1315,QUIZ7890,Mathematics,Trigonometry,18,17,1,94.44,88.36
STU1316,QUIZ7891,Physics,Electricity,20,15,5,75.0,39.76
STU1316,QUIZ7892,Mathematics,Trigonometry,19,18,1,94.74,66.67
STU1316,QUIZ7893,Physics,Electricity,24,15,9,62.5,24.3
STU1316,QUIZ7894,Physics,Electricity,24,15,9,62.5,63.86
STU1316,QUIZ7895,Physics,Motion,23,14,9,60.87,75.11
STU1316,QUIZ7896,Biology,Genetics,28,21,7,75.0,62.49
STU1317,QUIZ7897,Physics,Motion,26,18,8,69.23,33.66
STU1317,QUIZ7898,Chemistry,Organic Chemistry,25,11,14,44.0,42.96
STU1317,QUIZ7899,Physics,Laws of Motion,16,5,11,31.25,27.91
STU1317,QUIZ7900,Chemistry,Organic Chemistry,30,27,3,90.0,67.68
STU1317,QUIZ7901,Chemistry,Acids and Bases,18,18,0,100.0,71.43
STU1317,QUIZ7902,Chemistry,Atoms,29,26,3,89.66,38.53
STU1318,QUIZ7903,Physics,Work and Energy,29,15,14,51.72,72.42
STU1318,QUIZ7904,Physics,Motion,23,11,12,47.83,83.78
STU1318,QUIZ7905,Physics,Motion,17,11,6,64.71,54.39
STU1318,QUIZ7906,Physics,Work and Energy,26,25,1,96.15,52.22
STU1318,QUIZ7907,Chemistry,Organic Chemistry,15,13,2,86.67,39.63
STU1318,QUIZ7908,Physics,Laws of Motion,28,19,9,67.86,31.66
STU1319,QUIZ7909,Chemistry,Acids and Bases,29,5,24,17.24,53.73
STU1319,QUIZ7910,Chemistry,Atoms,26,14,12,53.85,22.68
STU1319,QUIZ7911,Mathematics,Probability,22,14,8,63.64,54.3
STU1319,QUIZ7912,Chemistry,Organic Chemistry,17,14,3,82.35,31.62
STU1319,QUIZ7913,Biology,Genetics,20,12,8,60.0,36.1
STU1319,QUIZ7914,Chemistry,Organic Chemistry,25,5,20,20.0,76.3
STU1320,QUIZ7915,Physics,Electricity,24,9,15,37.5,65.01
STU1320,QUIZ7916,Chemistry,Atoms,25,14,11,56.0,58.73
STU1320,QUIZ7917,Mathematics,Algebra,27,5,22,18.52,78.83
STU1320,QUIZ7918,Biology,Genetics,25,23,2,92.0,25.39
STU1320,QUIZ7919,Chemistry,Acids and Bases,30,22,8,73.33,78.51
STU1320,QUIZ7920,Mathematics,Algebra,16,14,2,87.5,26.0
STU1321,QUIZ7921,Physics,Electricity,24,8,16,33.33,60.14
STU1321,QUIZ7922,Biology,Genetics,19,12,7,63.16,87.61
STU1321,QUIZ7923,Mathematics,Calculus,25,8,17,32.0,41.13
STU1321,QUIZ7924,Mathematics,Trigonometry,27,7,20,25.93,20.91
STU1321,QUIZ7925,Physics,Laws of Motion,18,6,12,33.33,56.07
STU1321,QUIZ7926,Biology,Plant Physiology,16,12,4,75.0,52.19
STU1322,QUIZ7927,Physics,Work and Energy,20,20,0,100.0,42.46
STU1322,QUIZ7928,Physics,Laws of Motion,18,9,9,50.0,85.21
STU1322,QUIZ7929,Mathematics,Probability,29,15,14,51.72,45.47
STU1322,QUIZ7930,Biology,Cell,17,10,7,58.82,63.21
STU1322,QUIZ7931,Biology,Plant Physiology,22,16,6,72.73,86.84
STU1322,QUIZ7932,Mathematics,Calculus,22,6,16,27.27,83.02
STU1323,QUIZ7933,Chemistry,Atoms,28,22,6,78.57,30.33
STU1323,QUIZ7934,Mathematics,Trigonometry,16,9,7,56.25,64.59
STU1323,QUIZ7935,Biology,Plant Physiology,19,19,0,100.0,45.1
STU1323,QUIZ7936,Physics,Work and Energy,29,5,24,17.24,65.69
STU1323,QUIZ7937,Physics,Work and Energy,19,12,7,63.16,36.4
STU1323,QUIZ7938,Physics,Work and Energy,27,7,20,25.93,33.03
STU1324,QUIZ7939,Biology,Human Body,16,11,5,68.75,80.37
STU1324,QUIZ7940,Physics,Electricity,19,17,2,89.47,79.67
STU1324,QUIZ7941,Biology,Plant Physiology,22,12,10,54.55,20.52
STU1324,QUIZ7942,Mathematics,Algebra,25,15,10,60.0,50.32
STU1324,QUIZ7943,Physics,Electricity,19,13,6,68.42,59.61
STU1324,QUIZ7944,Biology,Cell,24,8,16,33.33,63.39
STU1325,QUIZ7945,Physics,Electricity,26,23,3,88.46,50.59
STU1325,QUIZ7946,Biology,Genetics,18,12,6,66.67,33.89
STU1325,QUIZ7947,Physics,Motion,16,6,10,37.5,44.68
STU1325,QUIZ7948,Physics,Electricity,22,13,9,59.09,56.52
STU1325,QUIZ7949,Chemistry,Organic Chemistry,20,13,7,65.0,69.1
STU1325,QUIZ7950,Physics,Electricity,30,8,22,26.67,34.57
STU1326,QUIZ7951,Physics,Laws of Motion,19,7,12,36.84,45.86
STU1326,QUIZ7952,Mathematics,Calculus,23,13,10,56.52,60.03
STU1326,QUIZ7953,Mathematics,Calculus,19,19,0,100.0,39.52
STU1326,QUIZ7954,Mathematics,Algebra,22,9,13,40.91,46.79
STU1326,QUIZ7955,Mathematics,Calculus,25,21,4,84.0,25.95
STU1326,QUIZ7956,Physics,Laws of Motion,28,11,17,39.29,80.39
STU1327,QUIZ7957,Physics,Electricity,21,17,4,80.95,31.05
STU1327,QUIZ7958,Physics,Laws of Motion,23,21,2,91.3,80.89
STU1327,QUIZ7959,Mathematics,Trigonometry,27,10,17,37.04,78.75
STU1327,QUIZ7960,Chemistry,Chemical Bonding,22,17,5,77.27,62.72
STU1327,QUIZ7961,Chemistry,Atoms,22,7,15,31.82,47.75
STU1327,QUIZ7962,Biology,Plant Physiology,29,7,22,24.14,58.45
STU1328,QUIZ7963,Physics,Motion,27,25,2,92.59,60.92
STU1328,QUIZ7964,Physics,Work and Energy,21,10,11,47.62,60.46
STU1328,QUIZ7965,Mathematics,Algebra,18,5,13,27.78,85.75
STU1328,QUIZ7966,Physics,Electricity,15,9,6,60.0,89.99
STU1328,QUIZ7967,Biology,Genetics,27,17,10,62.96,89.58
STU1328,QUIZ7968,Mathematics,Calculus,20,18,2,90.0,30.56
STU1329,QUIZ7969,Chemistry,Atoms,21,18,3,85.71,44.71
STU1329,QUIZ7970,Chemistry,Acids and Bases,16,13,3,81.25,51.68
STU1329,QUIZ7971,Mathematics,Algebra,29,16,13,55.17,68.81
STU1329,QUIZ7972,Physics,Motion,18,6,12,33.33,29.46
STU1329,QUIZ7973,Physics,Motion,20,7,13,35.0,83.29
STU1329,QUIZ7974,Biology,Genetics,26,23,3,88.46,34.03
STU1330,QUIZ7975,Physics,Motion,22,18,4,81.82,61.69
STU1330,QUIZ7976,Chemistry,Organic Chemistry,27,9,18,33.33,70.67
STU1330,QUIZ7977,Biology,Genetics,28,6,22,21.43,76.7
STU1330,QUIZ7978,Physics,Electricity,23,18,5,78.26,63.1
STU1330,QUIZ7979,Mathematics,Trigonometry,25,25,0,100.0,82.94
STU1330,QUIZ7980,Chemistry,Acids and Bases,29,22,7,75.86,30.41
STU1331,QUIZ7981,Biology,Genetics,27,18,9,66.67,87.71
STU1331,QUIZ7982,Mathematics,Algebra,23,21,2,91.3,51.34
STU1331,QUIZ7983,Mathematics,Algebra,18,18,0,100.0,60.28
STU1331,QUIZ7984,Mathematics,Probability,29,19,10,65.52,57.44
STU1331,QUIZ7985,Chemistry,Atoms,28,10,18,35.71,66.29
STU1331,QUIZ7986,Mathematics,Probability,29,8,21,27.59,28.09
STU1332,QUIZ7987,Biology,Plant Physiology,30,30,0,100.0,81.05
STU1332,QUIZ7988,Mathematics,Probability,16,11,5,68.75,48.72
STU1332,QUIZ7989,Biology,Human Body,28,21,7,75.0,47.13
STU1332,QUIZ7990,Biology,Human Body,16,16,0,100.0,61.54
STU1332,QUIZ7991,Chemistry,Organic Chemistry,16,6,10,37.5,38.19
STU1332,QUIZ7992,Biology,Genetics,26,10,16,38.46,23.58
STU1333,QUIZ7993,Physics,Electricity,22,10,12,45.45,41.12
STU1333,QUIZ7994,Physics,Electricity,28,21,7,75.0,70.58
STU1333,QUIZ7995,Biology,Human Body,21,11,10,52.38,76.48
STU1333,QUIZ7996,Chemistry,Acids and Bases,22,6,16,27.27,72.34
STU1333,QUIZ7997,Biology,Genetics,30,26,4,86.67,46.31
STU1333,QUIZ7998,Biology,Genetics,21,10,11,47.62,79.51
STU1334,QUIZ7999,Biology,Plant Physiology,24,13,11,54.17,39.96
STU1334,QUIZ8000,Biology,Cell,17,11,6,64.71,45.49
STU1334,QUIZ8001,Physics,Electricity,24,24,0,100.0,24.84
STU1334,QUIZ8002,Chemistry,Organic Chemistry,24,17,7,70.83,28.09
STU1334,QUIZ8003,Physics,Motion,22,11,11,50.0,43.81
STU1334,QUIZ8004,Physics,Electricity,30,13,17,43.33,33.72
STU1335,QUIZ8005,Mathematics,Probability,18,12,6,66.67,33.46
STU1335,QUIZ8006,Mathematics,Calculus,19,8,11,42.11,32.76
STU1335,QUIZ8007,Chemistry,Organic Chemistry,21,19,2,90.48,55.64
STU1335,QUIZ8008,Biology,Cell,19,18,1,94.74,35.85
STU1335,QUIZ8009,Mathematics,Algebra,21,20,1,95.24,64.56
STU1335,QUIZ8010,Chemistry,Atoms,15,9,6,60.0,80.46
STU1336,QUIZ8011,Chemistry,Acids and Bases,25,25,0,100.0,21.06
STU1336,QUIZ8012,Biology,Genetics,30,5,25,16.67,71.46
STU1336,QUIZ8013,Mathematics,Probability,30,16,14,53.33,88.32
STU1336,QUIZ8014,Mathematics,Calculus,19,16,3,84.21,72.65
STU1336,QUIZ8015,Chemistry,Chemical Bonding,24,9,15,37.5,61.55
STU1336,QUIZ8016,Mathematics,Trigonometry,19,16,3,84.21,54.18
STU1337,QUIZ8017,Physics,Electricity,23,22,1,95.65,58.9
STU1337,QUIZ8018,Chemistry,Acids and Bases,24,14,10,58.33,66.17
STU1337,QUIZ8019,Biology,Human Body,20,10,10,50.0,60.84
STU1337,QUIZ8020,Chemistry,Organic Chemistry,16,8,8,50.0,24.42
STU1337,QUIZ8021,Physics,Laws of Motion,19,17,2,89.47,81.82
STU1337,QUIZ8022,Physics,Motion,23,22,1,95.65,54.75
STU1338,QUIZ8023,Mathematics,Calculus,17,17,0,100.0,69.55
STU1338,QUIZ8024,Physics,Laws of Motion,28,12,16,42.86,49.29
STU1338,QUIZ8025,Chemistry,Organic Chemistry,30,10,20,33.33,57.28
STU1338,QUIZ8026,Physics,Motion,20,19,1,95.0,53.95
STU1338,QUIZ8027,Physics,Motion,16,11,5,68.75,52.48
STU1338,QUIZ8028,Mathematics,Calculus,18,16,2,88.89,64.78
STU1339,QUIZ8029,Mathematics,Calculus,22,8,14,36.36,83.18
STU1339,QUIZ8030,Mathematics,Probability,26,11,15,42.31,46.44
STU1339,QUIZ8031,Biology,Genetics,16,12,4,75.0,41.68
STU1339,QUIZ8032,Chemistry,Atoms,26,13,13,50.0,70.46
STU1339,QUIZ8033,Mathematics,Probability,26,6,20,23.08,35.12
STU1339,QUIZ8034,Mathematics,Algebra,24,12,12,50.0,36.93
STU1340,QUIZ8035,Biology,Human Body,25,15,10,60.0,20.1
STU1340,QUIZ8036,Biology,Plant Physiology,30,7,23,23.33,31.79
STU1340,QUIZ8037,Biology,Genetics,19,16,3,84.21,47.63
STU1340,QUIZ8038,Chemistry,Atoms,23,11,12,47.83,61.66
STU1340,QUIZ8039,Biology,Genetics,20,19,1,95.0,54.13
STU1340,QUIZ8040,Biology,Human Body,15,15,0,100.0,58.57
STU1341,QUIZ8041,Biology,Plant Physiology,26,22,4,84.62,77.06
STU1341,QUIZ8042,Mathematics,Trigonometry,24,21,3,87.5,81.05
STU1341,QUIZ8043,Physics,Motion,15,9,6,60.0,33.24
STU1341,QUIZ8044,Physics,Motion,16,7,9,43.75,47.18
STU1341,QUIZ8045,Chemistry,Organic Chemistry,28,14,14,50.0,83.91
STU1341,QUIZ8046,Physics,Laws of Motion,28,11,17,39.29,36.65
STU1342,QUIZ8047,Physics,Work and Energy,17,8,9,47.06,81.75
STU1342,QUIZ8048,Mathematics,Calculus,24,10,14,41.67,65.63
STU1342,QUIZ8049,Mathematics,Probability,15,15,0,100.0,65.15
STU1342,QUIZ8050,Mathematics,Calculus,19,13,6,68.42,46.84
STU1342,QUIZ8051,Mathematics,Probability,24,15,9,62.5,42.91
STU1342,QUIZ8052,Physics,Laws of Motion,17,15,2,88.24,40.1
STU1343,QUIZ8053,Chemistry,Atoms,24,8,16,33.33,71.18
STU1343,QUIZ8054,Mathematics,Probability,23,10,13,43.48,65.62
STU1343,QUIZ8055,Mathematics,Algebra,24,14,10,58.33,59.83
STU1343,QUIZ8056,Biology,Human Body,16,5,11,31.25,60.6
STU1343,QUIZ8057,Chemistry,Organic Chemistry,21,9,12,42.86,72.79
STU1343,QUIZ8058,Mathematics,Trigonometry,22,17,5,77.27,64.53
STU1344,QUIZ8059,Chemistry,Chemical Bonding,17,5,12,29.41,49.7
STU1344,QUIZ8060,Physics,Motion,22,9,13,40.91,24.95
STU1344,QUIZ8061,Chemistry,Organic Chemistry,17,11,6,64.71,80.25
STU1344,QUIZ8062,Physics,Work and Energy,29,29,0,100.0,38.81
STU1344,QUIZ8063,Mathematics,Probability,24,7,17,29.17,59.9
STU1344,QUIZ8064,Biology,Human Body,16,13,3,81.25,62.12
STU1345,QUIZ8065,Chemistry,Atoms,24,11,13,45.83,62.1
STU1345,QUIZ8066,Mathematics,Trigonometry,21,5,16,23.81,80.62
STU1345,QUIZ8067,Mathematics,Algebra,22,17,5,77.27,85.55
STU1345,QUIZ8068,Mathematics,Probability,25,19,6,76.0,42.32
STU1345,QUIZ8069,Chemistry,Acids and Bases,24,12,12,50.0,89.98
STU1345,QUIZ8070,Biology,Human Body,21,18,3,85.71,83.53
STU1346,QUIZ8071,Biology,Plant Physiology,26,5,21,19.23,47.5
STU1346,QUIZ8072,Biology,Genetics,28,16,12,57.14,40.05
STU1346,QUIZ8073,Physics,Work and Energy,25,20,5,80.0,81.12
STU1346,QUIZ8074,Biology,Cell,20,8,12,40.0,47.49
STU1346,QUIZ8075,Mathematics,Trigonometry,23,12,11,52.17,36.64
STU1346,QUIZ8076,Physics,Work and Energy,22,12,10,54.55,89.84
STU1347,QUIZ8077,Biology,Cell,15,10,5,66.67,71.02
STU1347,QUIZ8078,Chemistry,Atoms,23,18,5,78.26,73.68
STU1347,QUIZ8079,Chemistry,Chemical Bonding,25,12,13,48.0,39.91
STU1347,QUIZ8080,Biology,Plant Physiology,27,5,22,18.52,52.15
STU1347,QUIZ8081,Chemistry,Chemical Bonding,30,13,17,43.33,67.17
STU1347,QUIZ8082,Mathematics,Calculus,18,13,5,72.22,48.9
STU1348,QUIZ8083,Chemistry,Atoms,26,24,2,92.31,61.48
STU1348,QUIZ8084,Mathematics,Probability,19,11,8,57.89,20.5
STU1348,QUIZ8085,Biology,Cell,27,8,19,29.63,54.04
STU1348,QUIZ8086,Chemistry,Atoms,22,5,17,22.73,49.71
STU1348,QUIZ8087,Biology,Cell,26,11,15,42.31,35.41
STU1348,QUIZ8088,Chemistry,Atoms,24,17,7,70.83,27.12
STU1349,QUIZ8089,Biology,Human Body,15,10,5,66.67,58.49
STU1349,QUIZ8090,Physics,Work and Energy,30,16,14,53.33,24.26
STU1349,QUIZ8091,Chemistry,Acids and Bases,28,27,1,96.43,63.39
STU1349,QUIZ8092,Chemistry,Acids and Bases,24,10,14,41.67,25.2
STU1349,QUIZ8093,Physics,Laws of Motion,20,19,1,95.0,27.96
STU1349,QUIZ8094,Mathematics,Algebra,27,11,16,40.74,55.94
STU1350,QUIZ8095,Biology,Cell,19,6,13,31.58,65.75
STU1350,QUIZ8096,Biology,Cell,24,16,8,66.67,73.18
STU1350,QUIZ8097,Physics,Laws of Motion,27,12,15,44.44,38.72
STU1350,QUIZ8098,Chemistry,Atoms,18,12,6,66.67,35.02
STU1350,QUIZ8099,Chemistry,Chemical Bonding,27,11,16,40.74,82.53
STU1350,QUIZ8100,Physics,Work and Energy,23,21,2,91.3,42.44
STU1351,QUIZ8101,Chemistry,Organic Chemistry,30,9,21,30.0,81.91
STU1351,QUIZ8102,Biology,Plant Physiology,23,18,5,78.26,57.58
STU1351,QUIZ8103,Physics,Work and Energy,29,27,2,93.1,61.48
STU1351,QUIZ8104,Chemistry,Atoms,15,14,1,93.33,47.56
STU1351,QUIZ8105,Physics,Laws of Motion,28,15,13,53.57,55.03
STU1351,QUIZ8106,Physics,Laws of Motion,26,16,10,61.54,37.91
STU1352,QUIZ8107,Physics,Work and Energy,25,17,8,68.0,69.5
STU1352,QUIZ8108,Mathematics,Trigonometry,19,7,12,36.84,89.03
STU1352,QUIZ8109,Biology,Cell,19,13,6,68.42,33.87
STU1352,QUIZ8110,Biology,Cell,18,5,13,27.78,56.38
STU1352,QUIZ8111,Biology,Plant Physiology,27,8,19,29.63,29.9
STU1352,QUIZ8112,Physics,Work and Energy,25,5,20,20.0,41.74
STU1353,QUIZ8113,Biology,Genetics,23,13,10,56.52,65.16
STU1353,QUIZ8114,Biology,Genetics,16,11,5,68.75,20.77
STU1353,QUIZ8115,Physics,Work and Energy,20,5,15,25.0,87.69
STU1353,QUIZ8116,Physics,Motion,20,13,7,65.0,84.93
STU1353,QUIZ8117,Biology,Cell,16,15,1,93.75,31.69
STU1353,QUIZ8118,Chemistry,Chemical Bonding,23,18,5,78.26,24.62
STU1354,QUIZ8119,Mathematics,Algebra,27,21,6,77.78,78.9
STU1354,QUIZ8120,Mathematics,Trigonometry,17,15,2,88.24,50.62
STU1354,QUIZ8121,Mathematics,Trigonometry,18,12,6,66.67,34.04
STU1354,QUIZ8122,Chemistry,Organic Chemistry,26,9,17,34.62,39.67
STU1354,QUIZ8123,Mathematics,Probability,27,8,19,29.63,83.31
STU1354,QUIZ8124,Chemistry,Acids and Bases,30,25,5,83.33,44.84
STU1355,QUIZ8125,Physics,Motion,27,24,3,88.89,63.59
STU1355,QUIZ8126,Chemistry,Chemical Bonding,18,15,3,83.33,65.6
STU1355,QUIZ8127,Physics,Electricity,23,15,8,65.22,21.09
STU1355,QUIZ8128,Chemistry,Acids and Bases,26,25,1,96.15,39.28
STU1355,QUIZ8129,Mathematics,Calculus,20,14,6,70.0,58.55
STU1355,QUIZ8130,Mathematics,Algebra,16,16,0,100.0,33.28
STU1356,QUIZ8131,Mathematics,Probability,15,15,0,100.0,73.89
STU1356,QUIZ8132,Physics,Electricity,22,20,2,90.91,68.69
STU1356,QUIZ8133,Mathematics,Calculus,30,29,1,96.67,56.78
STU1356,QUIZ8134,Biology,Cell,28,28,0,100.0,45.47
STU1356,QUIZ8135,Chemistry,Chemical Bonding,16,13,3,81.25,35.94
STU1356,QUIZ8136,Chemistry,Acids and Bases,21,9,12,42.86,38.82
STU1357,QUIZ8137,Mathematics,Algebra,29,10,19,34.48,74.79
STU1357,QUIZ8138,Physics,Motion,24,20,4,83.33,81.25
STU1357,QUIZ8139,Mathematics,Calculus,28,13,15,46.43,22.02
STU1357,QUIZ8140,Mathematics,Trigonometry,20,10,10,50.0,81.41
STU1357,QUIZ8141,Chemistry,Acids and Bases,25,24,1,96.0,54.02
STU1357,QUIZ8142,Mathematics,Algebra,15,7,8,46.67,35.22
STU1358,QUIZ8143,Biology,Plant Physiology,17,7,10,41.18,70.45
STU1358,QUIZ8144,Biology,Plant Physiology,16,6,10,37.5,60.51
STU1358,QUIZ8145,Mathematics,Trigonometry,25,18,7,72.0,54.76
STU1358,QUIZ8146,Biology,Plant Physiology,22,18,4,81.82,31.69
STU1358,QUIZ8147,Biology,Genetics,28,9,19,32.14,57.65
STU1358,QUIZ8148,Chemistry,Atoms,22,22,0,100.0,83.88
STU1359,QUIZ8149,Chemistry,Chemical Bonding,16,11,5,68.75,21.16
STU1359,QUIZ8150,Biology,Human Body,27,14,13,51.85,74.91
STU1359,QUIZ8151,Biology,Cell,30,26,4,86.67,48.88
STU1359,QUIZ8152,Chemistry,Acids and Bases,28,22,6,78.57,63.64
STU1359,QUIZ8153,Mathematics,Calculus,16,11,5,68.75,88.78
STU1359,QUIZ8154,Chemistry,Chemical Bonding,30,20,10,66.67,46.62
STU1360,QUIZ8155,Chemistry,Organic Chemistry,26,6,20,23.08,70.51
STU1360,QUIZ8156,Chemistry,Acids and Bases,18,14,4,77.78,40.0
STU1360,QUIZ8157,Chemistry,Organic Chemistry,27,21,6,77.78,48.82
STU1360,QUIZ8158,Chemistry,Organic Chemistry,28,5,23,17.86,24.86
STU1360,QUIZ8159,Physics,Laws of Motion,26,23,3,88.46,71.68
STU1360,QUIZ8160,Mathematics,Algebra,17,17,0,100.0,80.68
STU1361,QUIZ8161,Mathematics,Algebra,27,23,4,85.19,52.81
STU1361,QUIZ8162,Mathematics,Probability,15,13,2,86.67,29.8
STU1361,QUIZ8163,Mathematics,Probability,22,5,17,22.73,64.37
STU1361,QUIZ8164,Chemistry,Chemical Bonding,30,22,8,73.33,21.15
STU1361,QUIZ8165,Mathematics,Probability,23,9,14,39.13,26.59
STU1361,QUIZ8166,Biology,Human Body,18,7,11,38.89,88.25
STU1362,QUIZ8167,Physics,Work and Energy,25,13,12,52.0,49.9
STU1362,QUIZ8168,Mathematics,Calculus,21,5,16,23.81,56.14
STU1362,QUIZ8169,Chemistry,Acids and Bases,21,9,12,42.86,86.9
STU1362,QUIZ8170,Physics,Electricity,17,6,11,35.29,76.3
STU1362,QUIZ8171,Biology,Human Body,25,13,12,52.0,30.65
STU1362,QUIZ8172,Biology,Genetics,29,19,10,65.52,21.54
STU1363,QUIZ8173,Physics,Laws of Motion,15,11,4,73.33,87.49
STU1363,QUIZ8174,Physics,Laws of Motion,15,7,8,46.67,65.12
STU1363,QUIZ8175,Chemistry,Acids and Bases,15,8,7,53.33,65.19
STU1363,QUIZ8176,Mathematics,Trigonometry,16,11,5,68.75,43.28
STU1363,QUIZ8177,Chemistry,Acids and Bases,21,16,5,76.19,58.84
STU1363,QUIZ8178,Mathematics,Algebra,23,10,13,43.48,36.71
STU1364,QUIZ8179,Physics,Electricity,29,14,15,48.28,55.99
STU1364,QUIZ8180,Chemistry,Atoms,30,5,25,16.67,56.77
STU1364,QUIZ8181,Physics,Motion,21,16,5,76.19,77.43
STU1364,QUIZ8182,Biology,Cell,22,11,11,50.0,77.82
STU1364,QUIZ8183,Mathematics,Calculus,30,11,19,36.67,49.96
STU1364,QUIZ8184,Biology,Cell,16,7,9,43.75,74.48
STU1365,QUIZ8185,Physics,Work and Energy,17,13,4,76.47,43.99
STU1365,QUIZ8186,Biology,Cell,23,16,7,69.57,58.44
STU1365,QUIZ8187,Biology,Plant Physiology,28,19,9,67.86,81.15
STU1365,QUIZ8188,Chemistry,Chemical Bonding,19,6,13,31.58,78.9
STU1365,QUIZ8189,Physics,Electricity,29,17,12,58.62,84.4
STU1365,QUIZ8190,Physics,Laws of Motion,26,8,18,30.77,31.12
STU1366,QUIZ8191,Physics,Laws of Motion,25,14,11,56.0,78.83
STU1366,QUIZ8192,Chemistry,Chemical Bonding,21,12,9,57.14,50.86
STU1366,QUIZ8193,Mathematics,Probability,17,6,11,35.29,28.84
STU1366,QUIZ8194,Physics,Laws of Motion,20,14,6,70.0,41.9
STU1366,QUIZ8195,Physics,Motion,24,19,5,79.17,65.28
STU1366,QUIZ8196,Physics,Work and Energy,24,11,13,45.83,48.33
STU1367,QUIZ8197,Biology,Cell,27,5,22,18.52,66.82
STU1367,QUIZ8198,Chemistry,Atoms,15,7,8,46.67,53.23
STU1367,QUIZ8199,Physics,Work and Energy,24,23,1,95.83,57.7
STU1367,QUIZ8200,Mathematics,Calculus,28,21,7,75.0,20.07
STU1367,QUIZ8201,Biology,Human Body,30,12,18,40.0,28.97
STU1367,QUIZ8202,Physics,Electricity,27,6,21,22.22,47.24
STU1368,QUIZ8203,Chemistry,Acids and Bases,22,18,4,81.82,85.07
STU1368,QUIZ8204,Physics,Work and Energy,19,8,11,42.11,32.91
STU1368,QUIZ8205,Biology,Genetics,22,10,12,45.45,85.32
STU1368,QUIZ8206,Biology,Cell,26,12,14,46.15,77.95
STU1368,QUIZ8207,Chemistry,Acids and Bases,16,7,9,43.75,49.92
STU1368,QUIZ8208,Biology,Cell,23,11,12,47.83,45.22
STU1369,QUIZ8209,Biology,Human Body,28,12,16,42.86,87.17
STU1369,QUIZ8210,Chemistry,Organic Chemistry,27,5,22,18.52,65.94
STU1369,QUIZ8211,Biology,Cell,19,13,6,68.42,26.63
STU1369,QUIZ8212,Mathematics,Algebra,24,12,12,50.0,27.46
STU1369,QUIZ8213,Mathematics,Trigonometry,29,17,12,58.62,20.34
STU1369,QUIZ8214,Chemistry,Chemical Bonding,18,7,11,38.89,56.98
STU1370,QUIZ8215,Mathematics,Probability,26,25,1,96.15,42.81
STU1370,QUIZ8216,Biology,Human Body,23,13,10,56.52,75.17
STU1370,QUIZ8217,Chemistry,Chemical Bonding,29,12,17,41.38,86.97
STU1370,QUIZ8218,Mathematics,Calculus,26,6,20,23.08,84.47
STU1370,QUIZ8219,Physics,Electricity,23,23,0,100.0,39.54
STU1370,QUIZ8220,Chemistry,Chemical Bonding,23,14,9,60.87,22.93
STU1371,QUIZ8221,Physics,Electricity,30,30,0,100.0,24.96
STU1371,QUIZ8222,Chemistry,Organic Chemistry,19,9,10,47.37,58.41
STU1371,QUIZ8223,Biology,Cell,16,10,6,62.5,58.45
STU1371,QUIZ8224,Mathematics,Algebra,28,9,19,32.14,38.61
STU1371,QUIZ8225,Physics,Electricity,29,13,16,44.83,52.57
STU1371,QUIZ8226,Chemistry,Atoms,30,9,21,30.0,31.79
STU1372,QUIZ8227,Physics,Motion,29,7,22,24.14,39.79
STU1372,QUIZ8228,Physics,Laws of Motion,24,9,15,37.5,39.63
STU1372,QUIZ8229,Biology,Genetics,30,17,13,56.67,34.93
STU1372,QUIZ8230,Physics,Work and Energy,29,21,8,72.41,23.12
STU1372,QUIZ8231,Mathematics,Algebra,18,7,11,38.89,51.32
STU1372,QUIZ8232,Mathematics,Algebra,20,16,4,80.0,42.03
STU1373,QUIZ8233,Biology,Genetics,30,6,24,20.0,41.61
STU1373,QUIZ8234,Biology,Genetics,28,8,20,28.57,64.56
STU1373,QUIZ8235,Mathematics,Trigonometry,30,16,14,53.33,29.15
STU1373,QUIZ8236,Biology,Plant Physiology,28,22,6,78.57,41.7
STU1373,QUIZ8237,Biology,Cell,24,11,13,45.83,37.92
STU1373,QUIZ8238,Biology,Genetics,26,9,17,34.62,81.75
STU1374,QUIZ8239,Chemistry,Chemical Bonding,26,13,13,50.0,26.66
STU1374,QUIZ8240,Chemistry,Acids and Bases,26,9,17,34.62,35.02
STU1374,QUIZ8241,Chemistry,Organic Chemistry,21,10,11,47.62,47.95
STU1374,QUIZ8242,Mathematics,Probability,28,5,23,17.86,68.53
STU1374,QUIZ8243,Biology,Human Body,22,22,0,100.0,54.52
STU1374,QUIZ8244,Physics,Work and Energy,19,10,9,52.63,55.88
STU1375,QUIZ8245,Mathematics,Calculus,24,18,6,75.0,73.4
STU1375,QUIZ8246,Mathematics,Trigonometry,23,23,0,100.0,63.59
STU1375,QUIZ8247,Chemistry,Chemical Bonding,20,5,15,25.0,82.56
STU1375,QUIZ8248,Biology,Genetics,16,13,3,81.25,41.44
STU1375,QUIZ8249,Physics,Electricity,23,18,5,78.26,36.08
STU1375,QUIZ8250,Mathematics,Algebra,20,11,9,55.0,39.0
STU1376,QUIZ8251,Physics,Motion,27,5,22,18.52,77.7
STU1376,QUIZ8252,Mathematics,Algebra,28,15,13,53.57,85.18
STU1376,QUIZ8253,Biology,Cell,23,12,11,52.17,21.01
STU1376,QUIZ8254,Mathematics,Probability,22,21,1,95.45,72.49
STU1376,QUIZ8255,Biology,Human Body,21,21,0,100.0,32.48
STU1376,QUIZ8256,Physics,Laws of Motion,25,8,17,32.0,38.11
STU1377,QUIZ8257,Biology,Cell,30,12,18,40.0,77.71
STU1377,QUIZ8258,Biology,Cell,20,13,7,65.0,25.64
STU1377,QUIZ8259,Biology,Plant Physiology,19,11,8,57.89,34.93
STU1377,QUIZ8260,Physics,Electricity,20,10,10,50.0,43.41
STU1377,QUIZ8261,Physics,Work and Energy,25,19,6,76.0,75.73
STU1377,QUIZ8262,Mathematics,Algebra,16,8,8,50.0,31.99
STU1378,QUIZ8263,Chemistry,Chemical Bonding,29,9,20,31.03,60.22
STU1378,QUIZ8264,Physics,Work and Energy,26,25,1,96.15,84.64
STU1378,QUIZ8265,Chemistry,Atoms,16,12,4,75.0,46.11
STU1378,QUIZ8266,Chemistry,Chemical Bonding,29,19,10,65.52,61.34
STU1378,QUIZ8267,Mathematics,Probability,24,22,2,91.67,75.67
STU1378,QUIZ8268,Mathematics,Calculus,17,16,1,94.12,24.04
STU1379,QUIZ8269,Biology,Plant Physiology,19,16,3,84.21,34.34
STU1379,QUIZ8270,Mathematics,Calculus,19,12,7,63.16,27.64
STU1379,QUIZ8271,Chemistry,Chemical Bonding,24,13,11,54.17,51.23
STU1379,QUIZ8272,Mathematics,Algebra,28,17,11,60.71,25.86
STU1379,QUIZ8273,Physics,Electricity,29,25,4,86.21,52.48
STU1379,QUIZ8274,Physics,Electricity,23,20,3,86.96,41.0
STU1380,QUIZ8275,Mathematics,Trigonometry,26,20,6,76.92,20.55
STU1380,QUIZ8276,Biology,Plant Physiology,19,14,5,73.68,52.79
STU1380,QUIZ8277,Biology,Genetics,22,16,6,72.73,26.18
STU1380,QUIZ8278,Chemistry,Acids and Bases,30,24,6,80.0,51.03
STU1380,QUIZ8279,Chemistry,Organic Chemistry,23,14,9,60.87,87.57
STU1380,QUIZ8280,Biology,Cell,25,16,9,64.0,84.43
STU1381,QUIZ8281,Biology,Cell,28,12,16,42.86,80.49
STU1381,QUIZ8282,Mathematics,Calculus,18,7,11,38.89,34.63
STU1381,QUIZ8283,Chemistry,Atoms,28,16,12,57.14,47.23
STU1381,QUIZ8284,Chemistry,Acids and Bases,20,13,7,65.0,40.65
STU1381,QUIZ8285,Physics,Laws of Motion,30,29,1,96.67,88.99
STU1381,QUIZ8286,Chemistry,Chemical Bonding,25,10,15,40.0,72.21
STU1382,QUIZ8287,Physics,Work and Energy,29,21,8,72.41,21.35
STU1382,QUIZ8288,Physics,Work and Energy,16,12,4,75.0,46.8
STU1382,QUIZ8289,Physics,Laws of Motion,23,14,9,60.87,75.18
STU1382,QUIZ8290,Biology,Cell,30,7,23,23.33,68.53
STU1382,QUIZ8291,Physics,Motion,22,10,12,45.45,47.97
STU1382,QUIZ8292,Chemistry,Acids and Bases,27,12,15,44.44,87.77
STU1383,QUIZ8293,Mathematics,Probability,18,12,6,66.67,67.69
STU1383,QUIZ8294,Biology,Cell,15,15,0,100.0,62.3
STU1383,QUIZ8295,Chemistry,Organic Chemistry,16,13,3,81.25,53.07
STU1383,QUIZ8296,Biology,Genetics,28,23,5,82.14,61.54
STU1383,QUIZ8297,Mathematics,Algebra,28,8,20,28.57,64.87
STU1383,QUIZ8298,Physics,Laws of Motion,28,13,15,46.43,74.71
STU1384,QUIZ8299,Chemistry,Chemical Bonding,21,14,7,66.67,62.76
STU1384,QUIZ8300,Mathematics,Probability,15,6,9,40.0,51.94
STU1384,QUIZ8301,Biology,Cell,24,13,11,54.17,65.74
STU1384,QUIZ8302,Chemistry,Organic Chemistry,25,12,13,48.0,52.2
STU1384,QUIZ8303,Chemistry,Chemical Bonding,19,19,0,100.0,60.03
STU1384,QUIZ8304,Biology,Human Body,22,6,16,27.27,22.04
STU1385,QUIZ8305,Biology,Genetics,25,5,20,20.0,71.19
STU1385,QUIZ8306,Mathematics,Algebra,15,13,2,86.67,22.01
STU1385,QUIZ8307,Biology,Plant Physiology,28,27,1,96.43,65.82
STU1385,QUIZ8308,Physics,Motion,25,13,12,52.0,78.01
STU1385,QUIZ8309,Chemistry,Acids and Bases,26,18,8,69.23,45.02
STU1385,QUIZ8310,Biology,Genetics,20,10,10,50.0,68.72
STU1386,QUIZ8311,Mathematics,Probability,26,19,7,73.08,54.58
STU1386,QUIZ8312,Physics,Electricity,29,18,11,62.07,72.16
STU1386,QUIZ8313,Physics,Motion,24,22,2,91.67,30.17
STU1386,QUIZ8314,Mathematics,Algebra,16,5,11,31.25,44.33
STU1386,QUIZ8315,Physics,Laws of Motion,28,26,2,92.86,47.04
STU1386,QUIZ8316,Physics,Work and Energy,21,12,9,57.14,29.62
STU1387,QUIZ8317,Chemistry,Acids and Bases,24,24,0,100.0,60.26
STU1387,QUIZ8318,Biology,Genetics,18,13,5,72.22,50.4
STU1387,QUIZ8319,Physics,Electricity,25,25,0,100.0,49.36
STU1387,QUIZ8320,Biology,Plant Physiology,30,28,2,93.33,48.31
STU1387,QUIZ8321,Chemistry,Acids and Bases,24,24,0,100.0,75.83
STU1387,QUIZ8322,Physics,Work and Energy,21,5,16,23.81,81.75
STU1388,QUIZ8323,Mathematics,Trigonometry,26,14,12,53.85,88.66
STU1388,QUIZ8324,Physics,Motion,22,21,1,95.45,59.01
STU1388,QUIZ8325,Biology,Cell,23,22,1,95.65,80.0
STU1388,QUIZ8326,Physics,Laws of Motion,29,13,16,44.83,85.8
STU1388,QUIZ8327,Physics,Work and Energy,20,8,12,40.0,68.2
STU1388,QUIZ8328,Biology,Cell,23,9,14,39.13,33.44
STU1389,QUIZ8329,Mathematics,Trigonometry,29,13,16,44.83,76.69
STU1389,QUIZ8330,Mathematics,Trigonometry,16,8,8,50.0,57.71
STU1389,QUIZ8331,Chemistry,Organic Chemistry,15,7,8,46.67,62.58
STU1389,QUIZ8332,Mathematics,Algebra,16,14,2,87.5,75.03
STU1389,QUIZ8333,Mathematics,Calculus,22,21,1,95.45,81.69
STU1389,QUIZ8334,Mathematics,Calculus,26,9,17,34.62,35.32
STU1390,QUIZ8335,Biology,Genetics,19,16,3,84.21,39.59
STU1390,QUIZ8336,Physics,Laws of Motion,27,7,20,25.93,35.63
STU1390,QUIZ8337,Mathematics,Trigonometry,27,8,19,29.63,76.31
STU1390,QUIZ8338,Physics,Laws of Motion,19,7,12,36.84,71.85
STU1390,QUIZ8339,Physics,Work and Energy,20,15,5,75.0,28.71
STU1390,QUIZ8340,Physics,Work and Energy,16,15,1,93.75,83.81
STU1391,QUIZ8341,Physics,Motion,18,5,13,27.78,29.37
STU1391,QUIZ8342,Biology,Human Body,29,12,17,41.38,81.54
STU1391,QUIZ8343,Biology,Cell,20,10,10,50.0,83.42
STU1391,QUIZ8344,Biology,Genetics,29,22,7,75.86,82.92
STU1391,QUIZ8345,Mathematics,Probability,28,7,21,25.0,30.89
STU1391,QUIZ8346,Physics,Electricity,21,20,1,95.24,75.05
STU1392,QUIZ8347,Physics,Laws of Motion,22,22,0,100.0,60.84
STU1392,QUIZ8348,Physics,Laws of Motion,16,16,0,100.0,83.76
STU1392,QUIZ8349,Biology,Genetics,30,5,25,16.67,35.37
STU1392,QUIZ8350,Physics,Electricity,29,25,4,86.21,79.88
STU1392,QUIZ8351,Chemistry,Chemical Bonding,20,9,11,45.0,58.37
STU1392,QUIZ8352,Physics,Electricity,27,18,9,66.67,55.77
STU1393,QUIZ8353,Mathematics,Calculus,24,12,12,50.0,36.24
STU1393,QUIZ8354,Mathematics,Probability,19,13,6,68.42,49.17
STU1393,QUIZ8355,Physics,Laws of Motion,24,22,2,91.67,27.87
STU1393,QUIZ8356,Physics,Laws of Motion,26,7,19,26.92,69.5
STU1393,QUIZ8357,Biology,Plant Physiology,28,25,3,89.29,44.07
STU1393,QUIZ8358,Chemistry,Acids and Bases,18,18,0,100.0,34.41
STU1394,QUIZ8359,Physics,Electricity,19,18,1,94.74,48.48
STU1394,QUIZ8360,Mathematics,Probability,26,25,1,96.15,81.88
STU1394,QUIZ8361,Chemistry,Acids and Bases,19,14,5,73.68,58.44
STU1394,QUIZ8362,Biology,Plant Physiology,30,10,20,33.33,22.68
STU1394,QUIZ8363,Mathematics,Algebra,17,7,10,41.18,44.57
STU1394,QUIZ8364,Physics,Laws of Motion,20,10,10,50.0,40.59
STU1395,QUIZ8365,Biology,Cell,15,10,5,66.67,37.93
STU1395,QUIZ8366,Mathematics,Trigonometry,25,25,0,100.0,43.93
STU1395,QUIZ8367,Chemistry,Organic Chemistry,20,18,2,90.0,57.97
STU1395,QUIZ8368,Physics,Laws of Motion,25,23,2,92.0,84.71
STU1395,QUIZ8369,Chemistry,Acids and Bases,21,10,11,47.62,84.43
STU1395,QUIZ8370,Chemistry,Chemical Bonding,27,15,12,55.56,89.59
STU1396,QUIZ8371,Biology,Plant Physiology,18,8,10,44.44,57.04
STU1396,QUIZ8372,Chemistry,Atoms,18,5,13,27.78,29.89
STU1396,QUIZ8373,Physics,Motion,23,10,13,43.48,72.93
STU1396,QUIZ8374,Biology,Cell,15,9,6,60.0,78.94
STU1396,QUIZ8375,Physics,Laws of Motion,15,15,0,100.0,53.11
STU1396,QUIZ8376,Mathematics,Calculus,26,24,2,92.31,53.83
STU1397,QUIZ8377,Chemistry,Atoms,28,14,14,50.0,20.08
STU1397,QUIZ8378,Biology,Cell,30,22,8,73.33,85.68
STU1397,QUIZ8379,Mathematics,Probability,22,19,3,86.36,86.37
STU1397,QUIZ8380,Physics,Motion,30,27,3,90.0,44.97
STU1397,QUIZ8381,Mathematics,Probability,22,18,4,81.82,26.34
STU1397,QUIZ8382,Biology,Human Body,16,8,8,50.0,23.9
STU1398,QUIZ8383,Biology,Human Body,20,14,6,70.0,66.83
STU1398,QUIZ8384,Physics,Electricity,20,20,0,100.0,55.25
STU1398,QUIZ8385,Chemistry,Organic Chemistry,21,6,15,28.57,66.98
STU1398,QUIZ8386,Physics,Laws of Motion,27,6,21,22.22,51.9
STU1398,QUIZ8387,Biology,Human Body,24,21,3,87.5,58.58
STU1398,QUIZ8388,Biology,Genetics,30,15,15,50.0,23.58
STU1399,QUIZ8389,Biology,Genetics,18,8,10,44.44,57.89
STU1399,QUIZ8390,Biology,Plant Physiology,15,14,1,93.33,35.6
STU1399,QUIZ8391,Physics,Work and Energy,25,9,16,36.0,45.15
STU1399,QUIZ8392,Mathematics,Algebra,19,12,7,63.16,75.5
STU1399,QUIZ8393,Mathematics,Calculus,23,21,2,91.3,60.51
STU1399,QUIZ8394,Biology,Human Body,25,22,3,88.0,86.43
STU1400,QUIZ8395,Mathematics,Algebra,16,7,9,43.75,59.36
STU1400,QUIZ8396,Biology,Human Body,19,15,4,78.95,33.7
STU1400,QUIZ8397,Physics,Electricity,30,20,10,66.67,89.7
STU1400,QUIZ8398,Physics,Electricity,19,6,13,31.58,89.37
STU1400,QUIZ8399,Physics,Laws of Motion,24,23,1,95.83,68.33
STU1400,QUIZ8400,Biology,Genetics,15,10,5,66.67,37.38
STU1401,QUIZ8401,Mathematics,Trigonometry,15,10,5,66.67,82.1
STU1401,QUIZ8402,Chemistry,Acids and Bases,28,15,13,53.57,20.67
STU1401,QUIZ8403,Physics,Electricity,26,20,6,76.92,20.02
STU1401,QUIZ8404,Biology,Human Body,25,23,2,92.0,74.83
STU1401,QUIZ8405,Mathematics,Algebra,22,5,17,22.73,45.94
STU1401,QUIZ8406,Mathematics,Probability,27,27,0,100.0,63.18
STU1402,QUIZ8407,Chemistry,Atoms,20,6,14,30.0,58.22
STU1402,QUIZ8408,Mathematics,Probability,18,8,10,44.44,70.54
STU1402,QUIZ8409,Physics,Motion,21,8,13,38.1,57.19
STU1402,QUIZ8410,Mathematics,Trigonometry,25,19,6,76.0,24.85
STU1402,QUIZ8411,Mathematics,Calculus,23,18,5,78.26,27.69
STU1402,QUIZ8412,Chemistry,Organic Chemistry,17,16,1,94.12,48.74
STU1403,QUIZ8413,Physics,Work and Energy,19,14,5,73.68,53.31
STU1403,QUIZ8414,Mathematics,Probability,26,16,10,61.54,74.25
STU1403,QUIZ8415,Mathematics,Trigonometry,25,8,17,32.0,53.69
STU1403,QUIZ8416,Mathematics,Algebra,21,9,12,42.86,80.2
STU1403,QUIZ8417,Physics,Work and Energy,28,6,22,21.43,35.87
STU1403,QUIZ8418,Mathematics,Probability,26,14,12,53.85,33.58
STU1404,QUIZ8419,Mathematics,Probability,18,12,6,66.67,82.41
STU1404,QUIZ8420,Mathematics,Trigonometry,30,6,24,20.0,30.1
STU1404,QUIZ8421,Chemistry,Acids and Bases,23,11,12,47.83,44.46
STU1404,QUIZ8422,Physics,Motion,23,10,13,43.48,47.82
STU1404,QUIZ8423,Chemistry,Atoms,17,17,0,100.0,51.44
STU1404,QUIZ8424,Mathematics,Calculus,24,13,11,54.17,83.51
STU1405,QUIZ8425,Chemistry,Atoms,20,15,5,75.0,20.13
STU1405,QUIZ8426,Chemistry,Chemical Bonding,19,12,7,63.16,81.64
STU1405,QUIZ8427,Chemistry,Acids and Bases,29,7,22,24.14,44.28
STU1405,QUIZ8428,Mathematics,Probability,27,6,21,22.22,43.36
STU1405,QUIZ8429,Mathematics,Probability,18,9,9,50.0,66.0
STU1405,QUIZ8430,Physics,Motion,25,21,4,84.0,88.6
STU1406,QUIZ8431,Physics,Work and Energy,22,15,7,68.18,88.14
STU1406,QUIZ8432,Physics,Motion,20,18,2,90.0,34.24
STU1406,QUIZ8433,Chemistry,Organic Chemistry,28,14,14,50.0,38.99
STU1406,QUIZ8434,Physics,Motion,24,21,3,87.5,39.8
STU1406,QUIZ8435,Mathematics,Calculus,28,17,11,60.71,61.73
STU1406,QUIZ8436,Physics,Motion,24,23,1,95.83,68.79
STU1407,QUIZ8437,Chemistry,Atoms,26,16,10,61.54,66.89
STU1407,QUIZ8438,Biology,Plant Physiology,17,15,2,88.24,80.6
STU1407,QUIZ8439,Biology,Human Body,18,14,4,77.78,41.86
STU1407,QUIZ8440,Chemistry,Atoms,16,8,8,50.0,59.59
STU1407,QUIZ8441,Physics,Motion,23,14,9,60.87,41.98
STU1407,QUIZ8442,Biology,Human Body,27,26,1,96.3,54.57
STU1408,QUIZ8443,Biology,Plant Physiology,24,5,19,20.83,41.22
STU1408,QUIZ8444,Physics,Work and Energy,24,12,12,50.0,35.69
STU1408,QUIZ8445,Physics,Electricity,22,8,14,36.36,80.41
STU1408,QUIZ8446,Physics,Work and Energy,21,10,11,47.62,87.76
STU1408,QUIZ8447,Mathematics,Calculus,28,21,7,75.0,40.96
STU1408,QUIZ8448,Physics,Laws of Motion,30,20,10,66.67,76.49
STU1409,QUIZ8449,Mathematics,Probability,23,18,5,78.26,75.31
STU1409,QUIZ8450,Mathematics,Algebra,23,16,7,69.57,37.67
STU1409,QUIZ8451,Mathematics,Calculus,20,8,12,40.0,22.33
STU1409,QUIZ8452,Physics,Electricity,24,6,18,25.0,83.45
STU1409,QUIZ8453,Biology,Cell,25,15,10,60.0,56.24
STU1409,QUIZ8454,Biology,Cell,27,7,20,25.93,68.83
STU1410,QUIZ8455,Physics,Motion,22,7,15,31.82,42.48
STU1410,QUIZ8456,Physics,Laws of Motion,16,9,7,56.25,69.46
STU1410,QUIZ8457,Physics,Motion,19,15,4,78.95,52.68
STU1410,QUIZ8458,Chemistry,Organic Chemistry,20,6,14,30.0,48.67
STU1410,QUIZ8459,Physics,Work and Energy,30,16,14,53.33,60.57
STU1410,QUIZ8460,Mathematics,Probability,22,8,14,36.36,80.41
STU1411,QUIZ8461,Physics,Work and Energy,21,11,10,52.38,33.29
STU1411,QUIZ8462,Biology,Plant Physiology,26,22,4,84.62,64.63
STU1411,QUIZ8463,Chemistry,Atoms,18,5,13,27.78,37.02
STU1411,QUIZ8464,Chemistry,Atoms,29,21,8,72.41,62.08
STU1411,QUIZ8465,Biology,Cell,19,11,8,57.89,78.25
STU1411,QUIZ8466,Physics,Work and Energy,25,5,20,20.0,75.15
STU1412,QUIZ8467,Biology,Plant Physiology,17,6,11,35.29,38.0
STU1412,QUIZ8468,Physics,Electricity,30,8,22,26.67,47.37
STU1412,QUIZ8469,Mathematics,Probability,16,9,7,56.25,30.02
STU1412,QUIZ8470,Biology,Human Body,22,16,6,72.73,76.5
STU1412,QUIZ8471,Physics,Laws of Motion,16,14,2,87.5,87.31
STU1412,QUIZ8472,Chemistry,Acids and Bases,30,25,5,83.33,65.45
STU1413,QUIZ8473,Physics,Work and Energy,19,5,14,26.32,82.34
STU1413,QUIZ8474,Physics,Electricity,16,11,5,68.75,48.52
STU1413,QUIZ8475,Chemistry,Organic Chemistry,21,16,5,76.19,65.19
STU1413,QUIZ8476,Mathematics,Probability,28,28,0,100.0,48.84
STU1413,QUIZ8477,Mathematics,Algebra,29,11,18,37.93,24.09
STU1413,QUIZ8478,Physics,Electricity,21,11,10,52.38,42.78
STU1414,QUIZ8479,Physics,Motion,17,12,5,70.59,81.2
STU1414,QUIZ8480,Physics,Laws of Motion,19,11,8,57.89,29.5
STU1414,QUIZ8481,Mathematics,Trigonometry,18,13,5,72.22,80.2
STU1414,QUIZ8482,Mathematics,Trigonometry,23,20,3,86.96,45.42
STU1414,QUIZ8483,Mathematics,Probability,22,20,2,90.91,52.71
STU1414,QUIZ8484,Mathematics,Trigonometry,29,9,20,31.03,35.12
STU1415,QUIZ8485,Chemistry,Acids and Bases,24,23,1,95.83,60.78
STU1415,QUIZ8486,Mathematics,Trigonometry,19,9,10,47.37,35.89
STU1415,QUIZ8487,Biology,Plant Physiology,29,15,14,51.72,81.74
STU1415,QUIZ8488,Chemistry,Organic Chemistry,23,5,18,21.74,26.0
STU1415,QUIZ8489,Physics,Work and Energy,29,9,20,31.03,23.67
STU1415,QUIZ8490,Chemistry,Acids and Bases,24,14,10,58.33,80.7
STU1416,QUIZ8491,Biology,Human Body,29,26,3,89.66,58.87
STU1416,QUIZ8492,Chemistry,Atoms,24,7,17,29.17,89.07
STU1416,QUIZ8493,Biology,Genetics,24,17,7,70.83,78.05
STU1416,QUIZ8494,Biology,Cell,15,6,9,40.0,72.29
STU1416,QUIZ8495,Physics,Motion,17,14,3,82.35,88.12
STU1416,QUIZ8496,Biology,Plant Physiology,30,5,25,16.67,49.58
STU1417,QUIZ8497,Mathematics,Algebra,29,25,4,86.21,34.05
STU1417,QUIZ8498,Chemistry,Organic Chemistry,15,7,8,46.67,33.68
STU1417,QUIZ8499,Mathematics,Calculus,15,15,0,100.0,58.69
STU1417,QUIZ8500,Physics,Work and Energy,24,10,14,41.67,59.23
STU1417,QUIZ8501,Physics,Electricity,24,13,11,54.17,23.28
STU1417,QUIZ8502,Chemistry,Atoms,21,17,4,80.95,66.7
STU1418,QUIZ8503,Mathematics,Algebra,24,7,17,29.17,33.05
STU1418,QUIZ8504,Biology,Plant Physiology,17,9,8,52.94,56.19
STU1418,QUIZ8505,Biology,Genetics,24,11,13,45.83,53.59
STU1418,QUIZ8506,Biology,Human Body,24,14,10,58.33,33.63
STU1418,QUIZ8507,Biology,Human Body,23,19,4,82.61,45.79
STU1418,QUIZ8508,Chemistry,Atoms,15,10,5,66.67,68.86
STU1419,QUIZ8509,Physics,Work and Energy,17,9,8,52.94,76.44
STU1419,QUIZ8510,Physics,Motion,25,18,7,72.0,55.33
STU1419,QUIZ8511,Mathematics,Trigonometry,29,25,4,86.21,47.53
STU1419,QUIZ8512,Chemistry,Chemical Bonding,19,8,11,42.11,42.39
STU1419,QUIZ8513,Chemistry,Chemical Bonding,26,9,17,34.62,67.13
STU1419,QUIZ8514,Biology,Human Body,28,21,7,75.0,43.83
STU1420,QUIZ8515,Chemistry,Chemical Bonding,20,17,3,85.0,76.8
STU1420,QUIZ8516,Chemistry,Atoms,26,23,3,88.46,73.74
STU1420,QUIZ8517,Chemistry,Acids and Bases,18,13,5,72.22,73.33
STU1420,QUIZ8518,Chemistry,Acids and Bases,25,16,9,64.0,30.91
STU1420,QUIZ8519,Mathematics,Calculus,18,9,9,50.0,80.36
STU1420,QUIZ8520,Chemistry,Organic Chemistry,19,10,9,52.63,42.75
STU1421,QUIZ8521,Chemistry,Atoms,30,5,25,16.67,42.87
STU1421,QUIZ8522,Biology,Cell,30,10,20,33.33,20.48
STU1421,QUIZ8523,Physics,Work and Energy,26,9,17,34.62,73.7
STU1421,QUIZ8524,Biology,Human Body,24,19,5,79.17,66.71
STU1421,QUIZ8525,Physics,Laws of Motion,21,19,2,90.48,84.6
STU1421,QUIZ8526,Chemistry,Chemical Bonding,27,22,5,81.48,36.55
STU1422,QUIZ8527,Biology,Plant Physiology,29,20,9,68.97,33.7
STU1422,QUIZ8528,Mathematics,Calculus,23,19,4,82.61,58.37
STU1422,QUIZ8529,Physics,Motion,27,6,21,22.22,47.3
STU1422,QUIZ8530,Mathematics,Algebra,19,15,4,78.95,64.87
STU1422,QUIZ8531,Chemistry,Chemical Bonding,16,7,9,43.75,87.94
STU1422,QUIZ8532,Mathematics,Probability,15,6,9,40.0,37.47
STU1423,QUIZ8533,Biology,Genetics,18,18,0,100.0,66.28
STU1423,QUIZ8534,Physics,Work and Energy,23,23,0,100.0,84.33
STU1423,QUIZ8535,Mathematics,Probability,15,8,7,53.33,33.4
STU1423,QUIZ8536,Physics,Work and Energy,21,12,9,57.14,22.77
STU1423,QUIZ8537,Mathematics,Calculus,17,13,4,76.47,27.27
STU1423,QUIZ8538,Chemistry,Chemical Bonding,27,20,7,74.07,45.89
STU1424,QUIZ8539,Mathematics,Calculus,16,10,6,62.5,55.93
STU1424,QUIZ8540,Chemistry,Acids and Bases,27,11,16,40.74,42.35
STU1424,QUIZ8541,Mathematics,Algebra,17,9,8,52.94,50.76
STU1424,QUIZ8542,Physics,Work and Energy,19,18,1,94.74,63.31
STU1424,QUIZ8543,Chemistry,Chemical Bonding,23,9,14,39.13,89.27
STU1424,QUIZ8544,Physics,Electricity,21,11,10,52.38,22.34
STU1425,QUIZ8545,Biology,Human Body,26,9,17,34.62,56.75
STU1425,QUIZ8546,Biology,Plant Physiology,21,6,15,28.57,76.93
STU1425,QUIZ8547,Biology,Plant Physiology,18,17,1,94.44,77.55
STU1425,QUIZ8548,Biology,Genetics,20,8,12,40.0,23.75
STU1425,QUIZ8549,Biology,Cell,24,8,16,33.33,42.34
STU1425,QUIZ8550,Chemistry,Acids and Bases,21,19,2,90.48,22.04
STU1426,QUIZ8551,Mathematics,Probability,18,11,7,61.11,23.29
STU1426,QUIZ8552,Physics,Motion,29,8,21,27.59,78.51
STU1426,QUIZ8553,Chemistry,Chemical Bonding,15,12,3,80.0,28.21
STU1426,QUIZ8554,Biology,Human Body,18,6,12,33.33,26.93
STU1426,QUIZ8555,Physics,Work and Energy,21,15,6,71.43,28.92
STU1426,QUIZ8556,Biology,Genetics,30,7,23,23.33,33.83
STU1427,QUIZ8557,Mathematics,Algebra,15,10,5,66.67,74.57
STU1427,QUIZ8558,Biology,Plant Physiology,27,9,18,33.33,27.59
STU1427,QUIZ8559,Physics,Electricity,21,7,14,33.33,51.58
STU1427,QUIZ8560,Mathematics,Trigonometry,25,10,15,40.0,22.4
STU1427,QUIZ8561,Chemistry,Organic Chemistry,22,12,10,54.55,28.88
STU1427,QUIZ8562,Chemistry,Atoms,29,19,10,65.52,47.11
STU1428,QUIZ8563,Physics,Motion,18,5,13,27.78,43.35
STU1428,QUIZ8564,Biology,Genetics,23,22,1,95.65,24.94
STU1428,QUIZ8565,Physics,Motion,15,7,8,46.67,79.91
STU1428,QUIZ8566,Physics,Work and Energy,27,6,21,22.22,48.27
STU1428,QUIZ8567,Chemistry,Acids and Bases,19,17,2,89.47,75.33
STU1428,QUIZ8568,Physics,Work and Energy,28,24,4,85.71,70.67
STU1429,QUIZ8569,Chemistry,Chemical Bonding,30,7,23,23.33,38.66
STU1429,QUIZ8570,Physics,Electricity,15,7,8,46.67,30.86
STU1429,QUIZ8571,Biology,Human Body,18,17,1,94.44,57.55
STU1429,QUIZ8572,Mathematics,Probability,28,28,0,100.0,56.47
STU1429,QUIZ8573,Biology,Cell,17,15,2,88.24,40.65
STU1429,QUIZ8574,Mathematics,Trigonometry,26,8,18,30.77,25.07
STU1430,QUIZ8575,Physics,Laws of Motion,15,15,0,100.0,43.39
STU1430,QUIZ8576,Physics,Work and Energy,18,14,4,77.78,43.56
STU1430,QUIZ8577,Physics,Motion,26,11,15,42.31,58.43
STU1430,QUIZ8578,Mathematics,Calculus,28,5,23,17.86,88.01
STU1430,QUIZ8579,Mathematics,Algebra,27,22,5,81.48,83.64
STU1430,QUIZ8580,Chemistry,Acids and Bases,18,17,1,94.44,24.48
STU1431,QUIZ8581,Biology,Plant Physiology,30,13,17,43.33,51.0
STU1431,QUIZ8582,Biology,Genetics,25,5,20,20.0,70.96
STU1431,QUIZ8583,Physics,Laws of Motion,28,5,23,17.86,45.6
STU1431,QUIZ8584,Physics,Motion,21,7,14,33.33,58.3
STU1431,QUIZ8585,Mathematics,Probability,21,14,7,66.67,77.44
STU1431,QUIZ8586,Biology,Cell,18,16,2,88.89,46.01
STU1432,QUIZ8587,Mathematics,Probability,25,13,12,52.0,50.41
STU1432,QUIZ8588,Biology,Cell,22,18,4,81.82,40.57
STU1432,QUIZ8589,Biology,Plant Physiology,17,14,3,82.35,59.63
STU1432,QUIZ8590,Chemistry,Chemical Bonding,16,10,6,62.5,48.1
STU1432,QUIZ8591,Biology,Genetics,19,19,0,100.0,53.98
STU1432,QUIZ8592,Mathematics,Trigonometry,28,18,10,64.29,38.95
STU1433,QUIZ8593,Physics,Motion,28,8,20,28.57,76.4
STU1433,QUIZ8594,Physics,Laws of Motion,26,18,8,69.23,33.71
STU1433,QUIZ8595,Physics,Laws of Motion,26,21,5,80.77,82.74
STU1433,QUIZ8596,Mathematics,Algebra,27,23,4,85.19,64.18
STU1433,QUIZ8597,Chemistry,Organic Chemistry,18,9,9,50.0,26.2
STU1433,QUIZ8598,Biology,Cell,27,9,18,33.33,39.94
STU1434,QUIZ8599,Mathematics,Algebra,21,11,10,52.38,23.29
STU1434,QUIZ8600,Physics,Electricity,30,13,17,43.33,64.18
STU1434,QUIZ8601,Chemistry,Organic Chemistry,20,9,11,45.0,52.31
STU1434,QUIZ8602,Biology,Human Body,20,20,0,100.0,54.48
STU1434,QUIZ8603,Chemistry,Atoms,26,23,3,88.46,32.83
STU1434,QUIZ8604,Physics,Motion,28,10,18,35.71,50.29
STU1435,QUIZ8605,Chemistry,Acids and Bases,25,20,5,80.0,51.28
STU1435,QUIZ8606,Physics,Laws of Motion,23,20,3,86.96,29.22
STU1435,QUIZ8607,Mathematics,Algebra,26,9,17,34.62,35.83
STU1435,QUIZ8608,Physics,Work and Energy,23,15,8,65.22,21.2
STU1435,QUIZ8609,Chemistry,Chemical Bonding,21,13,8,61.9,43.69
STU1435,QUIZ8610,Biology,Cell,28,28,0,100.0,73.89
STU1436,QUIZ8611,Physics,Work and Energy,23,7,16,30.43,66.57
STU1436,QUIZ8612,Chemistry,Atoms,19,15,4,78.95,55.71
STU1436,QUIZ8613,Chemistry,Chemical Bonding,20,12,8,60.0,77.09
STU1436,QUIZ8614,Mathematics,Calculus,23,13,10,56.52,48.67
STU1436,QUIZ8615,Mathematics,Probability,25,16,9,64.0,67.51
STU1436,QUIZ8616,Biology,Plant Physiology,23,23,0,100.0,44.89
STU1437,QUIZ8617,Mathematics,Algebra,29,26,3,89.66,40.9
STU1437,QUIZ8618,Mathematics,Algebra,21,9,12,42.86,86.59
STU1437,QUIZ8619,Chemistry,Atoms,22,18,4,81.82,61.95
STU1437,QUIZ8620,Mathematics,Calculus,23,18,5,78.26,88.96
STU1437,QUIZ8621,Chemistry,Atoms,30,6,24,20.0,55.14
STU1437,QUIZ8622,Chemistry,Chemical Bonding,21,18,3,85.71,53.09
STU1438,QUIZ8623,Mathematics,Probability,15,14,1,93.33,26.88
STU1438,QUIZ8624,Biology,Cell,26,11,15,42.31,56.48
STU1438,QUIZ8625,Physics,Laws of Motion,22,20,2,90.91,56.45
STU1438,QUIZ8626,Mathematics,Calculus,26,17,9,65.38,35.95
STU1438,QUIZ8627,Chemistry,Atoms,17,14,3,82.35,68.04
STU1438,QUIZ8628,Physics,Laws of Motion,18,13,5,72.22,75.48
STU1439,QUIZ8629,Physics,Laws of Motion,19,8,11,42.11,80.92
STU1439,QUIZ8630,Physics,Laws of Motion,24,6,18,25.0,34.08
STU1439,QUIZ8631,Biology,Human Body,22,21,1,95.45,84.42
STU1439,QUIZ8632,Mathematics,Probability,29,13,16,44.83,39.42
STU1439,QUIZ8633,Biology,Cell,30,26,4,86.67,53.81
STU1439,QUIZ8634,Physics,Electricity,22,17,5,77.27,69.5
STU1440,QUIZ8635,Chemistry,Organic Chemistry,30,22,8,73.33,71.12
STU1440,QUIZ8636,Chemistry,Acids and Bases,17,5,12,29.41,25.2
STU1440,QUIZ8637,Chemistry,Organic Chemistry,16,16,0,100.0,84.73
STU1440,QUIZ8638,Chemistry,Atoms,19,19,0,100.0,49.77
STU1440,QUIZ8639,Chemistry,Organic Chemistry,30,17,13,56.67,68.93
STU1440,QUIZ8640,Mathematics,Calculus,19,11,8,57.89,84.34
STU1441,QUIZ8641,Physics,Electricity,23,15,8,65.22,57.33
STU1441,QUIZ8642,Physics,Motion,29,22,7,75.86,72.26
STU1441,QUIZ8643,Chemistry,Organic Chemistry,23,17,6,73.91,26.2
STU1441,QUIZ8644,Physics,Laws of Motion,28,27,1,96.43,38.75
STU1441,QUIZ8645,Mathematics,Probability,25,11,14,44.0,39.47
STU1441,QUIZ8646,Mathematics,Algebra,16,8,8,50.0,82.09
STU1442,QUIZ8647,Physics,Work and Energy,15,5,10,33.33,81.66
STU1442,QUIZ8648,Physics,Work and Energy,29,27,2,93.1,85.78
STU1442,QUIZ8649,Biology,Genetics,29,13,16,44.83,24.31
STU1442,QUIZ8650,Chemistry,Atoms,16,10,6,62.5,58.95
STU1442,QUIZ8651,Mathematics,Calculus,29,22,7,75.86,76.91
STU1442,QUIZ8652,Biology,Human Body,21,12,9,57.14,73.73
STU1443,QUIZ8653,Mathematics,Trigonometry,16,12,4,75.0,29.1
STU1443,QUIZ8654,Mathematics,Calculus,16,7,9,43.75,44.9
STU1443,QUIZ8655,Physics,Laws of Motion,16,12,4,75.0,81.55
STU1443,QUIZ8656,Biology,Genetics,26,14,12,53.85,75.36
STU1443,QUIZ8657,Mathematics,Algebra,19,13,6,68.42,44.39
STU1443,QUIZ8658,Biology,Human Body,16,9,7,56.25,88.75
STU1444,QUIZ8659,Chemistry,Chemical Bonding,27,23,4,85.19,69.32
STU1444,QUIZ8660,Chemistry,Atoms,17,15,2,88.24,76.2
STU1444,QUIZ8661,Mathematics,Probability,16,9,7,56.25,29.87
STU1444,QUIZ8662,Chemistry,Organic Chemistry,16,15,1,93.75,52.39
STU1444,QUIZ8663,Biology,Plant Physiology,23,8,15,34.78,86.72
STU1444,QUIZ8664,Physics,Laws of Motion,24,9,15,37.5,72.49
STU1445,QUIZ8665,Physics,Work and Energy,15,10,5,66.67,86.45
STU1445,QUIZ8666,Chemistry,Acids and Bases,20,10,10,50.0,84.88
STU1445,QUIZ8667,Mathematics,Trigonometry,27,10,17,37.04,55.74
STU1445,QUIZ8668,Biology,Genetics,19,14,5,73.68,87.17
STU1445,QUIZ8669,Mathematics,Algebra,29,29,0,100.0,33.29
STU1445,QUIZ8670,Mathematics,Probability,19,5,14,26.32,81.54
STU1446,QUIZ8671,Biology,Human Body,23,19,4,82.61,83.84
STU1446,QUIZ8672,Biology,Human Body,28,13,15,46.43,74.23
STU1446,QUIZ8673,Physics,Work and Energy,30,5,25,16.67,28.47
STU1446,QUIZ8674,Chemistry,Organic Chemistry,23,13,10,56.52,67.69
STU1446,QUIZ8675,Biology,Genetics,30,12,18,40.0,21.77
STU1446,QUIZ8676,Physics,Electricity,30,30,0,100.0,23.87
STU1447,QUIZ8677,Physics,Electricity,28,28,0,100.0,51.05
STU1447,QUIZ8678,Biology,Plant Physiology,22,14,8,63.64,87.12
STU1447,QUIZ8679,Biology,Human Body,27,11,16,40.74,88.12
STU1447,QUIZ8680,Chemistry,Acids and Bases,26,14,12,53.85,79.85
STU1447,QUIZ8681,Biology,Human Body,20,7,13,35.0,45.77
STU1447,QUIZ8682,Chemistry,Organic Chemistry,25,24,1,96.0,75.24
STU1448,QUIZ8683,Mathematics,Trigonometry,27,22,5,81.48,36.9
STU1448,QUIZ8684,Chemistry,Acids and Bases,22,7,15,31.82,23.44
STU1448,QUIZ8685,Biology,Plant Physiology,28,12,16,42.86,54.05
STU1448,QUIZ8686,Biology,Plant Physiology,18,12,6,66.67,82.3
STU1448,QUIZ8687,Biology,Genetics,29,5,24,17.24,72.39
STU1448,QUIZ8688,Biology,Human Body,24,19,5,79.17,70.45
STU1449,QUIZ8689,Mathematics,Calculus,16,8,8,50.0,71.37
STU1449,QUIZ8690,Chemistry,Chemical Bonding,15,10,5,66.67,38.82
STU1449,QUIZ8691,Chemistry,Atoms,26,18,8,69.23,25.99
STU1449,QUIZ8692,Chemistry,Chemical Bonding,27,25,2,92.59,27.59
STU1449,QUIZ8693,Biology,Genetics,25,23,2,92.0,23.65
STU1449,QUIZ8694,Biology,Plant Physiology,21,20,1,95.24,51.4
STU1450,QUIZ8695,Physics,Electricity,28,6,22,21.43,47.45
STU1450,QUIZ8696,Physics,Motion,24,6,18,25.0,46.65
STU1450,QUIZ8697,Mathematics,Algebra,16,10,6,62.5,77.09
STU1450,QUIZ8698,Mathematics,Calculus,24,20,4,83.33,71.08
STU1450,QUIZ8699,Mathematics,Trigonometry,22,21,1,95.45,84.87
STU1450,QUIZ8700,Chemistry,Organic Chemistry,28,25,3,89.29,77.3
STU1451,QUIZ8701,Physics,Electricity,17,15,2,88.24,31.38
STU1451,QUIZ8702,Chemistry,Organic Chemistry,16,6,10,37.5,60.77
STU1451,QUIZ8703,Physics,Work and Energy,24,8,16,33.33,38.63
STU1451,QUIZ8704,Mathematics,Trigonometry,27,11,16,40.74,32.73
STU1451,QUIZ8705,Mathematics,Trigonometry,21,17,4,80.95,64.9
STU1451,QUIZ8706,Chemistry,Organic Chemistry,20,20,0,100.0,65.18
STU1452,QUIZ8707,Chemistry,Chemical Bonding,20,9,11,45.0,78.81
STU1452,QUIZ8708,Physics,Motion,28,23,5,82.14,57.93
STU1452,QUIZ8709,Physics,Electricity,23,15,8,65.22,71.8
STU1452,QUIZ8710,Biology,Human Body,18,12,6,66.67,20.38
STU1452,QUIZ8711,Mathematics,Trigonometry,20,13,7,65.0,70.97
STU1452,QUIZ8712,Mathematics,Calculus,19,7,12,36.84,87.76
STU1453,QUIZ8713,Mathematics,Algebra,23,22,1,95.65,89.82
STU1453,QUIZ8714,Chemistry,Acids and Bases,19,19,0,100.0,82.53
STU1453,QUIZ8715,Mathematics,Probability,30,16,14,53.33,82.86
STU1453,QUIZ8716,Chemistry,Organic Chemistry,26,9,17,34.62,86.73
STU1453,QUIZ8717,Physics,Motion,20,7,13,35.0,26.97
STU1453,QUIZ8718,Biology,Genetics,17,10,7,58.82,41.27
STU1454,QUIZ8719,Biology,Human Body,24,8,16,33.33,38.95
STU1454,QUIZ8720,Chemistry,Chemical Bonding,30,21,9,70.0,75.0
STU1454,QUIZ8721,Chemistry,Acids and Bases,26,6,20,23.08,24.53
STU1454,QUIZ8722,Mathematics,Calculus,29,9,20,31.03,79.79
STU1454,QUIZ8723,Mathematics,Calculus,19,19,0,100.0,40.32
STU1454,QUIZ8724,Chemistry,Chemical Bonding,18,18,0,100.0,44.1
STU1455,QUIZ8725,Physics,Work and Energy,30,7,23,23.33,54.32
STU1455,QUIZ8726,Biology,Human Body,21,7,14,33.33,51.6
STU1455,QUIZ8727,Chemistry,Organic Chemistry,26,15,11,57.69,21.01
STU1455,QUIZ8728,Biology,Plant Physiology,25,8,17,32.0,39.46
STU1455,QUIZ8729,Biology,Genetics,21,21,0,100.0,25.15
STU1455,QUIZ8730,Chemistry,Acids and Bases,17,17,0,100.0,42.49
STU1456,QUIZ8731,Mathematics,Probability,28,17,11,60.71,44.11
STU1456,QUIZ8732,Chemistry,Organic Chemistry,23,6,17,26.09,20.68
STU1456,QUIZ8733,Mathematics,Probability,23,13,10,56.52,37.02
STU1456,QUIZ8734,Mathematics,Probability,19,18,1,94.74,77.22
STU1456,QUIZ8735,Chemistry,Acids and Bases,24,9,15,37.5,23.31
STU1456,QUIZ8736,Physics,Motion,24,20,4,83.33,65.72
STU1457,QUIZ8737,Chemistry,Organic Chemistry,30,24,6,80.0,57.52
STU1457,QUIZ8738,Chemistry,Atoms,30,19,11,63.33,81.65
STU1457,QUIZ8739,Biology,Plant Physiology,15,5,10,33.33,24.12
STU1457,QUIZ8740,Biology,Human Body,22,14,8,63.64,77.08
STU1457,QUIZ8741,Chemistry,Atoms,25,13,12,52.0,63.61
STU1457,QUIZ8742,Biology,Genetics,23,18,5,78.26,25.86
STU1458,QUIZ8743,Mathematics,Algebra,22,14,8,63.64,74.77
STU1458,QUIZ8744,Mathematics,Probability,15,11,4,73.33,57.12
STU1458,QUIZ8745,Physics,Motion,15,6,9,40.0,64.99
STU1458,QUIZ8746,Chemistry,Atoms,24,13,11,54.17,76.3
STU1458,QUIZ8747,Biology,Human Body,28,14,14,50.0,89.51
STU1458,QUIZ8748,Mathematics,Calculus,28,17,11,60.71,57.16
STU1459,QUIZ8749,Chemistry,Organic Chemistry,17,5,12,29.41,45.86
STU1459,QUIZ8750,Mathematics,Trigonometry,29,24,5,82.76,36.62
STU1459,QUIZ8751,Mathematics,Calculus,19,16,3,84.21,76.21
STU1459,QUIZ8752,Chemistry,Organic Chemistry,18,11,7,61.11,60.67
STU1459,QUIZ8753,Chemistry,Acids and Bases,24,13,11,54.17,72.56
STU1459,QUIZ8754,Chemistry,Organic Chemistry,29,5,24,17.24,76.1
STU1460,QUIZ8755,Biology,Genetics,23,13,10,56.52,52.58
STU1460,QUIZ8756,Chemistry,Organic Chemistry,29,24,5,82.76,54.02
STU1460,QUIZ8757,Mathematics,Probability,24,5,19,20.83,65.28
STU1460,QUIZ8758,Physics,Work and Energy,28,13,15,46.43,34.16
STU1460,QUIZ8759,Physics,Laws of Motion,26,26,0,100.0,86.1
STU1460,QUIZ8760,Mathematics,Probability,20,17,3,85.0,43.33
STU1461,QUIZ8761,Mathematics,Algebra,16,7,9,43.75,45.47
STU1461,QUIZ8762,Mathematics,Algebra,16,14,2,87.5,43.09
STU1461,QUIZ8763,Mathematics,Algebra,23,10,13,43.48,59.11
STU1461,QUIZ8764,Mathematics,Trigonometry,24,5,19,20.83,66.38
STU1461,QUIZ8765,Physics,Motion,18,6,12,33.33,43.38
STU1461,QUIZ8766,Biology,Human Body,24,12,12,50.0,60.24
STU1462,QUIZ8767,Physics,Work and Energy,15,12,3,80.0,20.31
STU1462,QUIZ8768,Chemistry,Atoms,20,12,8,60.0,57.58
STU1462,QUIZ8769,Mathematics,Algebra,22,20,2,90.91,48.36
STU1462,QUIZ8770,Biology,Plant Physiology,22,15,7,68.18,59.53
STU1462,QUIZ8771,Mathematics,Algebra,26,10,16,38.46,73.91
STU1462,QUIZ8772,Physics,Work and Energy,26,9,17,34.62,28.81
STU1463,QUIZ8773,Chemistry,Chemical Bonding,23,9,14,39.13,22.08
STU1463,QUIZ8774,Physics,Motion,20,19,1,95.0,73.44
STU1463,QUIZ8775,Physics,Laws of Motion,27,20,7,74.07,63.0
STU1463,QUIZ8776,Mathematics,Calculus,21,17,4,80.95,40.52
STU1463,QUIZ8777,Mathematics,Calculus,16,15,1,93.75,60.33
STU1463,QUIZ8778,Mathematics,Trigonometry,27,17,10,62.96,67.07
STU1464,QUIZ8779,Mathematics,Probability,26,22,4,84.62,33.29
STU1464,QUIZ8780,Biology,Genetics,20,12,8,60.0,72.5
STU1464,QUIZ8781,Physics,Motion,22,13,9,59.09,52.08
STU1464,QUIZ8782,Chemistry,Atoms,20,7,13,35.0,38.24
STU1464,QUIZ8783,Mathematics,Trigonometry,23,12,11,52.17,55.13
STU1464,QUIZ8784,Physics,Electricity,22,11,11,50.0,41.15
STU1465,QUIZ8785,Physics,Motion,15,10,5,66.67,55.95
STU1465,QUIZ8786,Physics,Laws of Motion,24,12,12,50.0,62.58
STU1465,QUIZ8787,Mathematics,Trigonometry,21,21,0,100.0,67.3
STU1465,QUIZ8788,Chemistry,Organic Chemistry,22,5,17,22.73,82.62
STU1465,QUIZ8789,Physics,Work and Energy,27,10,17,37.04,54.21
STU1465,QUIZ8790,Biology,Genetics,28,16,12,57.14,72.23
STU1466,QUIZ8791,Physics,Electricity,22,13,9,59.09,29.34
STU1466,QUIZ8792,Mathematics,Trigonometry,24,18,6,75.0,52.58
STU1466,QUIZ8793,Chemistry,Atoms,19,14,5,73.68,50.12
STU1466,QUIZ8794,Chemistry,Organic Chemistry,28,22,6,78.57,82.56
STU1466,QUIZ8795,Biology,Genetics,25,7,18,28.0,62.66
STU1466,QUIZ8796,Biology,Cell,30,10,20,33.33,69.94
STU1467,QUIZ8797,Chemistry,Acids and Bases,17,14,3,82.35,70.83
STU1467,QUIZ8798,Mathematics,Probability,25,11,14,44.0,24.88
STU1467,QUIZ8799,Biology,Human Body,18,7,11,38.89,45.07
STU1467,QUIZ8800,Mathematics,Calculus,21,6,15,28.57,61.47
STU1467,QUIZ8801,Biology,Genetics,21,8,13,38.1,87.48
STU1467,QUIZ8802,Biology,Plant Physiology,23,8,15,34.78,80.44
STU1468,QUIZ8803,Chemistry,Acids and Bases,20,12,8,60.0,56.04
STU1468,QUIZ8804,Mathematics,Algebra,24,6,18,25.0,29.16
STU1468,QUIZ8805,Biology,Human Body,19,15,4,78.95,78.06
STU1468,QUIZ8806,Chemistry,Chemical Bonding,28,20,8,71.43,79.24
STU1468,QUIZ8807,Biology,Human Body,26,6,20,23.08,32.79
STU1468,QUIZ8808,Biology,Genetics,26,22,4,84.62,31.43
STU1469,QUIZ8809,Physics,Laws of Motion,18,18,0,100.0,58.2
STU1469,QUIZ8810,Mathematics,Algebra,24,17,7,70.83,79.62
STU1469,QUIZ8811,Chemistry,Acids and Bases,25,19,6,76.0,53.34
STU1469,QUIZ8812,Biology,Human Body,20,19,1,95.0,31.79
STU1469,QUIZ8813,Mathematics,Algebra,17,13,4,76.47,81.14
STU1469,QUIZ8814,Chemistry,Atoms,15,12,3,80.0,71.58
STU1470,QUIZ8815,Physics,Electricity,25,10,15,40.0,42.51
STU1470,QUIZ8816,Chemistry,Acids and Bases,25,9,16,36.0,56.7
STU1470,QUIZ8817,Mathematics,Probability,20,18,2,90.0,26.36
STU1470,QUIZ8818,Biology,Human Body,19,7,12,36.84,78.03
STU1470,QUIZ8819,Mathematics,Probability,25,15,10,60.0,46.95
STU1470,QUIZ8820,Physics,Motion,27,26,1,96.3,49.29
STU1471,QUIZ8821,Chemistry,Atoms,18,7,11,38.89,69.57
STU1471,QUIZ8822,Physics,Work and Energy,29,8,21,27.59,75.29
STU1471,QUIZ8823,Physics,Laws of Motion,20,7,13,35.0,63.8
STU1471,QUIZ8824,Mathematics,Algebra,22,21,1,95.45,29.69
STU1471,QUIZ8825,Biology,Human Body,29,13,16,44.83,27.66
STU1471,QUIZ8826,Physics,Laws of Motion,27,6,21,22.22,23.31
STU1472,QUIZ8827,Biology,Genetics,19,10,9,52.63,72.4
STU1472,QUIZ8828,Biology,Cell,24,21,3,87.5,77.37
STU1472,QUIZ8829,Physics,Work and Energy,29,27,2,93.1,66.2
STU1472,QUIZ8830,Mathematics,Probability,15,5,10,33.33,37.49
STU1472,QUIZ8831,Physics,Laws of Motion,20,14,6,70.0,81.19
STU1472,QUIZ8832,Chemistry,Organic Chemistry,19,5,14,26.32,58.59
STU1473,QUIZ8833,Chemistry,Organic Chemistry,21,15,6,71.43,77.13
STU1473,QUIZ8834,Physics,Work and Energy,21,12,9,57.14,66.92
STU1473,QUIZ8835,Mathematics,Probability,19,9,10,47.37,43.16
STU1473,QUIZ8836,Biology,Human Body,24,16,8,66.67,59.04
STU1473,QUIZ8837,Mathematics,Algebra,29,5,24,17.24,88.14
STU1473,QUIZ8838,Biology,Plant Physiology,18,11,7,61.11,81.89
STU1474,QUIZ8839,Physics,Work and Energy,17,12,5,70.59,42.22
STU1474,QUIZ8840,Biology,Human Body,27,26,1,96.3,56.74
STU1474,QUIZ8841,Physics,Motion,16,16,0,100.0,64.51
STU1474,QUIZ8842,Chemistry,Atoms,15,6,9,40.0,48.79
STU1474,QUIZ8843,Physics,Motion,25,8,17,32.0,31.23
STU1474,QUIZ8844,Mathematics,Algebra,29,12,17,41.38,79.31
STU1475,QUIZ8845,Chemistry,Organic Chemistry,27,22,5,81.48,78.14
STU1475,QUIZ8846,Physics,Laws of Motion,24,22,2,91.67,77.24
STU1475,QUIZ8847,Biology,Human Body,20,12,8,60.0,45.71
STU1475,QUIZ8848,Biology,Genetics,22,9,13,40.91,21.27
STU1475,QUIZ8849,Chemistry,Chemical Bonding,24,15,9,62.5,60.09
STU1475,QUIZ8850,Chemistry,Atoms,30,17,13,56.67,60.59
STU1476,QUIZ8851,Chemistry,Organic Chemistry,30,26,4,86.67,36.75
STU1476,QUIZ8852,Biology,Human Body,15,5,10,33.33,34.36
STU1476,QUIZ8853,Mathematics,Calculus,15,11,4,73.33,26.74
STU1476,QUIZ8854,Mathematics,Trigonometry,26,5,21,19.23,66.06
STU1476,QUIZ8855,Mathematics,Trigonometry,20,14,6,70.0,28.04
STU1476,QUIZ8856,Physics,Electricity,27,26,1,96.3,82.34
STU1477,QUIZ8857,Mathematics,Calculus,30,10,20,33.33,86.16
STU1477,QUIZ8858,Mathematics,Probability,20,13,7,65.0,34.97
STU1477,QUIZ8859,Physics,Electricity,23,10,13,43.48,30.02
STU1477,QUIZ8860,Chemistry,Acids and Bases,15,7,8,46.67,78.53
STU1477,QUIZ8861,Chemistry,Acids and Bases,16,11,5,68.75,40.5
STU1477,QUIZ8862,Chemistry,Organic Chemistry,30,15,15,50.0,56.02
STU1478,QUIZ8863,Physics,Laws of Motion,24,20,4,83.33,65.37
STU1478,QUIZ8864,Biology,Plant Physiology,16,8,8,50.0,75.06
STU1478,QUIZ8865,Chemistry,Chemical Bonding,19,13,6,68.42,63.81
STU1478,QUIZ8866,Physics,Work and Energy,21,19,2,90.48,85.88
STU1478,QUIZ8867,Physics,Electricity,27,14,13,51.85,36.92
STU1478,QUIZ8868,Biology,Genetics,21,15,6,71.43,52.36
STU1479,QUIZ8869,Chemistry,Chemical Bonding,20,14,6,70.0,52.94
STU1479,QUIZ8870,Physics,Laws of Motion,18,12,6,66.67,35.62
STU1479,QUIZ8871,Mathematics,Trigonometry,18,7,11,38.89,60.23
STU1479,QUIZ8872,Chemistry,Chemical Bonding,28,17,11,60.71,65.9
STU1479,QUIZ8873,Chemistry,Acids and Bases,26,16,10,61.54,82.83
STU1479,QUIZ8874,Mathematics,Algebra,18,12,6,66.67,82.73
STU1480,QUIZ8875,Physics,Motion,30,13,17,43.33,41.33
STU1480,QUIZ8876,Physics,Electricity,27,12,15,44.44,55.46
STU1480,QUIZ8877,Biology,Human Body,23,8,15,34.78,68.06
STU1480,QUIZ8878,Biology,Plant Physiology,25,18,7,72.0,51.29
STU1480,QUIZ8879,Physics,Motion,21,9,12,42.86,36.54
STU1480,QUIZ8880,Biology,Human Body,19,5,14,26.32,61.34
STU1481,QUIZ8881,Biology,Genetics,17,12,5,70.59,36.26
STU1481,QUIZ8882,Biology,Genetics,27,24,3,88.89,47.68
STU1481,QUIZ8883,Mathematics,Calculus,25,14,11,56.0,35.5
STU1481,QUIZ8884,Physics,Electricity,25,20,5,80.0,29.52
STU1481,QUIZ8885,Physics,Electricity,17,6,11,35.29,84.51
STU1481,QUIZ8886,Mathematics,Algebra,17,16,1,94.12,57.96
STU1482,QUIZ8887,Physics,Electricity,16,10,6,62.5,89.98
STU1482,QUIZ8888,Physics,Work and Energy,25,9,16,36.0,43.74
STU1482,QUIZ8889,Chemistry,Atoms,18,11,7,61.11,52.0
STU1482,QUIZ8890,Biology,Plant Physiology,20,10,10,50.0,69.36
STU1482,QUIZ8891,Chemistry,Organic Chemistry,21,18,3,85.71,82.63
STU1482,QUIZ8892,Chemistry,Acids and Bases,21,13,8,61.9,57.32
STU1483,QUIZ8893,Physics,Electricity,25,12,13,48.0,26.47
STU1483,QUIZ8894,Mathematics,Probability,23,10,13,43.48,49.65
STU1483,QUIZ8895,Biology,Cell,21,21,0,100.0,56.56
STU1483,QUIZ8896,Chemistry,Atoms,20,18,2,90.0,42.36
STU1483,QUIZ8897,Biology,Plant Physiology,23,21,2,91.3,84.92
STU1483,QUIZ8898,Biology,Human Body,15,11,4,73.33,83.29
STU1484,QUIZ8899,Physics,Electricity,15,15,0,100.0,78.77
STU1484,QUIZ8900,Mathematics,Trigonometry,25,18,7,72.0,38.63
STU1484,QUIZ8901,Chemistry,Acids and Bases,18,9,9,50.0,33.91
STU1484,QUIZ8902,Chemistry,Organic Chemistry,22,6,16,27.27,72.94
STU1484,QUIZ8903,Physics,Motion,17,16,1,94.12,75.69
STU1484,QUIZ8904,Mathematics,Calculus,17,8,9,47.06,31.49
STU1485,QUIZ8905,Biology,Genetics,17,5,12,29.41,43.49
STU1485,QUIZ8906,Mathematics,Calculus,30,13,17,43.33,78.59
STU1485,QUIZ8907,Chemistry,Acids and Bases,28,13,15,46.43,27.43
STU1485,QUIZ8908,Biology,Human Body,22,21,1,95.45,86.76
STU1485,QUIZ8909,Physics,Motion,17,11,6,64.71,62.49
STU1485,QUIZ8910,Physics,Motion,20,16,4,80.0,40.94
STU1486,QUIZ8911,Chemistry,Acids and Bases,17,10,7,58.82,44.54
STU1486,QUIZ8912,Mathematics,Trigonometry,17,6,11,35.29,74.93
STU1486,QUIZ8913,Biology,Genetics,29,27,2,93.1,73.88
STU1486,QUIZ8914,Chemistry,Acids and Bases,15,15,0,100.0,89.78
STU1486,QUIZ8915,Biology,Cell,16,5,11,31.25,24.71
STU1486,QUIZ8916,Physics,Electricity,30,27,3,90.0,28.5
STU1487,QUIZ8917,Biology,Human Body,18,10,8,55.56,60.88
STU1487,QUIZ8918,Physics,Motion,27,5,22,18.52,83.87
STU1487,QUIZ8919,Mathematics,Trigonometry,21,11,10,52.38,57.38
STU1487,QUIZ8920,Biology,Cell,20,14,6,70.0,56.51
STU1487,QUIZ8921,Chemistry,Atoms,30,21,9,70.0,39.79
STU1487,QUIZ8922,Physics,Laws of Motion,23,14,9,60.87,27.56
STU1488,QUIZ8923,Physics,Laws of Motion,15,11,4,73.33,66.75
STU1488,QUIZ8924,Biology,Human Body,24,21,3,87.5,77.24
STU1488,QUIZ8925,Chemistry,Organic Chemistry,17,17,0,100.0,45.96
STU1488,QUIZ8926,Mathematics,Probability,24,11,13,45.83,25.41
STU1488,QUIZ8927,Chemistry,Acids and Bases,21,7,14,33.33,59.49
STU1488,QUIZ8928,Chemistry,Acids and Bases,20,5,15,25.0,87.4
STU1489,QUIZ8929,Physics,Work and Energy,19,14,5,73.68,86.99
STU1489,QUIZ8930,Chemistry,Atoms,28,14,14,50.0,36.06
STU1489,QUIZ8931,Chemistry,Acids and Bases,26,22,4,84.62,87.7
STU1489,QUIZ8932,Biology,Genetics,20,18,2,90.0,42.61
STU1489,QUIZ8933,Chemistry,Organic Chemistry,25,14,11,56.0,65.24
STU1489,QUIZ8934,Chemistry,Organic Chemistry,20,19,1,95.0,48.39
STU1490,QUIZ8935,Mathematics,Calculus,18,12,6,66.67,59.77
STU1490,QUIZ8936,Mathematics,Algebra,21,16,5,76.19,48.44
STU1490,QUIZ8937,Mathematics,Calculus,21,12,9,57.14,68.67
STU1490,QUIZ8938,Mathematics,Algebra,24,7,17,29.17,69.72
STU1490,QUIZ8939,Biology,Genetics,15,6,9,40.0,61.56
STU1490,QUIZ8940,Physics,Motion,17,9,8,52.94,47.32
STU1491,QUIZ8941,Biology,Plant Physiology,16,16,0,100.0,30.75
STU1491,QUIZ8942,Biology,Genetics,18,7,11,38.89,67.62
STU1491,QUIZ8943,Physics,Motion,25,11,14,44.0,38.22
STU1491,QUIZ8944,Physics,Laws of Motion,20,9,11,45.0,89.53
STU1491,QUIZ8945,Physics,Electricity,25,14,11,56.0,66.74
STU1491,QUIZ8946,Mathematics,Probability,28,14,14,50.0,40.4
STU1492,QUIZ8947,Biology,Human Body,16,14,2,87.5,21.74
STU1492,QUIZ8948,Physics,Motion,27,15,12,55.56,87.13
STU1492,QUIZ8949,Physics,Laws of Motion,30,12,18,40.0,73.74
STU1492,QUIZ8950,Chemistry,Organic Chemistry,17,6,11,35.29,21.89
STU1492,QUIZ8951,Chemistry,Atoms,22,14,8,63.64,29.19
STU1492,QUIZ8952,Mathematics,Trigonometry,23,8,15,34.78,86.52
STU1493,QUIZ8953,Biology,Cell,30,29,1,96.67,56.34
STU1493,QUIZ8954,Mathematics,Algebra,30,8,22,26.67,31.33
STU1493,QUIZ8955,Mathematics,Calculus,23,12,11,52.17,73.28
STU1493,QUIZ8956,Chemistry,Chemical Bonding,20,14,6,70.0,48.08
STU1493,QUIZ8957,Biology,Cell,22,7,15,31.82,22.27
STU1493,QUIZ8958,Chemistry,Chemical Bonding,22,8,14,36.36,27.58
STU1494,QUIZ8959,Physics,Motion,25,7,18,28.0,35.98
STU1494,QUIZ8960,Mathematics,Probability,16,7,9,43.75,83.15
STU1494,QUIZ8961,Mathematics,Algebra,25,8,17,32.0,62.82
STU1494,QUIZ8962,Chemistry,Atoms,25,11,14,44.0,57.65
STU1494,QUIZ8963,Chemistry,Organic Chemistry,15,13,2,86.67,89.09
STU1494,QUIZ8964,Mathematics,Probability,26,18,8,69.23,82.66
STU1495,QUIZ8965,Biology,Cell,26,9,17,34.62,37.49
STU1495,QUIZ8966,Mathematics,Trigonometry,30,16,14,53.33,64.83
STU1495,QUIZ8967,Biology,Cell,22,12,10,54.55,69.58
STU1495,QUIZ8968,Mathematics,Algebra,25,15,10,60.0,31.85
STU1495,QUIZ8969,Chemistry,Atoms,25,24,1,96.0,33.24
STU1495,QUIZ8970,Physics,Work and Energy,15,13,2,86.67,60.78
STU1496,QUIZ8971,Biology,Plant Physiology,30,28,2,93.33,65.54
STU1496,QUIZ8972,Mathematics,Algebra,21,17,4,80.95,86.68
STU1496,QUIZ8973,Biology,Genetics,23,20,3,86.96,73.23
STU1496,QUIZ8974,Mathematics,Trigonometry,22,11,11,50.0,64.03
STU1496,QUIZ8975,Chemistry,Chemical Bonding,28,8,20,28.57,75.58
STU1496,QUIZ8976,Chemistry,Acids and Bases,25,6,19,24.0,47.97
STU1497,QUIZ8977,Mathematics,Calculus,20,8,12,40.0,68.26
STU1497,QUIZ8978,Biology,Genetics,30,9,21,30.0,52.0
STU1497,QUIZ8979,Mathematics,Probability,20,19,1,95.0,67.58
STU1497,QUIZ8980,Physics,Motion,18,11,7,61.11,63.4
STU1497,QUIZ8981,Mathematics,Algebra,17,16,1,94.12,59.72
STU1497,QUIZ8982,Biology,Cell,19,8,11,42.11,75.72
STU1498,QUIZ8983,Mathematics,Calculus,17,5,12,29.41,23.66
STU1498,QUIZ8984,Physics,Work and Energy,24,8,16,33.33,80.45
STU1498,QUIZ8985,Mathematics,Algebra,21,13,8,61.9,55.57
STU1498,QUIZ8986,Biology,Genetics,25,22,3,88.0,30.06
STU1498,QUIZ8987,Chemistry,Organic Chemistry,26,8,18,30.77,86.44
STU1498,QUIZ8988,Mathematics,Trigonometry,18,14,4,77.78,34.34
STU1499,QUIZ8989,Physics,Motion,19,12,7,63.16,36.27
STU1499,QUIZ8990,Mathematics,Algebra,19,15,4,78.95,54.0
STU1499,QUIZ8991,Biology,Human Body,27,19,8,70.37,43.72
STU1499,QUIZ8992,Chemistry,Organic Chemistry,17,9,8,52.94,82.56
STU1499,QUIZ8993,Biology,Cell,27,17,10,62.96,53.25
STU1499,QUIZ8994,Physics,Motion,20,11,9,55.0,67.76
STU1500,QUIZ8995,Biology,Plant Physiology,30,10,20,33.33,36.21
STU1500,QUIZ8996,Physics,Electricity,15,5,10,33.33,43.47
STU1500,QUIZ8997,Chemistry,Chemical Bonding,26,20,6,76.92,88.67
STU1500,QUIZ8998,Chemistry,Acids and Bases,24,10,14,41.67,68.98
STU1500,QUIZ8999,Chemistry,Chemical Bonding,17,8,9,47.06,74.75
STU1500,QUIZ9000,Chemistry,Atoms,30,12,18,40.0,32.55
STU1501,QUIZ9001,Biology,Plant Physiology,24,8,16,33.33,43.66
STU1501,QUIZ9002,Biology,Plant Physiology,19,5,14,26.32,74.21
STU1501,QUIZ9003,Chemistry,Atoms,18,10,8,55.56,75.77
STU1501,QUIZ9004,Physics,Work and Energy,16,13,3,81.25,68.16
STU1501,QUIZ9005,Physics,Laws of Motion,16,15,1,93.75,60.31
STU1501,QUIZ9006,Mathematics,Algebra,23,17,6,73.91,28.34
STU1502,QUIZ9007,Biology,Human Body,26,22,4,84.62,82.97
STU1502,QUIZ9008,Chemistry,Acids and Bases,28,13,15,46.43,43.08
STU1502,QUIZ9009,Mathematics,Probability,23,23,0,100.0,59.56
STU1502,QUIZ9010,Biology,Cell,28,20,8,71.43,39.92
STU1502,QUIZ9011,Chemistry,Atoms,22,7,15,31.82,54.57
STU1502,QUIZ9012,Chemistry,Acids and Bases,30,30,0,100.0,67.65
STU1503,QUIZ9013,Chemistry,Chemical Bonding,15,5,10,33.33,59.78
STU1503,QUIZ9014,Physics,Motion,26,8,18,30.77,24.95
STU1503,QUIZ9015,Mathematics,Trigonometry,30,18,12,60.0,22.61
STU1503,QUIZ9016,Biology,Plant Physiology,26,25,1,96.15,30.75
STU1503,QUIZ9017,Mathematics,Probability,26,5,21,19.23,57.73
STU1503,QUIZ9018,Mathematics,Algebra,25,13,12,52.0,26.78
STU1504,QUIZ9019,Mathematics,Algebra,19,12,7,63.16,59.48
STU1504,QUIZ9020,Chemistry,Chemical Bonding,16,16,0,100.0,61.97
STU1504,QUIZ9021,Physics,Motion,23,20,3,86.96,77.75
STU1504,QUIZ9022,Chemistry,Chemical Bonding,20,13,7,65.0,45.28
STU1504,QUIZ9023,Physics,Electricity,21,10,11,47.62,87.6
STU1504,QUIZ9024,Chemistry,Acids and Bases,20,9,11,45.0,28.46
STU1505,QUIZ9025,Mathematics,Calculus,20,12,8,60.0,41.74
STU1505,QUIZ9026,Biology,Plant Physiology,30,15,15,50.0,64.78
STU1505,QUIZ9027,Mathematics,Probability,18,10,8,55.56,60.61
STU1505,QUIZ9028,Mathematics,Probability,30,29,1,96.67,72.72
STU1505,QUIZ9029,Mathematics,Calculus,19,7,12,36.84,75.88
STU1505,QUIZ9030,Physics,Laws of Motion,27,9,18,33.33,20.48
STU1506,QUIZ9031,Physics,Motion,18,16,2,88.89,44.32
STU1506,QUIZ9032,Physics,Laws of Motion,19,11,8,57.89,69.74
STU1506,QUIZ9033,Biology,Genetics,23,18,5,78.26,39.97
STU1506,QUIZ9034,Biology,Cell,16,15,1,93.75,86.64
STU1506,QUIZ9035,Physics,Laws of Motion,24,11,13,45.83,70.67
STU1506,QUIZ9036,Chemistry,Atoms,28,23,5,82.14,88.12
STU1507,QUIZ9037,Biology,Plant Physiology,30,17,13,56.67,80.39
STU1507,QUIZ9038,Biology,Cell,26,17,9,65.38,34.27
STU1507,QUIZ9039,Chemistry,Organic Chemistry,16,6,10,37.5,25.29
STU1507,QUIZ9040,Biology,Plant Physiology,15,8,7,53.33,31.02
STU1507,QUIZ9041,Chemistry,Acids and Bases,17,6,11,35.29,48.52
STU1507,QUIZ9042,Biology,Human Body,26,25,1,96.15,50.47
STU1508,QUIZ9043,Physics,Electricity,15,12,3,80.0,25.25
STU1508,QUIZ9044,Chemistry,Acids and Bases,24,5,19,20.83,83.26
STU1508,QUIZ9045,Biology,Plant Physiology,21,7,14,33.33,79.37
STU1508,QUIZ9046,Physics,Laws of Motion,29,17,12,58.62,24.3
STU1508,QUIZ9047,Chemistry,Chemical Bonding,25,12,13,48.0,88.55
STU1508,QUIZ9048,Chemistry,Organic Chemistry,22,14,8,63.64,23.72
STU1509,QUIZ9049,Biology,Human Body,22,15,7,68.18,21.77
STU1509,QUIZ9050,Mathematics,Calculus,16,7,9,43.75,47.65
STU1509,QUIZ9051,Chemistry,Acids and Bases,19,10,9,52.63,53.41
STU1509,QUIZ9052,Biology,Cell,23,16,7,69.57,46.81
STU1509,QUIZ9053,Biology,Cell,16,15,1,93.75,68.38
STU1509,QUIZ9054,Chemistry,Atoms,15,6,9,40.0,88.9
STU1510,QUIZ9055,Physics,Work and Energy,20,13,7,65.0,79.63
STU1510,QUIZ9056,Chemistry,Organic Chemistry,18,5,13,27.78,89.51
STU1510,QUIZ9057,Biology,Human Body,23,15,8,65.22,89.03
STU1510,QUIZ9058,Biology,Human Body,29,5,24,17.24,36.95
STU1510,QUIZ9059,Chemistry,Acids and Bases,23,19,4,82.61,67.16
STU1510,QUIZ9060,Biology,Human Body,20,15,5,75.0,24.15
STU1511,QUIZ9061,Chemistry,Chemical Bonding,19,15,4,78.95,31.33
STU1511,QUIZ9062,Mathematics,Algebra,17,9,8,52.94,27.96
STU1511,QUIZ9063,Mathematics,Calculus,24,6,18,25.0,31.2
STU1511,QUIZ9064,Biology,Plant Physiology,19,11,8,57.89,54.05
STU1511,QUIZ9065,Mathematics,Calculus,15,9,6,60.0,48.28
STU1511,QUIZ9066,Mathematics,Calculus,25,7,18,28.0,78.91
STU1512,QUIZ9067,Mathematics,Algebra,24,7,17,29.17,58.36
STU1512,QUIZ9068,Physics,Motion,28,25,3,89.29,37.18
STU1512,QUIZ9069,Physics,Electricity,25,8,17,32.0,48.73
STU1512,QUIZ9070,Physics,Work and Energy,28,26,2,92.86,57.82
STU1512,QUIZ9071,Physics,Laws of Motion,23,6,17,26.09,38.51
STU1512,QUIZ9072,Mathematics,Algebra,15,5,10,33.33,89.21
STU1513,QUIZ9073,Mathematics,Calculus,17,15,2,88.24,46.5
STU1513,QUIZ9074,Biology,Plant Physiology,20,9,11,45.0,28.13
STU1513,QUIZ9075,Chemistry,Organic Chemistry,26,14,12,53.85,54.0
STU1513,QUIZ9076,Biology,Cell,27,11,16,40.74,58.87
STU1513,QUIZ9077,Physics,Electricity,15,11,4,73.33,83.8
STU1513,QUIZ9078,Chemistry,Chemical Bonding,18,12,6,66.67,77.99
STU1514,QUIZ9079,Biology,Cell,26,15,11,57.69,72.66
STU1514,QUIZ9080,Mathematics,Probability,22,15,7,68.18,30.81
STU1514,QUIZ9081,Mathematics,Trigonometry,27,5,22,18.52,25.62
STU1514,QUIZ9082,Physics,Work and Energy,30,18,12,60.0,68.4
STU1514,QUIZ9083,Chemistry,Acids and Bases,21,11,10,52.38,64.69
STU1514,QUIZ9084,Mathematics,Trigonometry,24,11,13,45.83,25.22
STU1515,QUIZ9085,Mathematics,Algebra,28,25,3,89.29,27.56
STU1515,QUIZ9086,Physics,Laws of Motion,27,16,11,59.26,42.7
STU1515,QUIZ9087,Mathematics,Trigonometry,20,18,2,90.0,77.15
STU1515,QUIZ9088,Biology,Cell,26,26,0,100.0,24.26
STU1515,QUIZ9089,Chemistry,Organic Chemistry,16,6,10,37.5,75.24
STU1515,QUIZ9090,Chemistry,Organic Chemistry,29,21,8,72.41,24.3
STU1516,QUIZ9091,Mathematics,Probability,15,5,10,33.33,57.03
STU1516,QUIZ9092,Mathematics,Algebra,17,13,4,76.47,34.2
STU1516,QUIZ9093,Physics,Electricity,19,13,6,68.42,27.22
STU1516,QUIZ9094,Mathematics,Algebra,25,13,12,52.0,47.13
STU1516,QUIZ9095,Mathematics,Algebra,29,29,0,100.0,53.71
STU1516,QUIZ9096,Physics,Laws of Motion,15,15,0,100.0,89.46
STU1517,QUIZ9097,Physics,Work and Energy,19,17,2,89.47,78.95
STU1517,QUIZ9098,Physics,Electricity,20,10,10,50.0,38.16
STU1517,QUIZ9099,Biology,Cell,23,11,12,47.83,58.22
STU1517,QUIZ9100,Mathematics,Algebra,27,19,8,70.37,72.61
STU1517,QUIZ9101,Chemistry,Acids and Bases,27,9,18,33.33,68.37
STU1517,QUIZ9102,Mathematics,Calculus,22,14,8,63.64,44.18
STU1518,QUIZ9103,Biology,Human Body,30,13,17,43.33,76.72
STU1518,QUIZ9104,Biology,Plant Physiology,20,8,12,40.0,67.62
STU1518,QUIZ9105,Mathematics,Trigonometry,21,18,3,85.71,29.59
STU1518,QUIZ9106,Physics,Motion,17,5,12,29.41,70.45
STU1518,QUIZ9107,Mathematics,Calculus,25,23,2,92.0,74.14
STU1518,QUIZ9108,Chemistry,Chemical Bonding,15,11,4,73.33,44.66
STU1519,QUIZ9109,Mathematics,Calculus,26,18,8,69.23,83.32
STU1519,QUIZ9110,Chemistry,Organic Chemistry,22,7,15,31.82,85.91
STU1519,QUIZ9111,Physics,Laws of Motion,16,11,5,68.75,69.54
STU1519,QUIZ9112,Chemistry,Atoms,17,14,3,82.35,87.6
STU1519,QUIZ9113,Physics,Laws of Motion,20,13,7,65.0,32.3
STU1519,QUIZ9114,Mathematics,Algebra,24,13,11,54.17,49.51
STU1520,QUIZ9115,Mathematics,Trigonometry,16,9,7,56.25,37.23
STU1520,QUIZ9116,Mathematics,Trigonometry,24,11,13,45.83,32.67
STU1520,QUIZ9117,Biology,Genetics,21,17,4,80.95,55.95
STU1520,QUIZ9118,Physics,Electricity,25,6,19,24.0,85.75
STU1520,QUIZ9119,Mathematics,Trigonometry,19,5,14,26.32,73.35
STU1520,QUIZ9120,Mathematics,Trigonometry,18,16,2,88.89,20.12
STU1521,QUIZ9121,Biology,Genetics,19,14,5,73.68,27.27
STU1521,QUIZ9122,Physics,Laws of Motion,15,11,4,73.33,41.56
STU1521,QUIZ9123,Mathematics,Trigonometry,24,6,18,25.0,23.6
STU1521,QUIZ9124,Chemistry,Chemical Bonding,18,5,13,27.78,46.91
STU1521,QUIZ9125,Mathematics,Trigonometry,22,7,15,31.82,62.77
STU1521,QUIZ9126,Chemistry,Organic Chemistry,22,18,4,81.82,63.95
STU1522,QUIZ9127,Biology,Plant Physiology,22,5,17,22.73,84.16
STU1522,QUIZ9128,Physics,Electricity,17,5,12,29.41,32.92
STU1522,QUIZ9129,Mathematics,Probability,30,27,3,90.0,38.58
STU1522,QUIZ9130,Physics,Laws of Motion,23,5,18,21.74,55.32
STU1522,QUIZ9131,Chemistry,Chemical Bonding,16,6,10,37.5,24.1
STU1522,QUIZ9132,Biology,Cell,23,18,5,78.26,30.34
STU1523,QUIZ9133,Mathematics,Trigonometry,29,9,20,31.03,74.5
STU1523,QUIZ9134,Chemistry,Atoms,29,12,17,41.38,47.62
STU1523,QUIZ9135,Chemistry,Chemical Bonding,18,5,13,27.78,26.17
STU1523,QUIZ9136,Biology,Human Body,19,14,5,73.68,82.74
STU1523,QUIZ9137,Mathematics,Calculus,25,15,10,60.0,63.3
STU1523,QUIZ9138,Mathematics,Probability,17,6,11,35.29,88.03
STU1524,QUIZ9139,Chemistry,Acids and Bases,22,18,4,81.82,59.42
STU1524,QUIZ9140,Biology,Genetics,25,11,14,44.0,37.44
STU1524,QUIZ9141,Biology,Genetics,30,14,16,46.67,47.1
STU1524,QUIZ9142,Chemistry,Organic Chemistry,24,8,16,33.33,38.27
STU1524,QUIZ9143,Chemistry,Organic Chemistry,22,7,15,31.82,51.22
STU1524,QUIZ9144,Mathematics,Probability,15,12,3,80.0,83.55
STU1525,QUIZ9145,Chemistry,Chemical Bonding,27,16,11,59.26,67.87
STU1525,QUIZ9146,Physics,Motion,27,26,1,96.3,46.03
STU1525,QUIZ9147,Mathematics,Calculus,18,10,8,55.56,80.53
STU1525,QUIZ9148,Chemistry,Chemical Bonding,22,14,8,63.64,88.42
STU1525,QUIZ9149,Physics,Work and Energy,20,13,7,65.0,74.7
STU1525,QUIZ9150,Biology,Genetics,25,15,10,60.0,85.05
STU1526,QUIZ9151,Chemistry,Chemical Bonding,17,13,4,76.47,81.68
STU1526,QUIZ9152,Biology,Genetics,28,5,23,17.86,55.27
STU1526,QUIZ9153,Chemistry,Chemical Bonding,19,14,5,73.68,70.4
STU1526,QUIZ9154,Mathematics,Probability,26,15,11,57.69,79.05
STU1526,QUIZ9155,Physics,Motion,25,21,4,84.0,56.81
STU1526,QUIZ9156,Physics,Laws of Motion,28,24,4,85.71,37.53
STU1527,QUIZ9157,Biology,Plant Physiology,23,17,6,73.91,82.14
STU1527,QUIZ9158,Chemistry,Chemical Bonding,22,13,9,59.09,58.84
STU1527,QUIZ9159,Physics,Work and Energy,24,6,18,25.0,84.89
STU1527,QUIZ9160,Physics,Work and Energy,24,13,11,54.17,65.35
STU1527,QUIZ9161,Chemistry,Chemical Bonding,15,7,8,46.67,73.64
STU1527,QUIZ9162,Biology,Cell,30,13,17,43.33,55.56
STU1528,QUIZ9163,Biology,Plant Physiology,17,5,12,29.41,60.07
STU1528,QUIZ9164,Chemistry,Chemical Bonding,20,8,12,40.0,79.04
STU1528,QUIZ9165,Chemistry,Acids and Bases,20,10,10,50.0,23.75
STU1528,QUIZ9166,Biology,Human Body,28,19,9,67.86,36.29
STU1528,QUIZ9167,Mathematics,Probability,26,5,21,19.23,27.38
STU1528,QUIZ9168,Physics,Motion,20,18,2,90.0,64.38
STU1529,QUIZ9169,Physics,Work and Energy,16,14,2,87.5,61.02
STU1529,QUIZ9170,Physics,Work and Energy,20,16,4,80.0,32.66
STU1529,QUIZ9171,Physics,Motion,27,15,12,55.56,51.26
STU1529,QUIZ9172,Biology,Genetics,26,26,0,100.0,79.58
STU1529,QUIZ9173,Biology,Cell,21,13,8,61.9,87.03
STU1529,QUIZ9174,Physics,Work and Energy,26,14,12,53.85,87.98
STU1530,QUIZ9175,Biology,Cell,25,5,20,20.0,70.2
STU1530,QUIZ9176,Mathematics,Calculus,16,16,0,100.0,39.51
STU1530,QUIZ9177,Biology,Genetics,20,16,4,80.0,85.72
STU1530,QUIZ9178,Mathematics,Trigonometry,19,19,0,100.0,23.55
STU1530,QUIZ9179,Physics,Work and Energy,19,9,10,47.37,57.86
STU1530,QUIZ9180,Mathematics,Calculus,22,22,0,100.0,67.74
STU1531,QUIZ9181,Mathematics,Trigonometry,22,17,5,77.27,39.82
STU1531,QUIZ9182,Biology,Plant Physiology,29,21,8,72.41,42.93
STU1531,QUIZ9183,Chemistry,Organic Chemistry,18,11,7,61.11,30.85
STU1531,QUIZ9184,Biology,Human Body,24,16,8,66.67,24.76
STU1531,QUIZ9185,Physics,Electricity,16,10,6,62.5,79.84
STU1531,QUIZ9186,Physics,Work and Energy,28,12,16,42.86,84.36
STU1532,QUIZ9187,Biology,Cell,15,8,7,53.33,73.26
STU1532,QUIZ9188,Biology,Genetics,17,16,1,94.12,20.19
STU1532,QUIZ9189,Biology,Genetics,22,16,6,72.73,24.95
STU1532,QUIZ9190,Chemistry,Organic Chemistry,23,21,2,91.3,61.16
STU1532,QUIZ9191,Mathematics,Probability,24,13,11,54.17,80.6
STU1532,QUIZ9192,Physics,Electricity,16,11,5,68.75,86.42
STU1533,QUIZ9193,Mathematics,Calculus,28,8,20,28.57,27.01
STU1533,QUIZ9194,Chemistry,Atoms,25,5,20,20.0,70.52
STU1533,QUIZ9195,Biology,Plant Physiology,29,14,15,48.28,43.01
STU1533,QUIZ9196,Physics,Work and Energy,19,12,7,63.16,42.49
STU1533,QUIZ9197,Chemistry,Acids and Bases,16,11,5,68.75,87.38
STU1533,QUIZ9198,Physics,Electricity,24,21,3,87.5,29.51
STU1534,QUIZ9199,Biology,Human Body,20,10,10,50.0,29.45
STU1534,QUIZ9200,Mathematics,Probability,30,17,13,56.67,80.12
STU1534,QUIZ9201,Physics,Work and Energy,26,7,19,26.92,71.1
STU1534,QUIZ9202,Biology,Human Body,26,7,19,26.92,79.57
STU1534,QUIZ9203,Mathematics,Trigonometry,19,13,6,68.42,34.73
STU1534,QUIZ9204,Biology,Cell,26,21,5,80.77,77.55
STU1535,QUIZ9205,Physics,Electricity,23,23,0,100.0,40.55
STU1535,QUIZ9206,Mathematics,Probability,18,14,4,77.78,68.49
STU1535,QUIZ9207,Chemistry,Chemical Bonding,28,28,0,100.0,50.96
STU1535,QUIZ9208,Mathematics,Probability,18,8,10,44.44,53.12
STU1535,QUIZ9209,Physics,Electricity,29,22,7,75.86,87.01
STU1535,QUIZ9210,Physics,Motion,15,14,1,93.33,21.65
STU1536,QUIZ9211,Physics,Electricity,23,10,13,43.48,85.75
STU1536,QUIZ9212,Mathematics,Calculus,30,25,5,83.33,63.41
STU1536,QUIZ9213,Mathematics,Algebra,29,7,22,24.14,20.73
STU1536,QUIZ9214,Chemistry,Atoms,25,12,13,48.0,21.75
STU1536,QUIZ9215,Chemistry,Organic Chemistry,24,22,2,91.67,29.36
STU1536,QUIZ9216,Physics,Electricity,16,12,4,75.0,34.93
STU1537,QUIZ9217,Mathematics,Probability,20,6,14,30.0,25.26
STU1537,QUIZ9218,Mathematics,Probability,26,8,18,30.77,24.66
STU1537,QUIZ9219,Mathematics,Probability,24,11,13,45.83,77.66
STU1537,QUIZ9220,Physics,Motion,23,16,7,69.57,87.21
STU1537,QUIZ9221,Mathematics,Probability,24,20,4,83.33,41.3
STU1537,QUIZ9222,Chemistry,Atoms,21,14,7,66.67,71.42
STU1538,QUIZ9223,Chemistry,Chemical Bonding,28,24,4,85.71,39.51
STU1538,QUIZ9224,Biology,Plant Physiology,25,11,14,44.0,71.89
STU1538,QUIZ9225,Chemistry,Atoms,18,6,12,33.33,46.88
STU1538,QUIZ9226,Physics,Motion,22,5,17,22.73,48.43
STU1538,QUIZ9227,Biology,Cell,26,26,0,100.0,36.63
STU1538,QUIZ9228,Chemistry,Organic Chemistry,18,16,2,88.89,78.76
STU1539,QUIZ9229,Physics,Laws of Motion,22,17,5,77.27,33.87
STU1539,QUIZ9230,Mathematics,Trigonometry,26,11,15,42.31,67.74
STU1539,QUIZ9231,Mathematics,Trigonometry,19,11,8,57.89,53.03
STU1539,QUIZ9232,Mathematics,Calculus,18,9,9,50.0,75.43
STU1539,QUIZ9233,Biology,Cell,21,12,9,57.14,37.72
STU1539,QUIZ9234,Mathematics,Calculus,19,5,14,26.32,67.77
STU1540,QUIZ9235,Biology,Human Body,23,21,2,91.3,45.62
STU1540,QUIZ9236,Biology,Plant Physiology,25,10,15,40.0,82.94
STU1540,QUIZ9237,Biology,Human Body,15,7,8,46.67,49.77
STU1540,QUIZ9238,Chemistry,Organic Chemistry,27,8,19,29.63,77.38
STU1540,QUIZ9239,Biology,Plant Physiology,26,17,9,65.38,47.24
STU1540,QUIZ9240,Biology,Human Body,25,9,16,36.0,21.78
STU1541,QUIZ9241,Mathematics,Trigonometry,26,24,2,92.31,47.05
STU1541,QUIZ9242,Chemistry,Atoms,25,21,4,84.0,29.95
STU1541,QUIZ9243,Biology,Cell,28,9,19,32.14,48.48
STU1541,QUIZ9244,Physics,Laws of Motion,24,23,1,95.83,46.05
STU1541,QUIZ9245,Biology,Plant Physiology,16,5,11,31.25,62.14
STU1541,QUIZ9246,Physics,Work and Energy,19,13,6,68.42,86.05
STU1542,QUIZ9247,Mathematics,Calculus,21,6,15,28.57,68.97
STU1542,QUIZ9248,Physics,Laws of Motion,20,7,13,35.0,64.52
STU1542,QUIZ9249,Chemistry,Chemical Bonding,16,15,1,93.75,38.82
STU1542,QUIZ9250,Mathematics,Probability,20,11,9,55.0,89.67
STU1542,QUIZ9251,Mathematics,Calculus,24,11,13,45.83,58.54
STU1542,QUIZ9252,Biology,Plant Physiology,20,8,12,40.0,54.13
STU1543,QUIZ9253,Mathematics,Calculus,15,9,6,60.0,88.48
STU1543,QUIZ9254,Chemistry,Chemical Bonding,21,10,11,47.62,26.04
STU1543,QUIZ9255,Physics,Work and Energy,21,19,2,90.48,51.45
STU1543,QUIZ9256,Physics,Work and Energy,21,7,14,33.33,67.22
STU1543,QUIZ9257,Biology,Plant Physiology,23,11,12,47.83,71.05
STU1543,QUIZ9258,Chemistry,Organic Chemistry,18,8,10,44.44,30.8
STU1544,QUIZ9259,Physics,Motion,20,20,0,100.0,44.8
STU1544,QUIZ9260,Mathematics,Trigonometry,15,6,9,40.0,38.94
STU1544,QUIZ9261,Mathematics,Algebra,15,14,1,93.33,23.08
STU1544,QUIZ9262,Biology,Cell,27,26,1,96.3,78.98
STU1544,QUIZ9263,Biology,Plant Physiology,19,16,3,84.21,52.45
STU1544,QUIZ9264,Chemistry,Organic Chemistry,20,14,6,70.0,26.24
STU1545,QUIZ9265,Biology,Human Body,19,10,9,52.63,52.61
STU1545,QUIZ9266,Physics,Electricity,29,16,13,55.17,27.38
STU1545,QUIZ9267,Biology,Cell,27,14,13,51.85,56.03
STU1545,QUIZ9268,Mathematics,Algebra,26,10,16,38.46,79.11
STU1545,QUIZ9269,Chemistry,Organic Chemistry,18,11,7,61.11,75.36
STU1545,QUIZ9270,Biology,Plant Physiology,19,9,10,47.37,59.22
STU1546,QUIZ9271,Physics,Work and Energy,20,8,12,40.0,46.81
STU1546,QUIZ9272,Physics,Work and Energy,20,8,12,40.0,60.25
STU1546,QUIZ9273,Chemistry,Chemical Bonding,27,14,13,51.85,37.66
STU1546,QUIZ9274,Chemistry,Chemical Bonding,28,24,4,85.71,22.07
STU1546,QUIZ9275,Mathematics,Probability,27,12,15,44.44,38.79
STU1546,QUIZ9276,Biology,Genetics,22,10,12,45.45,68.13
STU1547,QUIZ9277,Mathematics,Calculus,18,16,2,88.89,83.9
STU1547,QUIZ9278,Chemistry,Chemical Bonding,17,6,11,35.29,83.34
STU1547,QUIZ9279,Biology,Human Body,24,18,6,75.0,28.61
STU1547,QUIZ9280,Physics,Electricity,20,13,7,65.0,38.46
STU1547,QUIZ9281,Biology,Genetics,18,18,0,100.0,58.75
STU1547,QUIZ9282,Mathematics,Calculus,20,14,6,70.0,27.08
STU1548,QUIZ9283,Physics,Work and Energy,16,5,11,31.25,28.29
STU1548,QUIZ9284,Mathematics,Algebra,16,9,7,56.25,65.29
STU1548,QUIZ9285,Chemistry,Chemical Bonding,18,8,10,44.44,76.38
STU1548,QUIZ9286,Mathematics,Probability,27,9,18,33.33,25.59
STU1548,QUIZ9287,Mathematics,Trigonometry,29,15,14,51.72,28.15
STU1548,QUIZ9288,Mathematics,Calculus,30,18,12,60.0,75.81
STU1549,QUIZ9289,Biology,Genetics,15,15,0,100.0,54.21
STU1549,QUIZ9290,Chemistry,Organic Chemistry,17,8,9,47.06,71.59
STU1549,QUIZ9291,Mathematics,Algebra,24,11,13,45.83,73.05
STU1549,QUIZ9292,Mathematics,Algebra,22,11,11,50.0,32.27
STU1549,QUIZ9293,Chemistry,Chemical Bonding,30,8,22,26.67,77.03
STU1549,QUIZ9294,Biology,Plant Physiology,19,6,13,31.58,21.76
STU1550,QUIZ9295,Physics,Motion,25,15,10,60.0,35.55
STU1550,QUIZ9296,Biology,Cell,24,7,17,29.17,70.45
STU1550,QUIZ9297,Physics,Motion,27,20,7,74.07,74.58
STU1550,QUIZ9298,Chemistry,Organic Chemistry,28,19,9,67.86,84.53
STU1550,QUIZ9299,Biology,Cell,24,19,5,79.17,55.77
STU1550,QUIZ9300,Physics,Work and Energy,16,13,3,81.25,26.29
STU1551,QUIZ9301,Mathematics,Calculus,15,5,10,33.33,79.27
STU1551,QUIZ9302,Mathematics,Algebra,17,9,8,52.94,87.92
STU1551,QUIZ9303,Biology,Cell,24,20,4,83.33,55.33
STU1551,QUIZ9304,Mathematics,Trigonometry,22,10,12,45.45,37.25
STU1551,QUIZ9305,Physics,Laws of Motion,21,9,12,42.86,41.85
STU1551,QUIZ9306,Biology,Cell,21,13,8,61.9,68.97
STU1552,QUIZ9307,Physics,Work and Energy,30,10,20,33.33,83.23
STU1552,QUIZ9308,Chemistry,Chemical Bonding,27,15,12,55.56,81.66
STU1552,QUIZ9309,Biology,Genetics,29,15,14,51.72,48.37
STU1552,QUIZ9310,Mathematics,Algebra,24,9,15,37.5,24.85
STU1552,QUIZ9311,Physics,Laws of Motion,18,9,9,50.0,82.36
STU1552,QUIZ9312,Chemistry,Organic Chemistry,19,10,9,52.63,53.11
STU1553,QUIZ9313,Physics,Motion,21,8,13,38.1,21.13
STU1553,QUIZ9314,Biology,Genetics,23,6,17,26.09,45.81
STU1553,QUIZ9315,Biology,Plant Physiology,20,12,8,60.0,50.8
STU1553,QUIZ9316,Biology,Plant Physiology,30,19,11,63.33,78.65
STU1553,QUIZ9317,Chemistry,Atoms,21,14,7,66.67,66.29
STU1553,QUIZ9318,Chemistry,Chemical Bonding,21,11,10,52.38,77.25
STU1554,QUIZ9319,Mathematics,Probability,19,16,3,84.21,36.88
STU1554,QUIZ9320,Mathematics,Calculus,29,5,24,17.24,56.65
STU1554,QUIZ9321,Mathematics,Probability,26,8,18,30.77,36.98
STU1554,QUIZ9322,Biology,Cell,30,30,0,100.0,72.63
STU1554,QUIZ9323,Mathematics,Algebra,19,11,8,57.89,50.62
STU1554,QUIZ9324,Chemistry,Chemical Bonding,28,16,12,57.14,39.5
STU1555,QUIZ9325,Physics,Electricity,16,16,0,100.0,25.27
STU1555,QUIZ9326,Biology,Plant Physiology,22,16,6,72.73,20.75
STU1555,QUIZ9327,Biology,Plant Physiology,15,15,0,100.0,55.89
STU1555,QUIZ9328,Physics,Laws of Motion,23,9,14,39.13,31.94
STU1555,QUIZ9329,Mathematics,Trigonometry,21,16,5,76.19,54.97
STU1555,QUIZ9330,Chemistry,Acids and Bases,24,12,12,50.0,86.98
STU1556,QUIZ9331,Biology,Human Body,21,13,8,61.9,75.6
STU1556,QUIZ9332,Mathematics,Trigonometry,20,8,12,40.0,71.16
STU1556,QUIZ9333,Biology,Human Body,24,12,12,50.0,71.45
STU1556,QUIZ9334,Physics,Electricity,16,8,8,50.0,79.65
STU1556,QUIZ9335,Physics,Motion,18,8,10,44.44,77.49
STU1556,QUIZ9336,Mathematics,Trigonometry,17,17,0,100.0,79.74
STU1557,QUIZ9337,Chemistry,Atoms,23,6,17,26.09,34.56
STU1557,QUIZ9338,Chemistry,Atoms,28,23,5,82.14,27.07
STU1557,QUIZ9339,Mathematics,Probability,15,10,5,66.67,35.67
STU1557,QUIZ9340,Mathematics,Probability,21,9,12,42.86,54.16
STU1557,QUIZ9341,Physics,Electricity,23,15,8,65.22,25.59
STU1557,QUIZ9342,Physics,Work and Energy,19,5,14,26.32,31.49
STU1558,QUIZ9343,Chemistry,Atoms,26,14,12,53.85,80.71
STU1558,QUIZ9344,Physics,Laws of Motion,18,10,8,55.56,46.84
STU1558,QUIZ9345,Biology,Cell,24,13,11,54.17,42.44
STU1558,QUIZ9346,Physics,Work and Energy,25,12,13,48.0,36.74
STU1558,QUIZ9347,Mathematics,Trigonometry,17,13,4,76.47,61.02
STU1558,QUIZ9348,Biology,Plant Physiology,26,9,17,34.62,26.03
STU1559,QUIZ9349,Chemistry,Organic Chemistry,28,27,1,96.43,56.12
STU1559,QUIZ9350,Mathematics,Algebra,24,12,12,50.0,42.34
STU1559,QUIZ9351,Biology,Human Body,28,11,17,39.29,30.91
STU1559,QUIZ9352,Physics,Laws of Motion,30,9,21,30.0,45.79
STU1559,QUIZ9353,Physics,Electricity,16,16,0,100.0,24.21
STU1559,QUIZ9354,Chemistry,Acids and Bases,17,7,10,41.18,37.09
STU1560,QUIZ9355,Physics,Work and Energy,17,17,0,100.0,30.07
STU1560,QUIZ9356,Physics,Motion,21,7,14,33.33,68.18
STU1560,QUIZ9357,Chemistry,Atoms,27,10,17,37.04,55.5
STU1560,QUIZ9358,Chemistry,Organic Chemistry,21,16,5,76.19,65.94
STU1560,QUIZ9359,Chemistry,Organic Chemistry,25,24,1,96.0,74.75
STU1560,QUIZ9360,Mathematics,Algebra,18,9,9,50.0,31.11
STU1561,QUIZ9361,Chemistry,Atoms,27,15,12,55.56,85.93
STU1561,QUIZ9362,Physics,Work and Energy,27,23,4,85.19,89.84
STU1561,QUIZ9363,Mathematics,Trigonometry,27,21,6,77.78,41.78
STU1561,QUIZ9364,Biology,Cell,21,11,10,52.38,70.12
STU1561,QUIZ9365,Physics,Work and Energy,17,9,8,52.94,21.69
STU1561,QUIZ9366,Biology,Cell,15,15,0,100.0,77.11
STU1562,QUIZ9367,Biology,Plant Physiology,24,15,9,62.5,73.79
STU1562,QUIZ9368,Biology,Human Body,16,6,10,37.5,28.52
STU1562,QUIZ9369,Biology,Human Body,29,9,20,31.03,65.24
STU1562,QUIZ9370,Physics,Motion,28,19,9,67.86,37.78
STU1562,QUIZ9371,Biology,Cell,22,5,17,22.73,43.99
STU1562,QUIZ9372,Biology,Genetics,16,8,8,50.0,26.76
STU1563,QUIZ9373,Chemistry,Acids and Bases,19,14,5,73.68,79.19
STU1563,QUIZ9374,Biology,Cell,24,20,4,83.33,45.99
STU1563,QUIZ9375,Mathematics,Algebra,20,19,1,95.0,59.73
STU1563,QUIZ9376,Physics,Electricity,20,7,13,35.0,83.01
STU1563,QUIZ9377,Chemistry,Acids and Bases,30,30,0,100.0,26.25
STU1563,QUIZ9378,Chemistry,Acids and Bases,23,23,0,100.0,88.39
STU1564,QUIZ9379,Physics,Work and Energy,16,10,6,62.5,55.18
STU1564,QUIZ9380,Physics,Laws of Motion,18,7,11,38.89,57.81
STU1564,QUIZ9381,Chemistry,Organic Chemistry,21,21,0,100.0,36.27
STU1564,QUIZ9382,Mathematics,Trigonometry,23,20,3,86.96,77.14
STU1564,QUIZ9383,Chemistry,Acids and Bases,18,12,6,66.67,30.23
STU1564,QUIZ9384,Physics,Work and Energy,17,12,5,70.59,77.31
STU1565,QUIZ9385,Chemistry,Organic Chemistry,29,18,11,62.07,78.49
STU1565,QUIZ9386,Physics,Laws of Motion,15,5,10,33.33,36.24
STU1565,QUIZ9387,Chemistry,Organic Chemistry,16,6,10,37.5,41.38
STU1565,QUIZ9388,Biology,Cell,24,22,2,91.67,45.94
STU1565,QUIZ9389,Mathematics,Calculus,29,11,18,37.93,52.45
STU1565,QUIZ9390,Chemistry,Organic Chemistry,24,18,6,75.0,79.4
STU1566,QUIZ9391,Chemistry,Chemical Bonding,22,17,5,77.27,53.74
STU1566,QUIZ9392,Mathematics,Algebra,26,10,16,38.46,72.69
STU1566,QUIZ9393,Physics,Electricity,27,6,21,22.22,58.12
STU1566,QUIZ9394,Physics,Electricity,24,7,17,29.17,20.07
STU1566,QUIZ9395,Mathematics,Calculus,17,6,11,35.29,87.27
STU1566,QUIZ9396,Physics,Electricity,24,8,16,33.33,42.76
STU1567,QUIZ9397,Mathematics,Calculus,17,12,5,70.59,21.55
STU1567,QUIZ9398,Physics,Work and Energy,28,19,9,67.86,39.28
STU1567,QUIZ9399,Chemistry,Acids and Bases,29,24,5,82.76,72.63
STU1567,QUIZ9400,Biology,Cell,29,7,22,24.14,79.71
STU1567,QUIZ9401,Chemistry,Chemical Bonding,29,29,0,100.0,82.1
STU1567,QUIZ9402,Biology,Genetics,20,15,5,75.0,53.45
STU1568,QUIZ9403,Biology,Cell,21,21,0,100.0,57.39
STU1568,QUIZ9404,Physics,Motion,18,17,1,94.44,51.54
STU1568,QUIZ9405,Biology,Genetics,24,10,14,41.67,30.54
STU1568,QUIZ9406,Chemistry,Organic Chemistry,19,9,10,47.37,38.73
STU1568,QUIZ9407,Physics,Laws of Motion,25,21,4,84.0,82.08
STU1568,QUIZ9408,Physics,Motion,20,14,6,70.0,62.73
STU1569,QUIZ9409,Mathematics,Algebra,25,15,10,60.0,58.07
STU1569,QUIZ9410,Chemistry,Atoms,26,15,11,57.69,26.79
STU1569,QUIZ9411,Chemistry,Atoms,17,11,6,64.71,65.81
STU1569,QUIZ9412,Mathematics,Trigonometry,22,16,6,72.73,37.98
STU1569,QUIZ9413,Mathematics,Calculus,17,12,5,70.59,41.8
STU1569,QUIZ9414,Chemistry,Acids and Bases,15,9,6,60.0,79.56
STU1570,QUIZ9415,Physics,Laws of Motion,21,13,8,61.9,67.26
STU1570,QUIZ9416,Biology,Plant Physiology,24,17,7,70.83,39.8
STU1570,QUIZ9417,Physics,Laws of Motion,27,21,6,77.78,20.77
STU1570,QUIZ9418,Chemistry,Chemical Bonding,28,12,16,42.86,33.21
STU1570,QUIZ9419,Chemistry,Acids and Bases,21,10,11,47.62,66.0
STU1570,QUIZ9420,Physics,Work and Energy,17,16,1,94.12,29.88
STU1571,QUIZ9421,Physics,Motion,16,15,1,93.75,63.75
STU1571,QUIZ9422,Physics,Work and Energy,19,16,3,84.21,68.09
STU1571,QUIZ9423,Physics,Electricity,25,7,18,28.0,63.68
STU1571,QUIZ9424,Chemistry,Acids and Bases,25,8,17,32.0,36.16
STU1571,QUIZ9425,Chemistry,Organic Chemistry,23,13,10,56.52,20.73
STU1571,QUIZ9426,Mathematics,Calculus,27,16,11,59.26,52.66
STU1572,QUIZ9427,Biology,Genetics,17,8,9,47.06,43.61
STU1572,QUIZ9428,Biology,Genetics,21,11,10,52.38,37.97
STU1572,QUIZ9429,Mathematics,Algebra,21,13,8,61.9,37.71
STU1572,QUIZ9430,Chemistry,Acids and Bases,19,9,10,47.37,29.06
STU1572,QUIZ9431,Mathematics,Calculus,15,11,4,73.33,73.14
STU1572,QUIZ9432,Mathematics,Algebra,25,7,18,28.0,67.55
STU1573,QUIZ9433,Biology,Cell,15,11,4,73.33,21.74
STU1573,QUIZ9434,Chemistry,Acids and Bases,29,17,12,58.62,85.87
STU1573,QUIZ9435,Physics,Electricity,27,23,4,85.19,76.32
STU1573,QUIZ9436,Chemistry,Atoms,29,29,0,100.0,66.29
STU1573,QUIZ9437,Mathematics,Trigonometry,21,12,9,57.14,32.87
STU1573,QUIZ9438,Physics,Laws of Motion,27,20,7,74.07,48.22
STU1574,QUIZ9439,Physics,Motion,30,20,10,66.67,41.39
STU1574,QUIZ9440,Chemistry,Organic Chemistry,15,7,8,46.67,56.82
STU1574,QUIZ9441,Biology,Genetics,20,11,9,55.0,48.17
STU1574,QUIZ9442,Mathematics,Calculus,24,9,15,37.5,36.21
STU1574,QUIZ9443,Chemistry,Atoms,26,5,21,19.23,76.17
STU1574,QUIZ9444,Mathematics,Trigonometry,23,11,12,47.83,40.39
STU1575,QUIZ9445,Mathematics,Calculus,27,7,20,25.93,58.35
STU1575,QUIZ9446,Chemistry,Chemical Bonding,25,16,9,64.0,88.96
STU1575,QUIZ9447,Biology,Genetics,18,7,11,38.89,22.56
STU1575,QUIZ9448,Physics,Electricity,21,21,0,100.0,77.48
STU1575,QUIZ9449,Physics,Laws of Motion,15,11,4,73.33,41.21
STU1575,QUIZ9450,Physics,Motion,27,16,11,59.26,45.14
STU1576,QUIZ9451,Biology,Genetics,25,25,0,100.0,41.02
STU1576,QUIZ9452,Chemistry,Organic Chemistry,15,11,4,73.33,81.49
STU1576,QUIZ9453,Chemistry,Atoms,22,10,12,45.45,39.69
STU1576,QUIZ9454,Mathematics,Calculus,29,23,6,79.31,82.83
STU1576,QUIZ9455,Mathematics,Calculus,24,8,16,33.33,30.49
STU1576,QUIZ9456,Chemistry,Organic Chemistry,20,5,15,25.0,62.19
STU1577,QUIZ9457,Physics,Laws of Motion,27,23,4,85.19,27.58
STU1577,QUIZ9458,Biology,Genetics,22,8,14,36.36,79.81
STU1577,QUIZ9459,Mathematics,Probability,25,10,15,40.0,81.66
STU1577,QUIZ9460,Chemistry,Atoms,24,13,11,54.17,60.52
STU1577,QUIZ9461,Mathematics,Probability,28,23,5,82.14,68.4
STU1577,QUIZ9462,Mathematics,Calculus,16,7,9,43.75,23.95
STU1578,QUIZ9463,Mathematics,Calculus,26,10,16,38.46,61.54
STU1578,QUIZ9464,Mathematics,Trigonometry,21,15,6,71.43,53.03
STU1578,QUIZ9465,Mathematics,Calculus,26,16,10,61.54,76.34
STU1578,QUIZ9466,Mathematics,Trigonometry,15,8,7,53.33,67.37
STU1578,QUIZ9467,Chemistry,Acids and Bases,25,5,20,20.0,22.47
STU1578,QUIZ9468,Biology,Human Body,29,9,20,31.03,24.95
STU1579,QUIZ9469,Chemistry,Chemical Bonding,28,25,3,89.29,39.69
STU1579,QUIZ9470,Physics,Motion,25,20,5,80.0,21.08
STU1579,QUIZ9471,Biology,Cell,20,10,10,50.0,22.93
STU1579,QUIZ9472,Mathematics,Calculus,18,13,5,72.22,72.77
STU1579,QUIZ9473,Physics,Motion,18,15,3,83.33,58.86
STU1579,QUIZ9474,Mathematics,Algebra,27,9,18,33.33,30.9
STU1580,QUIZ9475,Mathematics,Trigonometry,19,9,10,47.37,36.58
STU1580,QUIZ9476,Mathematics,Probability,24,20,4,83.33,79.08
STU1580,QUIZ9477,Mathematics,Calculus,21,20,1,95.24,28.17
STU1580,QUIZ9478,Physics,Motion,25,9,16,36.0,24.09
STU1580,QUIZ9479,Chemistry,Acids and Bases,21,5,16,23.81,48.19
STU1580,QUIZ9480,Physics,Motion,16,8,8,50.0,29.18
STU1581,QUIZ9481,Biology,Genetics,17,9,8,52.94,27.57
STU1581,QUIZ9482,Chemistry,Atoms,30,7,23,23.33,23.69
STU1581,QUIZ9483,Physics,Laws of Motion,20,6,14,30.0,72.36
STU1581,QUIZ9484,Physics,Motion,27,14,13,51.85,59.17
STU1581,QUIZ9485,Mathematics,Probability,27,25,2,92.59,26.92
STU1581,QUIZ9486,Chemistry,Organic Chemistry,29,24,5,82.76,40.84
STU1582,QUIZ9487,Mathematics,Probability,20,16,4,80.0,25.15
STU1582,QUIZ9488,Chemistry,Atoms,25,8,17,32.0,72.77
STU1582,QUIZ9489,Chemistry,Atoms,24,15,9,62.5,53.37
STU1582,QUIZ9490,Physics,Work and Energy,16,12,4,75.0,38.87
STU1582,QUIZ9491,Mathematics,Calculus,15,12,3,80.0,84.56
STU1582,QUIZ9492,Mathematics,Calculus,23,19,4,82.61,35.59
STU1583,QUIZ9493,Mathematics,Probability,25,23,2,92.0,71.85
STU1583,QUIZ9494,Biology,Genetics,22,19,3,86.36,45.65
STU1583,QUIZ9495,Physics,Motion,28,11,17,39.29,43.51
STU1583,QUIZ9496,Chemistry,Acids and Bases,20,8,12,40.0,40.79
STU1583,QUIZ9497,Biology,Genetics,28,13,15,46.43,87.75
STU1583,QUIZ9498,Mathematics,Probability,24,16,8,66.67,86.28
STU1584,QUIZ9499,Mathematics,Trigonometry,20,6,14,30.0,65.71
STU1584,QUIZ9500,Biology,Plant Physiology,29,25,4,86.21,50.84
STU1584,QUIZ9501,Mathematics,Probability,20,10,10,50.0,23.46
STU1584,QUIZ9502,Mathematics,Trigonometry,17,5,12,29.41,24.68
STU1584,QUIZ9503,Biology,Genetics,29,21,8,72.41,27.12
STU1584,QUIZ9504,Chemistry,Chemical Bonding,17,11,6,64.71,56.4
STU1585,QUIZ9505,Physics,Work and Energy,28,6,22,21.43,42.77
STU1585,QUIZ9506,Biology,Genetics,19,16,3,84.21,27.26
STU1585,QUIZ9507,Physics,Work and Energy,18,16,2,88.89,65.41
STU1585,QUIZ9508,Biology,Human Body,27,17,10,62.96,67.64
STU1585,QUIZ9509,Biology,Plant Physiology,25,7,18,28.0,61.54
STU1585,QUIZ9510,Chemistry,Chemical Bonding,27,25,2,92.59,21.0
STU1586,QUIZ9511,Physics,Motion,24,9,15,37.5,49.69
STU1586,QUIZ9512,Biology,Human Body,25,19,6,76.0,25.27
STU1586,QUIZ9513,Biology,Plant Physiology,24,16,8,66.67,30.17
STU1586,QUIZ9514,Physics,Electricity,22,10,12,45.45,75.72
STU1586,QUIZ9515,Physics,Electricity,22,6,16,27.27,27.45
STU1586,QUIZ9516,Physics,Motion,26,5,21,19.23,35.84
STU1587,QUIZ9517,Mathematics,Algebra,22,8,14,36.36,46.78
STU1587,QUIZ9518,Mathematics,Probability,18,10,8,55.56,79.5
STU1587,QUIZ9519,Physics,Motion,15,8,7,53.33,28.2
STU1587,QUIZ9520,Chemistry,Chemical Bonding,23,22,1,95.65,25.28
STU1587,QUIZ9521,Chemistry,Organic Chemistry,16,14,2,87.5,59.42
STU1587,QUIZ9522,Biology,Cell,22,15,7,68.18,50.69
STU1588,QUIZ9523,Mathematics,Probability,17,17,0,100.0,83.76
STU1588,QUIZ9524,Mathematics,Trigonometry,21,12,9,57.14,59.44
STU1588,QUIZ9525,Chemistry,Acids and Bases,26,26,0,100.0,22.48
STU1588,QUIZ9526,Physics,Electricity,15,12,3,80.0,58.94
STU1588,QUIZ9527,Mathematics,Algebra,17,7,10,41.18,74.04
STU1588,QUIZ9528,Mathematics,Algebra,24,16,8,66.67,79.41
STU1589,QUIZ9529,Chemistry,Atoms,18,17,1,94.44,44.24
STU1589,QUIZ9530,Mathematics,Calculus,20,19,1,95.0,67.14
STU1589,QUIZ9531,Mathematics,Probability,23,5,18,21.74,82.59
STU1589,QUIZ9532,Chemistry,Chemical Bonding,18,18,0,100.0,34.28
STU1589,QUIZ9533,Chemistry,Acids and Bases,27,27,0,100.0,27.86
STU1589,QUIZ9534,Biology,Human Body,30,15,15,50.0,84.16
STU1590,QUIZ9535,Physics,Laws of Motion,16,16,0,100.0,56.38
STU1590,QUIZ9536,Biology,Plant Physiology,26,12,14,46.15,43.9
STU1590,QUIZ9537,Chemistry,Acids and Bases,29,13,16,44.83,54.97
STU1590,QUIZ9538,Chemistry,Acids and Bases,20,16,4,80.0,79.69
STU1590,QUIZ9539,Physics,Laws of Motion,15,10,5,66.67,83.35
STU1590,QUIZ9540,Biology,Human Body,16,14,2,87.5,47.63
STU1591,QUIZ9541,Mathematics,Trigonometry,29,19,10,65.52,38.32
STU1591,QUIZ9542,Mathematics,Trigonometry,25,23,2,92.0,72.99
STU1591,QUIZ9543,Mathematics,Algebra,17,15,2,88.24,37.21
STU1591,QUIZ9544,Mathematics,Trigonometry,21,14,7,66.67,82.0
STU1591,QUIZ9545,Mathematics,Calculus,24,9,15,37.5,54.74
STU1591,QUIZ9546,Mathematics,Probability,24,20,4,83.33,45.55
STU1592,QUIZ9547,Biology,Cell,23,5,18,21.74,47.43
STU1592,QUIZ9548,Mathematics,Calculus,29,16,13,55.17,71.73
STU1592,QUIZ9549,Mathematics,Algebra,24,21,3,87.5,76.91
STU1592,QUIZ9550,Biology,Cell,15,6,9,40.0,86.32
STU1592,QUIZ9551,Physics,Work and Energy,21,7,14,33.33,32.78
STU1592,QUIZ9552,Chemistry,Atoms,22,12,10,54.55,41.06
STU1593,QUIZ9553,Physics,Electricity,29,9,20,31.03,67.2
STU1593,QUIZ9554,Biology,Human Body,30,25,5,83.33,75.18
STU1593,QUIZ9555,Biology,Cell,21,13,8,61.9,47.62
STU1593,QUIZ9556,Biology,Cell,19,14,5,73.68,72.04
STU1593,QUIZ9557,Physics,Laws of Motion,28,9,19,32.14,71.23
STU1593,QUIZ9558,Mathematics,Algebra,21,11,10,52.38,65.29
STU1594,QUIZ9559,Chemistry,Acids and Bases,24,11,13,45.83,26.38
STU1594,QUIZ9560,Chemistry,Acids and Bases,22,20,2,90.91,26.33
STU1594,QUIZ9561,Biology,Genetics,21,14,7,66.67,78.41
STU1594,QUIZ9562,Chemistry,Organic Chemistry,19,12,7,63.16,32.45
STU1594,QUIZ9563,Chemistry,Organic Chemistry,26,7,19,26.92,25.45
STU1594,QUIZ9564,Physics,Work and Energy,30,20,10,66.67,65.54
STU1595,QUIZ9565,Mathematics,Calculus,25,25,0,100.0,51.26
STU1595,QUIZ9566,Physics,Motion,23,9,14,39.13,33.17
STU1595,QUIZ9567,Chemistry,Organic Chemistry,30,26,4,86.67,57.99
STU1595,QUIZ9568,Mathematics,Probability,16,9,7,56.25,65.62
STU1595,QUIZ9569,Physics,Work and Energy,25,6,19,24.0,35.15
STU1595,QUIZ9570,Chemistry,Acids and Bases,16,11,5,68.75,67.03
STU1596,QUIZ9571,Chemistry,Organic Chemistry,16,12,4,75.0,25.2
STU1596,QUIZ9572,Physics,Electricity,24,13,11,54.17,78.47
STU1596,QUIZ9573,Chemistry,Acids and Bases,22,18,4,81.82,75.9
STU1596,QUIZ9574,Biology,Human Body,22,21,1,95.45,72.12
STU1596,QUIZ9575,Mathematics,Calculus,27,7,20,25.93,74.41
STU1596,QUIZ9576,Physics,Laws of Motion,19,13,6,68.42,50.59
STU1597,QUIZ9577,Biology,Cell,24,6,18,25.0,68.69
STU1597,QUIZ9578,Chemistry,Organic Chemistry,20,16,4,80.0,49.45
STU1597,QUIZ9579,Chemistry,Acids and Bases,16,9,7,56.25,21.07
STU1597,QUIZ9580,Chemistry,Organic Chemistry,16,12,4,75.0,24.77
STU1597,QUIZ9581,Biology,Genetics,15,12,3,80.0,46.92
STU1597,QUIZ9582,Physics,Motion,20,19,1,95.0,31.64
STU1598,QUIZ9583,Biology,Human Body,21,5,16,23.81,75.86
STU1598,QUIZ9584,Chemistry,Atoms,21,10,11,47.62,73.0
STU1598,QUIZ9585,Chemistry,Organic Chemistry,20,6,14,30.0,81.36
STU1598,QUIZ9586,Mathematics,Trigonometry,21,12,9,57.14,36.01
STU1598,QUIZ9587,Physics,Laws of Motion,23,22,1,95.65,53.98
STU1598,QUIZ9588,Mathematics,Probability,23,20,3,86.96,57.93
STU1599,QUIZ9589,Biology,Cell,15,8,7,53.33,46.52
STU1599,QUIZ9590,Biology,Cell,21,17,4,80.95,48.49
STU1599,QUIZ9591,Biology,Human Body,18,11,7,61.11,43.65
STU1599,QUIZ9592,Biology,Cell,20,20,0,100.0,45.34
STU1599,QUIZ9593,Mathematics,Algebra,25,11,14,44.0,27.59
STU1599,QUIZ9594,Biology,Cell,19,11,8,57.89,75.4
STU1600,QUIZ9595,Chemistry,Chemical Bonding,17,11,6,64.71,74.46
STU1600,QUIZ9596,Biology,Plant Physiology,15,11,4,73.33,84.98
STU1600,QUIZ9597,Physics,Work and Energy,21,7,14,33.33,30.04
STU1600,QUIZ9598,Chemistry,Acids and Bases,19,7,12,36.84,57.64
STU1600,QUIZ9599,Physics,Motion,30,16,14,53.33,76.94
STU1600,QUIZ9600,Mathematics,Probability,18,12,6,66.67,54.37
STU1601,QUIZ9601,Chemistry,Acids and Bases,25,17,8,68.0,74.56
STU1601,QUIZ9602,Mathematics,Probability,23,17,6,73.91,58.57
STU1601,QUIZ9603,Mathematics,Calculus,19,17,2,89.47,44.29
STU1601,QUIZ9604,Chemistry,Chemical Bonding,24,23,1,95.83,82.27
STU1601,QUIZ9605,Biology,Plant Physiology,29,20,9,68.97,46.66
STU1601,QUIZ9606,Chemistry,Acids and Bases,20,11,9,55.0,74.07
STU1602,QUIZ9607,Mathematics,Calculus,17,6,11,35.29,64.04
STU1602,QUIZ9608,Biology,Plant Physiology,18,13,5,72.22,46.76
STU1602,QUIZ9609,Chemistry,Organic Chemistry,29,22,7,75.86,48.03
STU1602,QUIZ9610,Physics,Laws of Motion,20,18,2,90.0,35.94
STU1602,QUIZ9611,Biology,Plant Physiology,24,23,1,95.83,87.53
STU1602,QUIZ9612,Mathematics,Calculus,26,22,4,84.62,62.05
STU1603,QUIZ9613,Chemistry,Atoms,16,12,4,75.0,53.2
STU1603,QUIZ9614,Physics,Motion,23,19,4,82.61,46.95
STU1603,QUIZ9615,Chemistry,Chemical Bonding,21,7,14,33.33,55.72
STU1603,QUIZ9616,Physics,Laws of Motion,18,9,9,50.0,43.98
STU1603,QUIZ9617,Physics,Work and Energy,25,7,18,28.0,42.04
STU1603,QUIZ9618,Mathematics,Probability,18,12,6,66.67,33.18
STU1604,QUIZ9619,Chemistry,Organic Chemistry,18,5,13,27.78,30.37
STU1604,QUIZ9620,Physics,Laws of Motion,27,5,22,18.52,29.37
STU1604,QUIZ9621,Biology,Genetics,25,5,20,20.0,50.61
STU1604,QUIZ9622,Mathematics,Trigonometry,24,6,18,25.0,47.11
STU1604,QUIZ9623,Chemistry,Atoms,20,13,7,65.0,31.27
STU1604,QUIZ9624,Biology,Human Body,16,13,3,81.25,55.04
STU1605,QUIZ9625,Chemistry,Acids and Bases,25,22,3,88.0,43.3
STU1605,QUIZ9626,Chemistry,Acids and Bases,29,17,12,58.62,71.11
STU1605,QUIZ9627,Mathematics,Probability,18,17,1,94.44,73.46
STU1605,QUIZ9628,Physics,Motion,15,12,3,80.0,41.21
STU1605,QUIZ9629,Physics,Motion,26,18,8,69.23,88.95
STU1605,QUIZ9630,Mathematics,Trigonometry,21,7,14,33.33,75.69
STU1606,QUIZ9631,Physics,Electricity,21,13,8,61.9,77.94
STU1606,QUIZ9632,Physics,Motion,27,12,15,44.44,33.27
STU1606,QUIZ9633,Mathematics,Probability,17,17,0,100.0,39.9
STU1606,QUIZ9634,Physics,Work and Energy,17,16,1,94.12,25.86
STU1606,QUIZ9635,Physics,Laws of Motion,25,19,6,76.0,30.83
STU1606,QUIZ9636,Mathematics,Probability,16,14,2,87.5,60.37
STU1607,QUIZ9637,Chemistry,Organic Chemistry,20,6,14,30.0,34.46
STU1607,QUIZ9638,Physics,Motion,19,16,3,84.21,25.34
STU1607,QUIZ9639,Physics,Motion,24,13,11,54.17,73.16
STU1607,QUIZ9640,Biology,Genetics,23,7,16,30.43,56.84
STU1607,QUIZ9641,Chemistry,Organic Chemistry,20,15,5,75.0,28.15
STU1607,QUIZ9642,Chemistry,Atoms,15,15,0,100.0,22.42
STU1608,QUIZ9643,Biology,Genetics,24,19,5,79.17,37.37
STU1608,QUIZ9644,Mathematics,Algebra,26,24,2,92.31,42.2
STU1608,QUIZ9645,Biology,Human Body,27,16,11,59.26,42.13
STU1608,QUIZ9646,Mathematics,Algebra,16,14,2,87.5,43.34
STU1608,QUIZ9647,Physics,Electricity,16,5,11,31.25,24.05
STU1608,QUIZ9648,Chemistry,Organic Chemistry,15,13,2,86.67,24.16
STU1609,QUIZ9649,Chemistry,Atoms,21,9,12,42.86,53.82
STU1609,QUIZ9650,Chemistry,Acids and Bases,16,14,2,87.5,40.46
STU1609,QUIZ9651,Mathematics,Algebra,23,16,7,69.57,48.9
STU1609,QUIZ9652,Physics,Work and Energy,20,6,14,30.0,79.65
STU1609,QUIZ9653,Chemistry,Chemical Bonding,20,9,11,45.0,79.57
STU1609,QUIZ9654,Chemistry,Atoms,30,10,20,33.33,38.85
STU1610,QUIZ9655,Biology,Plant Physiology,25,19,6,76.0,23.73
STU1610,QUIZ9656,Biology,Genetics,19,15,4,78.95,50.27
STU1610,QUIZ9657,Physics,Motion,22,9,13,40.91,22.89
STU1610,QUIZ9658,Physics,Work and Energy,26,9,17,34.62,76.32
STU1610,QUIZ9659,Chemistry,Organic Chemistry,29,7,22,24.14,73.44
STU1610,QUIZ9660,Chemistry,Chemical Bonding,25,24,1,96.0,67.64
STU1611,QUIZ9661,Mathematics,Probability,18,9,9,50.0,54.56
STU1611,QUIZ9662,Physics,Electricity,17,12,5,70.59,49.76
STU1611,QUIZ9663,Biology,Human Body,21,6,15,28.57,67.65
STU1611,QUIZ9664,Physics,Work and Energy,17,6,11,35.29,49.82
STU1611,QUIZ9665,Mathematics,Algebra,22,16,6,72.73,45.35
STU1611,QUIZ9666,Chemistry,Acids and Bases,21,16,5,76.19,28.88
STU1612,QUIZ9667,Biology,Human Body,27,11,16,40.74,62.75
STU1612,QUIZ9668,Chemistry,Chemical Bonding,28,15,13,53.57,77.51
STU1612,QUIZ9669,Physics,Electricity,20,13,7,65.0,87.64
STU1612,QUIZ9670,Physics,Motion,29,14,15,48.28,50.35
STU1612,QUIZ9671,Mathematics,Trigonometry,15,6,9,40.0,24.47
STU1612,QUIZ9672,Biology,Human Body,26,20,6,76.92,38.75
STU1613,QUIZ9673,Mathematics,Algebra,19,6,13,31.58,35.21
STU1613,QUIZ9674,Biology,Genetics,26,19,7,73.08,65.82
STU1613,QUIZ9675,Mathematics,Trigonometry,20,9,11,45.0,81.87
STU1613,QUIZ9676,Chemistry,Chemical Bonding,20,16,4,80.0,27.05
STU1613,QUIZ9677,Biology,Genetics,28,5,23,17.86,85.39
STU1613,QUIZ9678,Mathematics,Probability,19,7,12,36.84,71.98
STU1614,QUIZ9679,Physics,Laws of Motion,27,7,20,25.93,59.04
STU1614,QUIZ9680,Physics,Motion,29,27,2,93.1,30.48
STU1614,QUIZ9681,Biology,Genetics,29,21,8,72.41,20.65
STU1614,QUIZ9682,Biology,Human Body,25,16,9,64.0,28.56
STU1614,QUIZ9683,Physics,Motion,19,15,4,78.95,72.29
STU1614,QUIZ9684,Biology,Cell,24,16,8,66.67,32.15
STU1615,QUIZ9685,Physics,Electricity,17,17,0,100.0,59.29
STU1615,QUIZ9686,Chemistry,Acids and Bases,27,5,22,18.52,31.87
STU1615,QUIZ9687,Chemistry,Acids and Bases,16,8,8,50.0,49.49
STU1615,QUIZ9688,Chemistry,Organic Chemistry,26,10,16,38.46,29.56
STU1615,QUIZ9689,Physics,Laws of Motion,26,9,17,34.62,29.85
STU1615,QUIZ9690,Physics,Work and Energy,21,18,3,85.71,52.09
STU1616,QUIZ9691,Physics,Motion,21,10,11,47.62,62.76
STU1616,QUIZ9692,Mathematics,Trigonometry,16,8,8,50.0,70.75
STU1616,QUIZ9693,Mathematics,Calculus,30,9,21,30.0,24.37
STU1616,QUIZ9694,Chemistry,Organic Chemistry,24,6,18,25.0,89.56
STU1616,QUIZ9695,Biology,Human Body,16,12,4,75.0,61.34
STU1616,QUIZ9696,Biology,Human Body,16,8,8,50.0,51.84
STU1617,QUIZ9697,Biology,Plant Physiology,17,9,8,52.94,51.28
STU1617,QUIZ9698,Chemistry,Atoms,29,19,10,65.52,59.41
STU1617,QUIZ9699,Biology,Cell,15,6,9,40.0,24.54
STU1617,QUIZ9700,Physics,Motion,20,11,9,55.0,33.02
STU1617,QUIZ9701,Chemistry,Organic Chemistry,19,5,14,26.32,80.53
STU1617,QUIZ9702,Physics,Electricity,22,11,11,50.0,36.73
STU1618,QUIZ9703,Mathematics,Trigonometry,25,20,5,80.0,64.7
STU1618,QUIZ9704,Mathematics,Algebra,24,5,19,20.83,31.45
STU1618,QUIZ9705,Mathematics,Algebra,27,20,7,74.07,28.37
STU1618,QUIZ9706,Physics,Laws of Motion,29,11,18,37.93,81.88
STU1618,QUIZ9707,Mathematics,Algebra,28,9,19,32.14,70.7
STU1618,QUIZ9708,Biology,Plant Physiology,18,13,5,72.22,81.02
STU1619,QUIZ9709,Physics,Electricity,23,6,17,26.09,33.59
STU1619,QUIZ9710,Mathematics,Calculus,17,15,2,88.24,55.61
STU1619,QUIZ9711,Physics,Laws of Motion,18,15,3,83.33,21.71
STU1619,QUIZ9712,Mathematics,Algebra,27,25,2,92.59,53.58
STU1619,QUIZ9713,Physics,Electricity,19,15,4,78.95,75.38
STU1619,QUIZ9714,Biology,Plant Physiology,22,11,11,50.0,27.68
STU1620,QUIZ9715,Biology,Human Body,22,18,4,81.82,36.71
STU1620,QUIZ9716,Chemistry,Acids and Bases,16,8,8,50.0,75.51
STU1620,QUIZ9717,Mathematics,Probability,20,13,7,65.0,85.89
STU1620,QUIZ9718,Biology,Cell,25,25,0,100.0,25.6
STU1620,QUIZ9719,Physics,Laws of Motion,22,12,10,54.55,33.78
STU1620,QUIZ9720,Physics,Work and Energy,23,23,0,100.0,50.33
STU1621,QUIZ9721,Mathematics,Calculus,30,17,13,56.67,63.69
STU1621,QUIZ9722,Mathematics,Calculus,23,11,12,47.83,32.56
STU1621,QUIZ9723,Chemistry,Acids and Bases,30,5,25,16.67,79.97
STU1621,QUIZ9724,Physics,Work and Energy,20,15,5,75.0,77.28
STU1621,QUIZ9725,Chemistry,Atoms,15,8,7,53.33,88.19
STU1621,QUIZ9726,Chemistry,Chemical Bonding,28,16,12,57.14,86.36
STU1622,QUIZ9727,Physics,Electricity,16,5,11,31.25,73.87
STU1622,QUIZ9728,Biology,Cell,19,11,8,57.89,75.29
STU1622,QUIZ9729,Chemistry,Chemical Bonding,25,5,20,20.0,50.76
STU1622,QUIZ9730,Biology,Genetics,28,13,15,46.43,21.19
STU1622,QUIZ9731,Mathematics,Trigonometry,18,12,6,66.67,42.3
STU1622,QUIZ9732,Mathematics,Calculus,19,16,3,84.21,49.55
STU1623,QUIZ9733,Biology,Plant Physiology,26,18,8,69.23,39.13
STU1623,QUIZ9734,Mathematics,Algebra,16,16,0,100.0,45.94
STU1623,QUIZ9735,Chemistry,Atoms,21,12,9,57.14,47.65
STU1623,QUIZ9736,Mathematics,Algebra,21,6,15,28.57,79.92
STU1623,QUIZ9737,Biology,Plant Physiology,23,21,2,91.3,49.88
STU1623,QUIZ9738,Chemistry,Organic Chemistry,24,5,19,20.83,42.44
STU1624,QUIZ9739,Chemistry,Organic Chemistry,17,14,3,82.35,30.53
STU1624,QUIZ9740,Physics,Electricity,26,11,15,42.31,49.5
STU1624,QUIZ9741,Physics,Electricity,16,15,1,93.75,79.03
STU1624,QUIZ9742,Mathematics,Algebra,18,15,3,83.33,83.22
STU1624,QUIZ9743,Mathematics,Algebra,19,7,12,36.84,70.49
STU1624,QUIZ9744,Physics,Electricity,19,7,12,36.84,30.2
STU1625,QUIZ9745,Physics,Work and Energy,25,20,5,80.0,64.34
STU1625,QUIZ9746,Biology,Human Body,27,5,22,18.52,77.71
STU1625,QUIZ9747,Biology,Cell,26,8,18,30.77,20.4
STU1625,QUIZ9748,Physics,Laws of Motion,15,7,8,46.67,47.68
STU1625,QUIZ9749,Chemistry,Chemical Bonding,15,9,6,60.0,32.77
STU1625,QUIZ9750,Physics,Laws of Motion,22,21,1,95.45,81.33
STU1626,QUIZ9751,Biology,Human Body,25,17,8,68.0,78.46
STU1626,QUIZ9752,Biology,Cell,21,13,8,61.9,32.18
STU1626,QUIZ9753,Physics,Laws of Motion,19,14,5,73.68,40.35
STU1626,QUIZ9754,Chemistry,Acids and Bases,27,20,7,74.07,53.72
STU1626,QUIZ9755,Mathematics,Algebra,24,17,7,70.83,78.89
STU1626,QUIZ9756,Biology,Genetics,20,20,0,100.0,69.07
STU1627,QUIZ9757,Physics,Work and Energy,21,6,15,28.57,24.61
STU1627,QUIZ9758,Physics,Work and Energy,17,11,6,64.71,66.09
STU1627,QUIZ9759,Mathematics,Probability,20,11,9,55.0,69.79
STU1627,QUIZ9760,Chemistry,Chemical Bonding,19,10,9,52.63,46.22
STU1627,QUIZ9761,Chemistry,Chemical Bonding,21,18,3,85.71,40.93
STU1627,QUIZ9762,Physics,Work and Energy,25,6,19,24.0,21.91
STU1628,QUIZ9763,Chemistry,Atoms,23,13,10,56.52,39.72
STU1628,QUIZ9764,Physics,Work and Energy,21,10,11,47.62,78.72
STU1628,QUIZ9765,Mathematics,Algebra,17,9,8,52.94,75.07
STU1628,QUIZ9766,Chemistry,Chemical Bonding,27,13,14,48.15,73.22
STU1628,QUIZ9767,Mathematics,Calculus,27,10,17,37.04,46.2
STU1628,QUIZ9768,Biology,Cell,16,14,2,87.5,68.54
STU1629,QUIZ9769,Physics,Work and Energy,22,20,2,90.91,70.57
STU1629,QUIZ9770,Physics,Laws of Motion,22,7,15,31.82,29.39
STU1629,QUIZ9771,Mathematics,Trigonometry,16,16,0,100.0,85.5
STU1629,QUIZ9772,Biology,Plant Physiology,18,15,3,83.33,79.29
STU1629,QUIZ9773,Biology,Cell,27,25,2,92.59,43.78
STU1629,QUIZ9774,Mathematics,Calculus,17,6,11,35.29,25.4
STU1630,QUIZ9775,Physics,Laws of Motion,28,18,10,64.29,69.36
STU1630,QUIZ9776,Biology,Plant Physiology,24,18,6,75.0,80.11
STU1630,QUIZ9777,Mathematics,Probability,21,8,13,38.1,33.78
STU1630,QUIZ9778,Physics,Electricity,27,13,14,48.15,36.55
STU1630,QUIZ9779,Biology,Genetics,20,7,13,35.0,54.03
STU1630,QUIZ9780,Chemistry,Organic Chemistry,29,24,5,82.76,45.11
STU1631,QUIZ9781,Mathematics,Probability,18,13,5,72.22,61.44
STU1631,QUIZ9782,Biology,Plant Physiology,18,5,13,27.78,20.48
STU1631,QUIZ9783,Mathematics,Calculus,16,8,8,50.0,66.0
STU1631,QUIZ9784,Physics,Work and Energy,24,20,4,83.33,34.4
STU1631,QUIZ9785,Mathematics,Algebra,15,8,7,53.33,28.7
STU1631,QUIZ9786,Biology,Plant Physiology,22,9,13,40.91,49.67
STU1632,QUIZ9787,Mathematics,Probability,21,7,14,33.33,74.42
STU1632,QUIZ9788,Physics,Motion,21,16,5,76.19,29.69
STU1632,QUIZ9789,Mathematics,Trigonometry,28,11,17,39.29,88.56
STU1632,QUIZ9790,Biology,Genetics,17,7,10,41.18,41.12
STU1632,QUIZ9791,Physics,Motion,20,12,8,60.0,47.42
STU1632,QUIZ9792,Mathematics,Trigonometry,25,17,8,68.0,87.16
STU1633,QUIZ9793,Mathematics,Trigonometry,20,8,12,40.0,74.9
STU1633,QUIZ9794,Biology,Plant Physiology,19,8,11,42.11,61.28
STU1633,QUIZ9795,Mathematics,Calculus,16,9,7,56.25,38.13
STU1633,QUIZ9796,Biology,Human Body,30,14,16,46.67,78.47
STU1633,QUIZ9797,Biology,Human Body,30,6,24,20.0,35.83
STU1633,QUIZ9798,Physics,Electricity,15,13,2,86.67,39.2
STU1634,QUIZ9799,Physics,Laws of Motion,21,10,11,47.62,25.5
STU1634,QUIZ9800,Mathematics,Algebra,26,24,2,92.31,42.02
STU1634,QUIZ9801,Mathematics,Algebra,26,23,3,88.46,64.94
STU1634,QUIZ9802,Physics,Electricity,19,13,6,68.42,41.59
STU1634,QUIZ9803,Mathematics,Algebra,22,19,3,86.36,68.72
STU1634,QUIZ9804,Mathematics,Trigonometry,29,9,20,31.03,26.75
STU1635,QUIZ9805,Mathematics,Calculus,18,17,1,94.44,53.08
STU1635,QUIZ9806,Biology,Human Body,15,15,0,100.0,60.39
STU1635,QUIZ9807,Mathematics,Probability,30,20,10,66.67,88.5
STU1635,QUIZ9808,Physics,Work and Energy,23,17,6,73.91,61.51
STU1635,QUIZ9809,Chemistry,Organic Chemistry,26,6,20,23.08,59.84
STU1635,QUIZ9810,Biology,Human Body,25,11,14,44.0,28.72
STU1636,QUIZ9811,Physics,Motion,22,8,14,36.36,70.39
STU1636,QUIZ9812,Chemistry,Organic Chemistry,28,28,0,100.0,82.9
STU1636,QUIZ9813,Physics,Motion,15,6,9,40.0,44.47
STU1636,QUIZ9814,Physics,Motion,17,6,11,35.29,58.65
STU1636,QUIZ9815,Biology,Genetics,29,17,12,58.62,30.18
STU1636,QUIZ9816,Physics,Electricity,26,16,10,61.54,72.36
STU1637,QUIZ9817,Physics,Electricity,19,6,13,31.58,59.3
STU1637,QUIZ9818,Chemistry,Acids and Bases,29,16,13,55.17,31.84
STU1637,QUIZ9819,Biology,Human Body,16,12,4,75.0,70.47
STU1637,QUIZ9820,Biology,Cell,20,5,15,25.0,21.5
STU1637,QUIZ9821,Biology,Cell,25,23,2,92.0,34.05
STU1637,QUIZ9822,Physics,Laws of Motion,21,18,3,85.71,62.86
STU1638,QUIZ9823,Biology,Genetics,25,11,14,44.0,65.02
STU1638,QUIZ9824,Chemistry,Atoms,30,9,21,30.0,23.99
STU1638,QUIZ9825,Physics,Work and Energy,18,6,12,33.33,78.75
STU1638,QUIZ9826,Physics,Work and Energy,27,15,12,55.56,71.5
STU1638,QUIZ9827,Biology,Plant Physiology,15,14,1,93.33,87.88
STU1638,QUIZ9828,Biology,Human Body,17,9,8,52.94,68.04
STU1639,QUIZ9829,Mathematics,Calculus,30,7,23,23.33,68.71
STU1639,QUIZ9830,Mathematics,Algebra,19,17,2,89.47,59.52
STU1639,QUIZ9831,Biology,Cell,29,29,0,100.0,42.33
STU1639,QUIZ9832,Physics,Work and Energy,15,9,6,60.0,44.08
STU1639,QUIZ9833,Chemistry,Acids and Bases,18,7,11,38.89,84.74
STU1639,QUIZ9834,Chemistry,Atoms,25,18,7,72.0,71.74
STU1640,QUIZ9835,Physics,Laws of Motion,21,7,14,33.33,33.13
STU1640,QUIZ9836,Biology,Human Body,27,10,17,37.04,46.96
STU1640,QUIZ9837,Physics,Motion,28,20,8,71.43,31.21
STU1640,QUIZ9838,Chemistry,Acids and Bases,20,14,6,70.0,34.75
STU1640,QUIZ9839,Mathematics,Algebra,21,8,13,38.1,79.63
STU1640,QUIZ9840,Mathematics,Probability,29,27,2,93.1,34.28
STU1641,QUIZ9841,Physics,Work and Energy,25,23,2,92.0,34.04
STU1641,QUIZ9842,Physics,Work and Energy,25,16,9,64.0,62.23
STU1641,QUIZ9843,Biology,Cell,29,19,10,65.52,75.19
STU1641,QUIZ9844,Chemistry,Acids and Bases,22,10,12,45.45,49.51
STU1641,QUIZ9845,Biology,Plant Physiology,15,8,7,53.33,88.52
STU1641,QUIZ9846,Biology,Genetics,24,13,11,54.17,30.82
STU1642,QUIZ9847,Chemistry,Organic Chemistry,25,22,3,88.0,66.3
STU1642,QUIZ9848,Mathematics,Trigonometry,26,17,9,65.38,42.9
STU1642,QUIZ9849,Biology,Cell,19,8,11,42.11,38.84
STU1642,QUIZ9850,Biology,Plant Physiology,21,12,9,57.14,73.71
STU1642,QUIZ9851,Chemistry,Chemical Bonding,24,19,5,79.17,46.86
STU1642,QUIZ9852,Biology,Cell,19,17,2,89.47,65.7
STU1643,QUIZ9853,Biology,Plant Physiology,21,16,5,76.19,64.88
STU1643,QUIZ9854,Biology,Cell,21,18,3,85.71,89.28
STU1643,QUIZ9855,Mathematics,Trigonometry,18,13,5,72.22,65.2
STU1643,QUIZ9856,Mathematics,Probability,19,18,1,94.74,21.02
STU1643,QUIZ9857,Physics,Electricity,24,22,2,91.67,87.25
STU1643,QUIZ9858,Chemistry,Organic Chemistry,20,5,15,25.0,56.46
STU1644,QUIZ9859,Physics,Work and Energy,22,7,15,31.82,43.74
STU1644,QUIZ9860,Mathematics,Calculus,19,17,2,89.47,54.31
STU1644,QUIZ9861,Mathematics,Probability,18,15,3,83.33,55.8
STU1644,QUIZ9862,Biology,Genetics,20,16,4,80.0,72.95
STU1644,QUIZ9863,Physics,Electricity,23,16,7,69.57,73.0
STU1644,QUIZ9864,Mathematics,Algebra,15,6,9,40.0,25.7
STU1645,QUIZ9865,Mathematics,Algebra,30,12,18,40.0,84.57
STU1645,QUIZ9866,Chemistry,Organic Chemistry,15,11,4,73.33,45.74
STU1645,QUIZ9867,Physics,Work and Energy,26,13,13,50.0,65.77
STU1645,QUIZ9868,Biology,Genetics,28,25,3,89.29,27.37
STU1645,QUIZ9869,Biology,Plant Physiology,26,14,12,53.85,81.18
STU1645,QUIZ9870,Mathematics,Probability,15,14,1,93.33,52.51
STU1646,QUIZ9871,Chemistry,Chemical Bonding,15,13,2,86.67,88.49
STU1646,QUIZ9872,Chemistry,Organic Chemistry,17,15,2,88.24,78.18
STU1646,QUIZ9873,Physics,Motion,21,15,6,71.43,50.55
STU1646,QUIZ9874,Physics,Laws of Motion,30,20,10,66.67,24.09
STU1646,QUIZ9875,Physics,Laws of Motion,25,25,0,100.0,80.44
STU1646,QUIZ9876,Mathematics,Calculus,28,6,22,21.43,80.93
STU1647,QUIZ9877,Mathematics,Calculus,15,9,6,60.0,89.51
STU1647,QUIZ9878,Physics,Electricity,27,23,4,85.19,55.88
STU1647,QUIZ9879,Biology,Cell,24,8,16,33.33,60.65
STU1647,QUIZ9880,Mathematics,Probability,29,27,2,93.1,45.88
STU1647,QUIZ9881,Mathematics,Probability,21,7,14,33.33,27.78
STU1647,QUIZ9882,Biology,Genetics,21,12,9,57.14,39.49
STU1648,QUIZ9883,Chemistry,Chemical Bonding,26,20,6,76.92,67.95
STU1648,QUIZ9884,Mathematics,Algebra,19,11,8,57.89,59.22
STU1648,QUIZ9885,Biology,Human Body,24,12,12,50.0,79.38
STU1648,QUIZ9886,Chemistry,Atoms,20,11,9,55.0,50.83
STU1648,QUIZ9887,Mathematics,Probability,27,15,12,55.56,54.32
STU1648,QUIZ9888,Chemistry,Atoms,25,22,3,88.0,81.18
STU1649,QUIZ9889,Biology,Human Body,24,20,4,83.33,32.63
STU1649,QUIZ9890,Biology,Human Body,22,12,10,54.55,52.02
STU1649,QUIZ9891,Physics,Work and Energy,26,25,1,96.15,22.04
STU1649,QUIZ9892,Mathematics,Probability,25,6,19,24.0,37.24
STU1649,QUIZ9893,Chemistry,Chemical Bonding,25,18,7,72.0,28.34
STU1649,QUIZ9894,Biology,Human Body,19,11,8,57.89,82.69
STU1650,QUIZ9895,Physics,Electricity,26,12,14,46.15,89.95
STU1650,QUIZ9896,Mathematics,Calculus,30,25,5,83.33,64.72
STU1650,QUIZ9897,Chemistry,Organic Chemistry,18,13,5,72.22,74.71
STU1650,QUIZ9898,Chemistry,Organic Chemistry,15,6,9,40.0,30.22
STU1650,QUIZ9899,Physics,Electricity,25,8,17,32.0,84.16
STU1650,QUIZ9900,Mathematics,Algebra,17,12,5,70.59,68.28
STU1651,QUIZ9901,Physics,Electricity,26,26,0,100.0,52.21
STU1651,QUIZ9902,Mathematics,Trigonometry,25,20,5,80.0,87.75
STU1651,QUIZ9903,Chemistry,Atoms,27,10,17,37.04,55.2
STU1651,QUIZ9904,Physics,Work and Energy,17,7,10,41.18,45.02
STU1651,QUIZ9905,Physics,Work and Energy,27,5,22,18.52,87.13
STU1651,QUIZ9906,Physics,Motion,24,7,17,29.17,31.78
STU1652,QUIZ9907,Physics,Laws of Motion,17,16,1,94.12,62.68
STU1652,QUIZ9908,Biology,Cell,18,5,13,27.78,81.45
STU1652,QUIZ9909,Physics,Motion,17,16,1,94.12,50.07
STU1652,QUIZ9910,Mathematics,Trigonometry,20,12,8,60.0,84.06
STU1652,QUIZ9911,Chemistry,Atoms,28,27,1,96.43,80.44
STU1652,QUIZ9912,Mathematics,Probability,24,24,0,100.0,86.0
STU1653,QUIZ9913,Physics,Electricity,30,30,0,100.0,59.08
STU1653,QUIZ9914,Mathematics,Algebra,24,5,19,20.83,33.34
STU1653,QUIZ9915,Biology,Genetics,29,25,4,86.21,68.23
STU1653,QUIZ9916,Biology,Plant Physiology,27,22,5,81.48,71.68
STU1653,QUIZ9917,Physics,Motion,28,6,22,21.43,83.0
STU1653,QUIZ9918,Mathematics,Algebra,16,11,5,68.75,71.62
STU1654,QUIZ9919,Mathematics,Calculus,20,18,2,90.0,27.74
STU1654,QUIZ9920,Physics,Motion,29,26,3,89.66,62.53
STU1654,QUIZ9921,Mathematics,Probability,18,18,0,100.0,67.39
STU1654,QUIZ9922,Mathematics,Trigonometry,17,5,12,29.41,37.58
STU1654,QUIZ9923,Chemistry,Acids and Bases,17,7,10,41.18,29.81
STU1654,QUIZ9924,Physics,Laws of Motion,19,17,2,89.47,49.64
STU1655,QUIZ9925,Physics,Work and Energy,26,24,2,92.31,45.8
STU1655,QUIZ9926,Biology,Plant Physiology,20,6,14,30.0,88.52
STU1655,QUIZ9927,Biology,Genetics,21,10,11,47.62,34.75
STU1655,QUIZ9928,Physics,Electricity,15,15,0,100.0,76.03
STU1655,QUIZ9929,Mathematics,Calculus,16,13,3,81.25,74.14
STU1655,QUIZ9930,Mathematics,Probability,16,15,1,93.75,75.76
STU1656,QUIZ9931,Physics,Work and Energy,27,11,16,40.74,29.29
STU1656,QUIZ9932,Chemistry,Atoms,20,18,2,90.0,44.69
STU1656,QUIZ9933,Mathematics,Probability,28,27,1,96.43,71.01
STU1656,QUIZ9934,Chemistry,Acids and Bases,17,5,12,29.41,21.05
STU1656,QUIZ9935,Mathematics,Trigonometry,19,11,8,57.89,21.03
STU1656,QUIZ9936,Physics,Laws of Motion,20,16,4,80.0,40.71
STU1657,QUIZ9937,Chemistry,Organic Chemistry,22,17,5,77.27,28.49
STU1657,QUIZ9938,Chemistry,Acids and Bases,21,16,5,76.19,28.5
STU1657,QUIZ9939,Biology,Human Body,15,5,10,33.33,30.61
STU1657,QUIZ9940,Mathematics,Algebra,19,6,13,31.58,88.51
STU1657,QUIZ9941,Biology,Cell,16,6,10,37.5,58.53
STU1657,QUIZ9942,Physics,Electricity,20,13,7,65.0,84.45
STU1658,QUIZ9943,Chemistry,Acids and Bases,21,16,5,76.19,31.37
STU1658,QUIZ9944,Physics,Laws of Motion,30,6,24,20.0,47.47
STU1658,QUIZ9945,Physics,Laws of Motion,20,10,10,50.0,85.09
STU1658,QUIZ9946,Mathematics,Calculus,28,24,4,85.71,83.57
STU1658,QUIZ9947,Mathematics,Algebra,20,9,11,45.0,25.75
STU1658,QUIZ9948,Physics,Electricity,18,6,12,33.33,61.36
STU1659,QUIZ9949,Chemistry,Acids and Bases,17,13,4,76.47,31.59
STU1659,QUIZ9950,Biology,Plant Physiology,28,21,7,75.0,87.44
STU1659,QUIZ9951,Mathematics,Probability,20,16,4,80.0,20.8
STU1659,QUIZ9952,Mathematics,Probability,22,9,13,40.91,50.3
STU1659,QUIZ9953,Mathematics,Algebra,27,6,21,22.22,80.68
STU1659,QUIZ9954,Chemistry,Chemical Bonding,25,16,9,64.0,60.55
STU1660,QUIZ9955,Chemistry,Acids and Bases,15,14,1,93.33,46.85
STU1660,QUIZ9956,Biology,Genetics,20,9,11,45.0,49.21
STU1660,QUIZ9957,Chemistry,Organic Chemistry,22,20,2,90.91,38.89
STU1660,QUIZ9958,Biology,Human Body,25,23,2,92.0,62.94
STU1660,QUIZ9959,Chemistry,Chemical Bonding,18,11,7,61.11,23.47
STU1660,QUIZ9960,Biology,Plant Physiology,24,23,1,95.83,69.3
STU1661,QUIZ9961,Physics,Motion,25,22,3,88.0,43.29
STU1661,QUIZ9962,Mathematics,Algebra,23,18,5,78.26,34.2
STU1661,QUIZ9963,Biology,Human Body,17,10,7,58.82,37.33
STU1661,QUIZ9964,Biology,Cell,17,8,9,47.06,77.19
STU1661,QUIZ9965,Physics,Laws of Motion,30,6,24,20.0,76.43
STU1661,QUIZ9966,Mathematics,Algebra,21,18,3,85.71,68.86
STU1662,QUIZ9967,Mathematics,Probability,28,13,15,46.43,75.6
STU1662,QUIZ9968,Chemistry,Chemical Bonding,22,5,17,22.73,69.95
STU1662,QUIZ9969,Chemistry,Atoms,24,18,6,75.0,58.08
STU1662,QUIZ9970,Mathematics,Trigonometry,20,10,10,50.0,20.49
STU1662,QUIZ9971,Mathematics,Calculus,16,5,11,31.25,52.57
STU1662,QUIZ9972,Physics,Laws of Motion,30,26,4,86.67,34.28
STU1663,QUIZ9973,Chemistry,Chemical Bonding,24,21,3,87.5,73.25
STU1663,QUIZ9974,Mathematics,Trigonometry,15,11,4,73.33,37.44
STU1663,QUIZ9975,Physics,Work and Energy,15,9,6,60.0,43.88
STU1663,QUIZ9976,Biology,Human Body,20,15,5,75.0,87.04
STU1663,QUIZ9977,Chemistry,Atoms,25,9,16,36.0,63.59
STU1663,QUIZ9978,Biology,Human Body,17,11,6,64.71,38.86
STU1664,QUIZ9979,Chemistry,Acids and Bases,16,8,8,50.0,32.37
STU1664,QUIZ9980,Chemistry,Atoms,16,16,0,100.0,89.73
STU1664,QUIZ9981,Chemistry,Atoms,19,8,11,42.11,68.41
STU1664,QUIZ9982,Chemistry,Atoms,26,24,2,92.31,68.3
STU1664,QUIZ9983,Chemistry,Atoms,26,16,10,61.54,69.72
STU1664,QUIZ9984,Mathematics,Calculus,25,20,5,80.0,65.08
STU1665,QUIZ9985,Chemistry,Chemical Bonding,30,8,22,26.67,58.2
STU1665,QUIZ9986,Physics,Laws of Motion,23,11,12,47.83,64.36
STU1665,QUIZ9987,Mathematics,Probability,19,13,6,68.42,52.86
STU1665,QUIZ9988,Physics,Electricity,22,21,1,95.45,78.35
STU1665,QUIZ9989,Biology,Genetics,28,6,22,21.43,22.73
STU1665,QUIZ9990,Physics,Motion,23,14,9,60.87,39.09
STU1666,QUIZ9991,Chemistry,Chemical Bonding,19,12,7,63.16,60.86
STU1666,QUIZ9992,Mathematics,Calculus,19,5,14,26.32,20.13
STU1666,QUIZ9993,Mathematics,Probability,21,5,16,23.81,79.85
STU1666,QUIZ9994,Mathematics,Probability,22,16,6,72.73,86.1
STU1666,QUIZ9995,Chemistry,Chemical Bonding,27,7,20,25.93,25.99
STU1666,QUIZ9996,Mathematics,Probability,18,12,6,66.67,85.09
STU1667,QUIZ9997,Physics,Electricity,20,16,4,80.0,20.5
STU1667,QUIZ9998,Mathematics,Trigonometry,16,12,4,75.0,39.98
STU1667,QUIZ9999,Physics,Laws of Motion,23,20,3,86.96,41.16
STU1667,QUIZ10000,Mathematics,Probability,21,13,8,61.9,53.06
STU1667,QUIZ10001,Mathematics,Algebra,16,12,4,75.0,72.72
STU1667,QUIZ10002,Biology,Human Body,21,9,12,42.86,85.74
STU1668,QUIZ10003,Physics,Work and Energy,28,10,18,35.71,28.09
STU1668,QUIZ10004,Biology,Human Body,21,18,3,85.71,68.11
STU1668,QUIZ10005,Biology,Genetics,19,5,14,26.32,38.01
STU1668,QUIZ10006,Mathematics,Calculus,26,5,21,19.23,34.78
STU1668,QUIZ10007,Chemistry,Chemical Bonding,21,13,8,61.9,79.5
STU1668,QUIZ10008,Chemistry,Atoms,23,6,17,26.09,44.97
STU1669,QUIZ10009,Physics,Motion,18,8,10,44.44,85.38
STU1669,QUIZ10010,Biology,Human Body,21,14,7,66.67,63.03
STU1669,QUIZ10011,Physics,Work and Energy,24,12,12,50.0,20.5
STU1669,QUIZ10012,Chemistry,Atoms,18,5,13,27.78,21.02
STU1669,QUIZ10013,Mathematics,Probability,15,14,1,93.33,88.31
STU1669,QUIZ10014,Physics,Laws of Motion,28,15,13,53.57,30.64
STU1670,QUIZ10015,Chemistry,Atoms,30,17,13,56.67,32.17
STU1670,QUIZ10016,Physics,Work and Energy,18,13,5,72.22,39.04
STU1670,QUIZ10017,Chemistry,Organic Chemistry,18,14,4,77.78,54.04
STU1670,QUIZ10018,Mathematics,Algebra,19,13,6,68.42,27.6
STU1670,QUIZ10019,Chemistry,Chemical Bonding,23,14,9,60.87,47.22
STU1670,QUIZ10020,Biology,Genetics,28,12,16,42.86,87.17
STU1671,QUIZ10021,Mathematics,Calculus,30,23,7,76.67,40.31
STU1671,QUIZ10022,Biology,Plant Physiology,20,5,15,25.0,57.43
STU1671,QUIZ10023,Biology,Cell,27,6,21,22.22,21.02
STU1671,QUIZ10024,Chemistry,Acids and Bases,20,19,1,95.0,49.51
STU1671,QUIZ10025,Physics,Work and Energy,25,17,8,68.0,29.9
STU1671,QUIZ10026,Physics,Motion,17,15,2,88.24,52.18
STU1672,QUIZ10027,Biology,Genetics,19,16,3,84.21,81.94
STU1672,QUIZ10028,Physics,Electricity,23,9,14,39.13,41.71
STU1672,QUIZ10029,Physics,Motion,15,6,9,40.0,44.28
STU1672,QUIZ10030,Chemistry,Acids and Bases,19,8,11,42.11,28.99
STU1672,QUIZ10031,Physics,Work and Energy,15,8,7,53.33,61.18
STU1672,QUIZ10032,Chemistry,Atoms,29,19,10,65.52,54.62
STU1673,QUIZ10033,Biology,Human Body,23,12,11,52.17,45.62
STU1673,QUIZ10034,Chemistry,Organic Chemistry,30,15,15,50.0,63.41
STU1673,QUIZ10035,Physics,Laws of Motion,29,29,0,100.0,40.1
STU1673,QUIZ10036,Mathematics,Probability,19,17,2,89.47,43.4
STU1673,QUIZ10037,Mathematics,Calculus,16,9,7,56.25,70.54
STU1673,QUIZ10038,Physics,Laws of Motion,18,16,2,88.89,53.43
STU1674,QUIZ10039,Physics,Laws of Motion,15,13,2,86.67,29.33
STU1674,QUIZ10040,Mathematics,Trigonometry,24,13,11,54.17,47.46
STU1674,QUIZ10041,Physics,Electricity,29,27,2,93.1,30.78
STU1674,QUIZ10042,Biology,Plant Physiology,26,7,19,26.92,21.97
STU1674,QUIZ10043,Mathematics,Probability,20,8,12,40.0,84.75
STU1674,QUIZ10044,Biology,Plant Physiology,18,11,7,61.11,84.83
STU1675,QUIZ10045,Physics,Motion,17,17,0,100.0,41.04
STU1675,QUIZ10046,Mathematics,Algebra,18,6,12,33.33,72.08
STU1675,QUIZ10047,Mathematics,Algebra,19,11,8,57.89,34.71
STU1675,QUIZ10048,Physics,Laws of Motion,19,14,5,73.68,38.34
STU1675,QUIZ10049,Chemistry,Organic Chemistry,26,22,4,84.62,80.65
STU1675,QUIZ10050,Physics,Work and Energy,27,15,12,55.56,68.1
STU1676,QUIZ10051,Chemistry,Organic Chemistry,16,10,6,62.5,41.99
STU1676,QUIZ10052,Physics,Motion,26,21,5,80.77,55.74
STU1676,QUIZ10053,Physics,Work and Energy,28,27,1,96.43,22.94
STU1676,QUIZ10054,Mathematics,Trigonometry,16,9,7,56.25,67.34
STU1676,QUIZ10055,Physics,Electricity,21,10,11,47.62,51.3
STU1676,QUIZ10056,Biology,Genetics,22,17,5,77.27,82.95
STU1677,QUIZ10057,Physics,Laws of Motion,18,12,6,66.67,43.64
STU1677,QUIZ10058,Physics,Work and Energy,19,7,12,36.84,23.4
STU1677,QUIZ10059,Chemistry,Atoms,19,11,8,57.89,85.91
STU1677,QUIZ10060,Biology,Genetics,16,16,0,100.0,53.72
STU1677,QUIZ10061,Mathematics,Algebra,28,25,3,89.29,20.38
STU1677,QUIZ10062,Mathematics,Calculus,27,16,11,59.26,30.51
STU1678,QUIZ10063,Biology,Genetics,29,14,15,48.28,65.47
STU1678,QUIZ10064,Mathematics,Algebra,17,10,7,58.82,61.24
STU1678,QUIZ10065,Biology,Genetics,30,30,0,100.0,60.82
STU1678,QUIZ10066,Physics,Motion,19,19,0,100.0,42.41
STU1678,QUIZ10067,Physics,Work and Energy,17,14,3,82.35,72.96
STU1678,QUIZ10068,Mathematics,Algebra,17,15,2,88.24,54.4
STU1679,QUIZ10069,Biology,Plant Physiology,27,16,11,59.26,71.48
STU1679,QUIZ10070,Chemistry,Acids and Bases,26,19,7,73.08,27.04
STU1679,QUIZ10071,Chemistry,Acids and Bases,24,5,19,20.83,64.59
STU1679,QUIZ10072,Physics,Electricity,16,5,11,31.25,43.34
STU1679,QUIZ10073,Mathematics,Calculus,27,6,21,22.22,53.1
STU1679,QUIZ10074,Physics,Laws of Motion,26,24,2,92.31,38.26
STU1680,QUIZ10075,Biology,Genetics,27,15,12,55.56,28.67
STU1680,QUIZ10076,Mathematics,Calculus,17,11,6,64.71,32.45
STU1680,QUIZ10077,Chemistry,Acids and Bases,18,6,12,33.33,59.2
STU1680,QUIZ10078,Mathematics,Probability,23,7,16,30.43,55.97
STU1680,QUIZ10079,Physics,Laws of Motion,27,9,18,33.33,53.93
STU1680,QUIZ10080,Chemistry,Atoms,25,13,12,52.0,27.69
STU1681,QUIZ10081,Mathematics,Probability,23,8,15,34.78,32.57
STU1681,QUIZ10082,Biology,Plant Physiology,17,5,12,29.41,63.19
STU1681,QUIZ10083,Chemistry,Organic Chemistry,23,19,4,82.61,27.37
STU1681,QUIZ10084,Mathematics,Probability,26,24,2,92.31,33.09
STU1681,QUIZ10085,Mathematics,Trigonometry,23,9,14,39.13,34.84
STU1681,QUIZ10086,Chemistry,Atoms,28,19,9,67.86,47.65
STU1682,QUIZ10087,Physics,Motion,27,24,3,88.89,28.43
STU1682,QUIZ10088,Biology,Genetics,26,18,8,69.23,39.25
STU1682,QUIZ10089,Biology,Plant Physiology,24,17,7,70.83,51.39
STU1682,QUIZ10090,Chemistry,Organic Chemistry,21,18,3,85.71,23.71
STU1682,QUIZ10091,Chemistry,Organic Chemistry,26,13,13,50.0,67.28
STU1682,QUIZ10092,Biology,Cell,28,10,18,35.71,83.55
STU1683,QUIZ10093,Mathematics,Calculus,20,13,7,65.0,41.04
STU1683,QUIZ10094,Chemistry,Atoms,23,22,1,95.65,34.55
STU1683,QUIZ10095,Chemistry,Chemical Bonding,27,15,12,55.56,45.45
STU1683,QUIZ10096,Chemistry,Acids and Bases,25,7,18,28.0,83.3
STU1683,QUIZ10097,Chemistry,Acids and Bases,16,15,1,93.75,31.14
STU1683,QUIZ10098,Mathematics,Calculus,30,18,12,60.0,39.34
STU1684,QUIZ10099,Chemistry,Chemical Bonding,18,13,5,72.22,44.1
STU1684,QUIZ10100,Biology,Human Body,26,6,20,23.08,41.71
STU1684,QUIZ10101,Mathematics,Probability,17,10,7,58.82,50.28
STU1684,QUIZ10102,Physics,Electricity,17,16,1,94.12,46.01
STU1684,QUIZ10103,Mathematics,Probability,29,17,12,58.62,45.66
STU1684,QUIZ10104,Biology,Human Body,29,9,20,31.03,37.31
STU1685,QUIZ10105,Biology,Cell,22,14,8,63.64,59.82
STU1685,QUIZ10106,Physics,Motion,27,5,22,18.52,34.36
STU1685,QUIZ10107,Mathematics,Probability,19,18,1,94.74,58.78
STU1685,QUIZ10108,Mathematics,Trigonometry,27,24,3,88.89,39.13
STU1685,QUIZ10109,Biology,Plant Physiology,28,26,2,92.86,59.41
STU1685,QUIZ10110,Chemistry,Atoms,28,18,10,64.29,83.56
STU1686,QUIZ10111,Biology,Human Body,24,9,15,37.5,26.81
STU1686,QUIZ10112,Physics,Motion,29,9,20,31.03,67.15
STU1686,QUIZ10113,Mathematics,Probability,28,5,23,17.86,47.75
STU1686,QUIZ10114,Chemistry,Atoms,20,18,2,90.0,84.26
STU1686,QUIZ10115,Biology,Plant Physiology,27,26,1,96.3,81.75
STU1686,QUIZ10116,Physics,Motion,30,10,20,33.33,29.48
STU1687,QUIZ10117,Physics,Electricity,19,14,5,73.68,86.66
STU1687,QUIZ10118,Biology,Cell,26,16,10,61.54,69.17
STU1687,QUIZ10119,Biology,Genetics,26,15,11,57.69,49.17
STU1687,QUIZ10120,Mathematics,Calculus,20,18,2,90.0,61.25
STU1687,QUIZ10121,Mathematics,Algebra,21,18,3,85.71,53.28
STU1687,QUIZ10122,Mathematics,Algebra,23,22,1,95.65,37.31
STU1688,QUIZ10123,Chemistry,Atoms,20,8,12,40.0,71.34
STU1688,QUIZ10124,Physics,Electricity,30,15,15,50.0,43.78
STU1688,QUIZ10125,Biology,Human Body,22,12,10,54.55,64.79
STU1688,QUIZ10126,Physics,Laws of Motion,28,5,23,17.86,50.12
STU1688,QUIZ10127,Mathematics,Probability,24,8,16,33.33,36.71
STU1688,QUIZ10128,Physics,Electricity,30,8,22,26.67,88.36
STU1689,QUIZ10129,Physics,Laws of Motion,22,18,4,81.82,71.77
STU1689,QUIZ10130,Mathematics,Trigonometry,23,13,10,56.52,69.43
STU1689,QUIZ10131,Physics,Electricity,28,5,23,17.86,49.35
STU1689,QUIZ10132,Mathematics,Calculus,28,25,3,89.29,35.15
STU1689,QUIZ10133,Physics,Laws of Motion,15,8,7,53.33,25.51
STU1689,QUIZ10134,Physics,Laws of Motion,20,6,14,30.0,55.92
STU1690,QUIZ10135,Mathematics,Trigonometry,21,10,11,47.62,30.89
STU1690,QUIZ10136,Mathematics,Trigonometry,30,23,7,76.67,24.32
STU1690,QUIZ10137,Chemistry,Chemical Bonding,29,7,22,24.14,24.75
STU1690,QUIZ10138,Mathematics,Trigonometry,23,11,12,47.83,75.01
STU1690,QUIZ10139,Biology,Genetics,29,13,16,44.83,61.67
STU1690,QUIZ10140,Chemistry,Chemical Bonding,20,14,6,70.0,75.66
STU1691,QUIZ10141,Biology,Plant Physiology,30,9,21,30.0,58.23
STU1691,QUIZ10142,Physics,Laws of Motion,23,23,0,100.0,29.0
STU1691,QUIZ10143,Physics,Laws of Motion,23,20,3,86.96,64.54
STU1691,QUIZ10144,Biology,Genetics,29,9,20,31.03,27.98
STU1691,QUIZ10145,Biology,Cell,30,14,16,46.67,79.91
STU1691,QUIZ10146,Mathematics,Algebra,30,8,22,26.67,69.83
STU1692,QUIZ10147,Chemistry,Acids and Bases,23,8,15,34.78,76.71
STU1692,QUIZ10148,Mathematics,Calculus,18,6,12,33.33,56.49
STU1692,QUIZ10149,Physics,Electricity,21,6,15,28.57,88.52
STU1692,QUIZ10150,Biology,Plant Physiology,30,11,19,36.67,22.68
STU1692,QUIZ10151,Mathematics,Calculus,21,15,6,71.43,37.65
STU1692,QUIZ10152,Physics,Laws of Motion,17,15,2,88.24,64.61
STU1693,QUIZ10153,Mathematics,Probability,20,9,11,45.0,29.19
STU1693,QUIZ10154,Chemistry,Acids and Bases,24,10,14,41.67,23.3
STU1693,QUIZ10155,Mathematics,Probability,29,16,13,55.17,74.94
STU1693,QUIZ10156,Biology,Cell,16,10,6,62.5,82.52
STU1693,QUIZ10157,Physics,Laws of Motion,20,5,15,25.0,24.4
STU1693,QUIZ10158,Chemistry,Atoms,23,15,8,65.22,88.58
STU1694,QUIZ10159,Physics,Motion,29,11,18,37.93,40.86
STU1694,QUIZ10160,Mathematics,Trigonometry,21,21,0,100.0,75.25
STU1694,QUIZ10161,Chemistry,Organic Chemistry,22,9,13,40.91,60.4
STU1694,QUIZ10162,Mathematics,Algebra,18,8,10,44.44,22.86
STU1694,QUIZ10163,Chemistry,Acids and Bases,16,8,8,50.0,55.72
STU1694,QUIZ10164,Chemistry,Atoms,15,13,2,86.67,89.83
STU1695,QUIZ10165,Biology,Genetics,26,17,9,65.38,26.51
STU1695,QUIZ10166,Mathematics,Probability,22,13,9,59.09,68.34
STU1695,QUIZ10167,Biology,Genetics,20,8,12,40.0,61.37
STU1695,QUIZ10168,Biology,Plant Physiology,15,11,4,73.33,22.92
STU1695,QUIZ10169,Mathematics,Trigonometry,21,11,10,52.38,21.24
STU1695,QUIZ10170,Biology,Cell,22,6,16,27.27,65.37
STU1696,QUIZ10171,Chemistry,Chemical Bonding,23,14,9,60.87,34.4
STU1696,QUIZ10172,Biology,Genetics,25,18,7,72.0,70.28
STU1696,QUIZ10173,Physics,Work and Energy,18,16,2,88.89,68.27
STU1696,QUIZ10174,Chemistry,Chemical Bonding,24,16,8,66.67,43.9
STU1696,QUIZ10175,Physics,Motion,30,30,0,100.0,47.41
STU1696,QUIZ10176,Mathematics,Trigonometry,17,17,0,100.0,59.48
STU1697,QUIZ10177,Physics,Laws of Motion,24,11,13,45.83,27.24
STU1697,QUIZ10178,Chemistry,Acids and Bases,22,15,7,68.18,57.72
STU1697,QUIZ10179,Biology,Genetics,29,12,17,41.38,53.29
STU1697,QUIZ10180,Mathematics,Trigonometry,23,21,2,91.3,78.39
STU1697,QUIZ10181,Biology,Genetics,26,26,0,100.0,87.39
STU1697,QUIZ10182,Chemistry,Acids and Bases,30,18,12,60.0,41.53
STU1698,QUIZ10183,Physics,Motion,24,5,19,20.83,20.43
STU1698,QUIZ10184,Mathematics,Probability,21,14,7,66.67,37.48
STU1698,QUIZ10185,Mathematics,Algebra,18,11,7,61.11,51.39
STU1698,QUIZ10186,Physics,Electricity,28,10,18,35.71,35.99
STU1698,QUIZ10187,Chemistry,Atoms,29,5,24,17.24,44.24
STU1698,QUIZ10188,Biology,Plant Physiology,18,15,3,83.33,66.65
STU1699,QUIZ10189,Mathematics,Trigonometry,25,9,16,36.0,51.66
STU1699,QUIZ10190,Chemistry,Atoms,17,17,0,100.0,32.47
STU1699,QUIZ10191,Chemistry,Acids and Bases,28,15,13,53.57,35.19
STU1699,QUIZ10192,Mathematics,Calculus,28,26,2,92.86,55.24
STU1699,QUIZ10193,Mathematics,Probability,22,17,5,77.27,51.87
STU1699,QUIZ10194,Mathematics,Algebra,21,8,13,38.1,83.07
STU1700,QUIZ10195,Biology,Cell,21,7,14,33.33,84.44
STU1700,QUIZ10196,Chemistry,Chemical Bonding,18,13,5,72.22,35.43
STU1700,QUIZ10197,Biology,Plant Physiology,18,12,6,66.67,68.75
STU1700,QUIZ10198,Chemistry,Organic Chemistry,25,17,8,68.0,50.47
STU1700,QUIZ10199,Biology,Genetics,20,15,5,75.0,67.73
STU1700,QUIZ10200,Chemistry,Organic Chemistry,29,16,13,55.17,53.57
STU1701,QUIZ10201,Mathematics,Probability,18,14,4,77.78,28.86
STU1701,QUIZ10202,Chemistry,Chemical Bonding,22,14,8,63.64,88.39
STU1701,QUIZ10203,Chemistry,Acids and Bases,30,24,6,80.0,62.82
STU1701,QUIZ10204,Biology,Plant Physiology,16,11,5,68.75,52.84
STU1701,QUIZ10205,Mathematics,Probability,28,8,20,28.57,38.2
STU1701,QUIZ10206,Biology,Cell,30,16,14,53.33,88.07
STU1702,QUIZ10207,Mathematics,Algebra,19,15,4,78.95,22.74
STU1702,QUIZ10208,Chemistry,Atoms,15,11,4,73.33,20.0
STU1702,QUIZ10209,Biology,Plant Physiology,29,27,2,93.1,39.82
STU1702,QUIZ10210,Biology,Human Body,18,7,11,38.89,58.84
STU1702,QUIZ10211,Physics,Laws of Motion,28,20,8,71.43,46.64
STU1702,QUIZ10212,Chemistry,Atoms,27,23,4,85.19,56.07
STU1703,QUIZ10213,Biology,Cell,28,13,15,46.43,24.67
STU1703,QUIZ10214,Biology,Plant Physiology,22,5,17,22.73,25.19
STU1703,QUIZ10215,Chemistry,Atoms,28,22,6,78.57,63.4
STU1703,QUIZ10216,Mathematics,Probability,15,10,5,66.67,84.55
STU1703,QUIZ10217,Physics,Laws of Motion,22,9,13,40.91,20.0
STU1703,QUIZ10218,Biology,Human Body,20,12,8,60.0,73.29
STU1704,QUIZ10219,Chemistry,Atoms,30,18,12,60.0,21.93
STU1704,QUIZ10220,Mathematics,Trigonometry,30,6,24,20.0,79.95
STU1704,QUIZ10221,Biology,Plant Physiology,20,17,3,85.0,76.82
STU1704,QUIZ10222,Biology,Plant Physiology,28,28,0,100.0,89.11
STU1704,QUIZ10223,Chemistry,Organic Chemistry,25,10,15,40.0,35.71
STU1704,QUIZ10224,Chemistry,Chemical Bonding,16,12,4,75.0,51.79
STU1705,QUIZ10225,Physics,Work and Energy,30,10,20,33.33,60.71
STU1705,QUIZ10226,Physics,Electricity,20,14,6,70.0,22.12
STU1705,QUIZ10227,Physics,Laws of Motion,17,15,2,88.24,68.35
STU1705,QUIZ10228,Physics,Electricity,15,5,10,33.33,77.06
STU1705,QUIZ10229,Chemistry,Chemical Bonding,20,5,15,25.0,71.87
STU1705,QUIZ10230,Chemistry,Organic Chemistry,21,6,15,28.57,31.02
STU1706,QUIZ10231,Chemistry,Acids and Bases,24,15,9,62.5,73.18
STU1706,QUIZ10232,Chemistry,Acids and Bases,19,10,9,52.63,29.17
STU1706,QUIZ10233,Mathematics,Probability,27,19,8,70.37,26.85
STU1706,QUIZ10234,Mathematics,Trigonometry,24,20,4,83.33,35.32
STU1706,QUIZ10235,Physics,Laws of Motion,23,20,3,86.96,61.91
STU1706,QUIZ10236,Physics,Motion,28,26,2,92.86,65.64
STU1707,QUIZ10237,Mathematics,Algebra,22,13,9,59.09,64.3
STU1707,QUIZ10238,Physics,Motion,17,8,9,47.06,25.79
STU1707,QUIZ10239,Physics,Electricity,28,17,11,60.71,44.39
STU1707,QUIZ10240,Physics,Laws of Motion,16,15,1,93.75,20.73
STU1707,QUIZ10241,Mathematics,Probability,28,16,12,57.14,80.41
STU1707,QUIZ10242,Physics,Laws of Motion,29,25,4,86.21,53.99
STU1708,QUIZ10243,Physics,Laws of Motion,24,9,15,37.5,79.0
STU1708,QUIZ10244,Mathematics,Algebra,27,26,1,96.3,59.74
STU1708,QUIZ10245,Physics,Work and Energy,18,9,9,50.0,62.1
STU1708,QUIZ10246,Mathematics,Calculus,16,15,1,93.75,50.07
STU1708,QUIZ10247,Mathematics,Calculus,18,6,12,33.33,29.1
STU1708,QUIZ10248,Biology,Human Body,26,12,14,46.15,37.01
STU1709,QUIZ10249,Chemistry,Atoms,21,14,7,66.67,72.43
STU1709,QUIZ10250,Chemistry,Chemical Bonding,28,10,18,35.71,54.68
STU1709,QUIZ10251,Biology,Cell,29,18,11,62.07,62.72
STU1709,QUIZ10252,Chemistry,Organic Chemistry,24,20,4,83.33,33.05
STU1709,QUIZ10253,Physics,Motion,22,7,15,31.82,40.3
STU1709,QUIZ10254,Biology,Plant Physiology,18,8,10,44.44,61.08
STU1710,QUIZ10255,Biology,Genetics,17,9,8,52.94,66.55
STU1710,QUIZ10256,Chemistry,Atoms,18,13,5,72.22,22.99
STU1710,QUIZ10257,Biology,Genetics,18,16,2,88.89,28.45
STU1710,QUIZ10258,Chemistry,Organic Chemistry,24,6,18,25.0,30.46
STU1710,QUIZ10259,Mathematics,Probability,26,8,18,30.77,22.78
STU1710,QUIZ10260,Chemistry,Atoms,22,6,16,27.27,72.21
STU1711,QUIZ10261,Mathematics,Probability,15,12,3,80.0,25.13
STU1711,QUIZ10262,Biology,Cell,29,24,5,82.76,75.63
STU1711,QUIZ10263,Physics,Work and Energy,26,13,13,50.0,57.41
STU1711,QUIZ10264,Biology,Cell,15,6,9,40.0,20.82
STU1711,QUIZ10265,Mathematics,Trigonometry,22,18,4,81.82,35.57
STU1711,QUIZ10266,Biology,Genetics,28,12,16,42.86,46.74
STU1712,QUIZ10267,Physics,Laws of Motion,20,12,8,60.0,24.64
STU1712,QUIZ10268,Biology,Plant Physiology,27,11,16,40.74,73.45
STU1712,QUIZ10269,Physics,Electricity,26,24,2,92.31,87.45
STU1712,QUIZ10270,Biology,Genetics,20,7,13,35.0,25.68
STU1712,QUIZ10271,Physics,Motion,18,5,13,27.78,75.43
STU1712,QUIZ10272,Chemistry,Atoms,21,18,3,85.71,79.94
STU1713,QUIZ10273,Mathematics,Trigonometry,19,6,13,31.58,71.11
STU1713,QUIZ10274,Chemistry,Organic Chemistry,15,6,9,40.0,41.11
STU1713,QUIZ10275,Biology,Cell,22,21,1,95.45,66.78
STU1713,QUIZ10276,Physics,Motion,24,24,0,100.0,37.51
STU1713,QUIZ10277,Mathematics,Probability,30,30,0,100.0,60.36
STU1713,QUIZ10278,Mathematics,Probability,28,11,17,39.29,47.34
STU1714,QUIZ10279,Chemistry,Acids and Bases,18,15,3,83.33,35.75
STU1714,QUIZ10280,Chemistry,Atoms,16,7,9,43.75,64.35
STU1714,QUIZ10281,Mathematics,Algebra,20,6,14,30.0,87.48
STU1714,QUIZ10282,Physics,Work and Energy,28,19,9,67.86,45.74
STU1714,QUIZ10283,Chemistry,Organic Chemistry,22,14,8,63.64,79.94
STU1714,QUIZ10284,Physics,Motion,28,17,11,60.71,84.75
STU1715,QUIZ10285,Mathematics,Calculus,24,16,8,66.67,54.66
STU1715,QUIZ10286,Mathematics,Calculus,30,21,9,70.0,31.79
STU1715,QUIZ10287,Chemistry,Acids and Bases,27,18,9,66.67,28.24
STU1715,QUIZ10288,Mathematics,Algebra,20,12,8,60.0,62.01
STU1715,QUIZ10289,Physics,Electricity,23,17,6,73.91,22.9
STU1715,QUIZ10290,Physics,Electricity,26,11,15,42.31,75.98
STU1716,QUIZ10291,Biology,Genetics,29,12,17,41.38,21.62
STU1716,QUIZ10292,Chemistry,Organic Chemistry,29,11,18,37.93,55.63
STU1716,QUIZ10293,Biology,Human Body,21,15,6,71.43,27.42
STU1716,QUIZ10294,Mathematics,Calculus,21,7,14,33.33,37.35
STU1716,QUIZ10295,Physics,Electricity,29,23,6,79.31,63.06
STU1716,QUIZ10296,Mathematics,Trigonometry,19,11,8,57.89,68.14
STU1717,QUIZ10297,Chemistry,Chemical Bonding,19,18,1,94.74,84.45
STU1717,QUIZ10298,Biology,Genetics,21,15,6,71.43,79.56
STU1717,QUIZ10299,Physics,Work and Energy,20,20,0,100.0,31.83
STU1717,QUIZ10300,Biology,Genetics,25,12,13,48.0,71.44
STU1717,QUIZ10301,Biology,Genetics,23,13,10,56.52,28.5
STU1717,QUIZ10302,Physics,Motion,20,20,0,100.0,47.98
STU1718,QUIZ10303,Physics,Laws of Motion,30,6,24,20.0,22.83
STU1718,QUIZ10304,Mathematics,Calculus,21,13,8,61.9,41.15
STU1718,QUIZ10305,Chemistry,Organic Chemistry,24,11,13,45.83,82.77
STU1718,QUIZ10306,Biology,Genetics,25,15,10,60.0,79.98
STU1718,QUIZ10307,Chemistry,Acids and Bases,25,24,1,96.0,33.3
STU1718,QUIZ10308,Chemistry,Atoms,20,17,3,85.0,87.31
STU1719,QUIZ10309,Mathematics,Probability,22,7,15,31.82,70.75
STU1719,QUIZ10310,Biology,Plant Physiology,25,17,8,68.0,43.6
STU1719,QUIZ10311,Chemistry,Organic Chemistry,15,15,0,100.0,87.74
STU1719,QUIZ10312,Chemistry,Organic Chemistry,23,10,13,43.48,32.41
STU1719,QUIZ10313,Biology,Plant Physiology,23,7,16,30.43,67.53
STU1719,QUIZ10314,Biology,Genetics,16,9,7,56.25,63.21
STU1720,QUIZ10315,Mathematics,Calculus,18,13,5,72.22,34.79
STU1720,QUIZ10316,Mathematics,Trigonometry,21,21,0,100.0,60.16
STU1720,QUIZ10317,Mathematics,Calculus,16,13,3,81.25,80.9
STU1720,QUIZ10318,Biology,Plant Physiology,24,11,13,45.83,44.64
STU1720,QUIZ10319,Biology,Human Body,22,13,9,59.09,39.57
STU1720,QUIZ10320,Physics,Work and Energy,27,19,8,70.37,38.19
STU1721,QUIZ10321,Mathematics,Calculus,20,7,13,35.0,83.23
STU1721,QUIZ10322,Mathematics,Algebra,28,14,14,50.0,73.65
STU1721,QUIZ10323,Chemistry,Organic Chemistry,17,17,0,100.0,37.25
STU1721,QUIZ10324,Biology,Genetics,23,16,7,69.57,66.93
STU1721,QUIZ10325,Physics,Electricity,23,20,3,86.96,63.64
STU1721,QUIZ10326,Biology,Genetics,29,9,20,31.03,69.46
STU1722,QUIZ10327,Physics,Laws of Motion,15,11,4,73.33,36.68
STU1722,QUIZ10328,Biology,Cell,21,21,0,100.0,84.31
STU1722,QUIZ10329,Mathematics,Probability,24,14,10,58.33,85.7
STU1722,QUIZ10330,Mathematics,Trigonometry,26,15,11,57.69,57.76
STU1722,QUIZ10331,Mathematics,Algebra,25,10,15,40.0,81.16
STU1722,QUIZ10332,Chemistry,Organic Chemistry,30,27,3,90.0,29.23
STU1723,QUIZ10333,Mathematics,Trigonometry,18,5,13,27.78,25.51
STU1723,QUIZ10334,Physics,Motion,19,5,14,26.32,72.04
STU1723,QUIZ10335,Biology,Human Body,16,6,10,37.5,35.32
STU1723,QUIZ10336,Physics,Laws of Motion,29,23,6,79.31,51.91
STU1723,QUIZ10337,Chemistry,Organic Chemistry,17,8,9,47.06,34.12
STU1723,QUIZ10338,Biology,Plant Physiology,22,6,16,27.27,88.4
STU1724,QUIZ10339,Biology,Genetics,20,8,12,40.0,82.62
STU1724,QUIZ10340,Biology,Cell,20,6,14,30.0,60.65
STU1724,QUIZ10341,Mathematics,Trigonometry,22,19,3,86.36,34.32
STU1724,QUIZ10342,Mathematics,Trigonometry,23,9,14,39.13,64.59
STU1724,QUIZ10343,Physics,Laws of Motion,24,18,6,75.0,28.05
STU1724,QUIZ10344,Biology,Cell,19,7,12,36.84,62.03
STU1725,QUIZ10345,Chemistry,Atoms,28,18,10,64.29,67.35
STU1725,QUIZ10346,Chemistry,Atoms,30,20,10,66.67,80.66
STU1725,QUIZ10347,Biology,Plant Physiology,20,5,15,25.0,48.41
STU1725,QUIZ10348,Physics,Work and Energy,18,5,13,27.78,30.54
STU1725,QUIZ10349,Biology,Plant Physiology,28,24,4,85.71,33.06
STU1725,QUIZ10350,Mathematics,Probability,17,13,4,76.47,71.56
STU1726,QUIZ10351,Physics,Electricity,19,7,12,36.84,30.53
STU1726,QUIZ10352,Physics,Work and Energy,16,8,8,50.0,39.86
STU1726,QUIZ10353,Chemistry,Atoms,30,9,21,30.0,33.05
STU1726,QUIZ10354,Mathematics,Calculus,20,19,1,95.0,83.6
STU1726,QUIZ10355,Mathematics,Algebra,16,10,6,62.5,83.99
STU1726,QUIZ10356,Biology,Plant Physiology,21,19,2,90.48,70.44
STU1727,QUIZ10357,Chemistry,Chemical Bonding,17,6,11,35.29,85.21
STU1727,QUIZ10358,Chemistry,Organic Chemistry,18,10,8,55.56,34.84
STU1727,QUIZ10359,Physics,Work and Energy,17,7,10,41.18,39.23
STU1727,QUIZ10360,Chemistry,Acids and Bases,30,7,23,23.33,86.11
STU1727,QUIZ10361,Mathematics,Trigonometry,28,24,4,85.71,58.88
STU1727,QUIZ10362,Biology,Plant Physiology,29,11,18,37.93,40.24
STU1728,QUIZ10363,Mathematics,Probability,16,15,1,93.75,72.61
STU1728,QUIZ10364,Physics,Electricity,16,12,4,75.0,87.91
STU1728,QUIZ10365,Biology,Plant Physiology,15,7,8,46.67,46.83
STU1728,QUIZ10366,Biology,Human Body,19,19,0,100.0,32.75
STU1728,QUIZ10367,Physics,Motion,29,24,5,82.76,78.75
STU1728,QUIZ10368,Mathematics,Algebra,24,19,5,79.17,52.65
STU1729,QUIZ10369,Biology,Genetics,28,12,16,42.86,68.57
STU1729,QUIZ10370,Physics,Electricity,24,11,13,45.83,23.41
STU1729,QUIZ10371,Physics,Work and Energy,25,9,16,36.0,23.47
STU1729,QUIZ10372,Mathematics,Probability,18,15,3,83.33,22.7
STU1729,QUIZ10373,Biology,Genetics,22,18,4,81.82,69.76
STU1729,QUIZ10374,Physics,Electricity,26,13,13,50.0,42.46
STU1730,QUIZ10375,Biology,Human Body,17,6,11,35.29,45.8
STU1730,QUIZ10376,Chemistry,Atoms,20,14,6,70.0,82.25
STU1730,QUIZ10377,Mathematics,Calculus,21,19,2,90.48,50.02
STU1730,QUIZ10378,Chemistry,Atoms,22,22,0,100.0,66.96
STU1730,QUIZ10379,Biology,Cell,24,7,17,29.17,36.88
STU1730,QUIZ10380,Chemistry,Atoms,25,9,16,36.0,57.23
STU1731,QUIZ10381,Biology,Genetics,21,16,5,76.19,30.95
STU1731,QUIZ10382,Physics,Electricity,16,8,8,50.0,63.16
STU1731,QUIZ10383,Mathematics,Probability,20,5,15,25.0,82.34
STU1731,QUIZ10384,Biology,Genetics,21,15,6,71.43,71.6
STU1731,QUIZ10385,Physics,Electricity,17,10,7,58.82,50.14
STU1731,QUIZ10386,Mathematics,Probability,16,14,2,87.5,31.69
STU1732,QUIZ10387,Biology,Plant Physiology,18,5,13,27.78,58.55
STU1732,QUIZ10388,Physics,Work and Energy,26,11,15,42.31,74.48
STU1732,QUIZ10389,Chemistry,Atoms,25,5,20,20.0,32.87
STU1732,QUIZ10390,Physics,Laws of Motion,29,28,1,96.55,27.21
STU1732,QUIZ10391,Biology,Genetics,29,27,2,93.1,74.43
STU1732,QUIZ10392,Chemistry,Atoms,27,13,14,48.15,51.52
STU1733,QUIZ10393,Chemistry,Organic Chemistry,20,14,6,70.0,66.06
STU1733,QUIZ10394,Biology,Cell,25,16,9,64.0,74.9
STU1733,QUIZ10395,Chemistry,Chemical Bonding,26,26,0,100.0,40.5
STU1733,QUIZ10396,Chemistry,Atoms,23,16,7,69.57,70.17
STU1733,QUIZ10397,Mathematics,Probability,18,14,4,77.78,21.55
STU1733,QUIZ10398,Mathematics,Algebra,16,8,8,50.0,88.15
STU1734,QUIZ10399,Mathematics,Calculus,30,18,12,60.0,73.95
STU1734,QUIZ10400,Mathematics,Algebra,26,16,10,61.54,57.99
STU1734,QUIZ10401,Chemistry,Acids and Bases,20,9,11,45.0,68.37
STU1734,QUIZ10402,Biology,Human Body,26,17,9,65.38,75.65
STU1734,QUIZ10403,Chemistry,Acids and Bases,21,10,11,47.62,74.58
STU1734,QUIZ10404,Biology,Human Body,20,10,10,50.0,81.15
STU1735,QUIZ10405,Biology,Cell,24,23,1,95.83,69.61
STU1735,QUIZ10406,Mathematics,Calculus,21,7,14,33.33,25.66
STU1735,QUIZ10407,Physics,Electricity,15,10,5,66.67,88.08
STU1735,QUIZ10408,Mathematics,Algebra,28,26,2,92.86,31.08
STU1735,QUIZ10409,Physics,Laws of Motion,15,9,6,60.0,52.34
STU1735,QUIZ10410,Biology,Human Body,25,24,1,96.0,83.29
STU1736,QUIZ10411,Mathematics,Calculus,19,19,0,100.0,24.2
STU1736,QUIZ10412,Mathematics,Calculus,28,23,5,82.14,59.97
STU1736,QUIZ10413,Chemistry,Chemical Bonding,29,12,17,41.38,28.92
STU1736,QUIZ10414,Mathematics,Probability,24,11,13,45.83,49.96
STU1736,QUIZ10415,Biology,Genetics,30,23,7,76.67,72.25
STU1736,QUIZ10416,Biology,Cell,21,19,2,90.48,77.26
STU1737,QUIZ10417,Biology,Genetics,21,19,2,90.48,66.47
STU1737,QUIZ10418,Chemistry,Organic Chemistry,28,15,13,53.57,65.15
STU1737,QUIZ10419,Physics,Work and Energy,23,19,4,82.61,60.17
STU1737,QUIZ10420,Chemistry,Chemical Bonding,29,29,0,100.0,64.04
STU1737,QUIZ10421,Biology,Human Body,19,16,3,84.21,59.21
STU1737,QUIZ10422,Biology,Cell,16,13,3,81.25,21.65
STU1738,QUIZ10423,Chemistry,Acids and Bases,15,7,8,46.67,89.32
STU1738,QUIZ10424,Biology,Human Body,25,18,7,72.0,78.3
STU1738,QUIZ10425,Biology,Plant Physiology,30,29,1,96.67,82.15
STU1738,QUIZ10426,Physics,Electricity,23,15,8,65.22,62.49
STU1738,QUIZ10427,Chemistry,Organic Chemistry,21,19,2,90.48,70.9
STU1738,QUIZ10428,Biology,Human Body,19,17,2,89.47,53.85
STU1739,QUIZ10429,Chemistry,Acids and Bases,22,15,7,68.18,87.49
STU1739,QUIZ10430,Physics,Work and Energy,17,8,9,47.06,51.72
STU1739,QUIZ10431,Mathematics,Trigonometry,17,11,6,64.71,81.12
STU1739,QUIZ10432,Biology,Cell,17,13,4,76.47,25.02
STU1739,QUIZ10433,Biology,Genetics,24,14,10,58.33,28.53
STU1739,QUIZ10434,Mathematics,Probability,23,14,9,60.87,26.67
STU1740,QUIZ10435,Mathematics,Calculus,28,17,11,60.71,46.57
STU1740,QUIZ10436,Mathematics,Algebra,16,10,6,62.5,25.75
STU1740,QUIZ10437,Mathematics,Algebra,16,5,11,31.25,41.99
STU1740,QUIZ10438,Biology,Plant Physiology,29,10,19,34.48,59.55
STU1740,QUIZ10439,Physics,Electricity,22,14,8,63.64,51.25
STU1740,QUIZ10440,Biology,Plant Physiology,21,12,9,57.14,89.32
STU1741,QUIZ10441,Biology,Cell,28,16,12,57.14,39.08
STU1741,QUIZ10442,Mathematics,Trigonometry,18,18,0,100.0,22.03
STU1741,QUIZ10443,Mathematics,Probability,25,11,14,44.0,28.66
STU1741,QUIZ10444,Chemistry,Acids and Bases,20,16,4,80.0,23.37
STU1741,QUIZ10445,Physics,Motion,24,19,5,79.17,44.36
STU1741,QUIZ10446,Biology,Genetics,21,8,13,38.1,28.92
STU1742,QUIZ10447,Chemistry,Chemical Bonding,25,6,19,24.0,65.2
STU1742,QUIZ10448,Physics,Motion,30,27,3,90.0,26.03
STU1742,QUIZ10449,Mathematics,Probability,17,8,9,47.06,87.06
STU1742,QUIZ10450,Biology,Genetics,24,18,6,75.0,63.68
STU1742,QUIZ10451,Mathematics,Trigonometry,24,13,11,54.17,28.86
STU1742,QUIZ10452,Chemistry,Organic Chemistry,20,10,10,50.0,38.76
STU1743,QUIZ10453,Mathematics,Calculus,20,10,10,50.0,62.81
STU1743,QUIZ10454,Mathematics,Trigonometry,30,9,21,30.0,46.13
STU1743,QUIZ10455,Physics,Work and Energy,30,16,14,53.33,24.81
STU1743,QUIZ10456,Biology,Genetics,24,22,2,91.67,20.02
STU1743,QUIZ10457,Biology,Plant Physiology,22,18,4,81.82,74.39
STU1743,QUIZ10458,Chemistry,Chemical Bonding,24,16,8,66.67,34.35
STU1744,QUIZ10459,Chemistry,Atoms,21,14,7,66.67,77.91
STU1744,QUIZ10460,Physics,Motion,15,11,4,73.33,62.74
STU1744,QUIZ10461,Chemistry,Chemical Bonding,19,10,9,52.63,53.83
STU1744,QUIZ10462,Physics,Laws of Motion,20,8,12,40.0,72.78
STU1744,QUIZ10463,Physics,Electricity,26,7,19,26.92,34.43
STU1744,QUIZ10464,Biology,Human Body,30,28,2,93.33,77.51
STU1745,QUIZ10465,Physics,Motion,24,21,3,87.5,62.81
STU1745,QUIZ10466,Biology,Human Body,30,10,20,33.33,73.4
STU1745,QUIZ10467,Mathematics,Trigonometry,16,8,8,50.0,36.74
STU1745,QUIZ10468,Biology,Plant Physiology,20,9,11,45.0,29.13
STU1745,QUIZ10469,Mathematics,Trigonometry,25,13,12,52.0,65.23
STU1745,QUIZ10470,Mathematics,Probability,18,11,7,61.11,71.66
STU1746,QUIZ10471,Physics,Laws of Motion,22,5,17,22.73,26.66
STU1746,QUIZ10472,Biology,Genetics,20,11,9,55.0,48.15
STU1746,QUIZ10473,Biology,Plant Physiology,20,10,10,50.0,56.77
STU1746,QUIZ10474,Chemistry,Chemical Bonding,23,11,12,47.83,60.57
STU1746,QUIZ10475,Mathematics,Probability,23,12,11,52.17,82.95
STU1746,QUIZ10476,Chemistry,Atoms,17,11,6,64.71,88.68
STU1747,QUIZ10477,Physics,Electricity,16,8,8,50.0,52.76
STU1747,QUIZ10478,Physics,Laws of Motion,27,27,0,100.0,50.01
STU1747,QUIZ10479,Chemistry,Acids and Bases,22,11,11,50.0,35.76
STU1747,QUIZ10480,Mathematics,Trigonometry,16,11,5,68.75,33.82
STU1747,QUIZ10481,Chemistry,Atoms,28,26,2,92.86,67.01
STU1747,QUIZ10482,Physics,Electricity,20,6,14,30.0,74.58
STU1748,QUIZ10483,Physics,Electricity,24,18,6,75.0,31.8
STU1748,QUIZ10484,Physics,Laws of Motion,19,17,2,89.47,64.35
STU1748,QUIZ10485,Chemistry,Acids and Bases,17,12,5,70.59,44.4
STU1748,QUIZ10486,Physics,Motion,24,6,18,25.0,89.07
STU1748,QUIZ10487,Chemistry,Chemical Bonding,16,10,6,62.5,43.24
STU1748,QUIZ10488,Biology,Cell,27,15,12,55.56,86.77
STU1749,QUIZ10489,Physics,Work and Energy,26,13,13,50.0,38.69
STU1749,QUIZ10490,Mathematics,Algebra,30,9,21,30.0,46.73
STU1749,QUIZ10491,Physics,Work and Energy,16,12,4,75.0,56.7
STU1749,QUIZ10492,Biology,Human Body,25,18,7,72.0,26.88
STU1749,QUIZ10493,Biology,Cell,19,15,4,78.95,89.68
STU1749,QUIZ10494,Chemistry,Acids and Bases,26,24,2,92.31,23.4
STU1750,QUIZ10495,Physics,Electricity,30,18,12,60.0,29.49
STU1750,QUIZ10496,Mathematics,Algebra,28,6,22,21.43,29.61
STU1750,QUIZ10497,Biology,Cell,18,15,3,83.33,32.75
STU1750,QUIZ10498,Mathematics,Probability,16,11,5,68.75,28.99
STU1750,QUIZ10499,Chemistry,Atoms,17,6,11,35.29,71.55
STU1750,QUIZ10500,Physics,Electricity,21,11,10,52.38,32.19
STU1751,QUIZ10501,Chemistry,Organic Chemistry,26,12,14,46.15,30.38
STU1751,QUIZ10502,Physics,Motion,20,16,4,80.0,26.78
STU1751,QUIZ10503,Chemistry,Atoms,28,18,10,64.29,84.18
STU1751,QUIZ10504,Physics,Motion,30,6,24,20.0,81.82
STU1751,QUIZ10505,Physics,Electricity,20,15,5,75.0,58.11
STU1751,QUIZ10506,Physics,Motion,23,5,18,21.74,38.44
STU1752,QUIZ10507,Physics,Electricity,16,14,2,87.5,76.46
STU1752,QUIZ10508,Mathematics,Trigonometry,18,6,12,33.33,24.73
STU1752,QUIZ10509,Physics,Work and Energy,16,10,6,62.5,22.04
STU1752,QUIZ10510,Chemistry,Atoms,21,5,16,23.81,69.8
STU1752,QUIZ10511,Mathematics,Algebra,28,7,21,25.0,78.44
STU1752,QUIZ10512,Chemistry,Atoms,17,11,6,64.71,57.46
STU1753,QUIZ10513,Biology,Plant Physiology,21,11,10,52.38,39.94
STU1753,QUIZ10514,Biology,Cell,24,17,7,70.83,60.98
STU1753,QUIZ10515,Chemistry,Acids and Bases,19,17,2,89.47,36.61
STU1753,QUIZ10516,Mathematics,Trigonometry,24,16,8,66.67,28.51
STU1753,QUIZ10517,Chemistry,Chemical Bonding,17,5,12,29.41,33.81
STU1753,QUIZ10518,Biology,Cell,15,7,8,46.67,25.43
STU1754,QUIZ10519,Chemistry,Organic Chemistry,17,15,2,88.24,57.38
STU1754,QUIZ10520,Mathematics,Trigonometry,20,14,6,70.0,27.57
STU1754,QUIZ10521,Biology,Genetics,15,9,6,60.0,72.85
STU1754,QUIZ10522,Mathematics,Algebra,23,19,4,82.61,74.33
STU1754,QUIZ10523,Biology,Genetics,30,13,17,43.33,52.73
STU1754,QUIZ10524,Mathematics,Algebra,18,11,7,61.11,69.27
STU1755,QUIZ10525,Chemistry,Acids and Bases,30,11,19,36.67,68.29
STU1755,QUIZ10526,Chemistry,Organic Chemistry,18,13,5,72.22,21.69
STU1755,QUIZ10527,Physics,Electricity,27,15,12,55.56,88.51
STU1755,QUIZ10528,Mathematics,Calculus,19,18,1,94.74,41.27
STU1755,QUIZ10529,Mathematics,Algebra,22,7,15,31.82,43.9
STU1755,QUIZ10530,Chemistry,Chemical Bonding,27,25,2,92.59,28.93
STU1756,QUIZ10531,Physics,Motion,26,18,8,69.23,85.24
STU1756,QUIZ10532,Mathematics,Algebra,20,10,10,50.0,20.93
STU1756,QUIZ10533,Chemistry,Atoms,30,21,9,70.0,69.17
STU1756,QUIZ10534,Chemistry,Chemical Bonding,24,24,0,100.0,26.04
STU1756,QUIZ10535,Biology,Human Body,19,5,14,26.32,80.56
STU1756,QUIZ10536,Physics,Work and Energy,17,9,8,52.94,56.57
STU1757,QUIZ10537,Mathematics,Algebra,25,20,5,80.0,84.23
STU1757,QUIZ10538,Chemistry,Acids and Bases,25,12,13,48.0,53.2
STU1757,QUIZ10539,Physics,Motion,23,8,15,34.78,41.08
STU1757,QUIZ10540,Chemistry,Chemical Bonding,21,13,8,61.9,86.26
STU1757,QUIZ10541,Physics,Electricity,22,15,7,68.18,40.56
STU1757,QUIZ10542,Mathematics,Trigonometry,29,27,2,93.1,27.36
STU1758,QUIZ10543,Chemistry,Organic Chemistry,18,5,13,27.78,78.37
STU1758,QUIZ10544,Biology,Genetics,28,19,9,67.86,33.85
STU1758,QUIZ10545,Mathematics,Algebra,30,13,17,43.33,26.28
STU1758,QUIZ10546,Mathematics,Calculus,21,11,10,52.38,46.67
STU1758,QUIZ10547,Physics,Electricity,28,25,3,89.29,62.94
STU1758,QUIZ10548,Mathematics,Trigonometry,17,13,4,76.47,42.65
STU1759,QUIZ10549,Biology,Human Body,23,10,13,43.48,77.52
STU1759,QUIZ10550,Chemistry,Chemical Bonding,18,5,13,27.78,87.74
STU1759,QUIZ10551,Mathematics,Probability,23,17,6,73.91,77.42
STU1759,QUIZ10552,Mathematics,Probability,28,21,7,75.0,58.84
STU1759,QUIZ10553,Mathematics,Probability,27,7,20,25.93,36.53
STU1759,QUIZ10554,Chemistry,Acids and Bases,28,8,20,28.57,52.03
STU1760,QUIZ10555,Mathematics,Algebra,20,11,9,55.0,20.55
STU1760,QUIZ10556,Mathematics,Algebra,25,24,1,96.0,86.73
STU1760,QUIZ10557,Physics,Work and Energy,16,5,11,31.25,37.92
STU1760,QUIZ10558,Biology,Cell,19,9,10,47.37,39.3
STU1760,QUIZ10559,Chemistry,Organic Chemistry,16,16,0,100.0,49.34
STU1760,QUIZ10560,Biology,Genetics,25,10,15,40.0,85.39
STU1761,QUIZ10561,Chemistry,Organic Chemistry,27,5,22,18.52,48.56
STU1761,QUIZ10562,Chemistry,Chemical Bonding,29,18,11,62.07,34.34
STU1761,QUIZ10563,Biology,Genetics,22,22,0,100.0,88.81
STU1761,QUIZ10564,Chemistry,Atoms,16,14,2,87.5,56.16
STU1761,QUIZ10565,Physics,Work and Energy,21,14,7,66.67,36.95
STU1761,QUIZ10566,Chemistry,Chemical Bonding,16,10,6,62.5,47.31
STU1762,QUIZ10567,Physics,Motion,23,16,7,69.57,83.6
STU1762,QUIZ10568,Physics,Motion,17,16,1,94.12,50.52
STU1762,QUIZ10569,Physics,Electricity,21,10,11,47.62,35.43
STU1762,QUIZ10570,Mathematics,Probability,28,11,17,39.29,41.24
STU1762,QUIZ10571,Mathematics,Trigonometry,30,10,20,33.33,46.12
STU1762,QUIZ10572,Mathematics,Trigonometry,20,16,4,80.0,71.38
STU1763,QUIZ10573,Chemistry,Acids and Bases,29,26,3,89.66,62.78
STU1763,QUIZ10574,Physics,Electricity,16,13,3,81.25,64.03
STU1763,QUIZ10575,Chemistry,Chemical Bonding,28,18,10,64.29,34.05
STU1763,QUIZ10576,Physics,Electricity,17,15,2,88.24,67.95
STU1763,QUIZ10577,Biology,Cell,16,14,2,87.5,78.53
STU1763,QUIZ10578,Physics,Laws of Motion,28,21,7,75.0,69.6
STU1764,QUIZ10579,Mathematics,Probability,25,17,8,68.0,32.66
STU1764,QUIZ10580,Physics,Motion,15,6,9,40.0,56.74
STU1764,QUIZ10581,Chemistry,Atoms,23,5,18,21.74,35.64
STU1764,QUIZ10582,Physics,Work and Energy,27,27,0,100.0,25.72
STU1764,QUIZ10583,Chemistry,Atoms,23,20,3,86.96,20.2
STU1764,QUIZ10584,Biology,Human Body,22,20,2,90.91,47.02
STU1765,QUIZ10585,Mathematics,Trigonometry,23,14,9,60.87,40.72
STU1765,QUIZ10586,Biology,Genetics,21,16,5,76.19,61.79
STU1765,QUIZ10587,Physics,Motion,16,16,0,100.0,64.97
STU1765,QUIZ10588,Physics,Electricity,20,12,8,60.0,63.6
STU1765,QUIZ10589,Physics,Laws of Motion,21,14,7,66.67,78.32
STU1765,QUIZ10590,Mathematics,Calculus,26,25,1,96.15,27.87
STU1766,QUIZ10591,Biology,Human Body,28,25,3,89.29,51.11
STU1766,QUIZ10592,Biology,Plant Physiology,20,6,14,30.0,72.34
STU1766,QUIZ10593,Mathematics,Probability,26,26,0,100.0,29.03
STU1766,QUIZ10594,Mathematics,Calculus,20,9,11,45.0,32.88
STU1766,QUIZ10595,Physics,Laws of Motion,16,6,10,37.5,53.36
STU1766,QUIZ10596,Chemistry,Atoms,28,14,14,50.0,24.38
STU1767,QUIZ10597,Chemistry,Organic Chemistry,27,19,8,70.37,81.26
STU1767,QUIZ10598,Biology,Genetics,30,19,11,63.33,50.08
STU1767,QUIZ10599,Chemistry,Chemical Bonding,29,29,0,100.0,54.39
STU1767,QUIZ10600,Physics,Work and Energy,20,13,7,65.0,50.04
STU1767,QUIZ10601,Physics,Motion,29,5,24,17.24,77.09
STU1767,QUIZ10602,Biology,Human Body,20,11,9,55.0,36.11
STU1768,QUIZ10603,Chemistry,Atoms,17,7,10,41.18,81.82
STU1768,QUIZ10604,Physics,Electricity,24,19,5,79.17,43.65
STU1768,QUIZ10605,Chemistry,Acids and Bases,18,6,12,33.33,85.7
STU1768,QUIZ10606,Mathematics,Algebra,22,19,3,86.36,26.54
STU1768,QUIZ10607,Chemistry,Chemical Bonding,24,6,18,25.0,79.3
STU1768,QUIZ10608,Biology,Genetics,21,13,8,61.9,33.02
STU1769,QUIZ10609,Biology,Genetics,21,18,3,85.71,32.05
STU1769,QUIZ10610,Biology,Plant Physiology,29,22,7,75.86,82.66
STU1769,QUIZ10611,Physics,Laws of Motion,23,6,17,26.09,85.88
STU1769,QUIZ10612,Chemistry,Chemical Bonding,22,11,11,50.0,79.46
STU1769,QUIZ10613,Physics,Work and Energy,21,5,16,23.81,25.72
STU1769,QUIZ10614,Mathematics,Algebra,18,10,8,55.56,42.67
STU1770,QUIZ10615,Mathematics,Algebra,20,13,7,65.0,35.67
STU1770,QUIZ10616,Chemistry,Organic Chemistry,26,14,12,53.85,83.18
STU1770,QUIZ10617,Biology,Human Body,15,13,2,86.67,45.97
STU1770,QUIZ10618,Physics,Electricity,20,19,1,95.0,24.06
STU1770,QUIZ10619,Mathematics,Algebra,16,11,5,68.75,37.57
STU1770,QUIZ10620,Physics,Work and Energy,24,5,19,20.83,72.52
STU1771,QUIZ10621,Chemistry,Acids and Bases,27,21,6,77.78,52.08
STU1771,QUIZ10622,Chemistry,Atoms,26,18,8,69.23,85.29
STU1771,QUIZ10623,Mathematics,Probability,18,9,9,50.0,72.15
STU1771,QUIZ10624,Chemistry,Chemical Bonding,26,15,11,57.69,55.6
STU1771,QUIZ10625,Chemistry,Atoms,26,23,3,88.46,88.88
STU1771,QUIZ10626,Mathematics,Probability,26,19,7,73.08,88.18
STU1772,QUIZ10627,Physics,Motion,15,14,1,93.33,26.17
STU1772,QUIZ10628,Chemistry,Chemical Bonding,27,19,8,70.37,84.27
STU1772,QUIZ10629,Biology,Genetics,28,17,11,60.71,77.53
STU1772,QUIZ10630,Biology,Plant Physiology,29,8,21,27.59,51.72
STU1772,QUIZ10631,Physics,Electricity,27,27,0,100.0,79.61
STU1772,QUIZ10632,Biology,Human Body,22,9,13,40.91,47.47
STU1773,QUIZ10633,Physics,Work and Energy,28,14,14,50.0,64.58
STU1773,QUIZ10634,Mathematics,Probability,24,23,1,95.83,74.91
STU1773,QUIZ10635,Biology,Genetics,27,25,2,92.59,86.95
STU1773,QUIZ10636,Chemistry,Organic Chemistry,25,5,20,20.0,72.21
STU1773,QUIZ10637,Biology,Genetics,27,7,20,25.93,24.79
STU1773,QUIZ10638,Biology,Human Body,21,14,7,66.67,71.09
STU1774,QUIZ10639,Biology,Genetics,28,11,17,39.29,80.59
STU1774,QUIZ10640,Physics,Motion,18,16,2,88.89,60.28
STU1774,QUIZ10641,Biology,Plant Physiology,19,13,6,68.42,65.56
STU1774,QUIZ10642,Mathematics,Probability,28,16,12,57.14,64.37
STU1774,QUIZ10643,Chemistry,Chemical Bonding,19,16,3,84.21,50.06
STU1774,QUIZ10644,Chemistry,Atoms,18,12,6,66.67,85.81
STU1775,QUIZ10645,Biology,Human Body,18,12,6,66.67,41.72
STU1775,QUIZ10646,Biology,Genetics,20,18,2,90.0,38.92
STU1775,QUIZ10647,Chemistry,Acids and Bases,19,11,8,57.89,72.95
STU1775,QUIZ10648,Biology,Genetics,30,7,23,23.33,59.75
STU1775,QUIZ10649,Physics,Electricity,25,10,15,40.0,81.75
STU1775,QUIZ10650,Chemistry,Acids and Bases,15,5,10,33.33,60.67
STU1776,QUIZ10651,Mathematics,Probability,25,7,18,28.0,35.95
STU1776,QUIZ10652,Physics,Laws of Motion,27,22,5,81.48,77.81
STU1776,QUIZ10653,Biology,Plant Physiology,16,14,2,87.5,31.15
STU1776,QUIZ10654,Chemistry,Atoms,22,9,13,40.91,24.37
STU1776,QUIZ10655,Mathematics,Probability,29,23,6,79.31,58.38
STU1776,QUIZ10656,Chemistry,Acids and Bases,15,6,9,40.0,37.47
STU1777,QUIZ10657,Biology,Plant Physiology,20,5,15,25.0,65.75
STU1777,QUIZ10658,Biology,Plant Physiology,28,20,8,71.43,22.02
STU1777,QUIZ10659,Physics,Laws of Motion,21,12,9,57.14,67.43
STU1777,QUIZ10660,Mathematics,Calculus,19,19,0,100.0,28.88
STU1777,QUIZ10661,Physics,Laws of Motion,20,8,12,40.0,54.33
STU1777,QUIZ10662,Physics,Work and Energy,22,7,15,31.82,22.03
STU1778,QUIZ10663,Mathematics,Algebra,24,5,19,20.83,72.57
STU1778,QUIZ10664,Biology,Cell,21,7,14,33.33,51.55
STU1778,QUIZ10665,Chemistry,Chemical Bonding,17,12,5,70.59,66.95
STU1778,QUIZ10666,Mathematics,Probability,28,7,21,25.0,44.49
STU1778,QUIZ10667,Mathematics,Calculus,16,15,1,93.75,36.59
STU1778,QUIZ10668,Mathematics,Calculus,18,15,3,83.33,51.18
STU1779,QUIZ10669,Physics,Laws of Motion,28,8,20,28.57,56.81
STU1779,QUIZ10670,Physics,Electricity,23,20,3,86.96,88.53
STU1779,QUIZ10671,Mathematics,Calculus,29,21,8,72.41,29.91
STU1779,QUIZ10672,Chemistry,Atoms,29,19,10,65.52,40.68
STU1779,QUIZ10673,Mathematics,Probability,18,6,12,33.33,62.1
STU1779,QUIZ10674,Mathematics,Probability,21,8,13,38.1,78.75
STU1780,QUIZ10675,Chemistry,Acids and Bases,15,9,6,60.0,53.47
STU1780,QUIZ10676,Physics,Motion,26,12,14,46.15,67.46
STU1780,QUIZ10677,Physics,Laws of Motion,28,22,6,78.57,34.01
STU1780,QUIZ10678,Mathematics,Trigonometry,15,5,10,33.33,37.91
STU1780,QUIZ10679,Chemistry,Acids and Bases,22,6,16,27.27,37.8
STU1780,QUIZ10680,Biology,Human Body,20,5,15,25.0,58.37
STU1781,QUIZ10681,Mathematics,Algebra,19,15,4,78.95,77.38
STU1781,QUIZ10682,Chemistry,Acids and Bases,19,17,2,89.47,83.37
STU1781,QUIZ10683,Mathematics,Calculus,23,17,6,73.91,63.69
STU1781,QUIZ10684,Physics,Motion,20,6,14,30.0,67.06
STU1781,QUIZ10685,Mathematics,Calculus,24,8,16,33.33,60.62
STU1781,QUIZ10686,Mathematics,Probability,21,19,2,90.48,35.19
STU1782,QUIZ10687,Biology,Human Body,15,9,6,60.0,71.15
STU1782,QUIZ10688,Biology,Genetics,22,22,0,100.0,66.01
STU1782,QUIZ10689,Biology,Plant Physiology,22,18,4,81.82,82.12
STU1782,QUIZ10690,Physics,Work and Energy,27,13,14,48.15,29.61
STU1782,QUIZ10691,Physics,Laws of Motion,19,13,6,68.42,31.72
STU1782,QUIZ10692,Physics,Work and Energy,19,12,7,63.16,25.6
STU1783,QUIZ10693,Physics,Electricity,30,9,21,30.0,47.15
STU1783,QUIZ10694,Physics,Laws of Motion,26,8,18,30.77,25.9
STU1783,QUIZ10695,Physics,Electricity,29,11,18,37.93,36.83
STU1783,QUIZ10696,Biology,Genetics,19,5,14,26.32,89.99
STU1783,QUIZ10697,Physics,Work and Energy,18,17,1,94.44,69.51
STU1783,QUIZ10698,Mathematics,Calculus,16,15,1,93.75,79.84
STU1784,QUIZ10699,Biology,Plant Physiology,26,14,12,53.85,43.07
STU1784,QUIZ10700,Biology,Cell,16,9,7,56.25,78.25
STU1784,QUIZ10701,Physics,Motion,16,11,5,68.75,36.07
STU1784,QUIZ10702,Chemistry,Atoms,20,19,1,95.0,55.63
STU1784,QUIZ10703,Physics,Laws of Motion,22,6,16,27.27,21.32
STU1784,QUIZ10704,Chemistry,Chemical Bonding,19,16,3,84.21,51.02
STU1785,QUIZ10705,Biology,Cell,27,25,2,92.59,38.85
STU1785,QUIZ10706,Physics,Motion,16,7,9,43.75,47.4
STU1785,QUIZ10707,Chemistry,Chemical Bonding,30,12,18,40.0,75.78
STU1785,QUIZ10708,Mathematics,Calculus,24,6,18,25.0,63.73
STU1785,QUIZ10709,Chemistry,Chemical Bonding,25,9,16,36.0,28.21
STU1785,QUIZ10710,Physics,Laws of Motion,30,13,17,43.33,89.84
STU1786,QUIZ10711,Mathematics,Trigonometry,22,19,3,86.36,35.54
STU1786,QUIZ10712,Chemistry,Acids and Bases,24,11,13,45.83,83.64
STU1786,QUIZ10713,Physics,Motion,19,5,14,26.32,70.21
STU1786,QUIZ10714,Mathematics,Trigonometry,29,12,17,41.38,56.27
STU1786,QUIZ10715,Biology,Genetics,21,14,7,66.67,66.81
STU1786,QUIZ10716,Mathematics,Trigonometry,30,17,13,56.67,71.05
STU1787,QUIZ10717,Physics,Work and Energy,21,17,4,80.95,56.31
STU1787,QUIZ10718,Mathematics,Trigonometry,30,14,16,46.67,52.81
STU1787,QUIZ10719,Chemistry,Atoms,24,22,2,91.67,50.51
STU1787,QUIZ10720,Physics,Motion,27,9,18,33.33,77.63
STU1787,QUIZ10721,Chemistry,Organic Chemistry,29,12,17,41.38,58.61
STU1787,QUIZ10722,Chemistry,Atoms,15,7,8,46.67,86.99
STU1788,QUIZ10723,Biology,Cell,30,22,8,73.33,38.93
STU1788,QUIZ10724,Biology,Plant Physiology,28,20,8,71.43,32.62
STU1788,QUIZ10725,Mathematics,Calculus,24,7,17,29.17,22.83
STU1788,QUIZ10726,Physics,Electricity,22,10,12,45.45,83.93
STU1788,QUIZ10727,Chemistry,Atoms,29,28,1,96.55,39.02
STU1788,QUIZ10728,Physics,Electricity,29,7,22,24.14,38.15
STU1789,QUIZ10729,Physics,Motion,17,17,0,100.0,40.91
STU1789,QUIZ10730,Mathematics,Trigonometry,16,11,5,68.75,35.17
STU1789,QUIZ10731,Mathematics,Algebra,21,14,7,66.67,60.69
STU1789,QUIZ10732,Mathematics,Algebra,22,15,7,68.18,32.79
STU1789,QUIZ10733,Mathematics,Probability,15,5,10,33.33,52.95
STU1789,QUIZ10734,Chemistry,Acids and Bases,17,15,2,88.24,85.64
STU1790,QUIZ10735,Mathematics,Probability,22,22,0,100.0,88.55
STU1790,QUIZ10736,Biology,Plant Physiology,19,7,12,36.84,50.52
STU1790,QUIZ10737,Chemistry,Organic Chemistry,26,11,15,42.31,60.67
STU1790,QUIZ10738,Chemistry,Acids and Bases,16,16,0,100.0,64.26
STU1790,QUIZ10739,Biology,Cell,30,21,9,70.0,67.58
STU1790,QUIZ10740,Physics,Motion,24,12,12,50.0,59.72
STU1791,QUIZ10741,Chemistry,Chemical Bonding,24,21,3,87.5,85.13
STU1791,QUIZ10742,Chemistry,Organic Chemistry,20,19,1,95.0,61.53
STU1791,QUIZ10743,Mathematics,Trigonometry,30,17,13,56.67,59.82
STU1791,QUIZ10744,Biology,Human Body,28,28,0,100.0,44.94
STU1791,QUIZ10745,Biology,Plant Physiology,24,24,0,100.0,89.36
STU1791,QUIZ10746,Physics,Motion,22,20,2,90.91,28.92
STU1792,QUIZ10747,Physics,Work and Energy,30,7,23,23.33,34.36
STU1792,QUIZ10748,Mathematics,Probability,23,23,0,100.0,69.18
STU1792,QUIZ10749,Mathematics,Trigonometry,20,20,0,100.0,64.63
STU1792,QUIZ10750,Physics,Motion,20,15,5,75.0,81.35
STU1792,QUIZ10751,Mathematics,Trigonometry,24,6,18,25.0,79.45
STU1792,QUIZ10752,Biology,Cell,27,9,18,33.33,69.69
STU1793,QUIZ10753,Chemistry,Atoms,18,6,12,33.33,84.54
STU1793,QUIZ10754,Chemistry,Acids and Bases,16,8,8,50.0,27.0
STU1793,QUIZ10755,Physics,Motion,30,23,7,76.67,55.32
STU1793,QUIZ10756,Physics,Work and Energy,30,16,14,53.33,87.29
STU1793,QUIZ10757,Chemistry,Atoms,16,8,8,50.0,41.67
STU1793,QUIZ10758,Mathematics,Probability,23,12,11,52.17,42.12
STU1794,QUIZ10759,Chemistry,Chemical Bonding,29,25,4,86.21,48.15
STU1794,QUIZ10760,Physics,Work and Energy,24,5,19,20.83,28.7
STU1794,QUIZ10761,Physics,Motion,24,23,1,95.83,51.61
STU1794,QUIZ10762,Chemistry,Organic Chemistry,20,7,13,35.0,53.64
STU1794,QUIZ10763,Mathematics,Trigonometry,21,17,4,80.95,33.3
STU1794,QUIZ10764,Chemistry,Organic Chemistry,27,27,0,100.0,83.35
STU1795,QUIZ10765,Mathematics,Probability,30,5,25,16.67,57.21
STU1795,QUIZ10766,Biology,Plant Physiology,25,14,11,56.0,75.38
STU1795,QUIZ10767,Chemistry,Atoms,22,10,12,45.45,36.4
STU1795,QUIZ10768,Chemistry,Chemical Bonding,21,11,10,52.38,76.34
STU1795,QUIZ10769,Biology,Cell,21,21,0,100.0,24.08
STU1795,QUIZ10770,Mathematics,Probability,26,19,7,73.08,81.41
STU1796,QUIZ10771,Mathematics,Trigonometry,18,6,12,33.33,82.13
STU1796,QUIZ10772,Chemistry,Atoms,27,18,9,66.67,27.23
STU1796,QUIZ10773,Chemistry,Atoms,26,16,10,61.54,77.64
STU1796,QUIZ10774,Chemistry,Chemical Bonding,26,24,2,92.31,23.26
STU1796,QUIZ10775,Biology,Human Body,26,25,1,96.15,54.64
STU1796,QUIZ10776,Physics,Electricity,21,18,3,85.71,62.87
STU1797,QUIZ10777,Chemistry,Acids and Bases,27,20,7,74.07,51.85
STU1797,QUIZ10778,Chemistry,Organic Chemistry,27,17,10,62.96,57.34
STU1797,QUIZ10779,Physics,Laws of Motion,19,10,9,52.63,26.82
STU1797,QUIZ10780,Mathematics,Probability,29,10,19,34.48,26.45
STU1797,QUIZ10781,Physics,Laws of Motion,23,8,15,34.78,47.5
STU1797,QUIZ10782,Biology,Genetics,25,9,16,36.0,54.19
STU1798,QUIZ10783,Mathematics,Calculus,22,18,4,81.82,20.85
STU1798,QUIZ10784,Mathematics,Calculus,28,21,7,75.0,43.87
STU1798,QUIZ10785,Biology,Genetics,24,24,0,100.0,27.46
STU1798,QUIZ10786,Physics,Work and Energy,22,14,8,63.64,77.06
STU1798,QUIZ10787,Mathematics,Probability,15,12,3,80.0,47.77
STU1798,QUIZ10788,Biology,Cell,27,6,21,22.22,79.84
STU1799,QUIZ10789,Mathematics,Algebra,27,8,19,29.63,63.99
STU1799,QUIZ10790,Biology,Plant Physiology,19,13,6,68.42,20.7
STU1799,QUIZ10791,Physics,Electricity,16,5,11,31.25,70.12
STU1799,QUIZ10792,Biology,Plant Physiology,22,16,6,72.73,23.11
STU1799,QUIZ10793,Mathematics,Calculus,26,6,20,23.08,29.36
STU1799,QUIZ10794,Physics,Laws of Motion,20,10,10,50.0,66.42
STU1800,QUIZ10795,Biology,Genetics,24,23,1,95.83,48.17
STU1800,QUIZ10796,Biology,Plant Physiology,25,11,14,44.0,23.11
STU1800,QUIZ10797,Physics,Motion,24,21,3,87.5,68.06
STU1800,QUIZ10798,Mathematics,Trigonometry,28,21,7,75.0,24.45
STU1800,QUIZ10799,Biology,Cell,24,23,1,95.83,76.22
STU1800,QUIZ10800,Chemistry,Atoms,16,9,7,56.25,42.12
STU1801,QUIZ10801,Mathematics,Algebra,26,19,7,73.08,36.08
STU1801,QUIZ10802,Mathematics,Trigonometry,16,16,0,100.0,62.54
STU1801,QUIZ10803,Mathematics,Probability,29,10,19,34.48,75.71
STU1801,QUIZ10804,Chemistry,Chemical Bonding,21,9,12,42.86,72.56
STU1801,QUIZ10805,Biology,Human Body,26,13,13,50.0,27.08
STU1801,QUIZ10806,Biology,Human Body,29,7,22,24.14,49.88
STU1802,QUIZ10807,Biology,Cell,16,16,0,100.0,28.22
STU1802,QUIZ10808,Chemistry,Acids and Bases,29,28,1,96.55,33.92
STU1802,QUIZ10809,Mathematics,Algebra,15,15,0,100.0,34.0
STU1802,QUIZ10810,Mathematics,Calculus,24,16,8,66.67,51.4
STU1802,QUIZ10811,Chemistry,Chemical Bonding,19,14,5,73.68,46.18
STU1802,QUIZ10812,Biology,Plant Physiology,22,9,13,40.91,44.87
STU1803,QUIZ10813,Chemistry,Chemical Bonding,21,11,10,52.38,89.49
STU1803,QUIZ10814,Chemistry,Acids and Bases,29,19,10,65.52,44.7
STU1803,QUIZ10815,Physics,Work and Energy,18,10,8,55.56,33.2
STU1803,QUIZ10816,Chemistry,Organic Chemistry,22,21,1,95.45,59.57
STU1803,QUIZ10817,Biology,Cell,28,8,20,28.57,37.72
STU1803,QUIZ10818,Chemistry,Organic Chemistry,16,9,7,56.25,33.94
STU1804,QUIZ10819,Mathematics,Probability,23,12,11,52.17,79.24
STU1804,QUIZ10820,Biology,Cell,15,11,4,73.33,48.44
STU1804,QUIZ10821,Chemistry,Organic Chemistry,19,16,3,84.21,30.05
STU1804,QUIZ10822,Physics,Work and Energy,22,8,14,36.36,36.24
STU1804,QUIZ10823,Physics,Laws of Motion,28,9,19,32.14,27.13
STU1804,QUIZ10824,Biology,Human Body,22,9,13,40.91,59.17
STU1805,QUIZ10825,Mathematics,Calculus,24,14,10,58.33,29.46
STU1805,QUIZ10826,Physics,Electricity,21,16,5,76.19,41.08
STU1805,QUIZ10827,Chemistry,Chemical Bonding,26,14,12,53.85,50.85
STU1805,QUIZ10828,Biology,Genetics,28,14,14,50.0,34.97
STU1805,QUIZ10829,Mathematics,Trigonometry,28,18,10,64.29,21.65
STU1805,QUIZ10830,Biology,Human Body,15,15,0,100.0,55.4
STU1806,QUIZ10831,Chemistry,Acids and Bases,29,22,7,75.86,57.71
STU1806,QUIZ10832,Mathematics,Probability,18,12,6,66.67,75.84
STU1806,QUIZ10833,Physics,Electricity,23,9,14,39.13,84.35
STU1806,QUIZ10834,Biology,Human Body,23,19,4,82.61,64.08
STU1806,QUIZ10835,Physics,Laws of Motion,15,13,2,86.67,54.35
STU1806,QUIZ10836,Biology,Cell,16,11,5,68.75,49.29
STU1807,QUIZ10837,Chemistry,Acids and Bases,21,12,9,57.14,88.68
STU1807,QUIZ10838,Mathematics,Probability,26,23,3,88.46,80.11
STU1807,QUIZ10839,Physics,Laws of Motion,27,14,13,51.85,62.22
STU1807,QUIZ10840,Physics,Motion,28,28,0,100.0,43.08
STU1807,QUIZ10841,Chemistry,Chemical Bonding,26,16,10,61.54,24.1
STU1807,QUIZ10842,Chemistry,Acids and Bases,22,8,14,36.36,46.52
STU1808,QUIZ10843,Biology,Genetics,18,16,2,88.89,63.33
STU1808,QUIZ10844,Mathematics,Calculus,19,14,5,73.68,72.15
STU1808,QUIZ10845,Chemistry,Chemical Bonding,29,21,8,72.41,86.76
STU1808,QUIZ10846,Biology,Human Body,27,5,22,18.52,56.05
STU1808,QUIZ10847,Physics,Work and Energy,20,18,2,90.0,49.41
STU1808,QUIZ10848,Mathematics,Probability,28,25,3,89.29,47.63
STU1809,QUIZ10849,Mathematics,Probability,22,17,5,77.27,88.14
STU1809,QUIZ10850,Mathematics,Trigonometry,22,9,13,40.91,79.57
STU1809,QUIZ10851,Mathematics,Calculus,16,8,8,50.0,29.06
STU1809,QUIZ10852,Physics,Motion,19,7,12,36.84,52.84
STU1809,QUIZ10853,Physics,Electricity,30,8,22,26.67,28.86
STU1809,QUIZ10854,Chemistry,Chemical Bonding,17,15,2,88.24,42.66
STU1810,QUIZ10855,Physics,Work and Energy,29,27,2,93.1,72.55
STU1810,QUIZ10856,Mathematics,Trigonometry,18,16,2,88.89,88.38
STU1810,QUIZ10857,Chemistry,Chemical Bonding,21,20,1,95.24,35.99
STU1810,QUIZ10858,Mathematics,Trigonometry,26,23,3,88.46,65.93
STU1810,QUIZ10859,Biology,Cell,16,14,2,87.5,70.25
STU1810,QUIZ10860,Biology,Cell,21,5,16,23.81,80.25
STU1811,QUIZ10861,Physics,Motion,17,14,3,82.35,45.07
STU1811,QUIZ10862,Mathematics,Probability,23,17,6,73.91,30.03
STU1811,QUIZ10863,Chemistry,Chemical Bonding,23,11,12,47.83,36.67
STU1811,QUIZ10864,Biology,Cell,20,14,6,70.0,78.26
STU1811,QUIZ10865,Mathematics,Probability,27,26,1,96.3,30.0
STU1811,QUIZ10866,Biology,Cell,16,7,9,43.75,22.13
STU1812,QUIZ10867,Biology,Genetics,30,8,22,26.67,68.15
STU1812,QUIZ10868,Physics,Work and Energy,30,5,25,16.67,88.26
STU1812,QUIZ10869,Physics,Laws of Motion,23,6,17,26.09,61.94
STU1812,QUIZ10870,Chemistry,Atoms,29,27,2,93.1,65.02
STU1812,QUIZ10871,Mathematics,Probability,29,19,10,65.52,28.22
STU1812,QUIZ10872,Mathematics,Trigonometry,15,8,7,53.33,31.66
STU1813,QUIZ10873,Physics,Electricity,28,21,7,75.0,38.42
STU1813,QUIZ10874,Chemistry,Chemical Bonding,30,7,23,23.33,73.51
STU1813,QUIZ10875,Mathematics,Trigonometry,26,8,18,30.77,53.92
STU1813,QUIZ10876,Physics,Laws of Motion,15,14,1,93.33,38.68
STU1813,QUIZ10877,Physics,Electricity,17,13,4,76.47,48.39
STU1813,QUIZ10878,Physics,Motion,30,21,9,70.0,49.24
STU1814,QUIZ10879,Mathematics,Trigonometry,28,6,22,21.43,37.42
STU1814,QUIZ10880,Mathematics,Calculus,18,10,8,55.56,74.03
STU1814,QUIZ10881,Biology,Cell,28,20,8,71.43,23.29
STU1814,QUIZ10882,Mathematics,Algebra,23,19,4,82.61,26.57
STU1814,QUIZ10883,Chemistry,Chemical Bonding,29,13,16,44.83,53.86
STU1814,QUIZ10884,Biology,Cell,22,19,3,86.36,58.61
STU1815,QUIZ10885,Biology,Genetics,16,6,10,37.5,37.23
STU1815,QUIZ10886,Chemistry,Acids and Bases,15,5,10,33.33,49.17
STU1815,QUIZ10887,Chemistry,Acids and Bases,30,24,6,80.0,80.88
STU1815,QUIZ10888,Mathematics,Calculus,30,28,2,93.33,51.99
STU1815,QUIZ10889,Mathematics,Algebra,15,8,7,53.33,50.71
STU1815,QUIZ10890,Biology,Cell,24,17,7,70.83,42.84
STU1816,QUIZ10891,Physics,Motion,21,16,5,76.19,34.25
STU1816,QUIZ10892,Chemistry,Acids and Bases,22,12,10,54.55,85.46
STU1816,QUIZ10893,Mathematics,Algebra,24,20,4,83.33,77.32
STU1816,QUIZ10894,Mathematics,Trigonometry,17,14,3,82.35,55.69
STU1816,QUIZ10895,Biology,Cell,17,15,2,88.24,21.13
STU1816,QUIZ10896,Chemistry,Atoms,26,16,10,61.54,64.39
STU1817,QUIZ10897,Mathematics,Algebra,29,23,6,79.31,27.83
STU1817,QUIZ10898,Biology,Human Body,28,22,6,78.57,31.27
STU1817,QUIZ10899,Biology,Human Body,20,7,13,35.0,30.52
STU1817,QUIZ10900,Physics,Motion,16,9,7,56.25,44.54
STU1817,QUIZ10901,Mathematics,Probability,15,6,9,40.0,36.67
STU1817,QUIZ10902,Biology,Cell,25,13,12,52.0,70.02
STU1818,QUIZ10903,Biology,Human Body,19,8,11,42.11,65.6
STU1818,QUIZ10904,Chemistry,Chemical Bonding,22,18,4,81.82,48.95
STU1818,QUIZ10905,Physics,Electricity,24,22,2,91.67,47.51
STU1818,QUIZ10906,Chemistry,Chemical Bonding,27,6,21,22.22,49.35
STU1818,QUIZ10907,Chemistry,Atoms,26,20,6,76.92,32.62
STU1818,QUIZ10908,Biology,Cell,19,16,3,84.21,50.6
STU1819,QUIZ10909,Biology,Plant Physiology,16,6,10,37.5,70.91
STU1819,QUIZ10910,Physics,Motion,24,20,4,83.33,59.28
STU1819,QUIZ10911,Mathematics,Calculus,26,26,0,100.0,49.52
STU1819,QUIZ10912,Biology,Cell,15,14,1,93.33,88.12
STU1819,QUIZ10913,Mathematics,Algebra,30,5,25,16.67,44.55
STU1819,QUIZ10914,Mathematics,Probability,15,8,7,53.33,49.9
STU1820,QUIZ10915,Mathematics,Probability,22,20,2,90.91,26.46
STU1820,QUIZ10916,Mathematics,Probability,20,17,3,85.0,20.24
STU1820,QUIZ10917,Biology,Genetics,24,11,13,45.83,46.04
STU1820,QUIZ10918,Physics,Motion,19,18,1,94.74,41.85
STU1820,QUIZ10919,Mathematics,Trigonometry,21,16,5,76.19,46.73
STU1820,QUIZ10920,Physics,Motion,26,14,12,53.85,79.61
STU1821,QUIZ10921,Biology,Plant Physiology,15,15,0,100.0,75.44
STU1821,QUIZ10922,Physics,Motion,20,11,9,55.0,32.46
STU1821,QUIZ10923,Mathematics,Algebra,24,14,10,58.33,89.77
STU1821,QUIZ10924,Mathematics,Trigonometry,15,5,10,33.33,82.3
STU1821,QUIZ10925,Mathematics,Probability,23,23,0,100.0,59.23
STU1821,QUIZ10926,Biology,Plant Physiology,25,22,3,88.0,77.96
STU1822,QUIZ10927,Mathematics,Calculus,23,20,3,86.96,27.58
STU1822,QUIZ10928,Physics,Laws of Motion,28,19,9,67.86,80.19
STU1822,QUIZ10929,Biology,Genetics,20,11,9,55.0,76.45
STU1822,QUIZ10930,Mathematics,Probability,16,12,4,75.0,47.88
STU1822,QUIZ10931,Biology,Cell,29,16,13,55.17,73.59
STU1822,QUIZ10932,Biology,Human Body,29,22,7,75.86,31.97
STU1823,QUIZ10933,Physics,Laws of Motion,20,9,11,45.0,32.94
STU1823,QUIZ10934,Chemistry,Acids and Bases,21,20,1,95.24,35.27
STU1823,QUIZ10935,Chemistry,Organic Chemistry,23,14,9,60.87,73.66
STU1823,QUIZ10936,Mathematics,Calculus,20,15,5,75.0,52.81
STU1823,QUIZ10937,Physics,Motion,20,9,11,45.0,61.81
STU1823,QUIZ10938,Mathematics,Calculus,15,9,6,60.0,54.26
STU1824,QUIZ10939,Mathematics,Probability,22,10,12,45.45,50.48
STU1824,QUIZ10940,Physics,Motion,26,11,15,42.31,52.22
STU1824,QUIZ10941,Mathematics,Calculus,21,7,14,33.33,24.47
STU1824,QUIZ10942,Chemistry,Chemical Bonding,23,21,2,91.3,53.69
STU1824,QUIZ10943,Mathematics,Trigonometry,29,25,4,86.21,79.93
STU1824,QUIZ10944,Biology,Genetics,30,15,15,50.0,67.49
STU1825,QUIZ10945,Mathematics,Probability,21,16,5,76.19,23.13
STU1825,QUIZ10946,Biology,Cell,30,10,20,33.33,88.25
STU1825,QUIZ10947,Mathematics,Probability,25,12,13,48.0,22.59
STU1825,QUIZ10948,Mathematics,Algebra,26,6,20,23.08,72.08
STU1825,QUIZ10949,Mathematics,Probability,29,11,18,37.93,37.53
STU1825,QUIZ10950,Mathematics,Probability,26,7,19,26.92,32.98
STU1826,QUIZ10951,Physics,Motion,30,5,25,16.67,58.22
STU1826,QUIZ10952,Mathematics,Algebra,18,9,9,50.0,70.01
STU1826,QUIZ10953,Mathematics,Trigonometry,15,6,9,40.0,66.22
STU1826,QUIZ10954,Mathematics,Algebra,29,7,22,24.14,53.87
STU1826,QUIZ10955,Mathematics,Calculus,20,17,3,85.0,50.33
STU1826,QUIZ10956,Mathematics,Calculus,30,6,24,20.0,67.11
STU1827,QUIZ10957,Mathematics,Calculus,17,8,9,47.06,61.19
STU1827,QUIZ10958,Mathematics,Probability,16,9,7,56.25,48.07
STU1827,QUIZ10959,Chemistry,Organic Chemistry,16,8,8,50.0,67.87
STU1827,QUIZ10960,Physics,Work and Energy,30,20,10,66.67,49.83
STU1827,QUIZ10961,Biology,Cell,22,21,1,95.45,85.8
STU1827,QUIZ10962,Biology,Genetics,24,18,6,75.0,84.66
STU1828,QUIZ10963,Chemistry,Acids and Bases,30,24,6,80.0,64.76
STU1828,QUIZ10964,Chemistry,Chemical Bonding,16,6,10,37.5,78.78
STU1828,QUIZ10965,Biology,Plant Physiology,26,5,21,19.23,77.13
STU1828,QUIZ10966,Chemistry,Chemical Bonding,22,17,5,77.27,70.65
STU1828,QUIZ10967,Biology,Genetics,27,11,16,40.74,31.71
STU1828,QUIZ10968,Physics,Laws of Motion,22,18,4,81.82,74.97
STU1829,QUIZ10969,Mathematics,Probability,23,11,12,47.83,33.39
STU1829,QUIZ10970,Mathematics,Calculus,29,23,6,79.31,36.3
STU1829,QUIZ10971,Chemistry,Acids and Bases,25,24,1,96.0,55.19
STU1829,QUIZ10972,Chemistry,Organic Chemistry,16,8,8,50.0,27.65
STU1829,QUIZ10973,Physics,Laws of Motion,28,24,4,85.71,61.8
STU1829,QUIZ10974,Physics,Work and Energy,28,24,4,85.71,48.59
STU1830,QUIZ10975,Chemistry,Organic Chemistry,17,13,4,76.47,73.19
STU1830,QUIZ10976,Mathematics,Trigonometry,28,24,4,85.71,81.7
STU1830,QUIZ10977,Biology,Plant Physiology,20,18,2,90.0,30.12
STU1830,QUIZ10978,Mathematics,Probability,27,21,6,77.78,56.67
STU1830,QUIZ10979,Biology,Human Body,20,19,1,95.0,35.02
STU1830,QUIZ10980,Biology,Human Body,18,14,4,77.78,89.15
STU1831,QUIZ10981,Physics,Work and Energy,28,22,6,78.57,30.27
STU1831,QUIZ10982,Biology,Plant Physiology,26,11,15,42.31,42.98
STU1831,QUIZ10983,Chemistry,Acids and Bases,23,11,12,47.83,44.58
STU1831,QUIZ10984,Chemistry,Organic Chemistry,26,17,9,65.38,71.25
STU1831,QUIZ10985,Mathematics,Trigonometry,26,18,8,69.23,88.85
STU1831,QUIZ10986,Physics,Motion,28,14,14,50.0,45.16
STU1832,QUIZ10987,Mathematics,Probability,15,14,1,93.33,89.71
STU1832,QUIZ10988,Chemistry,Atoms,30,26,4,86.67,59.93
STU1832,QUIZ10989,Physics,Laws of Motion,30,5,25,16.67,88.04
STU1832,QUIZ10990,Physics,Work and Energy,21,6,15,28.57,72.54
STU1832,QUIZ10991,Chemistry,Organic Chemistry,25,13,12,52.0,55.21
STU1832,QUIZ10992,Chemistry,Acids and Bases,17,12,5,70.59,43.78
STU1833,QUIZ10993,Physics,Laws of Motion,18,14,4,77.78,51.05
STU1833,QUIZ10994,Biology,Cell,15,11,4,73.33,41.78
STU1833,QUIZ10995,Mathematics,Trigonometry,28,14,14,50.0,86.7
STU1833,QUIZ10996,Chemistry,Acids and Bases,15,12,3,80.0,70.83
STU1833,QUIZ10997,Biology,Plant Physiology,16,7,9,43.75,73.8
STU1833,QUIZ10998,Physics,Motion,25,17,8,68.0,68.98
STU1834,QUIZ10999,Physics,Electricity,30,15,15,50.0,44.35
STU1834,QUIZ11000,Mathematics,Trigonometry,25,24,1,96.0,59.61
STU1834,QUIZ11001,Physics,Laws of Motion,17,11,6,64.71,30.63
STU1834,QUIZ11002,Physics,Motion,17,10,7,58.82,35.87
STU1834,QUIZ11003,Biology,Genetics,16,8,8,50.0,63.87
STU1834,QUIZ11004,Chemistry,Atoms,15,5,10,33.33,56.54
STU1835,QUIZ11005,Mathematics,Trigonometry,18,16,2,88.89,80.5
STU1835,QUIZ11006,Chemistry,Acids and Bases,29,27,2,93.1,41.33
STU1835,QUIZ11007,Physics,Motion,25,17,8,68.0,52.3
STU1835,QUIZ11008,Mathematics,Probability,25,16,9,64.0,76.92
STU1835,QUIZ11009,Chemistry,Organic Chemistry,19,6,13,31.58,84.52
STU1835,QUIZ11010,Chemistry,Acids and Bases,30,15,15,50.0,89.51
STU1836,QUIZ11011,Mathematics,Probability,28,16,12,57.14,68.13
STU1836,QUIZ11012,Physics,Motion,17,5,12,29.41,67.9
STU1836,QUIZ11013,Physics,Motion,15,7,8,46.67,40.03
STU1836,QUIZ11014,Chemistry,Atoms,17,17,0,100.0,62.37
STU1836,QUIZ11015,Physics,Electricity,29,18,11,62.07,45.62
STU1836,QUIZ11016,Biology,Plant Physiology,18,16,2,88.89,26.89
STU1837,QUIZ11017,Biology,Cell,21,8,13,38.1,77.16
STU1837,QUIZ11018,Mathematics,Algebra,27,14,13,51.85,38.78
STU1837,QUIZ11019,Physics,Electricity,30,22,8,73.33,52.8
STU1837,QUIZ11020,Chemistry,Acids and Bases,15,11,4,73.33,85.67
STU1837,QUIZ11021,Biology,Genetics,21,12,9,57.14,51.95
STU1837,QUIZ11022,Chemistry,Atoms,19,13,6,68.42,62.6
STU1838,QUIZ11023,Biology,Genetics,16,7,9,43.75,64.15
STU1838,QUIZ11024,Biology,Cell,27,25,2,92.59,70.68
STU1838,QUIZ11025,Mathematics,Probability,27,19,8,70.37,33.49
STU1838,QUIZ11026,Chemistry,Atoms,29,8,21,27.59,68.68
STU1838,QUIZ11027,Chemistry,Atoms,30,5,25,16.67,36.54
STU1838,QUIZ11028,Biology,Genetics,23,10,13,43.48,56.38
STU1839,QUIZ11029,Biology,Genetics,25,10,15,40.0,42.51
STU1839,QUIZ11030,Chemistry,Atoms,16,12,4,75.0,27.12
STU1839,QUIZ11031,Mathematics,Calculus,16,11,5,68.75,82.16
STU1839,QUIZ11032,Physics,Electricity,22,7,15,31.82,58.55
STU1839,QUIZ11033,Biology,Plant Physiology,18,18,0,100.0,81.1
STU1839,QUIZ11034,Physics,Electricity,18,5,13,27.78,23.2
STU1840,QUIZ11035,Mathematics,Probability,25,8,17,32.0,55.3
STU1840,QUIZ11036,Chemistry,Chemical Bonding,18,14,4,77.78,47.54
STU1840,QUIZ11037,Biology,Plant Physiology,17,9,8,52.94,46.68
STU1840,QUIZ11038,Physics,Laws of Motion,26,22,4,84.62,87.47
STU1840,QUIZ11039,Mathematics,Probability,15,5,10,33.33,64.38
STU1840,QUIZ11040,Biology,Plant Physiology,15,7,8,46.67,48.85
STU1841,QUIZ11041,Physics,Electricity,16,10,6,62.5,33.82
STU1841,QUIZ11042,Biology,Genetics,26,15,11,57.69,21.49
STU1841,QUIZ11043,Chemistry,Organic Chemistry,15,7,8,46.67,85.5
STU1841,QUIZ11044,Physics,Motion,25,17,8,68.0,88.82
STU1841,QUIZ11045,Biology,Plant Physiology,23,5,18,21.74,73.3
STU1841,QUIZ11046,Biology,Human Body,20,5,15,25.0,32.42
STU1842,QUIZ11047,Physics,Work and Energy,16,11,5,68.75,89.76
STU1842,QUIZ11048,Mathematics,Calculus,20,8,12,40.0,38.03
STU1842,QUIZ11049,Chemistry,Chemical Bonding,28,20,8,71.43,65.05
STU1842,QUIZ11050,Chemistry,Acids and Bases,29,18,11,62.07,21.84
STU1842,QUIZ11051,Chemistry,Acids and Bases,22,6,16,27.27,86.84
STU1842,QUIZ11052,Mathematics,Probability,15,10,5,66.67,79.12
STU1843,QUIZ11053,Physics,Motion,21,15,6,71.43,83.08
STU1843,QUIZ11054,Chemistry,Chemical Bonding,21,5,16,23.81,44.0
STU1843,QUIZ11055,Biology,Human Body,18,14,4,77.78,33.23
STU1843,QUIZ11056,Mathematics,Probability,26,11,15,42.31,21.83
STU1843,QUIZ11057,Mathematics,Calculus,20,11,9,55.0,32.99
STU1843,QUIZ11058,Physics,Motion,16,13,3,81.25,64.66
STU1844,QUIZ11059,Physics,Work and Energy,26,25,1,96.15,79.7
STU1844,QUIZ11060,Biology,Plant Physiology,25,22,3,88.0,64.46
STU1844,QUIZ11061,Physics,Laws of Motion,15,9,6,60.0,45.52
STU1844,QUIZ11062,Mathematics,Algebra,22,9,13,40.91,74.28
STU1844,QUIZ11063,Biology,Genetics,25,15,10,60.0,88.74
STU1844,QUIZ11064,Biology,Genetics,17,13,4,76.47,85.29
STU1845,QUIZ11065,Biology,Plant Physiology,20,13,7,65.0,77.97
STU1845,QUIZ11066,Mathematics,Probability,21,5,16,23.81,46.1
STU1845,QUIZ11067,Chemistry,Organic Chemistry,27,18,9,66.67,22.5
STU1845,QUIZ11068,Chemistry,Organic Chemistry,26,15,11,57.69,57.02
STU1845,QUIZ11069,Physics,Work and Energy,16,5,11,31.25,48.44
STU1845,QUIZ11070,Physics,Work and Energy,21,5,16,23.81,77.21
STU1846,QUIZ11071,Chemistry,Acids and Bases,26,17,9,65.38,52.43
STU1846,QUIZ11072,Physics,Motion,29,21,8,72.41,31.28
STU1846,QUIZ11073,Mathematics,Calculus,30,8,22,26.67,32.38
STU1846,QUIZ11074,Biology,Human Body,21,17,4,80.95,56.28
STU1846,QUIZ11075,Mathematics,Calculus,29,12,17,41.38,30.82
STU1846,QUIZ11076,Biology,Genetics,19,17,2,89.47,81.32
STU1847,QUIZ11077,Physics,Electricity,20,15,5,75.0,85.21
STU1847,QUIZ11078,Chemistry,Acids and Bases,25,11,14,44.0,44.4
STU1847,QUIZ11079,Biology,Plant Physiology,23,9,14,39.13,25.24
STU1847,QUIZ11080,Mathematics,Trigonometry,18,17,1,94.44,76.08
STU1847,QUIZ11081,Chemistry,Organic Chemistry,24,17,7,70.83,26.97
STU1847,QUIZ11082,Chemistry,Organic Chemistry,24,13,11,54.17,70.68
STU1848,QUIZ11083,Physics,Work and Energy,18,13,5,72.22,49.21
STU1848,QUIZ11084,Physics,Motion,20,7,13,35.0,86.36
STU1848,QUIZ11085,Chemistry,Atoms,28,27,1,96.43,69.66
STU1848,QUIZ11086,Chemistry,Acids and Bases,15,15,0,100.0,71.92
STU1848,QUIZ11087,Biology,Plant Physiology,23,13,10,56.52,65.15
STU1848,QUIZ11088,Chemistry,Acids and Bases,20,13,7,65.0,46.84
STU1849,QUIZ11089,Mathematics,Calculus,25,22,3,88.0,31.33
STU1849,QUIZ11090,Biology,Human Body,22,20,2,90.91,80.63
STU1849,QUIZ11091,Mathematics,Trigonometry,29,23,6,79.31,35.48
STU1849,QUIZ11092,Biology,Cell,15,8,7,53.33,42.93
STU1849,QUIZ11093,Chemistry,Acids and Bases,25,20,5,80.0,20.55
STU1849,QUIZ11094,Mathematics,Algebra,23,13,10,56.52,26.58
STU1850,QUIZ11095,Mathematics,Calculus,23,23,0,100.0,20.15
STU1850,QUIZ11096,Chemistry,Acids and Bases,27,6,21,22.22,80.24
STU1850,QUIZ11097,Physics,Motion,23,18,5,78.26,36.17
STU1850,QUIZ11098,Mathematics,Probability,21,12,9,57.14,32.55
STU1850,QUIZ11099,Physics,Electricity,19,16,3,84.21,34.69
STU1850,QUIZ11100,Physics,Electricity,20,14,6,70.0,74.82
STU1851,QUIZ11101,Chemistry,Chemical Bonding,16,10,6,62.5,40.14
STU1851,QUIZ11102,Mathematics,Algebra,20,8,12,40.0,26.99
STU1851,QUIZ11103,Chemistry,Acids and Bases,18,8,10,44.44,43.35
STU1851,QUIZ11104,Biology,Plant Physiology,24,19,5,79.17,44.35
STU1851,QUIZ11105,Physics,Laws of Motion,24,22,2,91.67,88.86
STU1851,QUIZ11106,Mathematics,Calculus,16,9,7,56.25,45.16
STU1852,QUIZ11107,Mathematics,Calculus,17,13,4,76.47,51.34
STU1852,QUIZ11108,Biology,Genetics,29,12,17,41.38,42.74
STU1852,QUIZ11109,Chemistry,Acids and Bases,20,16,4,80.0,24.55
STU1852,QUIZ11110,Chemistry,Acids and Bases,21,12,9,57.14,27.04
STU1852,QUIZ11111,Chemistry,Organic Chemistry,16,6,10,37.5,54.05
STU1852,QUIZ11112,Physics,Laws of Motion,29,7,22,24.14,24.76
STU1853,QUIZ11113,Biology,Genetics,24,19,5,79.17,39.49
STU1853,QUIZ11114,Mathematics,Calculus,22,8,14,36.36,49.59
STU1853,QUIZ11115,Biology,Cell,16,6,10,37.5,62.71
STU1853,QUIZ11116,Physics,Motion,17,11,6,64.71,44.14
STU1853,QUIZ11117,Physics,Electricity,15,8,7,53.33,45.14
STU1853,QUIZ11118,Biology,Genetics,27,15,12,55.56,65.45
STU1854,QUIZ11119,Mathematics,Algebra,20,7,13,35.0,53.74
STU1854,QUIZ11120,Physics,Laws of Motion,22,21,1,95.45,77.4
STU1854,QUIZ11121,Mathematics,Algebra,25,14,11,56.0,23.47
STU1854,QUIZ11122,Chemistry,Organic Chemistry,19,11,8,57.89,77.05
STU1854,QUIZ11123,Mathematics,Probability,28,24,4,85.71,76.28
STU1854,QUIZ11124,Physics,Electricity,25,24,1,96.0,71.83
STU1855,QUIZ11125,Chemistry,Chemical Bonding,28,15,13,53.57,21.27
STU1855,QUIZ11126,Chemistry,Acids and Bases,17,6,11,35.29,23.47
STU1855,QUIZ11127,Biology,Cell,18,7,11,38.89,41.21
STU1855,QUIZ11128,Physics,Electricity,26,15,11,57.69,44.51
STU1855,QUIZ11129,Mathematics,Algebra,16,13,3,81.25,27.12
STU1855,QUIZ11130,Biology,Genetics,16,11,5,68.75,89.86
STU1856,QUIZ11131,Physics,Work and Energy,28,20,8,71.43,64.02
STU1856,QUIZ11132,Biology,Genetics,17,14,3,82.35,74.72
STU1856,QUIZ11133,Mathematics,Probability,15,7,8,46.67,86.76
STU1856,QUIZ11134,Chemistry,Organic Chemistry,20,10,10,50.0,38.38
STU1856,QUIZ11135,Chemistry,Acids and Bases,20,15,5,75.0,37.85
STU1856,QUIZ11136,Physics,Motion,15,11,4,73.33,57.0
STU1857,QUIZ11137,Mathematics,Trigonometry,19,17,2,89.47,79.57
STU1857,QUIZ11138,Biology,Genetics,30,15,15,50.0,36.0
STU1857,QUIZ11139,Chemistry,Acids and Bases,18,15,3,83.33,64.58
STU1857,QUIZ11140,Biology,Genetics,27,11,16,40.74,72.82
STU1857,QUIZ11141,Physics,Electricity,27,20,7,74.07,65.71
STU1857,QUIZ11142,Physics,Laws of Motion,21,6,15,28.57,83.94
STU1858,QUIZ11143,Chemistry,Chemical Bonding,17,11,6,64.71,45.54
STU1858,QUIZ11144,Mathematics,Trigonometry,26,14,12,53.85,69.1
STU1858,QUIZ11145,Biology,Human Body,27,21,6,77.78,48.08
STU1858,QUIZ11146,Chemistry,Atoms,28,10,18,35.71,78.62
STU1858,QUIZ11147,Chemistry,Chemical Bonding,23,11,12,47.83,62.62
STU1858,QUIZ11148,Physics,Electricity,17,8,9,47.06,21.26
STU1859,QUIZ11149,Mathematics,Algebra,21,12,9,57.14,69.72
STU1859,QUIZ11150,Mathematics,Calculus,22,13,9,59.09,58.48
STU1859,QUIZ11151,Physics,Work and Energy,20,19,1,95.0,89.16
STU1859,QUIZ11152,Chemistry,Chemical Bonding,26,5,21,19.23,86.23
STU1859,QUIZ11153,Mathematics,Calculus,19,9,10,47.37,74.26
STU1859,QUIZ11154,Chemistry,Chemical Bonding,23,19,4,82.61,32.9
STU1860,QUIZ11155,Biology,Genetics,30,7,23,23.33,39.87
STU1860,QUIZ11156,Biology,Human Body,19,15,4,78.95,56.71
STU1860,QUIZ11157,Physics,Motion,21,7,14,33.33,31.21
STU1860,QUIZ11158,Biology,Genetics,21,15,6,71.43,85.91
STU1860,QUIZ11159,Physics,Work and Energy,27,8,19,29.63,38.0
STU1860,QUIZ11160,Mathematics,Algebra,20,6,14,30.0,20.29
STU1861,QUIZ11161,Biology,Human Body,28,8,20,28.57,62.12
STU1861,QUIZ11162,Mathematics,Calculus,15,12,3,80.0,82.82
STU1861,QUIZ11163,Physics,Work and Energy,29,17,12,58.62,28.89
STU1861,QUIZ11164,Biology,Genetics,23,13,10,56.52,26.3
STU1861,QUIZ11165,Mathematics,Algebra,16,15,1,93.75,89.36
STU1861,QUIZ11166,Chemistry,Acids and Bases,23,16,7,69.57,33.15
STU1862,QUIZ11167,Physics,Motion,27,13,14,48.15,43.26
STU1862,QUIZ11168,Physics,Laws of Motion,23,18,5,78.26,56.64
STU1862,QUIZ11169,Chemistry,Organic Chemistry,16,15,1,93.75,48.55
STU1862,QUIZ11170,Physics,Electricity,18,7,11,38.89,49.16
STU1862,QUIZ11171,Mathematics,Algebra,16,13,3,81.25,48.2
STU1862,QUIZ11172,Chemistry,Acids and Bases,29,22,7,75.86,40.94
STU1863,QUIZ11173,Chemistry,Chemical Bonding,27,12,15,44.44,89.45
STU1863,QUIZ11174,Physics,Work and Energy,30,10,20,33.33,32.15
STU1863,QUIZ11175,Physics,Laws of Motion,26,24,2,92.31,59.66
STU1863,QUIZ11176,Physics,Electricity,27,15,12,55.56,32.73
STU1863,QUIZ11177,Biology,Plant Physiology,25,17,8,68.0,31.0
STU1863,QUIZ11178,Physics,Work and Energy,16,7,9,43.75,37.7
STU1864,QUIZ11179,Physics,Work and Energy,20,11,9,55.0,86.35
STU1864,QUIZ11180,Mathematics,Probability,28,8,20,28.57,48.87
STU1864,QUIZ11181,Mathematics,Calculus,22,9,13,40.91,36.04
STU1864,QUIZ11182,Biology,Cell,25,5,20,20.0,45.06
STU1864,QUIZ11183,Biology,Genetics,21,10,11,47.62,38.09
STU1864,QUIZ11184,Physics,Work and Energy,30,24,6,80.0,50.43
STU1865,QUIZ11185,Chemistry,Organic Chemistry,19,6,13,31.58,37.73
STU1865,QUIZ11186,Physics,Motion,24,19,5,79.17,79.51
STU1865,QUIZ11187,Biology,Human Body,29,17,12,58.62,84.01
STU1865,QUIZ11188,Biology,Human Body,19,5,14,26.32,74.01
STU1865,QUIZ11189,Mathematics,Trigonometry,16,7,9,43.75,61.9
STU1865,QUIZ11190,Biology,Human Body,24,17,7,70.83,85.07
STU1866,QUIZ11191,Mathematics,Trigonometry,23,10,13,43.48,26.14
STU1866,QUIZ11192,Physics,Laws of Motion,20,20,0,100.0,22.13
STU1866,QUIZ11193,Mathematics,Calculus,17,16,1,94.12,56.62
STU1866,QUIZ11194,Mathematics,Calculus,23,14,9,60.87,45.64
STU1866,QUIZ11195,Biology,Cell,27,17,10,62.96,49.49
STU1866,QUIZ11196,Chemistry,Atoms,25,7,18,28.0,81.1
STU1867,QUIZ11197,Mathematics,Trigonometry,30,8,22,26.67,61.07
STU1867,QUIZ11198,Mathematics,Calculus,30,26,4,86.67,64.45
STU1867,QUIZ11199,Physics,Laws of Motion,20,12,8,60.0,50.21
STU1867,QUIZ11200,Biology,Human Body,18,15,3,83.33,89.19
STU1867,QUIZ11201,Chemistry,Acids and Bases,22,7,15,31.82,82.27
STU1867,QUIZ11202,Biology,Plant Physiology,15,14,1,93.33,38.82
STU1868,QUIZ11203,Chemistry,Atoms,15,10,5,66.67,58.65
STU1868,QUIZ11204,Chemistry,Atoms,17,17,0,100.0,20.38
STU1868,QUIZ11205,Mathematics,Trigonometry,15,10,5,66.67,54.82
STU1868,QUIZ11206,Mathematics,Trigonometry,29,10,19,34.48,57.1
STU1868,QUIZ11207,Biology,Genetics,20,13,7,65.0,55.93
STU1868,QUIZ11208,Biology,Genetics,18,11,7,61.11,58.41
STU1869,QUIZ11209,Biology,Human Body,18,5,13,27.78,28.39
STU1869,QUIZ11210,Physics,Motion,19,16,3,84.21,51.74
STU1869,QUIZ11211,Physics,Motion,16,7,9,43.75,81.78
STU1869,QUIZ11212,Physics,Work and Energy,27,13,14,48.15,56.51
STU1869,QUIZ11213,Mathematics,Algebra,20,13,7,65.0,30.23
STU1869,QUIZ11214,Chemistry,Acids and Bases,17,13,4,76.47,26.46
STU1870,QUIZ11215,Chemistry,Organic Chemistry,23,19,4,82.61,27.13
STU1870,QUIZ11216,Mathematics,Calculus,15,11,4,73.33,39.73
STU1870,QUIZ11217,Chemistry,Atoms,18,8,10,44.44,83.38
STU1870,QUIZ11218,Chemistry,Organic Chemistry,28,13,15,46.43,70.9
STU1870,QUIZ11219,Physics,Laws of Motion,23,15,8,65.22,84.53
STU1870,QUIZ11220,Physics,Electricity,22,7,15,31.82,70.51
STU1871,QUIZ11221,Physics,Laws of Motion,29,12,17,41.38,54.79
STU1871,QUIZ11222,Biology,Genetics,15,12,3,80.0,44.29
STU1871,QUIZ11223,Chemistry,Chemical Bonding,29,13,16,44.83,73.35
STU1871,QUIZ11224,Mathematics,Calculus,26,6,20,23.08,36.6
STU1871,QUIZ11225,Biology,Cell,29,17,12,58.62,39.65
STU1871,QUIZ11226,Biology,Genetics,27,23,4,85.19,88.31
STU1872,QUIZ11227,Biology,Genetics,30,9,21,30.0,60.02
STU1872,QUIZ11228,Mathematics,Trigonometry,26,24,2,92.31,59.4
STU1872,QUIZ11229,Chemistry,Chemical Bonding,25,23,2,92.0,82.46
STU1872,QUIZ11230,Physics,Motion,20,12,8,60.0,74.7
STU1872,QUIZ11231,Physics,Laws of Motion,23,9,14,39.13,21.78
STU1872,QUIZ11232,Physics,Laws of Motion,28,17,11,60.71,75.27
STU1873,QUIZ11233,Biology,Genetics,21,10,11,47.62,85.09
STU1873,QUIZ11234,Mathematics,Probability,30,11,19,36.67,58.49
STU1873,QUIZ11235,Biology,Genetics,20,12,8,60.0,56.78
STU1873,QUIZ11236,Physics,Motion,28,26,2,92.86,70.95
STU1873,QUIZ11237,Mathematics,Algebra,27,10,17,37.04,61.71
STU1873,QUIZ11238,Chemistry,Acids and Bases,24,17,7,70.83,36.38
STU1874,QUIZ11239,Chemistry,Chemical Bonding,27,9,18,33.33,69.58
STU1874,QUIZ11240,Mathematics,Trigonometry,20,8,12,40.0,52.68
STU1874,QUIZ11241,Mathematics,Trigonometry,20,11,9,55.0,44.09
STU1874,QUIZ11242,Physics,Work and Energy,22,11,11,50.0,78.85
STU1874,QUIZ11243,Chemistry,Acids and Bases,22,8,14,36.36,68.59
STU1874,QUIZ11244,Mathematics,Algebra,24,9,15,37.5,83.12
STU1875,QUIZ11245,Mathematics,Calculus,16,5,11,31.25,33.47
STU1875,QUIZ11246,Mathematics,Probability,24,13,11,54.17,43.43
STU1875,QUIZ11247,Biology,Cell,24,23,1,95.83,76.02
STU1875,QUIZ11248,Physics,Work and Energy,16,5,11,31.25,66.99
STU1875,QUIZ11249,Mathematics,Probability,22,20,2,90.91,53.28
STU1875,QUIZ11250,Physics,Laws of Motion,15,6,9,40.0,56.57
STU1876,QUIZ11251,Biology,Plant Physiology,25,5,20,20.0,67.97
STU1876,QUIZ11252,Chemistry,Organic Chemistry,28,24,4,85.71,71.85
STU1876,QUIZ11253,Physics,Electricity,22,11,11,50.0,74.84
STU1876,QUIZ11254,Physics,Laws of Motion,24,22,2,91.67,61.18
STU1876,QUIZ11255,Chemistry,Acids and Bases,29,29,0,100.0,87.83
STU1876,QUIZ11256,Physics,Motion,29,6,23,20.69,46.02
STU1877,QUIZ11257,Mathematics,Calculus,18,18,0,100.0,68.24
STU1877,QUIZ11258,Mathematics,Probability,22,18,4,81.82,87.88
STU1877,QUIZ11259,Biology,Human Body,19,7,12,36.84,73.75
STU1877,QUIZ11260,Mathematics,Trigonometry,25,14,11,56.0,21.82
STU1877,QUIZ11261,Biology,Human Body,16,12,4,75.0,21.0
STU1877,QUIZ11262,Mathematics,Calculus,29,23,6,79.31,68.44
STU1878,QUIZ11263,Chemistry,Atoms,23,19,4,82.61,76.07
STU1878,QUIZ11264,Biology,Cell,29,23,6,79.31,56.72
STU1878,QUIZ11265,Chemistry,Acids and Bases,19,13,6,68.42,84.03
STU1878,QUIZ11266,Biology,Human Body,22,5,17,22.73,80.1
STU1878,QUIZ11267,Physics,Motion,26,10,16,38.46,69.35
STU1878,QUIZ11268,Physics,Work and Energy,20,8,12,40.0,52.42
STU1879,QUIZ11269,Physics,Electricity,22,6,16,27.27,33.2
STU1879,QUIZ11270,Biology,Human Body,19,6,13,31.58,26.94
STU1879,QUIZ11271,Mathematics,Trigonometry,20,19,1,95.0,43.85
STU1879,QUIZ11272,Biology,Human Body,26,26,0,100.0,37.84
STU1879,QUIZ11273,Biology,Cell,15,12,3,80.0,65.84
STU1879,QUIZ11274,Biology,Cell,18,12,6,66.67,69.59
STU1880,QUIZ11275,Physics,Motion,30,18,12,60.0,35.8
STU1880,QUIZ11276,Mathematics,Trigonometry,16,12,4,75.0,24.25
STU1880,QUIZ11277,Mathematics,Trigonometry,26,23,3,88.46,76.21
STU1880,QUIZ11278,Mathematics,Probability,22,5,17,22.73,42.87
STU1880,QUIZ11279,Chemistry,Organic Chemistry,21,11,10,52.38,22.57
STU1880,QUIZ11280,Chemistry,Chemical Bonding,21,19,2,90.48,47.8
STU1881,QUIZ11281,Biology,Genetics,30,17,13,56.67,84.87
STU1881,QUIZ11282,Chemistry,Acids and Bases,18,16,2,88.89,47.58
STU1881,QUIZ11283,Chemistry,Organic Chemistry,28,24,4,85.71,30.29
STU1881,QUIZ11284,Mathematics,Trigonometry,29,16,13,55.17,46.13
STU1881,QUIZ11285,Chemistry,Chemical Bonding,17,15,2,88.24,63.3
STU1881,QUIZ11286,Biology,Plant Physiology,22,8,14,36.36,52.39
STU1882,QUIZ11287,Physics,Motion,20,19,1,95.0,32.35
STU1882,QUIZ11288,Biology,Cell,25,13,12,52.0,20.87
STU1882,QUIZ11289,Biology,Genetics,30,28,2,93.33,71.42
STU1882,QUIZ11290,Physics,Electricity,27,9,18,33.33,39.64
STU1882,QUIZ11291,Chemistry,Atoms,20,13,7,65.0,45.8
STU1882,QUIZ11292,Chemistry,Acids and Bases,25,10,15,40.0,79.51
STU1883,QUIZ11293,Physics,Motion,17,14,3,82.35,51.83
STU1883,QUIZ11294,Chemistry,Organic Chemistry,27,16,11,59.26,84.13
STU1883,QUIZ11295,Biology,Plant Physiology,24,5,19,20.83,66.15
STU1883,QUIZ11296,Physics,Work and Energy,23,13,10,56.52,66.35
STU1883,QUIZ11297,Biology,Plant Physiology,25,23,2,92.0,43.16
STU1883,QUIZ11298,Biology,Plant Physiology,23,14,9,60.87,43.25
STU1884,QUIZ11299,Mathematics,Trigonometry,22,10,12,45.45,77.99
STU1884,QUIZ11300,Biology,Plant Physiology,23,18,5,78.26,86.91
STU1884,QUIZ11301,Chemistry,Acids and Bases,27,12,15,44.44,40.19
STU1884,QUIZ11302,Biology,Cell,21,15,6,71.43,53.1
STU1884,QUIZ11303,Mathematics,Algebra,26,20,6,76.92,68.41
STU1884,QUIZ11304,Chemistry,Organic Chemistry,19,12,7,63.16,30.02
STU1885,QUIZ11305,Biology,Human Body,23,19,4,82.61,82.43
STU1885,QUIZ11306,Physics,Motion,16,8,8,50.0,82.94
STU1885,QUIZ11307,Chemistry,Atoms,16,16,0,100.0,70.56
STU1885,QUIZ11308,Biology,Cell,16,11,5,68.75,38.17
STU1885,QUIZ11309,Mathematics,Trigonometry,26,24,2,92.31,83.67
STU1885,QUIZ11310,Chemistry,Acids and Bases,19,9,10,47.37,21.8
STU1886,QUIZ11311,Physics,Laws of Motion,23,8,15,34.78,23.74
STU1886,QUIZ11312,Mathematics,Calculus,29,20,9,68.97,35.1
STU1886,QUIZ11313,Chemistry,Atoms,23,22,1,95.65,39.49
STU1886,QUIZ11314,Biology,Genetics,26,10,16,38.46,42.4
STU1886,QUIZ11315,Chemistry,Chemical Bonding,17,5,12,29.41,81.01
STU1886,QUIZ11316,Mathematics,Algebra,27,17,10,62.96,63.95
STU1887,QUIZ11317,Chemistry,Chemical Bonding,19,18,1,94.74,56.98
STU1887,QUIZ11318,Chemistry,Atoms,29,12,17,41.38,73.9
STU1887,QUIZ11319,Mathematics,Trigonometry,28,22,6,78.57,50.83
STU1887,QUIZ11320,Chemistry,Acids and Bases,26,23,3,88.46,59.74
STU1887,QUIZ11321,Biology,Genetics,30,27,3,90.0,81.0
STU1887,QUIZ11322,Physics,Laws of Motion,21,18,3,85.71,39.98
STU1888,QUIZ11323,Biology,Genetics,16,12,4,75.0,52.37
STU1888,QUIZ11324,Physics,Electricity,15,15,0,100.0,29.67
STU1888,QUIZ11325,Physics,Motion,26,16,10,61.54,65.49
STU1888,QUIZ11326,Biology,Genetics,17,16,1,94.12,75.9
STU1888,QUIZ11327,Chemistry,Acids and Bases,21,12,9,57.14,62.59
STU1888,QUIZ11328,Biology,Plant Physiology,19,15,4,78.95,79.13
STU1889,QUIZ11329,Mathematics,Calculus,18,14,4,77.78,31.61
STU1889,QUIZ11330,Chemistry,Chemical Bonding,30,7,23,23.33,35.17
STU1889,QUIZ11331,Physics,Electricity,23,9,14,39.13,22.87
STU1889,QUIZ11332,Chemistry,Atoms,20,9,11,45.0,31.27
STU1889,QUIZ11333,Biology,Cell,18,9,9,50.0,28.39
STU1889,QUIZ11334,Physics,Electricity,22,8,14,36.36,57.66
STU1890,QUIZ11335,Chemistry,Acids and Bases,30,30,0,100.0,58.94
STU1890,QUIZ11336,Biology,Human Body,25,18,7,72.0,89.37
STU1890,QUIZ11337,Physics,Laws of Motion,29,16,13,55.17,81.97
STU1890,QUIZ11338,Biology,Human Body,17,14,3,82.35,63.88
STU1890,QUIZ11339,Biology,Cell,18,10,8,55.56,88.28
STU1890,QUIZ11340,Physics,Electricity,30,25,5,83.33,37.64
STU1891,QUIZ11341,Biology,Cell,30,14,16,46.67,50.68
STU1891,QUIZ11342,Physics,Electricity,21,16,5,76.19,37.73
STU1891,QUIZ11343,Physics,Motion,19,11,8,57.89,51.01
STU1891,QUIZ11344,Mathematics,Trigonometry,23,6,17,26.09,25.97
STU1891,QUIZ11345,Physics,Work and Energy,19,6,13,31.58,37.1
STU1891,QUIZ11346,Mathematics,Algebra,29,13,16,44.83,55.7
STU1892,QUIZ11347,Mathematics,Trigonometry,28,17,11,60.71,62.92
STU1892,QUIZ11348,Mathematics,Trigonometry,16,14,2,87.5,69.43
STU1892,QUIZ11349,Biology,Human Body,17,5,12,29.41,41.79
STU1892,QUIZ11350,Mathematics,Trigonometry,24,10,14,41.67,31.86
STU1892,QUIZ11351,Mathematics,Trigonometry,29,9,20,31.03,74.43
STU1892,QUIZ11352,Chemistry,Atoms,15,11,4,73.33,82.61
STU1893,QUIZ11353,Physics,Laws of Motion,24,13,11,54.17,88.3
STU1893,QUIZ11354,Chemistry,Chemical Bonding,27,10,17,37.04,53.52
STU1893,QUIZ11355,Chemistry,Organic Chemistry,22,8,14,36.36,89.44
STU1893,QUIZ11356,Mathematics,Calculus,23,21,2,91.3,88.76
STU1893,QUIZ11357,Biology,Cell,23,8,15,34.78,67.28
STU1893,QUIZ11358,Chemistry,Organic Chemistry,19,18,1,94.74,35.05
STU1894,QUIZ11359,Biology,Human Body,18,8,10,44.44,21.22
STU1894,QUIZ11360,Mathematics,Trigonometry,29,14,15,48.28,77.2
STU1894,QUIZ11361,Mathematics,Calculus,22,21,1,95.45,49.03
STU1894,QUIZ11362,Mathematics,Algebra,29,29,0,100.0,31.93
STU1894,QUIZ11363,Physics,Work and Energy,28,11,17,39.29,54.36
STU1894,QUIZ11364,Chemistry,Atoms,15,9,6,60.0,20.21
STU1895,QUIZ11365,Mathematics,Probability,24,19,5,79.17,35.27
STU1895,QUIZ11366,Chemistry,Organic Chemistry,21,21,0,100.0,20.62
STU1895,QUIZ11367,Physics,Laws of Motion,22,15,7,68.18,84.23
STU1895,QUIZ11368,Chemistry,Chemical Bonding,25,18,7,72.0,34.39
STU1895,QUIZ11369,Biology,Cell,16,14,2,87.5,75.89
STU1895,QUIZ11370,Mathematics,Trigonometry,19,8,11,42.11,66.15
STU1896,QUIZ11371,Chemistry,Chemical Bonding,28,25,3,89.29,25.34
STU1896,QUIZ11372,Physics,Electricity,27,18,9,66.67,86.69
STU1896,QUIZ11373,Chemistry,Atoms,15,13,2,86.67,86.01
STU1896,QUIZ11374,Chemistry,Atoms,25,18,7,72.0,83.55
STU1896,QUIZ11375,Physics,Motion,22,20,2,90.91,66.89
STU1896,QUIZ11376,Chemistry,Atoms,21,18,3,85.71,69.18
STU1897,QUIZ11377,Biology,Cell,20,12,8,60.0,22.8
STU1897,QUIZ11378,Mathematics,Trigonometry,23,11,12,47.83,42.63
STU1897,QUIZ11379,Physics,Motion,22,8,14,36.36,43.79
STU1897,QUIZ11380,Chemistry,Atoms,26,18,8,69.23,65.65
STU1897,QUIZ11381,Biology,Human Body,18,18,0,100.0,31.03
STU1897,QUIZ11382,Mathematics,Probability,16,13,3,81.25,80.95
STU1898,QUIZ11383,Physics,Work and Energy,20,17,3,85.0,21.89
STU1898,QUIZ11384,Physics,Work and Energy,29,11,18,37.93,40.15
STU1898,QUIZ11385,Biology,Cell,18,13,5,72.22,21.48
STU1898,QUIZ11386,Mathematics,Probability,15,7,8,46.67,41.68
STU1898,QUIZ11387,Biology,Cell,22,10,12,45.45,87.81
STU1898,QUIZ11388,Chemistry,Organic Chemistry,22,9,13,40.91,46.18
STU1899,QUIZ11389,Chemistry,Atoms,15,15,0,100.0,37.25
STU1899,QUIZ11390,Physics,Laws of Motion,16,13,3,81.25,52.51
STU1899,QUIZ11391,Chemistry,Chemical Bonding,24,20,4,83.33,31.24
STU1899,QUIZ11392,Physics,Motion,24,12,12,50.0,63.19
STU1899,QUIZ11393,Physics,Electricity,28,15,13,53.57,63.02
STU1899,QUIZ11394,Physics,Motion,17,7,10,41.18,76.87
STU1900,QUIZ11395,Physics,Motion,30,8,22,26.67,33.56
STU1900,QUIZ11396,Chemistry,Organic Chemistry,16,14,2,87.5,89.91
STU1900,QUIZ11397,Physics,Work and Energy,23,20,3,86.96,54.93
STU1900,QUIZ11398,Physics,Work and Energy,19,16,3,84.21,26.64
STU1900,QUIZ11399,Chemistry,Organic Chemistry,15,11,4,73.33,71.42
STU1900,QUIZ11400,Biology,Plant Physiology,17,8,9,47.06,28.92
STU1901,QUIZ11401,Mathematics,Calculus,20,14,6,70.0,56.96
STU1901,QUIZ11402,Biology,Plant Physiology,28,19,9,67.86,87.8
STU1901,QUIZ11403,Mathematics,Algebra,21,15,6,71.43,21.93
STU1901,QUIZ11404,Mathematics,Probability,27,27,0,100.0,70.88
STU1901,QUIZ11405,Mathematics,Probability,30,7,23,23.33,23.86
STU1901,QUIZ11406,Mathematics,Probability,26,20,6,76.92,36.53
STU1902,QUIZ11407,Mathematics,Probability,24,16,8,66.67,67.3
STU1902,QUIZ11408,Mathematics,Calculus,27,7,20,25.93,52.14
STU1902,QUIZ11409,Mathematics,Algebra,29,29,0,100.0,85.34
STU1902,QUIZ11410,Mathematics,Calculus,20,14,6,70.0,86.03
STU1902,QUIZ11411,Chemistry,Acids and Bases,22,20,2,90.91,49.54
STU1902,QUIZ11412,Mathematics,Probability,30,24,6,80.0,50.71
STU1903,QUIZ11413,Mathematics,Algebra,30,17,13,56.67,59.7
STU1903,QUIZ11414,Physics,Motion,24,7,17,29.17,82.41
STU1903,QUIZ11415,Biology,Plant Physiology,27,8,19,29.63,52.06
STU1903,QUIZ11416,Biology,Cell,22,7,15,31.82,24.13
STU1903,QUIZ11417,Biology,Plant Physiology,19,6,13,31.58,35.32
STU1903,QUIZ11418,Mathematics,Algebra,30,8,22,26.67,41.38
STU1904,QUIZ11419,Physics,Laws of Motion,30,15,15,50.0,27.98
STU1904,QUIZ11420,Physics,Work and Energy,17,15,2,88.24,33.21
STU1904,QUIZ11421,Biology,Genetics,15,12,3,80.0,24.14
STU1904,QUIZ11422,Chemistry,Acids and Bases,15,14,1,93.33,32.42
STU1904,QUIZ11423,Biology,Plant Physiology,24,15,9,62.5,85.98
STU1904,QUIZ11424,Biology,Plant Physiology,16,13,3,81.25,84.88
STU1905,QUIZ11425,Mathematics,Trigonometry,26,21,5,80.77,43.52
STU1905,QUIZ11426,Chemistry,Organic Chemistry,29,29,0,100.0,23.33
STU1905,QUIZ11427,Physics,Motion,21,16,5,76.19,29.46
STU1905,QUIZ11428,Chemistry,Chemical Bonding,28,24,4,85.71,41.18
STU1905,QUIZ11429,Physics,Motion,16,11,5,68.75,21.42
STU1905,QUIZ11430,Physics,Work and Energy,19,16,3,84.21,83.09
STU1906,QUIZ11431,Chemistry,Organic Chemistry,21,13,8,61.9,53.3
STU1906,QUIZ11432,Physics,Motion,21,9,12,42.86,83.26
STU1906,QUIZ11433,Chemistry,Chemical Bonding,28,22,6,78.57,34.55
STU1906,QUIZ11434,Chemistry,Chemical Bonding,15,8,7,53.33,64.7
STU1906,QUIZ11435,Chemistry,Atoms,30,6,24,20.0,45.48
STU1906,QUIZ11436,Biology,Genetics,27,11,16,40.74,86.43
STU1907,QUIZ11437,Mathematics,Algebra,29,13,16,44.83,42.82
STU1907,QUIZ11438,Chemistry,Atoms,21,18,3,85.71,61.52
STU1907,QUIZ11439,Biology,Genetics,25,12,13,48.0,57.35
STU1907,QUIZ11440,Chemistry,Chemical Bonding,21,18,3,85.71,22.81
STU1907,QUIZ11441,Chemistry,Organic Chemistry,27,7,20,25.93,68.18
STU1907,QUIZ11442,Physics,Work and Energy,28,7,21,25.0,60.72
STU1908,QUIZ11443,Chemistry,Chemical Bonding,19,18,1,94.74,79.04
STU1908,QUIZ11444,Mathematics,Algebra,24,6,18,25.0,46.61
STU1908,QUIZ11445,Biology,Genetics,23,23,0,100.0,24.3
STU1908,QUIZ11446,Mathematics,Probability,19,6,13,31.58,69.97
STU1908,QUIZ11447,Mathematics,Probability,23,23,0,100.0,69.5
STU1908,QUIZ11448,Biology,Human Body,17,15,2,88.24,86.41
STU1909,QUIZ11449,Mathematics,Probability,15,13,2,86.67,60.11
STU1909,QUIZ11450,Chemistry,Acids and Bases,19,19,0,100.0,57.18
STU1909,QUIZ11451,Mathematics,Calculus,25,5,20,20.0,30.81
STU1909,QUIZ11452,Biology,Cell,18,13,5,72.22,71.78
STU1909,QUIZ11453,Chemistry,Acids and Bases,26,25,1,96.15,35.26
STU1909,QUIZ11454,Chemistry,Acids and Bases,25,15,10,60.0,55.57
STU1910,QUIZ11455,Mathematics,Calculus,21,10,11,47.62,67.58
STU1910,QUIZ11456,Biology,Cell,16,14,2,87.5,42.63
STU1910,QUIZ11457,Mathematics,Calculus,23,17,6,73.91,66.87
STU1910,QUIZ11458,Mathematics,Calculus,24,7,17,29.17,82.49
STU1910,QUIZ11459,Chemistry,Atoms,20,13,7,65.0,55.04
STU1910,QUIZ11460,Mathematics,Calculus,24,22,2,91.67,74.48
STU1911,QUIZ11461,Mathematics,Trigonometry,30,19,11,63.33,64.19
STU1911,QUIZ11462,Physics,Laws of Motion,15,13,2,86.67,88.42
STU1911,QUIZ11463,Mathematics,Probability,29,16,13,55.17,79.92
STU1911,QUIZ11464,Physics,Motion,18,8,10,44.44,77.42
STU1911,QUIZ11465,Biology,Genetics,22,9,13,40.91,60.2
STU1911,QUIZ11466,Mathematics,Algebra,18,9,9,50.0,46.63
STU1912,QUIZ11467,Biology,Genetics,18,9,9,50.0,69.15
STU1912,QUIZ11468,Biology,Human Body,22,19,3,86.36,70.6
STU1912,QUIZ11469,Biology,Plant Physiology,15,13,2,86.67,35.43
STU1912,QUIZ11470,Biology,Human Body,25,23,2,92.0,34.18
STU1912,QUIZ11471,Physics,Motion,28,15,13,53.57,83.49
STU1912,QUIZ11472,Chemistry,Atoms,23,18,5,78.26,29.49
STU1913,QUIZ11473,Chemistry,Organic Chemistry,23,13,10,56.52,32.07
STU1913,QUIZ11474,Chemistry,Atoms,15,12,3,80.0,53.61
STU1913,QUIZ11475,Biology,Cell,19,17,2,89.47,62.53
STU1913,QUIZ11476,Physics,Electricity,20,6,14,30.0,62.02
STU1913,QUIZ11477,Biology,Genetics,26,20,6,76.92,25.83
STU1913,QUIZ11478,Mathematics,Trigonometry,23,9,14,39.13,29.93
STU1914,QUIZ11479,Biology,Cell,16,9,7,56.25,49.83
STU1914,QUIZ11480,Mathematics,Trigonometry,30,17,13,56.67,49.61
STU1914,QUIZ11481,Physics,Laws of Motion,16,14,2,87.5,31.67
STU1914,QUIZ11482,Mathematics,Probability,16,7,9,43.75,26.26
STU1914,QUIZ11483,Chemistry,Acids and Bases,24,8,16,33.33,62.84
STU1914,QUIZ11484,Mathematics,Trigonometry,19,12,7,63.16,66.82
STU1915,QUIZ11485,Chemistry,Acids and Bases,25,9,16,36.0,52.27
STU1915,QUIZ11486,Mathematics,Probability,23,13,10,56.52,88.65
STU1915,QUIZ11487,Biology,Cell,18,13,5,72.22,35.49
STU1915,QUIZ11488,Mathematics,Probability,23,13,10,56.52,68.13
STU1915,QUIZ11489,Chemistry,Atoms,17,15,2,88.24,76.82
STU1915,QUIZ11490,Mathematics,Algebra,21,6,15,28.57,45.67
STU1916,QUIZ11491,Biology,Human Body,23,9,14,39.13,69.71
STU1916,QUIZ11492,Mathematics,Trigonometry,23,8,15,34.78,44.63
STU1916,QUIZ11493,Chemistry,Atoms,28,14,14,50.0,77.77
STU1916,QUIZ11494,Chemistry,Chemical Bonding,24,22,2,91.67,63.15
STU1916,QUIZ11495,Biology,Genetics,28,10,18,35.71,85.64
STU1916,QUIZ11496,Chemistry,Chemical Bonding,21,9,12,42.86,28.71
STU1917,QUIZ11497,Mathematics,Algebra,22,18,4,81.82,63.52
STU1917,QUIZ11498,Chemistry,Atoms,24,23,1,95.83,24.13
STU1917,QUIZ11499,Chemistry,Organic Chemistry,18,6,12,33.33,34.13
STU1917,QUIZ11500,Chemistry,Chemical Bonding,26,21,5,80.77,85.42
STU1917,QUIZ11501,Chemistry,Organic Chemistry,15,11,4,73.33,28.13
STU1917,QUIZ11502,Mathematics,Calculus,25,6,19,24.0,57.34
STU1918,QUIZ11503,Mathematics,Algebra,25,21,4,84.0,53.99
STU1918,QUIZ11504,Biology,Plant Physiology,29,23,6,79.31,63.15
STU1918,QUIZ11505,Biology,Human Body,24,8,16,33.33,30.03
STU1918,QUIZ11506,Mathematics,Algebra,20,16,4,80.0,74.32
STU1918,QUIZ11507,Chemistry,Organic Chemistry,18,9,9,50.0,34.23
STU1918,QUIZ11508,Physics,Electricity,27,13,14,48.15,35.42
STU1919,QUIZ11509,Chemistry,Acids and Bases,19,10,9,52.63,66.15
STU1919,QUIZ11510,Chemistry,Chemical Bonding,30,14,16,46.67,64.48
STU1919,QUIZ11511,Biology,Genetics,19,16,3,84.21,68.25
STU1919,QUIZ11512,Mathematics,Calculus,30,7,23,23.33,82.83
STU1919,QUIZ11513,Mathematics,Calculus,15,10,5,66.67,89.71
STU1919,QUIZ11514,Biology,Cell,18,13,5,72.22,50.2
STU1920,QUIZ11515,Physics,Laws of Motion,20,10,10,50.0,73.45
STU1920,QUIZ11516,Biology,Cell,30,17,13,56.67,47.09
STU1920,QUIZ11517,Biology,Human Body,17,11,6,64.71,32.81
STU1920,QUIZ11518,Chemistry,Acids and Bases,20,14,6,70.0,49.44
STU1920,QUIZ11519,Biology,Plant Physiology,24,10,14,41.67,64.72
STU1920,QUIZ11520,Physics,Laws of Motion,15,5,10,33.33,45.07
STU1921,QUIZ11521,Physics,Laws of Motion,27,19,8,70.37,88.16
STU1921,QUIZ11522,Mathematics,Algebra,16,14,2,87.5,22.6
STU1921,QUIZ11523,Chemistry,Organic Chemistry,15,8,7,53.33,53.2
STU1921,QUIZ11524,Biology,Plant Physiology,27,7,20,25.93,26.82
STU1921,QUIZ11525,Mathematics,Calculus,30,30,0,100.0,55.59
STU1921,QUIZ11526,Chemistry,Chemical Bonding,23,8,15,34.78,64.88
STU1922,QUIZ11527,Biology,Plant Physiology,21,7,14,33.33,28.73
STU1922,QUIZ11528,Biology,Genetics,21,19,2,90.48,40.35
STU1922,QUIZ11529,Chemistry,Acids and Bases,26,19,7,73.08,83.24
STU1922,QUIZ11530,Biology,Genetics,18,15,3,83.33,73.16
STU1922,QUIZ11531,Mathematics,Algebra,18,6,12,33.33,21.55
STU1922,QUIZ11532,Biology,Genetics,19,9,10,47.37,49.05
STU1923,QUIZ11533,Biology,Cell,17,6,11,35.29,23.11
STU1923,QUIZ11534,Biology,Genetics,17,11,6,64.71,66.48
STU1923,QUIZ11535,Chemistry,Acids and Bases,27,17,10,62.96,86.23
STU1923,QUIZ11536,Physics,Motion,22,15,7,68.18,63.64
STU1923,QUIZ11537,Physics,Work and Energy,24,23,1,95.83,62.17
STU1923,QUIZ11538,Physics,Work and Energy,15,9,6,60.0,60.82
STU1924,QUIZ11539,Chemistry,Chemical Bonding,18,8,10,44.44,20.23
STU1924,QUIZ11540,Mathematics,Algebra,16,9,7,56.25,50.2
STU1924,QUIZ11541,Physics,Motion,22,22,0,100.0,61.97
STU1924,QUIZ11542,Chemistry,Chemical Bonding,27,17,10,62.96,20.44
STU1924,QUIZ11543,Biology,Human Body,28,5,23,17.86,31.85
STU1924,QUIZ11544,Chemistry,Atoms,26,12,14,46.15,84.36
STU1925,QUIZ11545,Biology,Genetics,20,10,10,50.0,70.4
STU1925,QUIZ11546,Mathematics,Calculus,28,16,12,57.14,56.11
STU1925,QUIZ11547,Mathematics,Calculus,18,11,7,61.11,54.96
STU1925,QUIZ11548,Biology,Plant Physiology,24,5,19,20.83,20.85
STU1925,QUIZ11549,Mathematics,Calculus,24,22,2,91.67,49.93
STU1925,QUIZ11550,Chemistry,Chemical Bonding,19,10,9,52.63,28.45
STU1926,QUIZ11551,Physics,Laws of Motion,22,20,2,90.91,75.22
STU1926,QUIZ11552,Physics,Electricity,20,6,14,30.0,32.02
STU1926,QUIZ11553,Physics,Laws of Motion,16,6,10,37.5,89.76
STU1926,QUIZ11554,Chemistry,Chemical Bonding,15,8,7,53.33,60.9
STU1926,QUIZ11555,Physics,Electricity,24,14,10,58.33,87.68
STU1926,QUIZ11556,Mathematics,Trigonometry,15,5,10,33.33,52.18
STU1927,QUIZ11557,Mathematics,Trigonometry,18,11,7,61.11,23.56
STU1927,QUIZ11558,Mathematics,Algebra,17,9,8,52.94,78.63
STU1927,QUIZ11559,Physics,Electricity,30,5,25,16.67,26.17
STU1927,QUIZ11560,Mathematics,Calculus,15,11,4,73.33,53.38
STU1927,QUIZ11561,Biology,Plant Physiology,27,12,15,44.44,43.47
STU1927,QUIZ11562,Mathematics,Trigonometry,30,30,0,100.0,52.92
STU1928,QUIZ11563,Physics,Work and Energy,24,19,5,79.17,54.15
STU1928,QUIZ11564,Physics,Electricity,25,6,19,24.0,39.67
STU1928,QUIZ11565,Chemistry,Atoms,18,11,7,61.11,68.05
STU1928,QUIZ11566,Chemistry,Chemical Bonding,17,15,2,88.24,28.84
STU1928,QUIZ11567,Physics,Electricity,22,19,3,86.36,60.41
STU1928,QUIZ11568,Chemistry,Organic Chemistry,17,11,6,64.71,57.9
STU1929,QUIZ11569,Physics,Motion,26,24,2,92.31,87.57
STU1929,QUIZ11570,Chemistry,Atoms,24,20,4,83.33,78.69
STU1929,QUIZ11571,Mathematics,Probability,15,13,2,86.67,39.5
STU1929,QUIZ11572,Physics,Laws of Motion,20,10,10,50.0,46.84
STU1929,QUIZ11573,Mathematics,Calculus,24,21,3,87.5,30.09
STU1929,QUIZ11574,Chemistry,Atoms,20,14,6,70.0,44.85
STU1930,QUIZ11575,Chemistry,Acids and Bases,21,15,6,71.43,87.27
STU1930,QUIZ11576,Biology,Human Body,29,27,2,93.1,25.37
STU1930,QUIZ11577,Physics,Work and Energy,19,7,12,36.84,59.77
STU1930,QUIZ11578,Chemistry,Acids and Bases,28,8,20,28.57,74.4
STU1930,QUIZ11579,Biology,Plant Physiology,20,12,8,60.0,21.53
STU1930,QUIZ11580,Physics,Work and Energy,18,12,6,66.67,87.29
STU1931,QUIZ11581,Physics,Motion,17,17,0,100.0,29.46
STU1931,QUIZ11582,Physics,Work and Energy,23,15,8,65.22,50.98
STU1931,QUIZ11583,Biology,Plant Physiology,15,15,0,100.0,83.56
STU1931,QUIZ11584,Mathematics,Probability,16,13,3,81.25,39.65
STU1931,QUIZ11585,Chemistry,Organic Chemistry,17,6,11,35.29,69.46
STU1931,QUIZ11586,Mathematics,Trigonometry,30,5,25,16.67,60.21
STU1932,QUIZ11587,Physics,Laws of Motion,27,14,13,51.85,45.71
STU1932,QUIZ11588,Biology,Genetics,29,18,11,62.07,55.68
STU1932,QUIZ11589,Mathematics,Trigonometry,21,21,0,100.0,41.31
STU1932,QUIZ11590,Mathematics,Algebra,19,16,3,84.21,56.07
STU1932,QUIZ11591,Biology,Cell,30,18,12,60.0,49.07
STU1932,QUIZ11592,Chemistry,Acids and Bases,21,9,12,42.86,47.45
STU1933,QUIZ11593,Physics,Motion,27,16,11,59.26,26.84
STU1933,QUIZ11594,Physics,Electricity,28,26,2,92.86,32.53
STU1933,QUIZ11595,Physics,Electricity,29,23,6,79.31,42.27
STU1933,QUIZ11596,Biology,Cell,24,9,15,37.5,55.61
STU1933,QUIZ11597,Mathematics,Algebra,30,17,13,56.67,38.65
STU1933,QUIZ11598,Biology,Cell,28,24,4,85.71,89.61
STU1934,QUIZ11599,Mathematics,Algebra,17,11,6,64.71,73.05
STU1934,QUIZ11600,Biology,Human Body,22,9,13,40.91,25.51
STU1934,QUIZ11601,Biology,Genetics,29,15,14,51.72,68.69
STU1934,QUIZ11602,Mathematics,Algebra,24,23,1,95.83,52.41
STU1934,QUIZ11603,Biology,Genetics,25,6,19,24.0,37.18
STU1934,QUIZ11604,Mathematics,Probability,26,26,0,100.0,86.08
STU1935,QUIZ11605,Physics,Work and Energy,28,15,13,53.57,55.08
STU1935,QUIZ11606,Chemistry,Acids and Bases,30,24,6,80.0,68.38
STU1935,QUIZ11607,Physics,Motion,20,15,5,75.0,41.07
STU1935,QUIZ11608,Biology,Cell,30,28,2,93.33,22.79
STU1935,QUIZ11609,Mathematics,Probability,15,8,7,53.33,58.29
STU1935,QUIZ11610,Physics,Motion,16,8,8,50.0,69.29
STU1936,QUIZ11611,Physics,Motion,25,5,20,20.0,70.36
STU1936,QUIZ11612,Biology,Genetics,18,6,12,33.33,70.66
STU1936,QUIZ11613,Chemistry,Chemical Bonding,27,8,19,29.63,31.36
STU1936,QUIZ11614,Mathematics,Probability,18,14,4,77.78,62.89
STU1936,QUIZ11615,Mathematics,Calculus,17,16,1,94.12,69.18
STU1936,QUIZ11616,Chemistry,Atoms,29,28,1,96.55,56.33
STU1937,QUIZ11617,Biology,Genetics,18,14,4,77.78,69.57
STU1937,QUIZ11618,Chemistry,Organic Chemistry,24,24,0,100.0,67.91
STU1937,QUIZ11619,Physics,Work and Energy,29,17,12,58.62,52.25
STU1937,QUIZ11620,Mathematics,Algebra,20,12,8,60.0,51.62
STU1937,QUIZ11621,Mathematics,Calculus,19,15,4,78.95,60.18
STU1937,QUIZ11622,Biology,Cell,16,15,1,93.75,83.41
STU1938,QUIZ11623,Chemistry,Atoms,20,6,14,30.0,65.58
STU1938,QUIZ11624,Biology,Human Body,27,12,15,44.44,74.42
STU1938,QUIZ11625,Biology,Plant Physiology,15,15,0,100.0,34.32
STU1938,QUIZ11626,Physics,Work and Energy,22,6,16,27.27,67.14
STU1938,QUIZ11627,Chemistry,Chemical Bonding,21,6,15,28.57,88.8
STU1938,QUIZ11628,Mathematics,Calculus,17,6,11,35.29,59.88
STU1939,QUIZ11629,Mathematics,Probability,17,15,2,88.24,89.44
STU1939,QUIZ11630,Biology,Plant Physiology,20,8,12,40.0,78.71
STU1939,QUIZ11631,Mathematics,Probability,20,13,7,65.0,69.04
STU1939,QUIZ11632,Physics,Work and Energy,28,16,12,57.14,66.35
STU1939,QUIZ11633,Chemistry,Chemical Bonding,20,16,4,80.0,79.61
STU1939,QUIZ11634,Chemistry,Acids and Bases,18,6,12,33.33,61.85
STU1940,QUIZ11635,Physics,Electricity,28,18,10,64.29,86.04
STU1940,QUIZ11636,Mathematics,Calculus,24,6,18,25.0,40.68
STU1940,QUIZ11637,Mathematics,Algebra,24,11,13,45.83,40.41
STU1940,QUIZ11638,Physics,Laws of Motion,21,17,4,80.95,80.87
STU1940,QUIZ11639,Biology,Cell,17,6,11,35.29,72.08
STU1940,QUIZ11640,Biology,Human Body,25,15,10,60.0,20.61
STU1941,QUIZ11641,Physics,Electricity,24,20,4,83.33,77.91
STU1941,QUIZ11642,Mathematics,Trigonometry,30,20,10,66.67,38.03
STU1941,QUIZ11643,Chemistry,Organic Chemistry,27,6,21,22.22,27.5
STU1941,QUIZ11644,Mathematics,Algebra,16,8,8,50.0,41.56
STU1941,QUIZ11645,Biology,Cell,20,11,9,55.0,35.49
STU1941,QUIZ11646,Chemistry,Organic Chemistry,22,6,16,27.27,46.09
STU1942,QUIZ11647,Physics,Electricity,18,13,5,72.22,35.3
STU1942,QUIZ11648,Physics,Motion,16,10,6,62.5,20.83
STU1942,QUIZ11649,Mathematics,Calculus,19,15,4,78.95,21.23
STU1942,QUIZ11650,Mathematics,Probability,15,10,5,66.67,49.6
STU1942,QUIZ11651,Mathematics,Trigonometry,23,7,16,30.43,61.99
STU1942,QUIZ11652,Physics,Motion,25,23,2,92.0,76.73
STU1943,QUIZ11653,Chemistry,Atoms,24,6,18,25.0,45.17
STU1943,QUIZ11654,Mathematics,Trigonometry,17,11,6,64.71,61.77
STU1943,QUIZ11655,Biology,Genetics,27,27,0,100.0,55.25
STU1943,QUIZ11656,Biology,Plant Physiology,26,24,2,92.31,45.5
STU1943,QUIZ11657,Physics,Motion,27,8,19,29.63,55.26
STU1943,QUIZ11658,Biology,Genetics,29,16,13,55.17,20.58
STU1944,QUIZ11659,Chemistry,Acids and Bases,28,17,11,60.71,62.24
STU1944,QUIZ11660,Biology,Genetics,15,9,6,60.0,37.8
STU1944,QUIZ11661,Biology,Genetics,16,10,6,62.5,85.11
STU1944,QUIZ11662,Physics,Work and Energy,23,19,4,82.61,32.39
STU1944,QUIZ11663,Physics,Electricity,22,21,1,95.45,84.45
STU1944,QUIZ11664,Biology,Plant Physiology,22,17,5,77.27,39.66
STU1945,QUIZ11665,Mathematics,Calculus,28,6,22,21.43,42.72
STU1945,QUIZ11666,Chemistry,Organic Chemistry,17,15,2,88.24,39.82
STU1945,QUIZ11667,Physics,Electricity,18,16,2,88.89,36.83
STU1945,QUIZ11668,Biology,Plant Physiology,28,5,23,17.86,24.05
STU1945,QUIZ11669,Biology,Human Body,30,10,20,33.33,49.38
STU1945,QUIZ11670,Mathematics,Algebra,20,10,10,50.0,28.3
STU1946,QUIZ11671,Mathematics,Trigonometry,26,22,4,84.62,58.91
STU1946,QUIZ11672,Mathematics,Probability,17,7,10,41.18,51.49
STU1946,QUIZ11673,Mathematics,Calculus,18,17,1,94.44,72.37
STU1946,QUIZ11674,Chemistry,Atoms,20,9,11,45.0,41.98
STU1946,QUIZ11675,Mathematics,Trigonometry,22,8,14,36.36,26.38
STU1946,QUIZ11676,Biology,Human Body,20,8,12,40.0,32.11
STU1947,QUIZ11677,Mathematics,Algebra,27,24,3,88.89,30.4
STU1947,QUIZ11678,Physics,Electricity,25,6,19,24.0,68.83
STU1947,QUIZ11679,Physics,Motion,15,14,1,93.33,22.03
STU1947,QUIZ11680,Physics,Motion,26,19,7,73.08,86.45
STU1947,QUIZ11681,Chemistry,Organic Chemistry,18,8,10,44.44,81.1
STU1947,QUIZ11682,Mathematics,Trigonometry,29,10,19,34.48,71.9
STU1948,QUIZ11683,Physics,Motion,17,11,6,64.71,85.95
STU1948,QUIZ11684,Biology,Genetics,23,13,10,56.52,58.78
STU1948,QUIZ11685,Physics,Work and Energy,15,10,5,66.67,39.52
STU1948,QUIZ11686,Chemistry,Chemical Bonding,24,6,18,25.0,63.93
STU1948,QUIZ11687,Chemistry,Chemical Bonding,26,11,15,42.31,36.2
STU1948,QUIZ11688,Chemistry,Atoms,23,7,16,30.43,46.88
STU1949,QUIZ11689,Physics,Laws of Motion,19,15,4,78.95,45.86
STU1949,QUIZ11690,Biology,Genetics,16,13,3,81.25,87.92
STU1949,QUIZ11691,Biology,Genetics,23,23,0,100.0,53.71
STU1949,QUIZ11692,Mathematics,Probability,30,30,0,100.0,71.95
STU1949,QUIZ11693,Mathematics,Calculus,28,16,12,57.14,82.43
STU1949,QUIZ11694,Chemistry,Chemical Bonding,29,29,0,100.0,55.51
STU1950,QUIZ11695,Mathematics,Trigonometry,28,6,22,21.43,52.41
STU1950,QUIZ11696,Biology,Plant Physiology,27,11,16,40.74,42.84
STU1950,QUIZ11697,Physics,Work and Energy,27,14,13,51.85,64.7
STU1950,QUIZ11698,Physics,Laws of Motion,15,8,7,53.33,42.32
STU1950,QUIZ11699,Chemistry,Chemical Bonding,23,21,2,91.3,43.2
STU1950,QUIZ11700,Physics,Electricity,28,6,22,21.43,89.0
STU1951,QUIZ11701,Mathematics,Trigonometry,19,5,14,26.32,37.45
STU1951,QUIZ11702,Mathematics,Trigonometry,17,16,1,94.12,39.68
STU1951,QUIZ11703,Chemistry,Acids and Bases,29,10,19,34.48,89.47
STU1951,QUIZ11704,Mathematics,Algebra,22,9,13,40.91,37.2
STU1951,QUIZ11705,Chemistry,Atoms,15,14,1,93.33,78.36
STU1951,QUIZ11706,Mathematics,Calculus,20,11,9,55.0,67.77
STU1952,QUIZ11707,Physics,Motion,24,24,0,100.0,61.47
STU1952,QUIZ11708,Mathematics,Probability,20,11,9,55.0,36.18
STU1952,QUIZ11709,Mathematics,Trigonometry,19,10,9,52.63,63.07
STU1952,QUIZ11710,Physics,Motion,28,9,19,32.14,67.08
STU1952,QUIZ11711,Physics,Electricity,30,15,15,50.0,84.6
STU1952,QUIZ11712,Mathematics,Probability,25,25,0,100.0,50.28
STU1953,QUIZ11713,Chemistry,Atoms,19,7,12,36.84,46.91
STU1953,QUIZ11714,Chemistry,Acids and Bases,27,23,4,85.19,61.7
STU1953,QUIZ11715,Chemistry,Atoms,22,11,11,50.0,38.47
STU1953,QUIZ11716,Chemistry,Atoms,25,16,9,64.0,73.19
STU1953,QUIZ11717,Chemistry,Acids and Bases,16,14,2,87.5,77.87
STU1953,QUIZ11718,Biology,Human Body,27,13,14,48.15,87.23
STU1954,QUIZ11719,Physics,Laws of Motion,16,14,2,87.5,43.37
STU1954,QUIZ11720,Mathematics,Calculus,23,12,11,52.17,84.19
STU1954,QUIZ11721,Mathematics,Probability,25,18,7,72.0,36.24
STU1954,QUIZ11722,Physics,Work and Energy,17,9,8,52.94,36.74
STU1954,QUIZ11723,Biology,Genetics,16,16,0,100.0,69.41
STU1954,QUIZ11724,Physics,Work and Energy,30,20,10,66.67,37.37
STU1955,QUIZ11725,Biology,Genetics,21,15,6,71.43,67.03
STU1955,QUIZ11726,Chemistry,Acids and Bases,18,9,9,50.0,87.52
STU1955,QUIZ11727,Mathematics,Calculus,19,17,2,89.47,54.7
STU1955,QUIZ11728,Biology,Human Body,25,14,11,56.0,81.18
STU1955,QUIZ11729,Mathematics,Algebra,17,8,9,47.06,84.02
STU1955,QUIZ11730,Physics,Motion,16,8,8,50.0,21.55
STU1956,QUIZ11731,Mathematics,Trigonometry,19,16,3,84.21,60.2
STU1956,QUIZ11732,Biology,Plant Physiology,15,14,1,93.33,28.42
STU1956,QUIZ11733,Chemistry,Acids and Bases,25,8,17,32.0,77.42
STU1956,QUIZ11734,Physics,Motion,19,8,11,42.11,50.52
STU1956,QUIZ11735,Mathematics,Algebra,18,17,1,94.44,38.5
STU1956,QUIZ11736,Chemistry,Atoms,29,7,22,24.14,47.51
STU1957,QUIZ11737,Physics,Electricity,26,9,17,34.62,42.48
STU1957,QUIZ11738,Chemistry,Acids and Bases,20,11,9,55.0,87.74
STU1957,QUIZ11739,Mathematics,Calculus,30,21,9,70.0,25.58
STU1957,QUIZ11740,Mathematics,Algebra,19,19,0,100.0,48.88
STU1957,QUIZ11741,Mathematics,Probability,16,16,0,100.0,72.17
STU1957,QUIZ11742,Biology,Cell,16,11,5,68.75,34.31
STU1958,QUIZ11743,Biology,Genetics,25,14,11,56.0,74.03
STU1958,QUIZ11744,Physics,Motion,28,12,16,42.86,45.94
STU1958,QUIZ11745,Physics,Motion,24,9,15,37.5,27.51
STU1958,QUIZ11746,Chemistry,Atoms,29,24,5,82.76,80.22
STU1958,QUIZ11747,Biology,Plant Physiology,16,12,4,75.0,30.96
STU1958,QUIZ11748,Physics,Work and Energy,21,9,12,42.86,72.79
STU1959,QUIZ11749,Mathematics,Algebra,15,15,0,100.0,56.59
STU1959,QUIZ11750,Mathematics,Trigonometry,25,8,17,32.0,26.62
STU1959,QUIZ11751,Chemistry,Organic Chemistry,26,15,11,57.69,89.23
STU1959,QUIZ11752,Chemistry,Chemical Bonding,29,11,18,37.93,89.42
STU1959,QUIZ11753,Physics,Work and Energy,19,5,14,26.32,50.54
STU1959,QUIZ11754,Mathematics,Trigonometry,19,14,5,73.68,26.65
STU1960,QUIZ11755,Chemistry,Organic Chemistry,26,6,20,23.08,83.07
STU1960,QUIZ11756,Mathematics,Algebra,25,14,11,56.0,75.18
STU1960,QUIZ11757,Physics,Electricity,21,6,15,28.57,64.01
STU1960,QUIZ11758,Mathematics,Calculus,22,13,9,59.09,46.84
STU1960,QUIZ11759,Physics,Laws of Motion,21,18,3,85.71,82.0
STU1960,QUIZ11760,Physics,Work and Energy,17,5,12,29.41,41.65
STU1961,QUIZ11761,Biology,Cell,30,24,6,80.0,79.98
STU1961,QUIZ11762,Biology,Cell,20,8,12,40.0,80.63
STU1961,QUIZ11763,Mathematics,Probability,15,15,0,100.0,63.2
STU1961,QUIZ11764,Mathematics,Calculus,18,14,4,77.78,23.76
STU1961,QUIZ11765,Chemistry,Acids and Bases,16,6,10,37.5,77.14
STU1961,QUIZ11766,Physics,Work and Energy,15,11,4,73.33,85.37
STU1962,QUIZ11767,Biology,Human Body,16,6,10,37.5,89.38
STU1962,QUIZ11768,Mathematics,Calculus,28,17,11,60.71,74.5
STU1962,QUIZ11769,Mathematics,Probability,16,7,9,43.75,43.61
STU1962,QUIZ11770,Biology,Cell,23,18,5,78.26,82.34
STU1962,QUIZ11771,Chemistry,Organic Chemistry,23,20,3,86.96,64.08
STU1962,QUIZ11772,Mathematics,Calculus,15,14,1,93.33,68.4
STU1963,QUIZ11773,Mathematics,Calculus,21,11,10,52.38,88.48
STU1963,QUIZ11774,Physics,Laws of Motion,18,7,11,38.89,53.8
STU1963,QUIZ11775,Physics,Electricity,17,16,1,94.12,66.76
STU1963,QUIZ11776,Physics,Work and Energy,29,7,22,24.14,47.9
STU1963,QUIZ11777,Mathematics,Calculus,22,11,11,50.0,30.05
STU1963,QUIZ11778,Chemistry,Atoms,29,19,10,65.52,56.58
STU1964,QUIZ11779,Chemistry,Acids and Bases,18,9,9,50.0,65.69
STU1964,QUIZ11780,Physics,Work and Energy,22,19,3,86.36,66.55
STU1964,QUIZ11781,Mathematics,Trigonometry,26,24,2,92.31,55.32
STU1964,QUIZ11782,Physics,Motion,18,10,8,55.56,45.62
STU1964,QUIZ11783,Biology,Human Body,30,11,19,36.67,58.57
STU1964,QUIZ11784,Chemistry,Chemical Bonding,29,11,18,37.93,58.51
STU1965,QUIZ11785,Physics,Laws of Motion,26,19,7,73.08,38.62
STU1965,QUIZ11786,Biology,Genetics,27,6,21,22.22,84.75
STU1965,QUIZ11787,Physics,Motion,17,6,11,35.29,78.47
STU1965,QUIZ11788,Chemistry,Acids and Bases,18,7,11,38.89,60.76
STU1965,QUIZ11789,Mathematics,Calculus,18,6,12,33.33,39.3
STU1965,QUIZ11790,Chemistry,Acids and Bases,28,24,4,85.71,32.28
STU1966,QUIZ11791,Chemistry,Chemical Bonding,21,8,13,38.1,71.62
STU1966,QUIZ11792,Mathematics,Probability,27,9,18,33.33,57.57
STU1966,QUIZ11793,Biology,Genetics,15,9,6,60.0,27.25
STU1966,QUIZ11794,Biology,Plant Physiology,24,8,16,33.33,31.65
STU1966,QUIZ11795,Chemistry,Chemical Bonding,21,20,1,95.24,27.68
STU1966,QUIZ11796,Mathematics,Calculus,15,11,4,73.33,38.01
STU1967,QUIZ11797,Physics,Laws of Motion,20,7,13,35.0,20.16
STU1967,QUIZ11798,Physics,Motion,19,5,14,26.32,62.44
STU1967,QUIZ11799,Biology,Human Body,23,16,7,69.57,73.27
STU1967,QUIZ11800,Biology,Cell,27,8,19,29.63,79.99
STU1967,QUIZ11801,Biology,Cell,25,19,6,76.0,60.74
STU1967,QUIZ11802,Chemistry,Chemical Bonding,16,11,5,68.75,84.86
STU1968,QUIZ11803,Biology,Cell,17,15,2,88.24,27.44
STU1968,QUIZ11804,Physics,Work and Energy,15,6,9,40.0,80.36
STU1968,QUIZ11805,Biology,Plant Physiology,19,9,10,47.37,39.99
STU1968,QUIZ11806,Mathematics,Trigonometry,26,17,9,65.38,85.37
STU1968,QUIZ11807,Physics,Electricity,27,9,18,33.33,88.38
STU1968,QUIZ11808,Mathematics,Calculus,21,5,16,23.81,85.99
STU1969,QUIZ11809,Physics,Work and Energy,25,5,20,20.0,84.41
STU1969,QUIZ11810,Biology,Plant Physiology,20,7,13,35.0,47.95
STU1969,QUIZ11811,Mathematics,Calculus,26,8,18,30.77,23.35
STU1969,QUIZ11812,Physics,Motion,17,14,3,82.35,48.14
STU1969,QUIZ11813,Physics,Electricity,30,8,22,26.67,31.34
STU1969,QUIZ11814,Mathematics,Trigonometry,25,13,12,52.0,86.93
STU1970,QUIZ11815,Physics,Work and Energy,17,17,0,100.0,86.42
STU1970,QUIZ11816,Mathematics,Probability,29,15,14,51.72,27.6
STU1970,QUIZ11817,Chemistry,Chemical Bonding,27,13,14,48.15,28.69
STU1970,QUIZ11818,Chemistry,Acids and Bases,20,16,4,80.0,71.77
STU1970,QUIZ11819,Mathematics,Probability,25,11,14,44.0,45.56
STU1970,QUIZ11820,Physics,Laws of Motion,28,10,18,35.71,88.25
STU1971,QUIZ11821,Mathematics,Algebra,18,7,11,38.89,87.6
STU1971,QUIZ11822,Physics,Motion,21,21,0,100.0,48.31
STU1971,QUIZ11823,Chemistry,Chemical Bonding,28,13,15,46.43,33.58
STU1971,QUIZ11824,Biology,Plant Physiology,17,5,12,29.41,76.84
STU1971,QUIZ11825,Chemistry,Chemical Bonding,17,17,0,100.0,79.48
STU1971,QUIZ11826,Physics,Laws of Motion,15,9,6,60.0,44.17
STU1972,QUIZ11827,Biology,Genetics,30,27,3,90.0,29.36
STU1972,QUIZ11828,Chemistry,Atoms,20,18,2,90.0,27.05
STU1972,QUIZ11829,Mathematics,Calculus,27,22,5,81.48,25.97
STU1972,QUIZ11830,Physics,Laws of Motion,19,7,12,36.84,20.64
STU1972,QUIZ11831,Mathematics,Probability,18,12,6,66.67,37.07
STU1972,QUIZ11832,Chemistry,Acids and Bases,18,16,2,88.89,75.41
STU1973,QUIZ11833,Mathematics,Calculus,18,7,11,38.89,54.24
STU1973,QUIZ11834,Chemistry,Chemical Bonding,26,6,20,23.08,21.35
STU1973,QUIZ11835,Mathematics,Calculus,29,19,10,65.52,82.31
STU1973,QUIZ11836,Chemistry,Chemical Bonding,25,8,17,32.0,67.41
STU1973,QUIZ11837,Mathematics,Calculus,26,7,19,26.92,25.47
STU1973,QUIZ11838,Biology,Cell,17,15,2,88.24,26.11
STU1974,QUIZ11839,Mathematics,Probability,28,25,3,89.29,55.08
STU1974,QUIZ11840,Physics,Work and Energy,16,16,0,100.0,22.3
STU1974,QUIZ11841,Chemistry,Acids and Bases,23,5,18,21.74,31.08
STU1974,QUIZ11842,Chemistry,Organic Chemistry,22,21,1,95.45,53.33
STU1974,QUIZ11843,Biology,Human Body,17,14,3,82.35,24.73
STU1974,QUIZ11844,Physics,Electricity,25,22,3,88.0,44.12
STU1975,QUIZ11845,Physics,Motion,15,6,9,40.0,28.98
STU1975,QUIZ11846,Physics,Work and Energy,29,14,15,48.28,58.55
STU1975,QUIZ11847,Physics,Motion,20,11,9,55.0,86.91
STU1975,QUIZ11848,Physics,Work and Energy,16,11,5,68.75,58.63
STU1975,QUIZ11849,Chemistry,Atoms,24,18,6,75.0,48.46
STU1975,QUIZ11850,Biology,Cell,30,30,0,100.0,72.74
STU1976,QUIZ11851,Chemistry,Acids and Bases,21,7,14,33.33,79.93
STU1976,QUIZ11852,Physics,Work and Energy,21,5,16,23.81,34.69
STU1976,QUIZ11853,Biology,Plant Physiology,17,8,9,47.06,71.82
STU1976,QUIZ11854,Mathematics,Probability,18,12,6,66.67,25.23
STU1976,QUIZ11855,Biology,Cell,23,9,14,39.13,42.88
STU1976,QUIZ11856,Physics,Motion,27,19,8,70.37,70.62
STU1977,QUIZ11857,Physics,Motion,22,9,13,40.91,89.76
STU1977,QUIZ11858,Chemistry,Chemical Bonding,30,29,1,96.67,73.1
STU1977,QUIZ11859,Mathematics,Algebra,20,12,8,60.0,67.93
STU1977,QUIZ11860,Physics,Work and Energy,25,18,7,72.0,24.09
STU1977,QUIZ11861,Mathematics,Trigonometry,19,10,9,52.63,54.43
STU1977,QUIZ11862,Chemistry,Atoms,19,16,3,84.21,76.82
STU1978,QUIZ11863,Physics,Motion,17,5,12,29.41,42.72
STU1978,QUIZ11864,Biology,Plant Physiology,26,10,16,38.46,48.03
STU1978,QUIZ11865,Physics,Work and Energy,20,11,9,55.0,20.71
STU1978,QUIZ11866,Chemistry,Atoms,29,19,10,65.52,68.71
STU1978,QUIZ11867,Physics,Work and Energy,25,19,6,76.0,79.59
STU1978,QUIZ11868,Mathematics,Trigonometry,28,15,13,53.57,59.26
STU1979,QUIZ11869,Physics,Laws of Motion,17,9,8,52.94,70.09
STU1979,QUIZ11870,Biology,Genetics,15,11,4,73.33,75.61
STU1979,QUIZ11871,Mathematics,Calculus,29,26,3,89.66,70.11
STU1979,QUIZ11872,Physics,Work and Energy,20,9,11,45.0,81.55
STU1979,QUIZ11873,Mathematics,Probability,17,5,12,29.41,87.3
STU1979,QUIZ11874,Mathematics,Probability,15,14,1,93.33,42.94
STU1980,QUIZ11875,Biology,Human Body,27,13,14,48.15,52.55
STU1980,QUIZ11876,Chemistry,Chemical Bonding,30,6,24,20.0,27.9
STU1980,QUIZ11877,Physics,Work and Energy,19,8,11,42.11,74.04
STU1980,QUIZ11878,Biology,Plant Physiology,27,20,7,74.07,59.93
STU1980,QUIZ11879,Mathematics,Probability,16,11,5,68.75,81.94
STU1980,QUIZ11880,Biology,Cell,18,9,9,50.0,48.96
STU1981,QUIZ11881,Mathematics,Algebra,22,10,12,45.45,88.85
STU1981,QUIZ11882,Biology,Human Body,15,9,6,60.0,60.98
STU1981,QUIZ11883,Biology,Plant Physiology,16,9,7,56.25,50.07
STU1981,QUIZ11884,Biology,Genetics,20,10,10,50.0,69.05
STU1981,QUIZ11885,Physics,Laws of Motion,29,6,23,20.69,32.96
STU1981,QUIZ11886,Physics,Laws of Motion,30,22,8,73.33,30.72
STU1982,QUIZ11887,Chemistry,Organic Chemistry,19,12,7,63.16,72.47
STU1982,QUIZ11888,Chemistry,Atoms,22,12,10,54.55,21.81
STU1982,QUIZ11889,Chemistry,Acids and Bases,20,15,5,75.0,82.4
STU1982,QUIZ11890,Mathematics,Trigonometry,27,9,18,33.33,88.82
STU1982,QUIZ11891,Biology,Plant Physiology,29,12,17,41.38,86.11
STU1982,QUIZ11892,Chemistry,Atoms,26,15,11,57.69,70.89
STU1983,QUIZ11893,Biology,Human Body,26,26,0,100.0,65.94
STU1983,QUIZ11894,Chemistry,Organic Chemistry,18,13,5,72.22,40.56
STU1983,QUIZ11895,Physics,Motion,20,16,4,80.0,39.89
STU1983,QUIZ11896,Mathematics,Trigonometry,17,11,6,64.71,69.03
STU1983,QUIZ11897,Physics,Work and Energy,20,18,2,90.0,77.02
STU1983,QUIZ11898,Biology,Genetics,20,12,8,60.0,64.39
STU1984,QUIZ11899,Chemistry,Organic Chemistry,28,17,11,60.71,35.16
STU1984,QUIZ11900,Mathematics,Probability,30,7,23,23.33,78.06
STU1984,QUIZ11901,Biology,Human Body,16,15,1,93.75,82.26
STU1984,QUIZ11902,Mathematics,Calculus,27,6,21,22.22,60.89
STU1984,QUIZ11903,Biology,Genetics,19,17,2,89.47,81.92
STU1984,QUIZ11904,Chemistry,Chemical Bonding,21,21,0,100.0,64.43
STU1985,QUIZ11905,Biology,Plant Physiology,30,20,10,66.67,44.91
STU1985,QUIZ11906,Mathematics,Probability,24,22,2,91.67,29.45
STU1985,QUIZ11907,Physics,Electricity,25,21,4,84.0,73.49
STU1985,QUIZ11908,Physics,Work and Energy,24,17,7,70.83,49.19
STU1985,QUIZ11909,Chemistry,Chemical Bonding,17,17,0,100.0,89.68
STU1985,QUIZ11910,Biology,Cell,30,15,15,50.0,87.86
STU1986,QUIZ11911,Mathematics,Calculus,23,21,2,91.3,20.83
STU1986,QUIZ11912,Biology,Human Body,17,11,6,64.71,27.35
STU1986,QUIZ11913,Biology,Cell,29,21,8,72.41,28.09
STU1986,QUIZ11914,Biology,Plant Physiology,24,18,6,75.0,65.19
STU1986,QUIZ11915,Biology,Plant Physiology,16,6,10,37.5,89.3
STU1986,QUIZ11916,Mathematics,Trigonometry,30,25,5,83.33,47.99
STU1987,QUIZ11917,Physics,Electricity,20,6,14,30.0,59.64
STU1987,QUIZ11918,Physics,Work and Energy,24,15,9,62.5,36.57
STU1987,QUIZ11919,Biology,Human Body,20,17,3,85.0,70.88
STU1987,QUIZ11920,Biology,Genetics,18,11,7,61.11,49.27
STU1987,QUIZ11921,Chemistry,Atoms,17,14,3,82.35,85.62
STU1987,QUIZ11922,Mathematics,Probability,27,20,7,74.07,47.17
STU1988,QUIZ11923,Mathematics,Algebra,30,8,22,26.67,20.77
STU1988,QUIZ11924,Chemistry,Acids and Bases,21,18,3,85.71,40.79
STU1988,QUIZ11925,Chemistry,Chemical Bonding,24,13,11,54.17,25.07
STU1988,QUIZ11926,Physics,Motion,16,15,1,93.75,72.42
STU1988,QUIZ11927,Chemistry,Chemical Bonding,15,13,2,86.67,23.88
STU1988,QUIZ11928,Mathematics,Calculus,16,12,4,75.0,88.03
STU1989,QUIZ11929,Physics,Motion,21,11,10,52.38,48.15
STU1989,QUIZ11930,Physics,Work and Energy,18,6,12,33.33,67.68
STU1989,QUIZ11931,Mathematics,Algebra,17,16,1,94.12,34.79
STU1989,QUIZ11932,Biology,Human Body,17,12,5,70.59,31.07
STU1989,QUIZ11933,Biology,Human Body,28,14,14,50.0,53.66
STU1989,QUIZ11934,Biology,Human Body,15,8,7,53.33,67.74
STU1990,QUIZ11935,Biology,Genetics,16,10,6,62.5,64.46
STU1990,QUIZ11936,Physics,Motion,23,11,12,47.83,27.68
STU1990,QUIZ11937,Mathematics,Probability,16,16,0,100.0,74.28
STU1990,QUIZ11938,Biology,Plant Physiology,24,5,19,20.83,75.43
STU1990,QUIZ11939,Physics,Work and Energy,24,5,19,20.83,20.57
STU1990,QUIZ11940,Mathematics,Algebra,16,12,4,75.0,30.3
STU1991,QUIZ11941,Mathematics,Trigonometry,26,22,4,84.62,49.4
STU1991,QUIZ11942,Chemistry,Acids and Bases,20,17,3,85.0,55.21
STU1991,QUIZ11943,Chemistry,Acids and Bases,30,21,9,70.0,74.13
STU1991,QUIZ11944,Biology,Genetics,28,24,4,85.71,57.8
STU1991,QUIZ11945,Chemistry,Organic Chemistry,19,15,4,78.95,37.35
STU1991,QUIZ11946,Chemistry,Organic Chemistry,17,14,3,82.35,38.21
STU1992,QUIZ11947,Physics,Electricity,23,16,7,69.57,29.12
STU1992,QUIZ11948,Physics,Electricity,16,10,6,62.5,34.35
STU1992,QUIZ11949,Chemistry,Chemical Bonding,26,6,20,23.08,61.41
STU1992,QUIZ11950,Physics,Motion,16,5,11,31.25,79.06
STU1992,QUIZ11951,Chemistry,Chemical Bonding,15,13,2,86.67,25.72
STU1992,QUIZ11952,Chemistry,Atoms,15,5,10,33.33,44.46
STU1993,QUIZ11953,Chemistry,Chemical Bonding,24,10,14,41.67,44.39
STU1993,QUIZ11954,Mathematics,Trigonometry,20,9,11,45.0,59.02
STU1993,QUIZ11955,Mathematics,Trigonometry,28,22,6,78.57,23.25
STU1993,QUIZ11956,Biology,Human Body,29,15,14,51.72,64.06
STU1993,QUIZ11957,Biology,Genetics,22,13,9,59.09,29.72
STU1993,QUIZ11958,Mathematics,Algebra,27,21,6,77.78,52.8
STU1994,QUIZ11959,Biology,Plant Physiology,18,15,3,83.33,45.43
STU1994,QUIZ11960,Chemistry,Atoms,20,5,15,25.0,81.2
STU1994,QUIZ11961,Mathematics,Trigonometry,26,19,7,73.08,74.88
STU1994,QUIZ11962,Physics,Laws of Motion,18,9,9,50.0,79.0
STU1994,QUIZ11963,Physics,Laws of Motion,24,18,6,75.0,26.21
STU1994,QUIZ11964,Chemistry,Organic Chemistry,27,18,9,66.67,38.36
STU1995,QUIZ11965,Biology,Plant Physiology,26,24,2,92.31,86.34
STU1995,QUIZ11966,Chemistry,Atoms,28,10,18,35.71,80.48
STU1995,QUIZ11967,Biology,Cell,29,10,19,34.48,51.22
STU1995,QUIZ11968,Physics,Laws of Motion,30,26,4,86.67,78.36
STU1995,QUIZ11969,Physics,Laws of Motion,27,15,12,55.56,21.38
STU1995,QUIZ11970,Biology,Plant Physiology,23,8,15,34.78,53.96
STU1996,QUIZ11971,Physics,Electricity,29,23,6,79.31,84.55
STU1996,QUIZ11972,Chemistry,Chemical Bonding,25,9,16,36.0,88.0
STU1996,QUIZ11973,Mathematics,Algebra,22,9,13,40.91,25.46
STU1996,QUIZ11974,Mathematics,Probability,27,11,16,40.74,86.81
STU1996,QUIZ11975,Mathematics,Calculus,30,29,1,96.67,38.22
STU1996,QUIZ11976,Chemistry,Chemical Bonding,17,13,4,76.47,22.16
STU1997,QUIZ11977,Chemistry,Acids and Bases,26,8,18,30.77,66.99
STU1997,QUIZ11978,Biology,Human Body,18,11,7,61.11,62.02
STU1997,QUIZ11979,Mathematics,Probability,20,5,15,25.0,32.64
STU1997,QUIZ11980,Chemistry,Chemical Bonding,18,11,7,61.11,52.84
STU1997,QUIZ11981,Mathematics,Trigonometry,27,18,9,66.67,22.24
STU1997,QUIZ11982,Physics,Work and Energy,19,12,7,63.16,86.93
STU1998,QUIZ11983,Biology,Human Body,23,8,15,34.78,67.49
STU1998,QUIZ11984,Physics,Laws of Motion,27,12,15,44.44,50.92
STU1998,QUIZ11985,Mathematics,Algebra,25,10,15,40.0,40.12
STU1998,QUIZ11986,Biology,Plant Physiology,18,16,2,88.89,73.33
STU1998,QUIZ11987,Physics,Work and Energy,27,26,1,96.3,57.02
STU1998,QUIZ11988,Biology,Genetics,15,15,0,100.0,38.12
STU1999,QUIZ11989,Chemistry,Acids and Bases,15,8,7,53.33,20.61
STU1999,QUIZ11990,Chemistry,Acids and Bases,15,8,7,53.33,33.9
STU1999,QUIZ11991,Biology,Cell,23,19,4,82.61,79.44
STU1999,QUIZ11992,Mathematics,Calculus,17,5,12,29.41,50.28
STU1999,QUIZ11993,Chemistry,Chemical Bonding,26,26,0,100.0,70.85
STU1999,QUIZ11994,Physics,Motion,15,9,6,60.0,31.94
STU2000,QUIZ11995,Biology,Cell,18,7,11,38.89,70.98
STU2000,QUIZ11996,Physics,Electricity,21,15,6,71.43,22.43
STU2000,QUIZ11997,Mathematics,Probability,25,18,7,72.0,47.4
STU2000,QUIZ11998,Mathematics,Trigonometry,16,12,4,75.0,48.31
STU2000,QUIZ11999,Biology,Cell,16,16,0,100.0,67.15
STU2000,QUIZ12000,Chemistry,Chemical Bonding,25,20,5,80.0,32.25
