Student_ID,Student_Name,Class,Board,Target_Exam,Medium,Admission_Date,Study_Mode
STU0001,Dhruv Sarraf,Class 9,CBSE,Foundation,Tamil,2025-09-30,Online
STU0002,Arya Ratta,Class 10,CBSE,Foundation,English,2025-09-25,Hybrid
STU0003,Chameli Saraf,Class 9,State Board,NEET,English,2025-04-23,Online
STU0004,Neelima Sha,Class 9,CBSE,JEE,Hindi,2025-12-29,Hybrid
STU0005,Anamika Murty,Class 9,State Board,JEE,Hindi,2024-10-12,Hybrid
STU0006,Anya Bhardwaj,Class 12,CBSE,NEET,Hindi,2025-09-14,Offline
STU0007,Vasudha Amble,Class 9,CBSE,Foundation,Tamil,2025-08-14,Offline
STU0008,Ekansh Kalla,Class 11,CBSE,JEE,Tamil,2025-08-13,Online
STU0009,Ansh Kohli,Class 9,ICSE,JEE,Tamil,2025-06-20,Offline
STU0010,Balhaar Batra,Class 11,CBSE,Foundation,Tamil,2026-04-09,Hybrid
STU0011,Ryan Ghose,Class 9,ICSE,JEE,Hindi,2025-06-24,Offline
STU0012,Hritik Sharma,Class 11,State Board,JEE,Hindi,2025-04-16,Online
STU0013,Nisha Pandya,Class 9,State Board,JEE,Tamil,2025-09-06,Online
STU0014,Vidhi Chhabra,Class 10,CBSE,NEET,Tamil,2026-01-12,Offline
STU0015,Yuvraj Varty,Class 11,CBSE,NEET,Tamil,2025-12-23,Online
STU0016,Sai Lala,Class 11,State Board,Foundation,Hindi,2026-06-29,Online
STU0017,Mohammed Contractor,Class 10,State Board,Foundation,English,2024-12-26,Online
STU0018,Inaya Kala,Class 12,ICSE,NEET,Hindi,2024-12-23,Hybrid
STU0019,Balhaar Mall,Class 10,State Board,NEET,English,2025-04-06,Online
STU0020,Devansh Divan,Class 9,ICSE,NEET,Tamil,2024-12-09,Online
STU0021,Kashvi Rastogi,Class 10,State Board,Foundation,Tamil,2024-10-10,Online
STU0022,Damyanti Wali,Class 12,ICSE,Foundation,Tamil,2026-04-11,Online
STU0023,Kashvi Choudhury,Class 11,CBSE,JEE,Hindi,2026-03-24,Hybrid
STU0024,Hardik Dara,Class 11,State Board,Foundation,Tamil,2025-09-02,Hybrid
STU0025,Naveen Aggarwal,Class 12,ICSE,JEE,English,2024-11-01,Hybrid
STU0026,Gagan Samra,Class 12,CBSE,JEE,English,2025-01-19,Online
STU0027,Udant Vaidya,Class 10,State Board,NEET,Hindi,2026-03-08,Online
STU0028,Orinder Cherian,Class 12,ICSE,Foundation,Tamil,2026-05-16,Hybrid
STU0029,Ranbir Mandal,Class 11,State Board,JEE,Hindi,2025-09-15,Hybrid
STU0030,Tanay Sampath,Class 9,State Board,Foundation,Tamil,2026-03-03,Hybrid
STU0031,Janya Dhingra,Class 11,CBSE,NEET,Tamil,2024-11-14,Online
STU0032,Nimrat Purohit,Class 12,CBSE,Foundation,Hindi,2024-09-23,Offline
STU0033,Chaitanya Gill,Class 10,State Board,JEE,Hindi,2026-06-02,Offline
STU0034,Varsha Lad,Class 10,CBSE,NEET,English,2026-02-10,Hybrid
STU0035,Nandini Bal,Class 9,State Board,NEET,Tamil,2025-12-02,Online
STU0036,Wridesh Kanda,Class 9,ICSE,NEET,English,2025-11-17,Online
STU0037,Dalbir Sampath,Class 10,State Board,JEE,English,2025-12-21,Hybrid
STU0038,Ekansh Chaudhari,Class 12,CBSE,Foundation,English,2026-04-12,Online
STU0039,Qabil Kashyap,Class 12,State Board,JEE,Tamil,2025-05-13,Hybrid
STU0040,Zayan Gola,Class 12,CBSE,Foundation,Hindi,2024-12-28,Hybrid
STU0041,Zilmil Tailor,Class 10,State Board,NEET,Tamil,2025-05-02,Hybrid
STU0042,Ladli Arya,Class 11,ICSE,Foundation,Tamil,2024-12-17,Online
STU0043,Ishita Vasa,Class 10,CBSE,JEE,Tamil,2024-09-28,Online
STU0044,Tara Varughese,Class 10,State Board,JEE,English,2026-06-27,Online
STU0045,Tamanna Viswanathan,Class 9,CBSE,JEE,English,2025-01-22,Offline
STU0046,Madhavi Sama,Class 9,State Board,JEE,Tamil,2025-08-14,Hybrid
STU0047,Nitesh Pandya,Class 12,CBSE,Foundation,English,2026-04-28,Hybrid
STU0048,Chameli Chanda,Class 12,CBSE,NEET,Tamil,2024-10-08,Online
STU0049,Ryan Borra,Class 9,CBSE,Foundation,Tamil,2025-02-15,Offline
STU0050,Dev Morar,Class 12,ICSE,NEET,Hindi,2025-06-30,Online
STU0051,Vedhika Koshy,Class 9,CBSE,NEET,Hindi,2025-10-17,Offline
STU0052,Vritti Edwin,Class 9,CBSE,JEE,English,2025-01-05,Hybrid
STU0053,Janani Nazareth,Class 12,CBSE,NEET,English,2025-12-24,Offline
STU0054,Viraj Chahal,Class 12,CBSE,JEE,Tamil,2025-07-21,Hybrid
STU0055,Kalpit Shankar,Class 9,CBSE,Foundation,Hindi,2025-07-29,Online
STU0056,Zashil Bakshi,Class 9,CBSE,JEE,Tamil,2025-12-29,Offline
STU0057,Nakul Wali,Class 12,CBSE,NEET,English,2024-11-28,Online
STU0058,Megha Hegde,Class 12,CBSE,NEET,Tamil,2024-11-25,Offline
STU0059,Ikbal Khatri,Class 11,ICSE,Foundation,Hindi,2024-11-23,Hybrid
STU0060,Sanaya Lala,Class 12,CBSE,JEE,Tamil,2026-05-31,Online
STU0061,Anthony Cherian,Class 9,State Board,Foundation,Hindi,2024-11-19,Online
STU0062,Viraj Bakshi,Class 11,CBSE,JEE,Hindi,2024-08-24,Offline
STU0063,Veer Nagar,Class 10,CBSE,Foundation,English,2024-11-02,Online
STU0064,Fariq Apte,Class 9,State Board,JEE,Hindi,2024-08-11,Online
STU0065,Ikbal Naidu,Class 12,CBSE,Foundation,English,2025-10-12,Hybrid
STU0066,Isaiah Dhingra,Class 9,State Board,JEE,Tamil,2025-05-31,Hybrid
STU0067,Hiral Acharya,Class 11,ICSE,JEE,Hindi,2024-12-15,Hybrid
STU0068,Balendra Dube,Class 11,CBSE,NEET,Tamil,2025-06-01,Online
STU0069,Tarak Narain,Class 11,ICSE,NEET,English,2025-12-11,Online
STU0070,Frado Raju,Class 12,State Board,Foundation,English,2026-02-24,Online
STU0071,Kalpit Virk,Class 10,State Board,NEET,English,2025-04-28,Offline
STU0072,Siddharth Dhawan,Class 9,CBSE,NEET,Tamil,2026-04-10,Online
STU0073,Harish Sethi,Class 12,State Board,Foundation,Tamil,2025-04-29,Hybrid
STU0074,Nimrat Lal,Class 9,State Board,Foundation,Tamil,2025-03-15,Hybrid
STU0075,Janaki Varma,Class 9,CBSE,NEET,English,2025-04-20,Online
STU0076,Yahvi Khalsa,Class 10,ICSE,NEET,Hindi,2024-08-12,Online
STU0077,Janani Chaudhry,Class 11,CBSE,Foundation,Hindi,2026-06-25,Offline
STU0078,Vivaan Vasa,Class 12,ICSE,JEE,English,2025-07-06,Hybrid
STU0079,Hritik Kala,Class 12,ICSE,JEE,English,2025-01-20,Offline
STU0080,Gavin Gour,Class 10,State Board,NEET,English,2025-03-20,Hybrid
STU0081,Tamanna Bajwa,Class 12,State Board,Foundation,Tamil,2025-01-27,Hybrid
STU0082,Pooja Pall,Class 9,CBSE,JEE,Hindi,2026-07-24,Online
STU0083,Mekhala Shroff,Class 9,ICSE,Foundation,Hindi,2025-12-08,Online
STU0084,Praneel Murty,Class 12,CBSE,JEE,Tamil,2025-03-15,Offline
STU0085,Anirudh Sha,Class 9,ICSE,JEE,Hindi,2026-04-02,Online
STU0086,Atharv Saraf,Class 9,ICSE,Foundation,Tamil,2025-04-19,Hybrid
STU0087,Jason Bedi,Class 10,CBSE,JEE,English,2026-05-20,Offline
STU0088,Girish Lalla,Class 9,CBSE,Foundation,Tamil,2026-07-10,Offline
STU0089,Wishi Shah,Class 10,ICSE,JEE,Hindi,2025-10-15,Online
STU0090,Kashish Devan,Class 12,CBSE,NEET,English,2026-07-23,Online
STU0091,Frado Uppal,Class 12,ICSE,NEET,English,2026-01-07,Online
STU0092,Harshil Comar,Class 9,State Board,JEE,Tamil,2025-12-14,Offline
STU0093,Aryan Vyas,Class 11,CBSE,NEET,Tamil,2025-06-19,Hybrid
STU0094,Aarnav Shroff,Class 12,State Board,Foundation,Tamil,2024-10-01,Online
STU0095,Vansha Menon,Class 9,ICSE,JEE,Hindi,2026-05-30,Offline
STU0096,Orinder Nazareth,Class 9,CBSE,Foundation,Tamil,2025-03-12,Offline
STU0097,Girish Wable,Class 11,ICSE,Foundation,Hindi,2026-02-12,Online
STU0098,Laksh Pai,Class 12,State Board,JEE,Tamil,2024-10-16,Online
STU0099,Siddharth Nadig,Class 12,CBSE,Foundation,Hindi,2024-08-08,Hybrid
STU0100,Jagrati Sami,Class 10,ICSE,NEET,English,2025-06-09,Hybrid
STU0101,Dayita Krishna,Class 11,State Board,NEET,Hindi,2025-03-29,Online
STU0102,Niharika Banik,Class 11,State Board,NEET,Hindi,2026-05-21,Offline
STU0103,Leela Jani,Class 11,ICSE,Foundation,Tamil,2025-05-17,Hybrid
STU0104,Faras Dhingra,Class 10,CBSE,NEET,Hindi,2025-10-16,Offline
STU0105,Netra Bhatti,Class 10,State Board,Foundation,Tamil,2025-04-23,Offline
STU0106,Darsh Gara,Class 9,ICSE,NEET,English,2025-11-21,Offline
STU0107,Yug Tiwari,Class 11,ICSE,NEET,Tamil,2026-02-08,Hybrid
STU0108,Urvi Bandi,Class 10,State Board,NEET,Hindi,2024-12-28,Online
STU0109,Vyanjana Ravel,Class 9,ICSE,Foundation,Hindi,2025-01-09,Hybrid
STU0110,Anamika Padmanabhan,Class 11,CBSE,JEE,Hindi,2024-09-29,Offline
STU0111,Max Sahni,Class 10,CBSE,JEE,English,2025-08-28,Online
STU0112,Dipta Mukhopadhyay,Class 10,ICSE,Foundation,English,2026-06-19,Offline
STU0113,Tejas Narayanan,Class 12,State Board,Foundation,English,2025-09-06,Hybrid
STU0114,Mahika Sidhu,Class 12,ICSE,NEET,English,2025-05-29,Online
STU0115,Darsh Mitra,Class 9,CBSE,NEET,English,2025-02-13,Online
STU0116,Varenya Wali,Class 12,CBSE,Foundation,English,2025-08-17,Online
STU0117,George Chatterjee,Class 12,CBSE,NEET,Hindi,2025-01-22,Hybrid
STU0118,Azaan Panchal,Class 11,ICSE,Foundation,Hindi,2025-04-02,Hybrid
STU0119,Warhi Khalsa,Class 12,State Board,NEET,English,2026-05-15,Hybrid
STU0120,Deepa Lad,Class 12,ICSE,NEET,English,2025-09-07,Hybrid
STU0121,Noah Kothari,Class 11,State Board,NEET,Hindi,2026-01-02,Online
STU0122,Eshana Bajwa,Class 11,ICSE,JEE,Hindi,2024-11-04,Offline
STU0123,Advaith Talwar,Class 10,ICSE,NEET,Tamil,2024-08-29,Hybrid
STU0124,Tamanna Pau,Class 9,CBSE,JEE,English,2025-09-06,Offline
STU0125,Tara Das,Class 10,State Board,JEE,English,2026-02-25,Offline
STU0126,Tejas Lala,Class 12,ICSE,Foundation,Tamil,2026-06-21,Offline
STU0127,Ekbal Deep,Class 9,CBSE,NEET,Tamil,2025-10-02,Hybrid
STU0128,Anamika Sarkar,Class 9,State Board,NEET,Tamil,2024-07-24,Online
STU0129,Vidhi Viswanathan,Class 11,ICSE,NEET,Tamil,2025-05-13,Hybrid
STU0130,Mohini Krishnan,Class 10,ICSE,JEE,Tamil,2026-06-13,Offline
STU0131,Dev Krishna,Class 12,CBSE,NEET,Tamil,2025-05-25,Hybrid
STU0132,Wyatt Doctor,Class 12,State Board,JEE,Tamil,2025-04-08,Online
STU0133,Reva Venkataraman,Class 9,ICSE,Foundation,Hindi,2026-02-28,Hybrid
STU0134,Warhi Kalla,Class 9,CBSE,Foundation,Tamil,2025-10-08,Online
STU0135,Noah Goswami,Class 12,CBSE,JEE,Tamil,2024-12-25,Offline
STU0136,Tanmayi Ghosh,Class 11,CBSE,NEET,Tamil,2026-01-26,Offline
STU0137,Laksh Nori,Class 12,ICSE,NEET,Tamil,2024-12-03,Online
STU0138,Ati Mukhopadhyay,Class 12,CBSE,Foundation,Hindi,2024-08-21,Online
STU0139,Laksh Singhal,Class 11,CBSE,Foundation,English,2026-07-06,Hybrid
STU0140,Megha Bhavsar,Class 9,CBSE,JEE,English,2024-09-18,Online
STU0141,Manbir Suresh,Class 10,CBSE,JEE,Tamil,2024-11-14,Hybrid
STU0142,Qabil Bhatnagar,Class 9,State Board,JEE,Tamil,2024-10-25,Hybrid
STU0143,Tara Chopra,Class 11,ICSE,JEE,Hindi,2024-11-27,Hybrid
STU0144,Andrew Batta,Class 9,CBSE,NEET,English,2026-06-19,Hybrid
STU0145,Pooja Choudhry,Class 9,ICSE,Foundation,Hindi,2024-11-04,Offline
STU0146,Aditya Dhawan,Class 12,State Board,JEE,English,2026-04-03,Hybrid
STU0147,Jagvi Bhatti,Class 10,CBSE,Foundation,Tamil,2025-07-11,Hybrid
STU0148,Logan Narasimhan,Class 9,State Board,JEE,Tamil,2025-05-13,Hybrid
STU0149,Finn Ramaswamy,Class 12,State Board,NEET,English,2024-10-30,Hybrid
STU0150,Vritti Solanki,Class 11,CBSE,NEET,Tamil,2025-09-10,Online
STU0151,Samarth Dubey,Class 12,ICSE,Foundation,Tamil,2024-08-12,Hybrid
STU0152,Lila Dalal,Class 10,ICSE,JEE,Hindi,2025-05-24,Hybrid
STU0153,Sarthak Dewan,Class 11,State Board,Foundation,Tamil,2024-08-06,Offline
STU0154,Champak Din,Class 12,State Board,Foundation,Tamil,2024-09-08,Offline
STU0155,Bakhshi Ramakrishnan,Class 10,CBSE,NEET,Tamil,2026-05-10,Online
STU0156,Simon Lanka,Class 12,State Board,Foundation,Hindi,2024-10-05,Offline
STU0157,Darika Savant,Class 11,CBSE,NEET,Tamil,2026-06-27,Online
STU0158,Samarth Talwar,Class 12,CBSE,NEET,Tamil,2025-03-20,Offline
STU0159,Jeremiah Karan,Class 11,State Board,Foundation,Tamil,2025-11-28,Hybrid
STU0160,Ishani Sibal,Class 9,State Board,JEE,English,2025-12-03,Online
STU0161,Faris Sarraf,Class 12,ICSE,Foundation,English,2025-12-07,Hybrid
STU0162,Onveer Brahmbhatt,Class 12,State Board,Foundation,Tamil,2025-02-22,Offline
STU0163,Nilima Sani,Class 9,CBSE,NEET,English,2026-05-28,Offline
STU0164,Yash Chaudry,Class 10,ICSE,Foundation,Hindi,2026-04-28,Offline
STU0165,Mohini Ramakrishnan,Class 12,State Board,Foundation,Tamil,2025-09-17,Offline
STU0166,Pushti Palla,Class 11,ICSE,Foundation,Tamil,2026-03-05,Offline
STU0167,Ridhi Patla,Class 11,ICSE,JEE,English,2025-11-19,Hybrid
STU0168,Yachana Chand,Class 10,ICSE,JEE,Hindi,2024-07-31,Hybrid
STU0169,Qadim Minhas,Class 10,CBSE,JEE,Hindi,2024-10-08,Offline
STU0170,Ayushman Soni,Class 11,State Board,Foundation,Hindi,2026-03-30,Hybrid
STU0171,Arunima Andra,Class 11,CBSE,JEE,Tamil,2025-03-20,Online
STU0172,Azaan Borah,Class 11,CBSE,NEET,English,2026-01-28,Hybrid
STU0173,Nakul Lad,Class 10,ICSE,JEE,English,2026-03-13,Hybrid
STU0174,Kashish Dube,Class 11,State Board,JEE,Hindi,2025-05-30,Offline
STU0175,Hiral Chawla,Class 9,CBSE,Foundation,Tamil,2026-06-07,Offline
STU0176,Niharika Chopra,Class 12,ICSE,NEET,English,2026-06-02,Online
STU0177,Diya Dewan,Class 11,ICSE,JEE,English,2025-07-24,Offline
STU0178,Bahadurjit Nagarajan,Class 12,CBSE,Foundation,Hindi,2024-09-04,Hybrid
STU0179,Januja Krishnan,Class 9,CBSE,JEE,Hindi,2026-05-05,Offline
STU0180,Chatura Gole,Class 9,CBSE,JEE,Hindi,2026-02-01,Offline
STU0181,Thomas Karnik,Class 10,State Board,NEET,Tamil,2025-02-25,Offline
STU0182,Yashica Arya,Class 11,State Board,NEET,Tamil,2026-04-02,Hybrid
STU0183,Lajita Bajwa,Class 9,State Board,Foundation,English,2026-05-25,Online
STU0184,Caleb Soni,Class 10,ICSE,Foundation,English,2025-01-13,Online
STU0185,Chaitanya Virk,Class 10,CBSE,Foundation,English,2025-06-12,Online
STU0186,Urmi Mahajan,Class 9,ICSE,NEET,Hindi,2026-06-10,Hybrid
STU0187,Maanas Prashad,Class 12,ICSE,JEE,English,2024-11-23,Offline
STU0188,Onkar Bhagat,Class 11,State Board,NEET,English,2025-05-15,Hybrid
STU0189,Jagdish Handa,Class 10,ICSE,Foundation,Hindi,2025-05-31,Hybrid
STU0190,Urmi Varkey,Class 10,ICSE,JEE,Hindi,2025-07-08,Online
STU0191,Yagnesh Mall,Class 10,ICSE,JEE,English,2025-01-13,Online
STU0192,Balvan Parekh,Class 10,ICSE,Foundation,Hindi,2024-08-23,Hybrid
STU0193,Benjamin Panchal,Class 11,ICSE,JEE,Tamil,2025-03-27,Hybrid
STU0194,Sarthak Prabhakar,Class 11,State Board,NEET,Tamil,2026-02-27,Hybrid
STU0195,Vrishti Kalla,Class 12,ICSE,JEE,Hindi,2024-11-15,Online
STU0196,Tamanna Balasubramanian,Class 12,State Board,NEET,Hindi,2024-11-24,Offline
STU0197,Triveni Ratta,Class 9,CBSE,JEE,Hindi,2026-07-19,Hybrid
STU0198,Laksh Hayer,Class 9,State Board,NEET,Hindi,2025-09-24,Online
STU0199,Watika Kalla,Class 10,ICSE,Foundation,Hindi,2025-05-31,Offline
STU0200,Upadhriti Brahmbhatt,Class 11,CBSE,Foundation,Tamil,2025-02-17,Hybrid
STU0201,Ishanvi Bora,Class 12,CBSE,NEET,Tamil,2026-02-06,Offline
STU0202,Balhaar Mander,Class 11,ICSE,Foundation,English,2025-12-13,Online
STU0203,Sudiksha Panchal,Class 11,ICSE,Foundation,Tamil,2026-04-01,Offline
STU0204,Jeremiah Nath,Class 12,State Board,JEE,Tamil,2026-01-07,Online
STU0205,Varenya Mittal,Class 11,ICSE,NEET,English,2024-11-04,Offline
STU0206,Edhitha Borde,Class 9,State Board,Foundation,Tamil,2024-07-25,Offline
STU0207,Adweta Modi,Class 9,CBSE,Foundation,Tamil,2024-11-02,Hybrid
STU0208,Osha Agate,Class 12,State Board,NEET,English,2026-07-23,Online
STU0209,Azad Aggarwal,Class 11,State Board,JEE,Tamil,2026-06-29,Offline
STU0210,Lakshit Vohra,Class 12,CBSE,JEE,Hindi,2025-12-09,Hybrid
STU0211,Lila Ramesh,Class 10,State Board,JEE,Tamil,2024-10-31,Hybrid
STU0212,Vanya Kunda,Class 9,State Board,NEET,English,2024-12-12,Online
STU0213,Damini Parmer,Class 9,ICSE,JEE,Hindi,2026-02-08,Online
STU0214,Bhavika Wali,Class 12,State Board,NEET,Hindi,2026-06-13,Hybrid
STU0215,Ayush Dhar,Class 11,ICSE,NEET,Tamil,2025-01-30,Online
STU0216,Chandran Butala,Class 12,State Board,JEE,Tamil,2025-08-02,Online
STU0217,Pooja Khalsa,Class 10,CBSE,NEET,Tamil,2025-10-30,Offline
STU0218,Krish Savant,Class 11,CBSE,NEET,Hindi,2024-11-02,Offline
STU0219,Ati Saha,Class 12,CBSE,NEET,Hindi,2026-06-14,Offline
STU0220,Matthew Bahri,Class 11,ICSE,Foundation,Hindi,2025-12-10,Offline
STU0221,Darpan Chandran,Class 12,ICSE,JEE,Hindi,2024-10-24,Online
STU0222,Arin Gopal,Class 12,CBSE,NEET,English,2026-05-09,Offline
STU0223,Max Dixit,Class 12,State Board,NEET,Tamil,2025-09-26,Hybrid
STU0224,Zashil Kata,Class 10,ICSE,JEE,English,2026-06-04,Hybrid
STU0225,Kashvi Narayan,Class 11,CBSE,NEET,English,2025-05-14,Hybrid
STU0226,Hitesh Dalal,Class 12,CBSE,Foundation,English,2025-05-30,Offline
STU0227,Faras Luthra,Class 10,CBSE,NEET,Tamil,2026-01-06,Offline
STU0228,Vanya Sood,Class 12,State Board,JEE,Tamil,2024-08-28,Hybrid
STU0229,Sanaya Bahri,Class 12,ICSE,Foundation,Hindi,2026-05-30,Offline
STU0230,Nitara Mittal,Class 9,State Board,JEE,English,2026-02-16,Hybrid
STU0231,Upadhriti Kapur,Class 11,CBSE,Foundation,English,2026-02-24,Offline
STU0232,Falguni Babu,Class 9,State Board,Foundation,English,2025-10-30,Offline
STU0233,Jagdish Verma,Class 10,State Board,NEET,English,2025-10-25,Online
STU0234,Chameli Warrior,Class 11,CBSE,NEET,Tamil,2024-08-01,Offline
STU0235,Yuvraj Kala,Class 12,CBSE,JEE,Hindi,2025-12-11,Offline
STU0236,Yug Vig,Class 10,CBSE,JEE,English,2025-06-06,Hybrid
STU0237,Hemal Brar,Class 12,State Board,Foundation,English,2024-10-28,Offline
STU0238,Anusha Pillay,Class 10,CBSE,NEET,Hindi,2026-03-03,Offline
STU0239,Quincy Chakraborty,Class 12,ICSE,Foundation,English,2026-04-09,Offline
STU0240,Meera Nagar,Class 11,State Board,Foundation,English,2025-05-12,Online
STU0241,Qabil Garg,Class 12,ICSE,Foundation,Tamil,2025-05-01,Hybrid
STU0242,Jagdish Pingle,Class 12,State Board,NEET,Tamil,2025-03-16,Offline
STU0243,Vincent Shah,Class 10,ICSE,NEET,English,2025-12-08,Online
STU0244,Qabil Wason,Class 12,State Board,NEET,Hindi,2026-02-28,Offline
STU0245,Aishani Parmar,Class 11,CBSE,Foundation,Tamil,2026-02-22,Offline
STU0246,Isaac Samra,Class 9,State Board,Foundation,Hindi,2025-10-03,Online
STU0247,Hamsini Saraf,Class 12,ICSE,JEE,Hindi,2026-01-21,Offline
STU0248,Faras Narayan,Class 10,State Board,JEE,Hindi,2026-03-28,Offline
STU0249,Anthony Kamdar,Class 10,State Board,JEE,Hindi,2026-01-18,Hybrid
STU0250,Arya Shukla,Class 9,ICSE,NEET,English,2025-09-21,Hybrid
STU0251,Neha Gulati,Class 11,State Board,JEE,English,2025-04-08,Offline
STU0252,Arin Nayar,Class 11,State Board,NEET,English,2026-04-12,Online
STU0253,Nandini Gupta,Class 10,State Board,NEET,Hindi,2025-10-16,Hybrid
STU0254,Falan Buch,Class 11,CBSE,NEET,Tamil,2024-12-22,Offline
STU0255,Mugdha Dhawan,Class 11,CBSE,NEET,English,2024-08-11,Online
STU0256,Tamanna Kadakia,Class 10,State Board,Foundation,Hindi,2024-10-14,Offline
STU0257,Leena Sen,Class 11,CBSE,NEET,English,2026-02-27,Offline
STU0258,Anay Sharaf,Class 9,ICSE,NEET,Hindi,2026-02-14,Hybrid
STU0259,Ekani Ramesh,Class 11,State Board,NEET,Hindi,2025-09-25,Offline
STU0260,Vanya Gulati,Class 9,State Board,JEE,Tamil,2025-11-22,Online
STU0261,Sathvik Parmar,Class 11,State Board,JEE,Hindi,2026-02-13,Online
STU0262,Madhav Pau,Class 12,State Board,NEET,Hindi,2026-04-03,Offline
STU0263,Yashoda Kohli,Class 9,CBSE,JEE,English,2026-05-27,Offline
STU0264,Qarin Krishnan,Class 12,CBSE,JEE,English,2024-11-12,Hybrid
STU0265,Unnati Manda,Class 10,ICSE,NEET,Tamil,2025-10-25,Hybrid
STU0266,Zilmil Kapoor,Class 12,State Board,Foundation,Hindi,2025-04-02,Online
STU0267,Girik Sani,Class 12,State Board,JEE,Tamil,2024-10-10,Hybrid
STU0268,Vaishnavi Majumdar,Class 12,ICSE,JEE,Hindi,2025-07-02,Offline
STU0269,Kabir Setty,Class 10,ICSE,NEET,English,2024-10-24,Offline
STU0270,Falak Bhalla,Class 9,State Board,NEET,Hindi,2024-11-20,Hybrid
STU0271,Arunima Warrior,Class 11,CBSE,NEET,Tamil,2025-08-04,Online
STU0272,Vyanjana Bhatt,Class 9,ICSE,JEE,Hindi,2026-04-13,Online
STU0273,Ayush Sunder,Class 9,CBSE,NEET,English,2025-12-05,Online
STU0274,Warinder Bandi,Class 10,CBSE,Foundation,English,2025-11-10,Hybrid
STU0275,Dev Kunda,Class 10,CBSE,NEET,English,2026-07-15,Hybrid
STU0276,Falan Kota,Class 9,ICSE,JEE,English,2025-03-02,Hybrid
STU0277,Ranbir Chakrabarti,Class 11,CBSE,JEE,Hindi,2026-01-22,Online
STU0278,Upkaar Sangha,Class 10,CBSE,NEET,English,2026-04-20,Hybrid
STU0279,Viraj Handa,Class 11,CBSE,JEE,Tamil,2025-09-04,Online
STU0280,Udyati Dutta,Class 10,State Board,NEET,Hindi,2025-10-12,Online
STU0281,Radha Sami,Class 9,ICSE,NEET,Tamil,2026-01-30,Hybrid
STU0282,Rachit Nath,Class 9,ICSE,Foundation,English,2025-03-21,Hybrid
STU0283,Chakradev Pandit,Class 9,State Board,Foundation,Hindi,2026-05-23,Offline
STU0284,Neel Kant,Class 12,State Board,JEE,English,2025-06-01,Offline
STU0285,Qushi Sekhon,Class 12,ICSE,Foundation,English,2025-12-11,Offline
STU0286,Nisha Dhingra,Class 12,CBSE,JEE,Tamil,2025-07-03,Hybrid
STU0287,Dhriti Rattan,Class 10,CBSE,JEE,Tamil,2025-02-08,Hybrid
STU0288,Sai Dara,Class 11,ICSE,Foundation,Hindi,2024-11-17,Offline
STU0289,Edhitha Mutti,Class 12,State Board,Foundation,Tamil,2025-06-17,Online
STU0290,Harish Varghese,Class 9,State Board,Foundation,Hindi,2026-03-12,Hybrid
STU0291,Aryan Menon,Class 10,ICSE,NEET,English,2026-06-09,Offline
STU0292,Ojasvi Ramakrishnan,Class 11,ICSE,NEET,Tamil,2026-05-11,Hybrid
STU0293,Nihal Purohit,Class 9,ICSE,NEET,Tamil,2026-06-01,Hybrid
STU0294,Kiaan Sibal,Class 11,ICSE,JEE,Hindi,2025-06-22,Offline
STU0295,Jeet Sanghvi,Class 9,CBSE,JEE,English,2025-05-18,Offline
STU0296,Aahana Chacko,Class 9,State Board,Foundation,Tamil,2025-10-22,Online
STU0297,Zaid Raghavan,Class 9,State Board,Foundation,Hindi,2026-04-24,Offline
STU0298,Faris Shah,Class 9,ICSE,NEET,Hindi,2026-05-16,Offline
STU0299,Amaira Singh,Class 9,ICSE,Foundation,Tamil,2024-11-15,Offline
STU0300,Yashvi Pai,Class 9,State Board,Foundation,English,2026-06-23,Online
STU0301,Anirudh Comar,Class 12,CBSE,JEE,Tamil,2026-02-15,Hybrid
STU0302,Jonathan Som,Class 11,CBSE,NEET,Hindi,2025-04-25,Online
STU0303,Daniel Srivastava,Class 12,State Board,Foundation,Hindi,2025-02-18,Hybrid
STU0304,Eiravati Pant,Class 9,State Board,Foundation,Hindi,2026-04-06,Offline
STU0305,Gayathri Bora,Class 9,CBSE,NEET,Hindi,2025-04-30,Offline
STU0306,Hemangini Chand,Class 11,ICSE,JEE,English,2024-10-02,Online
STU0307,Garima Bath,Class 12,CBSE,JEE,Hindi,2025-08-17,Hybrid
STU0308,Zaid Bora,Class 9,CBSE,Foundation,Hindi,2024-12-30,Online
STU0309,Tripti Golla,Class 12,ICSE,NEET,Tamil,2026-07-15,Online
STU0310,Akshay Mall,Class 11,ICSE,Foundation,Tamil,2025-03-19,Hybrid
STU0311,Kai Bhatt,Class 9,CBSE,JEE,English,2024-12-30,Hybrid
STU0312,Max Sanghvi,Class 9,State Board,JEE,Tamil,2025-07-24,Offline
STU0313,Alexander Kanda,Class 12,ICSE,Foundation,Tamil,2026-06-01,Offline
STU0314,Finn Dada,Class 11,CBSE,Foundation,English,2025-05-07,Offline
STU0315,Veda Sehgal,Class 12,CBSE,NEET,Hindi,2026-03-30,Hybrid
STU0316,Sudiksha Parikh,Class 12,State Board,Foundation,Tamil,2025-03-13,Online
STU0317,Devansh Doshi,Class 10,ICSE,Foundation,English,2026-05-16,Online
STU0318,Yashoda Deo,Class 10,ICSE,JEE,English,2025-11-03,Offline
STU0319,Barkha Lanka,Class 11,ICSE,JEE,English,2024-10-27,Offline
STU0320,Vinaya Grewal,Class 12,CBSE,JEE,Tamil,2026-01-07,Hybrid
STU0321,Megha Ghosh,Class 10,State Board,Foundation,Hindi,2024-12-17,Offline
STU0322,Kamya Kapoor,Class 9,ICSE,Foundation,English,2024-09-06,Offline
STU0323,Inaya Wable,Class 9,ICSE,JEE,Tamil,2024-10-26,Hybrid
STU0324,Ishani Badal,Class 12,State Board,NEET,Hindi,2026-01-22,Hybrid
STU0325,Nitara Nadkarni,Class 12,ICSE,JEE,Tamil,2024-11-19,Online
STU0326,Omaja Nadkarni,Class 11,CBSE,Foundation,Tamil,2026-06-21,Hybrid
STU0327,Bhavani Brahmbhatt,Class 11,CBSE,NEET,English,2024-09-30,Online
STU0328,Reyansh Suri,Class 12,State Board,NEET,Hindi,2026-02-01,Online
STU0329,Samarth Ramanathan,Class 12,ICSE,Foundation,Tamil,2025-03-22,Online
STU0330,Ayushman Badami,Class 11,CBSE,JEE,Hindi,2025-07-12,Hybrid
STU0331,Baljiwan Kara,Class 9,State Board,Foundation,English,2026-04-21,Offline
STU0332,Irya Bala,Class 11,State Board,Foundation,English,2025-02-13,Online
STU0333,Ekbal Kara,Class 9,CBSE,NEET,English,2026-05-20,Online
STU0334,Gagan Shan,Class 10,State Board,JEE,English,2024-11-16,Hybrid
STU0335,Tanay Kumer,Class 12,ICSE,Foundation,Hindi,2026-04-27,Offline
STU0336,Aradhana Korpal,Class 11,State Board,NEET,English,2026-03-18,Offline
STU0337,Krisha Basak,Class 9,ICSE,NEET,Hindi,2025-09-27,Offline
STU0338,Tripti Narang,Class 11,State Board,JEE,Tamil,2025-08-01,Hybrid
STU0339,Prisha Mistry,Class 9,ICSE,NEET,Tamil,2025-01-01,Online
STU0340,Vrinda Ramakrishnan,Class 9,ICSE,NEET,English,2025-12-20,Hybrid
STU0341,Faras Basu,Class 9,State Board,Foundation,Hindi,2025-09-01,Offline
STU0342,Jai Soni,Class 12,State Board,Foundation,Hindi,2025-09-13,Online
STU0343,Raghav Pall,Class 12,State Board,Foundation,English,2024-10-28,Offline
STU0344,Nitesh Mistry,Class 12,State Board,JEE,English,2024-11-01,Offline
STU0345,Urmi Tripathi,Class 9,ICSE,Foundation,English,2025-06-28,Hybrid
STU0346,Ayaan Shukla,Class 10,CBSE,JEE,Hindi,2026-06-05,Offline
STU0347,Aayush Badal,Class 12,State Board,Foundation,Hindi,2024-10-01,Online
STU0348,Utkarsh Dalal,Class 11,ICSE,NEET,Tamil,2024-08-06,Offline
STU0349,Leela Dhillon,Class 11,State Board,Foundation,English,2026-05-21,Hybrid
STU0350,Watika Anand,Class 11,CBSE,NEET,English,2025-02-07,Hybrid
STU0351,Yadavi Swaminathan,Class 12,ICSE,NEET,Hindi,2024-08-09,Hybrid
STU0352,Wyatt Kulkarni,Class 10,ICSE,JEE,Hindi,2025-08-08,Hybrid
STU0353,Tanveer Varkey,Class 10,ICSE,NEET,Hindi,2025-03-01,Hybrid
STU0354,Wriddhish Dash,Class 12,CBSE,Foundation,Hindi,2025-07-30,Online
STU0355,Ekiya Sengupta,Class 11,State Board,NEET,Hindi,2025-02-18,Offline
STU0356,Adweta Kota,Class 10,State Board,Foundation,Hindi,2026-04-12,Hybrid
STU0357,Ucchal Mall,Class 9,State Board,Foundation,Tamil,2024-09-16,Hybrid
STU0358,Vrinda Kade,Class 11,CBSE,NEET,Tamil,2026-04-29,Online
STU0359,Tanmayi Shan,Class 10,ICSE,NEET,English,2024-09-08,Online
STU0360,Kabir Boase,Class 10,CBSE,JEE,Tamil,2025-11-23,Online
STU0361,Upkaar Kala,Class 9,State Board,NEET,Hindi,2026-03-17,Online
STU0362,Vasana Sha,Class 12,CBSE,JEE,English,2025-11-13,Hybrid
STU0363,Lohit Som,Class 10,State Board,NEET,English,2025-07-13,Offline
STU0364,Benjamin Rao,Class 11,State Board,Foundation,English,2025-09-02,Offline
STU0365,Watika Kashyap,Class 11,State Board,NEET,English,2025-08-07,Hybrid
STU0366,Vasana Bajwa,Class 10,ICSE,NEET,English,2025-01-31,Offline
STU0367,Ishita Shanker,Class 12,ICSE,NEET,Tamil,2025-12-17,Hybrid
STU0368,Vasudha Thakur,Class 12,CBSE,JEE,Hindi,2025-10-01,Online
STU0369,William Mody,Class 11,CBSE,Foundation,Tamil,2025-06-06,Offline
STU0370,Luke Kala,Class 9,State Board,Foundation,English,2025-09-07,Offline
STU0371,Hredhaan Raj,Class 9,CBSE,NEET,Tamil,2026-04-08,Hybrid
STU0372,Bishakha Venkataraman,Class 10,ICSE,JEE,English,2025-10-19,Offline
STU0373,Raksha Rattan,Class 11,CBSE,NEET,English,2025-01-21,Offline
STU0374,Abhimanyu Saraf,Class 11,CBSE,NEET,English,2024-12-17,Offline
STU0375,Jackson Raman,Class 10,CBSE,NEET,English,2025-04-17,Hybrid
STU0376,Liam Shankar,Class 11,CBSE,JEE,English,2025-11-17,Offline
STU0377,Tanvi Rama,Class 12,State Board,JEE,Hindi,2026-01-29,Offline
STU0378,Devansh Pall,Class 12,State Board,JEE,English,2025-09-13,Online
STU0379,Anita Memon,Class 11,CBSE,JEE,Hindi,2025-03-24,Hybrid
STU0380,Yutika Ganguly,Class 12,CBSE,NEET,English,2024-10-23,Offline
STU0381,Naksh Borde,Class 9,CBSE,JEE,Tamil,2024-10-30,Hybrid
STU0382,Liam Randhawa,Class 12,CBSE,JEE,Tamil,2024-11-30,Hybrid
STU0383,Abhimanyu Rastogi,Class 9,State Board,Foundation,Hindi,2025-02-01,Online
STU0384,Watika Mitter,Class 10,ICSE,NEET,English,2026-05-12,Hybrid
STU0385,Warinder Shukla,Class 11,CBSE,Foundation,Tamil,2026-02-21,Online
STU0386,Baljiwan Atwal,Class 9,State Board,NEET,English,2025-01-21,Hybrid
STU0387,Jason Mishra,Class 9,ICSE,NEET,English,2025-09-17,Hybrid
STU0388,Aayush Shah,Class 12,ICSE,NEET,Hindi,2025-09-25,Online
STU0389,Sudiksha Gopal,Class 11,CBSE,NEET,English,2025-01-03,Hybrid
STU0390,Saksham Malhotra,Class 9,State Board,Foundation,Tamil,2025-02-06,Online
STU0391,Jacob Pai,Class 9,ICSE,Foundation,Tamil,2025-08-08,Hybrid
STU0392,Mohammed Ganesh,Class 10,State Board,NEET,Hindi,2026-02-11,Offline
STU0393,Hema Din,Class 10,CBSE,JEE,Hindi,2025-04-01,Offline
STU0394,Ria Devan,Class 9,ICSE,JEE,English,2025-11-22,Online
STU0395,Devika Ganguly,Class 9,ICSE,NEET,Hindi,2025-06-24,Offline
STU0396,Ronith Sankar,Class 12,ICSE,JEE,Hindi,2024-11-09,Online
STU0397,Sai Rama,Class 11,ICSE,JEE,Hindi,2024-08-30,Offline
STU0398,Joshua Chaudry,Class 11,CBSE,NEET,Tamil,2025-08-10,Offline
STU0399,Abhimanyu Varghese,Class 12,ICSE,NEET,English,2024-11-12,Offline
STU0400,Harish Bala,Class 12,ICSE,Foundation,Tamil,2026-06-04,Online
STU0401,Siya D’Alia,Class 12,CBSE,NEET,Hindi,2024-08-28,Online
STU0402,Krishna Din,Class 11,ICSE,JEE,English,2025-06-21,Offline
STU0403,Ayushman Bhat,Class 11,ICSE,NEET,Hindi,2025-11-15,Hybrid
STU0404,Anirudh Sarkar,Class 12,CBSE,Foundation,Tamil,2024-08-17,Offline
STU0405,Chaman Baral,Class 12,CBSE,Foundation,Tamil,2024-10-04,Hybrid
STU0406,Aarav Banerjee,Class 12,ICSE,Foundation,English,2025-12-07,Online
STU0407,Urishilla Babu,Class 12,ICSE,Foundation,Hindi,2025-02-08,Hybrid
STU0408,Mitali Chauhan,Class 10,CBSE,JEE,Hindi,2025-03-13,Hybrid
STU0409,Qabil Tata,Class 12,CBSE,JEE,English,2025-11-14,Online
STU0410,Qushi Keer,Class 11,ICSE,NEET,Hindi,2026-03-01,Online
STU0411,Jacob Bora,Class 10,State Board,NEET,Tamil,2024-07-27,Offline
STU0412,Robert Pant,Class 12,CBSE,Foundation,English,2026-03-13,Hybrid
STU0413,Zaid Hora,Class 11,ICSE,NEET,Hindi,2024-09-11,Offline
STU0414,Mitali Korpal,Class 10,CBSE,JEE,Hindi,2025-06-22,Online
STU0415,Indrajit Ramakrishnan,Class 12,State Board,NEET,Hindi,2024-11-18,Online
STU0416,Oeshi Sandhu,Class 11,ICSE,Foundation,Tamil,2026-02-28,Online
STU0417,Vihaan Verma,Class 11,State Board,NEET,English,2025-10-21,Online
STU0418,Madhav Mani,Class 10,CBSE,NEET,English,2025-12-13,Hybrid
STU0419,Henry Mistry,Class 12,CBSE,Foundation,Tamil,2024-08-28,Hybrid
STU0420,Suhani Pai,Class 11,State Board,JEE,Hindi,2024-12-24,Hybrid
STU0421,Sanya Shan,Class 11,ICSE,JEE,Hindi,2024-10-13,Hybrid
STU0422,Qushi Goyal,Class 10,ICSE,Foundation,English,2025-09-21,Online
STU0423,Aadi Anand,Class 10,CBSE,JEE,Tamil,2025-10-10,Online
STU0424,Yahvi Sandhu,Class 11,State Board,Foundation,Tamil,2026-03-15,Offline
STU0425,Ekta Dhar,Class 10,State Board,JEE,English,2024-12-20,Offline
STU0426,Mitesh Kara,Class 12,State Board,Foundation,Tamil,2024-08-08,Hybrid
STU0427,Chanakya Kara,Class 12,ICSE,Foundation,English,2025-09-11,Online
STU0428,Zayan Khalsa,Class 11,State Board,JEE,Tamil,2026-01-26,Offline
STU0429,Anita Dyal,Class 11,CBSE,Foundation,Hindi,2026-06-09,Hybrid
STU0430,Kiaan Choudhary,Class 10,CBSE,NEET,Hindi,2025-01-31,Online
STU0431,Gautam Nazareth,Class 9,State Board,JEE,Tamil,2025-02-10,Online
STU0432,Onveer Ratta,Class 10,ICSE,Foundation,English,2024-10-23,Offline
STU0433,Hredhaan Vasa,Class 11,CBSE,NEET,English,2025-09-11,Hybrid
STU0434,Mohammed Srinivasan,Class 11,CBSE,Foundation,Tamil,2025-08-03,Hybrid
STU0435,Alka Andra,Class 9,State Board,Foundation,English,2024-12-23,Hybrid
STU0436,Upkaar Savant,Class 10,CBSE,Foundation,Hindi,2026-04-25,Hybrid
STU0437,Dev Raman,Class 11,State Board,JEE,English,2025-11-22,Online
STU0438,Aahana Bahl,Class 9,State Board,Foundation,Tamil,2025-06-12,Hybrid
STU0439,Lohit Sur,Class 10,State Board,NEET,Hindi,2024-10-03,Hybrid
STU0440,Vinaya Kibe,Class 9,ICSE,Foundation,Hindi,2025-03-22,Offline
STU0441,Frederick Muni,Class 11,ICSE,JEE,Hindi,2025-04-18,Offline
STU0442,Anika Sachdev,Class 11,ICSE,JEE,Hindi,2024-11-02,Online
STU0443,Chakrika Khare,Class 10,ICSE,NEET,Tamil,2025-12-23,Offline
STU0444,Isaac Kari,Class 10,ICSE,Foundation,English,2026-03-22,Offline
STU0445,Urishilla Ray,Class 11,State Board,NEET,Tamil,2024-08-01,Online
STU0446,Gopal Som,Class 11,State Board,Foundation,English,2026-06-13,Offline
STU0447,Bishakha Goel,Class 10,ICSE,JEE,Tamil,2026-07-19,Offline
STU0448,Chanchal Sangha,Class 10,CBSE,JEE,English,2025-10-06,Offline
STU0449,Qadim Bava,Class 12,State Board,NEET,English,2025-11-13,Online
STU0450,Vedhika Bera,Class 11,State Board,Foundation,Tamil,2024-09-25,Online
STU0451,Vasudha Sur,Class 10,ICSE,Foundation,Tamil,2025-09-17,Offline
STU0452,Onveer Saraf,Class 11,ICSE,JEE,English,2025-06-03,Offline
STU0453,Wyatt Om,Class 12,CBSE,JEE,Hindi,2025-11-26,Offline
STU0454,Sarthak Buch,Class 9,CBSE,NEET,Tamil,2025-09-12,Hybrid
STU0455,Reva Hans,Class 12,ICSE,Foundation,English,2024-09-30,Online
STU0456,Nidhi Dhawan,Class 12,CBSE,NEET,Hindi,2024-11-10,Offline
STU0457,Zarna Nadig,Class 12,ICSE,JEE,Tamil,2025-09-25,Online
STU0458,Manya Dar,Class 10,ICSE,Foundation,Tamil,2024-09-13,Online
STU0459,Harita Shere,Class 12,State Board,NEET,Hindi,2025-03-28,Offline
STU0460,Dev Loke,Class 9,CBSE,JEE,Tamil,2025-01-16,Offline
STU0461,Tanveer Kurian,Class 11,State Board,NEET,English,2025-11-23,Online
STU0462,Peter Rama,Class 12,State Board,JEE,English,2024-07-24,Online
STU0463,Yutika Nagy,Class 10,State Board,NEET,Tamil,2024-07-28,Hybrid
STU0464,Vasatika Gola,Class 12,CBSE,Foundation,Hindi,2025-01-25,Online
STU0465,Christopher Khurana,Class 11,State Board,NEET,English,2025-04-19,Offline
STU0466,Champak Vyas,Class 11,State Board,NEET,Hindi,2025-06-17,Hybrid
STU0467,Jagat Raghavan,Class 12,State Board,Foundation,Tamil,2025-09-26,Offline
STU0468,Onkar Hari,Class 9,ICSE,NEET,Hindi,2025-02-06,Online
STU0469,Dayamai Dani,Class 12,State Board,NEET,Hindi,2025-12-22,Hybrid
STU0470,Ekta Chana,Class 9,State Board,NEET,Tamil,2025-05-03,Hybrid
STU0471,Kashvi Khurana,Class 10,State Board,JEE,Hindi,2025-07-09,Offline
STU0472,Gauri Tank,Class 10,State Board,Foundation,Hindi,2024-09-04,Hybrid
STU0473,Vasatika Gandhi,Class 12,CBSE,Foundation,English,2026-07-16,Online
STU0474,Atharv Tailor,Class 9,CBSE,JEE,Tamil,2025-05-13,Offline
STU0475,Nilima Lala,Class 12,CBSE,NEET,Hindi,2026-05-16,Online
STU0476,Pranit Mukhopadhyay,Class 12,State Board,Foundation,Tamil,2025-06-19,Hybrid
STU0477,Champak Chakrabarti,Class 9,State Board,JEE,Hindi,2025-08-11,Online
STU0478,Finn Batra,Class 11,State Board,NEET,Hindi,2025-09-22,Offline
STU0479,Ayaan Char,Class 11,CBSE,NEET,Hindi,2026-06-08,Offline
STU0480,Rayaan Aurora,Class 11,State Board,Foundation,Hindi,2024-12-03,Hybrid
STU0481,Lila Sama,Class 11,State Board,NEET,English,2025-01-02,Online
STU0482,Onveer Din,Class 11,State Board,NEET,English,2024-10-17,Offline
STU0483,Gagan Tandon,Class 11,State Board,JEE,Hindi,2025-12-19,Hybrid
STU0484,Udant Pandey,Class 12,ICSE,NEET,Tamil,2024-10-10,Hybrid
STU0485,Rachana Khare,Class 11,ICSE,JEE,Hindi,2025-12-07,Hybrid
STU0486,Manthan Wadhwa,Class 12,ICSE,NEET,English,2025-08-01,Offline
STU0487,Christopher Luthra,Class 9,ICSE,Foundation,English,2025-11-17,Offline
STU0488,Sneha Mann,Class 12,State Board,NEET,Hindi,2025-10-11,Offline
STU0489,Vedhika Mistry,Class 10,CBSE,Foundation,Tamil,2026-06-05,Hybrid
STU0490,Vincent Sekhon,Class 11,CBSE,JEE,Hindi,2026-06-04,Hybrid
STU0491,Vyanjana Saini,Class 10,CBSE,JEE,Hindi,2026-04-19,Hybrid
STU0492,Benjamin Pal,Class 10,State Board,JEE,English,2025-12-14,Online
STU0493,Bhavini Merchant,Class 12,ICSE,Foundation,Tamil,2024-09-28,Online
STU0494,Ojasvi Malhotra,Class 10,CBSE,Foundation,English,2026-03-12,Offline
STU0495,Mohammed Srinivas,Class 12,ICSE,Foundation,English,2026-02-15,Offline
STU0496,Priya Kaur,Class 11,ICSE,Foundation,English,2025-10-30,Online
STU0497,Megha Bava,Class 10,State Board,Foundation,Hindi,2024-07-24,Online
STU0498,Timothy Char,Class 10,ICSE,JEE,English,2026-02-17,Offline
STU0499,Gabriel Kulkarni,Class 12,CBSE,Foundation,Tamil,2026-03-03,Online
STU0500,Imaran Sarma,Class 9,ICSE,Foundation,Hindi,2026-03-12,Online
STU0501,Dev Bhalla,Class 11,ICSE,NEET,Hindi,2025-04-12,Hybrid
STU0502,Krishna Sidhu,Class 12,CBSE,Foundation,Tamil,2024-10-19,Offline
STU0503,Girik Kuruvilla,Class 10,CBSE,NEET,English,2024-11-28,Hybrid
STU0504,Logan Pandit,Class 12,State Board,NEET,Hindi,2025-04-11,Online
STU0505,Falan Nagarajan,Class 9,State Board,NEET,Tamil,2025-05-02,Hybrid
STU0506,Samaksh Anne,Class 10,CBSE,Foundation,Hindi,2025-04-12,Offline
STU0507,Ishita Mani,Class 12,State Board,NEET,English,2026-03-15,Offline
STU0508,Pooja Kunda,Class 9,CBSE,JEE,Tamil,2025-06-28,Offline
STU0509,Jagrati Deshpande,Class 10,CBSE,NEET,Tamil,2026-05-21,Online
STU0510,Gagan Sawhney,Class 12,ICSE,NEET,Tamil,2024-11-14,Hybrid
STU0511,Devika Gade,Class 9,ICSE,Foundation,Tamil,2025-12-04,Hybrid
STU0512,Mohammed Shetty,Class 10,CBSE,Foundation,English,2024-12-14,Offline
STU0513,Benjamin Shankar,Class 11,CBSE,NEET,Hindi,2026-04-13,Hybrid
STU0514,Chasmum Rout,Class 11,State Board,JEE,Hindi,2025-02-08,Offline
STU0515,Triya Sankar,Class 11,State Board,JEE,English,2024-08-01,Online
STU0516,Tanveer Gole,Class 12,CBSE,NEET,Hindi,2024-10-15,Hybrid
STU0517,Vamakshi Madan,Class 11,ICSE,Foundation,Hindi,2025-05-13,Offline
STU0518,Ranbir Singh,Class 10,CBSE,Foundation,Hindi,2025-04-12,Online
STU0519,Nathaniel Bhasin,Class 12,State Board,Foundation,Tamil,2026-01-13,Online
STU0520,Fitan Naik,Class 9,CBSE,Foundation,Hindi,2024-10-15,Online
STU0521,Darika Joshi,Class 10,CBSE,NEET,Hindi,2024-08-10,Offline
STU0522,Bakhshi Prakash,Class 9,State Board,JEE,Hindi,2025-06-01,Hybrid
STU0523,Indrajit Sankar,Class 12,CBSE,Foundation,Tamil,2025-03-14,Online
STU0524,Lohit Taneja,Class 12,CBSE,Foundation,Tamil,2026-02-13,Offline
STU0525,Ekaraj Dass,Class 9,State Board,NEET,Hindi,2025-11-17,Offline
STU0526,Deepa Thaman,Class 9,ICSE,NEET,English,2026-03-21,Hybrid
STU0527,Jason Sarna,Class 10,State Board,JEE,English,2025-04-21,Offline
STU0528,Viraj Gokhale,Class 11,State Board,JEE,Hindi,2024-09-22,Online
STU0529,Bahadurjit Balasubramanian,Class 9,ICSE,JEE,Tamil,2026-01-11,Offline
STU0530,Manan Karpe,Class 10,CBSE,Foundation,Hindi,2025-11-09,Hybrid
STU0531,Bachittar Krishnan,Class 12,ICSE,NEET,Tamil,2025-05-10,Offline
STU0532,Anamika Wali,Class 12,CBSE,Foundation,Hindi,2025-02-10,Hybrid
STU0533,Janaki Badal,Class 10,State Board,NEET,English,2026-07-20,Online
STU0534,Megha Bhardwaj,Class 12,State Board,JEE,Hindi,2025-01-30,Online
STU0535,Quincy Tata,Class 9,CBSE,NEET,Tamil,2025-12-02,Hybrid
STU0536,Tejas Khosla,Class 12,State Board,NEET,English,2026-04-22,Online
STU0537,Rachana Palan,Class 12,ICSE,JEE,Tamil,2024-12-28,Online
STU0538,Samarth Dua,Class 9,CBSE,Foundation,Tamil,2025-05-22,Hybrid
STU0539,Jack Dhar,Class 9,CBSE,JEE,English,2025-09-24,Online
STU0540,Janaki Chadha,Class 9,ICSE,Foundation,Hindi,2024-09-03,Hybrid
STU0541,Ekalinga Chopra,Class 9,CBSE,Foundation,English,2026-02-06,Offline
STU0542,Unnati Shanker,Class 12,CBSE,Foundation,English,2026-03-02,Online
STU0543,Qushi Borah,Class 10,State Board,NEET,English,2026-04-15,Hybrid
STU0544,Radhika Lad,Class 11,State Board,Foundation,Hindi,2026-04-20,Offline
STU0545,Udarsh Bora,Class 10,ICSE,JEE,Hindi,2024-09-27,Hybrid
STU0546,Jeremiah Choudhry,Class 10,ICSE,NEET,Tamil,2026-01-12,Online
STU0547,Eiravati Sood,Class 10,State Board,Foundation,Tamil,2025-05-24,Hybrid
STU0548,Ladli Naidu,Class 12,CBSE,NEET,Hindi,2026-04-27,Hybrid
STU0549,Ojas Oak,Class 12,State Board,NEET,Hindi,2025-10-21,Offline
STU0550,Ranveer Sarma,Class 12,CBSE,NEET,Tamil,2025-06-14,Online
STU0551,Tejas Goel,Class 12,CBSE,JEE,Tamil,2025-12-10,Hybrid
STU0552,Yutika Biswas,Class 10,ICSE,JEE,Hindi,2026-02-27,Offline
STU0553,Madhavi Mahal,Class 12,State Board,Foundation,English,2026-01-09,Offline
STU0554,Ranbir Rana,Class 10,ICSE,JEE,Tamil,2026-07-23,Hybrid
STU0555,Ranveer Ahuja,Class 9,ICSE,NEET,English,2025-06-25,Hybrid
STU0556,Qarin Mani,Class 10,CBSE,NEET,Tamil,2025-02-17,Hybrid
STU0557,Tanay Choudhury,Class 9,CBSE,JEE,Hindi,2026-06-25,Hybrid
STU0558,Chakradev Datta,Class 10,ICSE,JEE,Tamil,2026-01-22,Offline
STU0559,Gaurang Mohanty,Class 9,CBSE,JEE,Hindi,2025-09-19,Online
STU0560,Warjas Bhatnagar,Class 12,CBSE,Foundation,Hindi,2024-09-07,Hybrid
STU0561,Om Dugar,Class 10,ICSE,JEE,Hindi,2024-10-13,Offline
STU0562,Bhavya Sunder,Class 11,ICSE,NEET,Hindi,2025-03-20,Hybrid
STU0563,Ishaan Manda,Class 11,ICSE,NEET,Tamil,2025-05-09,Hybrid
STU0564,Mitali Bakshi,Class 12,ICSE,JEE,Hindi,2025-02-15,Offline
STU0565,Jackson Badal,Class 11,CBSE,NEET,Tamil,2026-03-22,Offline
STU0566,Oliver Bail,Class 9,State Board,JEE,Hindi,2025-12-07,Online
STU0567,Farhan Kapoor,Class 9,ICSE,Foundation,Hindi,2026-06-30,Hybrid
STU0568,Sanya Dubey,Class 12,ICSE,JEE,English,2025-01-12,Offline
STU0569,Janya Dass,Class 10,ICSE,Foundation,English,2024-10-12,Offline
STU0570,Alexander Soman,Class 11,ICSE,NEET,Hindi,2024-10-10,Hybrid
STU0571,Osha Nadkarni,Class 12,ICSE,JEE,Hindi,2025-04-22,Offline
STU0572,Samaksh Walla,Class 10,CBSE,Foundation,Hindi,2025-02-27,Offline
STU0573,Sudiksha Lata,Class 10,State Board,Foundation,English,2026-07-17,Hybrid
STU0574,Sarthak Nori,Class 9,CBSE,Foundation,English,2025-08-30,Online
STU0575,Anusha Mallick,Class 12,CBSE,Foundation,English,2025-02-25,Online
STU0576,Maanas Dash,Class 10,CBSE,JEE,Hindi,2025-12-16,Offline
STU0577,Yashica Ganguly,Class 11,CBSE,Foundation,Hindi,2024-11-13,Hybrid
STU0578,Vasana Basu,Class 12,State Board,NEET,English,2025-06-22,Online
STU0579,Yashasvi Sunder,Class 12,CBSE,JEE,Hindi,2026-02-01,Hybrid
STU0580,Yug Barad,Class 11,State Board,NEET,English,2026-01-18,Hybrid
STU0581,Adya Varty,Class 12,CBSE,JEE,English,2026-06-10,Hybrid
STU0582,Warinder Kota,Class 10,CBSE,JEE,Hindi,2026-02-13,Hybrid
STU0583,Sai Mukhopadhyay,Class 11,ICSE,NEET,Tamil,2026-03-09,Online
STU0584,Manbir Kale,Class 11,ICSE,NEET,Hindi,2026-06-04,Online
STU0585,Harshil Om,Class 10,ICSE,Foundation,English,2025-02-22,Hybrid
STU0586,Wyatt Kala,Class 9,CBSE,NEET,Tamil,2026-02-23,Offline
STU0587,Ekaraj Bhargava,Class 12,CBSE,Foundation,English,2025-01-31,Hybrid
STU0588,Finn Talwar,Class 10,CBSE,NEET,Tamil,2025-12-18,Hybrid
STU0589,Michael Venkataraman,Class 11,State Board,JEE,Hindi,2026-06-19,Online
STU0590,Alexander Dutta,Class 10,CBSE,Foundation,Hindi,2024-10-07,Offline
STU0591,Sara Das,Class 11,CBSE,JEE,Hindi,2025-11-10,Offline
STU0592,Ekaraj Thaker,Class 9,CBSE,NEET,English,2026-01-04,Online
STU0593,Yash Barad,Class 10,State Board,NEET,English,2025-11-12,Offline
STU0594,Qushi Dhar,Class 10,State Board,JEE,Hindi,2025-08-24,Offline
STU0595,Eta Char,Class 11,ICSE,Foundation,English,2026-07-18,Hybrid
STU0596,Viraj Yadav,Class 9,State Board,Foundation,Tamil,2025-03-25,Online
STU0597,Upma Sabharwal,Class 9,ICSE,JEE,English,2025-01-03,Offline
STU0598,Warjas Mander,Class 12,ICSE,JEE,Hindi,2026-06-26,Offline
STU0599,Dipta Sampath,Class 12,ICSE,JEE,Tamil,2025-08-28,Hybrid
STU0600,Samesh Suresh,Class 12,ICSE,JEE,Hindi,2026-01-19,Hybrid
STU0601,Gagan Dey,Class 12,CBSE,Foundation,Tamil,2024-08-25,Online
STU0602,Garima Batra,Class 9,CBSE,NEET,English,2024-09-23,Offline
STU0603,Sanya Viswanathan,Class 10,State Board,NEET,Tamil,2026-06-04,Offline
STU0604,Michael Baria,Class 9,CBSE,JEE,Tamil,2024-10-26,Offline
STU0605,Nachiket Bhagat,Class 11,ICSE,JEE,English,2025-04-16,Online
STU0606,Vidhi Prabhu,Class 10,ICSE,NEET,Hindi,2026-02-26,Hybrid
STU0607,Joshua Thakur,Class 12,CBSE,JEE,English,2025-03-11,Offline
STU0608,Mitali Ganguly,Class 9,State Board,Foundation,Tamil,2024-11-15,Offline
STU0609,Omisha Thakur,Class 9,ICSE,NEET,Tamil,2025-05-17,Online
STU0610,Chasmum Tank,Class 10,State Board,Foundation,English,2024-10-23,Hybrid
STU0611,Wishi Reddy,Class 12,CBSE,JEE,Tamil,2024-09-26,Offline
STU0612,Ekta Deo,Class 11,ICSE,JEE,English,2025-02-03,Online
STU0613,Unni Butala,Class 12,ICSE,NEET,Tamil,2024-08-10,Offline
STU0614,Nitara Wable,Class 9,ICSE,NEET,English,2025-09-06,Hybrid
STU0615,Adya Handa,Class 12,State Board,Foundation,English,2025-04-11,Offline
STU0616,Ekapad Dash,Class 9,CBSE,NEET,English,2024-08-27,Offline
STU0617,Triya Kumar,Class 11,State Board,NEET,Tamil,2024-11-17,Offline
STU0618,Veda Minhas,Class 11,ICSE,Foundation,Hindi,2025-12-19,Online
STU0619,Urmi Mitra,Class 11,ICSE,Foundation,Hindi,2025-02-01,Online
STU0620,Orinder Sengupta,Class 12,ICSE,JEE,Tamil,2024-10-22,Offline
STU0621,Ranbir Sachar,Class 11,State Board,Foundation,Hindi,2024-07-24,Offline
STU0622,Nidhi Narayan,Class 10,ICSE,NEET,Tamil,2025-08-09,Offline
STU0623,Aashi Pillai,Class 11,CBSE,Foundation,English,2024-10-18,Hybrid
STU0624,Peter Das,Class 10,State Board,Foundation,English,2025-07-14,Hybrid
STU0625,Zehaan More,Class 12,State Board,JEE,Tamil,2026-04-01,Offline
STU0626,Michael Bhagat,Class 9,ICSE,Foundation,Tamil,2025-05-07,Online
STU0627,Sudiksha Hayre,Class 11,CBSE,NEET,Hindi,2025-04-04,Online
STU0628,Hiral Kapoor,Class 12,ICSE,JEE,Tamil,2026-07-24,Hybrid
STU0629,Upkaar Anand,Class 12,State Board,NEET,Hindi,2026-04-15,Hybrid
STU0630,Ekavir Swamy,Class 12,State Board,JEE,Tamil,2024-12-08,Hybrid
STU0631,Faraj Panchal,Class 9,CBSE,JEE,Hindi,2025-02-27,Hybrid
STU0632,Yatan Gala,Class 11,CBSE,Foundation,Hindi,2026-02-22,Online
STU0633,Qushi Chaudhuri,Class 12,ICSE,NEET,English,2025-12-24,Online
STU0634,Utkarsh Bhattacharyya,Class 9,ICSE,JEE,Hindi,2026-07-21,Hybrid
STU0635,Chatura Das,Class 10,ICSE,NEET,Tamil,2025-05-12,Offline
STU0636,Samuel Bora,Class 10,ICSE,JEE,Tamil,2026-07-02,Online
STU0637,Bakhshi Lata,Class 11,ICSE,JEE,English,2025-02-27,Hybrid
STU0638,Hritik Das,Class 10,ICSE,NEET,Tamil,2026-02-12,Offline
STU0639,Odika Seshadri,Class 10,State Board,NEET,Tamil,2025-04-16,Offline
STU0640,Zaid Goswami,Class 9,ICSE,Foundation,Hindi,2026-04-04,Offline
STU0641,Oscar Chawla,Class 11,CBSE,NEET,English,2024-11-09,Hybrid
STU0642,Omisha Edwin,Class 9,CBSE,NEET,Hindi,2025-11-18,Online
STU0643,Zarna Vasa,Class 10,State Board,JEE,Hindi,2024-10-23,Online
STU0644,Aarush Varma,Class 10,ICSE,Foundation,Tamil,2024-09-28,Offline
STU0645,Saumya Sarna,Class 10,ICSE,Foundation,English,2025-08-06,Online
STU0646,Mahika Rastogi,Class 12,ICSE,JEE,Hindi,2025-03-05,Hybrid
STU0647,Shivani Kuruvilla,Class 10,ICSE,Foundation,Tamil,2024-09-15,Offline
STU0648,Chakradev Loke,Class 9,State Board,JEE,English,2024-11-17,Offline
STU0649,Harish Dugar,Class 9,State Board,JEE,Hindi,2025-07-09,Online
STU0650,Faraj Manne,Class 11,ICSE,JEE,Tamil,2025-08-04,Online
STU0651,Vansha Loke,Class 11,State Board,NEET,Hindi,2026-02-02,Hybrid
STU0652,Adweta Comar,Class 11,State Board,NEET,Hindi,2024-10-10,Offline
STU0653,Luke Walla,Class 9,ICSE,NEET,Tamil,2025-08-11,Hybrid
STU0654,Yutika Nayar,Class 10,State Board,Foundation,Tamil,2025-02-07,Hybrid
STU0655,Jairaj Kumar,Class 9,State Board,JEE,Tamil,2025-11-29,Online
STU0656,Elijah Srinivasan,Class 10,ICSE,JEE,English,2024-09-11,Offline
STU0657,David Balakrishnan,Class 10,State Board,NEET,Tamil,2025-07-10,Hybrid
STU0658,Eta Thaker,Class 10,State Board,NEET,Tamil,2026-04-28,Online
STU0659,Riya Doshi,Class 12,State Board,Foundation,Hindi,2025-09-10,Hybrid
STU0660,Lakshit Bahri,Class 10,State Board,JEE,Tamil,2026-02-09,Offline
STU0661,Anita Palan,Class 10,CBSE,NEET,Tamil,2026-04-24,Hybrid
STU0662,Janya Buch,Class 9,ICSE,JEE,Tamil,2026-06-11,Online
STU0663,Zehaan Rajan,Class 10,ICSE,Foundation,Hindi,2025-09-13,Hybrid
STU0664,Dayamai Kalla,Class 12,ICSE,Foundation,Tamil,2026-01-08,Offline
STU0665,Joshua Borra,Class 12,ICSE,JEE,English,2024-12-27,Hybrid
STU0666,Ansh Pingle,Class 9,CBSE,NEET,English,2025-10-11,Offline
STU0667,Ekiya Bora,Class 10,State Board,NEET,English,2025-08-27,Offline
STU0668,Deepa Parekh,Class 12,State Board,Foundation,English,2025-03-04,Hybrid
STU0669,Aadhya Chopra,Class 9,ICSE,Foundation,Tamil,2024-11-24,Hybrid
STU0670,Wakeeta Wali,Class 9,State Board,NEET,Hindi,2024-08-11,Online
STU0671,Nidhi Randhawa,Class 12,CBSE,Foundation,Hindi,2025-08-22,Online
STU0672,Tanvi Dada,Class 11,CBSE,NEET,Tamil,2026-05-12,Offline
STU0673,Lohit Chaudhuri,Class 9,ICSE,JEE,English,2024-09-03,Online
STU0674,Advay Pal,Class 11,State Board,Foundation,Hindi,2026-02-12,Offline
STU0675,Waida Pradhan,Class 10,State Board,JEE,English,2026-03-23,Online
STU0676,Vrinda Kalita,Class 9,State Board,NEET,Hindi,2025-12-30,Offline
STU0677,Gabriel Bhakta,Class 10,ICSE,Foundation,Tamil,2025-01-26,Offline
STU0678,Charita Badami,Class 11,State Board,Foundation,English,2025-03-03,Online
STU0679,Devika Vala,Class 12,CBSE,NEET,Hindi,2025-08-13,Online
STU0680,Charvi Palan,Class 10,CBSE,JEE,Hindi,2025-10-27,Offline
STU0681,Aashi Bedi,Class 10,State Board,NEET,Tamil,2026-04-12,Online
STU0682,Fariq Golla,Class 11,State Board,NEET,Tamil,2024-10-18,Offline
STU0683,Mahika Nigam,Class 9,State Board,JEE,Tamil,2026-03-06,Hybrid
STU0684,Triveni Bail,Class 11,State Board,NEET,Tamil,2025-08-01,Offline
STU0685,Avni Hegde,Class 11,State Board,JEE,Hindi,2024-11-03,Online
STU0686,Hardik Peri,Class 12,State Board,Foundation,Hindi,2025-10-12,Offline
STU0687,Ekapad Desai,Class 9,State Board,NEET,English,2024-09-21,Offline
STU0688,Pallavi Gupta,Class 10,ICSE,NEET,Tamil,2025-01-29,Offline
STU0689,Aryan Dora,Class 11,State Board,Foundation,English,2025-08-13,Hybrid
STU0690,Ikbal Seth,Class 12,ICSE,Foundation,English,2024-09-05,Online
STU0691,Vansha Chadha,Class 9,State Board,NEET,English,2026-05-19,Online
STU0692,Ishaan Barman,Class 10,ICSE,NEET,English,2025-11-23,Offline
STU0693,Balendra Dash,Class 10,State Board,JEE,Hindi,2025-09-06,Offline
STU0694,Krishna Bakshi,Class 10,ICSE,JEE,Hindi,2025-04-18,Offline
STU0695,Vyanjana Pandey,Class 11,CBSE,NEET,Hindi,2025-07-25,Hybrid
STU0696,Imaran Pandey,Class 10,CBSE,NEET,Hindi,2025-05-14,Offline
STU0697,Dhruv Tak,Class 10,ICSE,Foundation,English,2025-05-24,Hybrid
STU0698,Samuel Vyas,Class 9,CBSE,JEE,Tamil,2024-08-29,Online
STU0699,Yagnesh Tripathi,Class 10,State Board,JEE,Hindi,2026-05-25,Hybrid
STU0700,Warjas Banerjee,Class 12,CBSE,JEE,Hindi,2026-07-04,Offline
STU0701,Chandran Prashad,Class 9,ICSE,Foundation,English,2024-10-30,Offline
STU0702,Udarsh Dhaliwal,Class 9,CBSE,NEET,English,2026-05-19,Hybrid
STU0703,Omya Menon,Class 9,CBSE,NEET,Tamil,2025-02-27,Offline
STU0704,Mugdha Shukla,Class 10,ICSE,JEE,Hindi,2026-07-09,Hybrid
STU0705,Wriddhish Rao,Class 10,CBSE,Foundation,Hindi,2025-10-31,Online
STU0706,Nikita Gulati,Class 10,ICSE,NEET,Hindi,2026-03-28,Online
STU0707,Ayushman Edwin,Class 10,ICSE,Foundation,Hindi,2025-12-16,Offline
STU0708,Dhruv Varghese,Class 10,CBSE,JEE,English,2026-04-19,Online
STU0709,Harsh Goda,Class 12,ICSE,NEET,Tamil,2026-04-08,Online
STU0710,Ubika Sangha,Class 10,ICSE,Foundation,English,2025-06-15,Online
STU0711,Vaishnavi Patel,Class 11,State Board,JEE,Hindi,2025-08-31,Offline
STU0712,Shivansh Ray,Class 10,State Board,Foundation,Hindi,2024-12-05,Online
STU0713,Vivaan Taneja,Class 12,ICSE,Foundation,English,2024-10-23,Online
STU0714,Frederick Saha,Class 12,ICSE,JEE,English,2025-02-24,Offline
STU0715,Mahika Hayre,Class 9,State Board,JEE,Tamil,2025-07-17,Offline
STU0716,Faris Gupta,Class 10,ICSE,Foundation,Tamil,2026-01-28,Offline
STU0717,Anita Konda,Class 10,ICSE,JEE,English,2026-03-09,Hybrid
STU0718,Damyanti Talwar,Class 9,CBSE,NEET,English,2025-05-06,Online
STU0719,Meera Raman,Class 9,ICSE,Foundation,Tamil,2025-07-12,Hybrid
STU0720,Aryan Yogi,Class 12,ICSE,Foundation,Tamil,2025-07-07,Online
STU0721,Abhiram Peri,Class 10,ICSE,JEE,Tamil,2025-01-14,Online
STU0722,David Narayanan,Class 10,CBSE,Foundation,Tamil,2024-11-19,Offline
STU0723,Reva Bhagat,Class 9,ICSE,Foundation,Tamil,2025-09-03,Hybrid
STU0724,Laksh Merchant,Class 10,CBSE,JEE,English,2026-03-29,Offline
STU0725,Vinaya Thaman,Class 9,ICSE,Foundation,Hindi,2026-03-06,Online
STU0726,Sai Biswas,Class 11,State Board,Foundation,Hindi,2024-07-29,Hybrid
STU0727,Akshay Kothari,Class 10,CBSE,JEE,Hindi,2026-05-07,Online
STU0728,Ucchal Varkey,Class 9,CBSE,NEET,Tamil,2026-01-10,Hybrid
STU0729,Maanas Banerjee,Class 11,CBSE,NEET,English,2025-04-14,Hybrid
STU0730,Falak Sharaf,Class 11,State Board,JEE,English,2024-10-09,Offline
STU0731,Amaira Din,Class 12,ICSE,Foundation,English,2026-01-10,Offline
STU0732,Qushi Tailor,Class 9,ICSE,NEET,Hindi,2025-12-10,Offline
STU0733,Vaishnavi Jain,Class 9,ICSE,Foundation,English,2025-01-20,Offline
STU0734,Tejas Suri,Class 10,ICSE,JEE,Hindi,2025-05-11,Hybrid
STU0735,Umang Contractor,Class 9,CBSE,Foundation,Hindi,2026-01-04,Online
STU0736,Lopa Guha,Class 9,CBSE,JEE,English,2025-02-14,Offline
STU0737,Gaurav Jayaraman,Class 11,ICSE,JEE,English,2024-10-20,Online
STU0738,Abhimanyu Borra,Class 12,CBSE,NEET,English,2026-06-07,Offline
STU0739,Falguni Khalsa,Class 11,ICSE,JEE,Hindi,2024-07-24,Offline
STU0740,Nirja Behl,Class 9,State Board,Foundation,English,2024-10-23,Online
STU0741,Arjun Goswami,Class 10,State Board,JEE,Tamil,2024-07-25,Online
STU0742,Tristan Badami,Class 12,ICSE,NEET,Tamil,2026-01-16,Online
STU0743,Ekani Vaidya,Class 12,CBSE,NEET,English,2026-03-18,Offline
STU0744,Ishwar Gaba,Class 11,State Board,Foundation,English,2026-04-07,Offline
STU0745,Yashoda Manda,Class 11,State Board,NEET,English,2025-07-06,Hybrid
STU0746,William Dugar,Class 10,CBSE,JEE,Tamil,2026-07-10,Online
STU0747,Samar Kant,Class 10,State Board,NEET,Hindi,2026-02-09,Hybrid
STU0748,Quincy Sheth,Class 9,ICSE,JEE,Hindi,2024-09-15,Offline
STU0749,Thomas Bajwa,Class 11,CBSE,JEE,Hindi,2026-06-29,Online
STU0750,Chandani Bhagat,Class 12,ICSE,JEE,English,2025-08-21,Hybrid
STU0751,Aashi Batta,Class 11,CBSE,JEE,English,2025-10-08,Hybrid
STU0752,Kamya Bains,Class 12,State Board,NEET,Tamil,2026-05-03,Hybrid
STU0753,Ekaja Gala,Class 9,State Board,JEE,Hindi,2025-07-18,Online
STU0754,Tara Varma,Class 12,CBSE,Foundation,Hindi,2026-04-08,Online
STU0755,Yashasvi Sidhu,Class 12,State Board,JEE,English,2025-03-21,Offline
STU0756,Omaja Suri,Class 11,ICSE,NEET,Hindi,2026-07-02,Hybrid
STU0757,Atharv Wason,Class 11,ICSE,NEET,Tamil,2024-08-06,Online
STU0758,Vihaan Master,Class 9,CBSE,JEE,Hindi,2025-08-06,Online
STU0759,Jagdish Comar,Class 10,CBSE,JEE,Tamil,2025-02-02,Offline
STU0760,Ayushman Shankar,Class 11,ICSE,JEE,Hindi,2025-11-25,Offline
STU0761,Adya Deep,Class 10,ICSE,NEET,Tamil,2025-10-18,Offline
STU0762,Dayita Mohanty,Class 9,CBSE,JEE,Hindi,2025-09-01,Offline
STU0763,Bakhshi Nadig,Class 9,CBSE,NEET,English,2025-05-31,Online
STU0764,Onkar Bakshi,Class 10,ICSE,NEET,Hindi,2025-10-28,Online
STU0765,Chatresh Mall,Class 11,ICSE,JEE,English,2024-11-20,Offline
STU0766,Naksh Sharaf,Class 12,State Board,Foundation,Hindi,2025-09-23,Online
STU0767,Megha Nayar,Class 9,ICSE,JEE,English,2026-03-16,Online
STU0768,Ubika Bawa,Class 9,CBSE,JEE,English,2026-06-02,Online
STU0769,Hritik Ray,Class 12,ICSE,Foundation,Hindi,2025-06-22,Hybrid
STU0770,Kashvi Tella,Class 9,State Board,Foundation,Tamil,2026-02-15,Online
STU0771,Arya Prabhakar,Class 9,CBSE,JEE,Hindi,2025-10-31,Offline
STU0772,Advik Naik,Class 10,CBSE,NEET,English,2025-02-17,Online
STU0773,Vasana Hegde,Class 12,CBSE,JEE,Hindi,2025-01-29,Offline
STU0774,Azaan Chopra,Class 12,ICSE,JEE,Tamil,2025-03-06,Hybrid
STU0775,Yadavi Amble,Class 12,CBSE,NEET,English,2024-12-28,Online
STU0776,Amrita Pandit,Class 11,ICSE,NEET,English,2025-03-28,Online
STU0777,Udarsh Manda,Class 10,State Board,NEET,Tamil,2024-11-12,Offline
STU0778,Maya Sodhi,Class 12,CBSE,JEE,Tamil,2025-03-17,Offline
STU0779,Libni Mitra,Class 10,ICSE,JEE,Hindi,2024-10-22,Hybrid
STU0780,Vedant Sachdev,Class 10,State Board,Foundation,English,2025-02-09,Offline
STU0781,Bishakha Sandal,Class 11,ICSE,Foundation,Tamil,2024-08-14,Offline
STU0782,Chaaya Chaudhuri,Class 11,ICSE,NEET,English,2025-11-16,Online
STU0783,Chameli Rout,Class 11,State Board,JEE,English,2026-02-20,Offline
STU0784,Onveer Bhakta,Class 9,ICSE,Foundation,Tamil,2026-04-25,Hybrid
STU0785,Yug Kannan,Class 10,CBSE,JEE,English,2025-01-31,Hybrid
STU0786,Chakradev Loyal,Class 10,ICSE,Foundation,Hindi,2024-10-27,Online
STU0787,Deepa Setty,Class 10,State Board,NEET,Tamil,2026-05-09,Online
STU0788,Isaac Vig,Class 10,CBSE,Foundation,Tamil,2025-06-03,Hybrid
STU0789,Yashoda Chada,Class 11,State Board,JEE,Hindi,2024-09-17,Hybrid
STU0790,Vedhika Mann,Class 11,State Board,Foundation,English,2025-07-31,Hybrid
STU0791,Yasti Aggarwal,Class 10,ICSE,Foundation,Tamil,2026-07-21,Online
STU0792,Rushil Kamdar,Class 12,CBSE,JEE,English,2024-12-14,Online
STU0793,Zansi Gandhi,Class 10,CBSE,Foundation,Tamil,2024-09-09,Online
STU0794,Tejas Chand,Class 11,State Board,JEE,English,2026-01-11,Offline
STU0795,Ansh Bhagat,Class 10,ICSE,JEE,English,2026-04-08,Online
STU0796,Kashish Pai,Class 10,CBSE,Foundation,Tamil,2026-01-21,Online
STU0797,Manthan Jha,Class 11,State Board,Foundation,Tamil,2025-07-20,Hybrid
STU0798,Ladli Anand,Class 9,ICSE,NEET,Tamil,2026-01-23,Online
STU0799,Elijah Raj,Class 10,State Board,NEET,Hindi,2026-05-31,Offline
STU0800,Rushil Parsa,Class 11,CBSE,Foundation,Hindi,2026-02-11,Hybrid
STU0801,Faris Palla,Class 11,CBSE,Foundation,Hindi,2025-09-08,Online
STU0802,Neelima Hegde,Class 12,ICSE,Foundation,Hindi,2026-07-10,Offline
STU0803,Samuel Iyer,Class 10,CBSE,Foundation,English,2025-06-20,Hybrid
STU0804,Manthan Madan,Class 12,State Board,JEE,English,2025-10-22,Hybrid
STU0805,Jhalak Jhaveri,Class 11,State Board,JEE,Hindi,2025-05-08,Hybrid
STU0806,Bina Khatri,Class 9,ICSE,JEE,Tamil,2025-12-22,Hybrid
STU0807,Bimala Ghosh,Class 9,CBSE,NEET,Tamil,2026-07-07,Online
STU0808,Nimrat Chander,Class 9,State Board,Foundation,Hindi,2026-07-12,Hybrid
STU0809,Krishna Dara,Class 11,ICSE,JEE,Tamil,2025-07-12,Online
STU0810,Omisha Nagarajan,Class 10,State Board,JEE,Tamil,2025-07-02,Offline
STU0811,Chanakya Contractor,Class 9,State Board,JEE,English,2026-03-25,Offline
STU0812,Nitara Thakur,Class 12,State Board,NEET,English,2025-01-10,Offline
STU0813,Christopher Vyas,Class 12,ICSE,NEET,Hindi,2026-07-14,Offline
STU0814,Simon Tandon,Class 9,ICSE,Foundation,Hindi,2026-01-07,Hybrid
STU0815,Amol Nadig,Class 10,CBSE,NEET,English,2025-02-17,Online
STU0816,Manthan Boase,Class 11,CBSE,NEET,Tamil,2025-06-07,Online
STU0817,Manan Bhavsar,Class 9,ICSE,JEE,Tamil,2025-05-11,Online
STU0818,Anamika Desai,Class 9,State Board,JEE,Tamil,2025-10-06,Hybrid
STU0819,Samarth Sibal,Class 12,State Board,JEE,Tamil,2024-12-23,Hybrid
STU0820,Guneet Bhalla,Class 10,State Board,NEET,English,2026-01-22,Online
STU0821,Unni Kala,Class 9,ICSE,JEE,English,2025-03-18,Offline
STU0822,Andrew Bahri,Class 11,State Board,NEET,Tamil,2026-02-01,Online
STU0823,Eta Trivedi,Class 9,CBSE,NEET,Hindi,2026-03-12,Hybrid
STU0824,Utkarsh Lalla,Class 12,CBSE,JEE,Tamil,2024-12-24,Online
STU0825,Januja Raju,Class 12,CBSE,NEET,Hindi,2025-08-16,Hybrid
STU0826,Upma Cheema,Class 12,CBSE,JEE,English,2025-05-24,Online
STU0827,Yochana Chawla,Class 10,State Board,NEET,English,2024-09-30,Offline
STU0828,Urvi Jhaveri,Class 9,ICSE,NEET,Tamil,2024-08-11,Offline
STU0829,Mugdha Saran,Class 11,CBSE,Foundation,Hindi,2025-04-20,Offline
STU0830,Geetika Misra,Class 10,ICSE,NEET,Tamil,2025-12-19,Online
STU0831,Dhriti Desai,Class 12,CBSE,NEET,Tamil,2025-08-28,Offline
STU0832,Arjun Nazareth,Class 11,CBSE,NEET,Hindi,2026-05-05,Online
STU0833,Jonathan Dayal,Class 10,State Board,Foundation,English,2025-09-13,Online
STU0834,Ranveer Balasubramanian,Class 11,State Board,NEET,Hindi,2025-03-09,Online
STU0835,Yuvraj Dixit,Class 9,ICSE,Foundation,Tamil,2026-06-25,Hybrid
STU0836,Advaith Lad,Class 12,State Board,JEE,Tamil,2024-10-09,Offline
STU0837,Yamini Kapoor,Class 9,ICSE,Foundation,English,2024-08-19,Hybrid
STU0838,Jagvi Hari,Class 10,CBSE,NEET,English,2026-05-06,Online
STU0839,Nitesh Balay,Class 10,CBSE,JEE,English,2025-08-21,Offline
STU0840,Brinda Sanghvi,Class 9,State Board,NEET,English,2025-08-03,Hybrid
STU0841,Jai Hans,Class 10,State Board,NEET,Tamil,2025-08-02,Hybrid
STU0842,Laban Saran,Class 9,CBSE,NEET,Hindi,2025-06-09,Offline
STU0843,Yatan Jaggi,Class 11,ICSE,Foundation,Tamil,2024-12-22,Online
STU0844,Edhitha Ram,Class 12,CBSE,NEET,English,2025-08-28,Online
STU0845,Urishilla Vaidya,Class 9,CBSE,Foundation,English,2025-10-18,Offline
STU0846,Geetika Andra,Class 11,ICSE,NEET,Tamil,2026-03-19,Hybrid
STU0847,Triya Shah,Class 12,State Board,Foundation,Tamil,2026-06-05,Online
STU0848,Rishi Sama,Class 10,ICSE,NEET,English,2025-07-07,Hybrid
STU0849,Lekha Mody,Class 12,CBSE,NEET,Tamil,2025-08-07,Hybrid
STU0850,Kevin Dhar,Class 10,CBSE,Foundation,Tamil,2025-12-10,Offline
STU0851,Gaurangi Acharya,Class 11,CBSE,NEET,Tamil,2025-10-04,Offline
STU0852,Wyatt Sha,Class 11,ICSE,Foundation,Hindi,2025-05-05,Online
STU0853,Max Tak,Class 10,CBSE,NEET,Hindi,2025-10-24,Offline
STU0854,Pooja Bhalla,Class 11,ICSE,Foundation,Tamil,2025-11-12,Hybrid
STU0855,Hemang Rajan,Class 9,CBSE,NEET,English,2024-12-20,Offline
STU0856,Niharika Kurian,Class 12,State Board,NEET,English,2025-06-24,Hybrid
STU0857,Chanchal Char,Class 10,CBSE,NEET,Hindi,2024-08-01,Hybrid
STU0858,Utkarsh Ramesh,Class 12,CBSE,Foundation,Hindi,2025-04-24,Online
STU0859,Rachit Ghose,Class 10,CBSE,JEE,English,2024-10-15,Online
STU0860,Chaitaly Agate,Class 9,ICSE,JEE,Tamil,2025-12-27,Hybrid
STU0861,Oviya Dhillon,Class 10,ICSE,NEET,Tamil,2024-10-02,Hybrid
STU0862,Chakradev Das,Class 12,State Board,JEE,Hindi,2024-09-02,Online
STU0863,Zashil Bakshi,Class 10,ICSE,NEET,Hindi,2025-07-18,Offline
STU0864,Leena Malhotra,Class 10,ICSE,Foundation,Hindi,2025-03-06,Offline
STU0865,Onkar Gandhi,Class 11,CBSE,NEET,Hindi,2025-08-16,Hybrid
STU0866,Edhitha Jha,Class 9,ICSE,JEE,Tamil,2025-02-25,Online
STU0867,Diya Dhillon,Class 10,State Board,JEE,English,2025-11-29,Hybrid
STU0868,Urvashi Vasa,Class 10,State Board,JEE,Tamil,2025-09-29,Hybrid
STU0869,Samar Nazareth,Class 12,State Board,JEE,Hindi,2025-10-29,Online
STU0870,Nitesh Yohannan,Class 12,CBSE,Foundation,English,2025-07-29,Hybrid
STU0871,Ishaan Chahal,Class 9,CBSE,NEET,Hindi,2025-07-19,Offline
STU0872,Gayathri Kala,Class 11,ICSE,NEET,Tamil,2025-06-29,Offline
STU0873,Theodore Bakshi,Class 11,CBSE,NEET,Tamil,2024-10-08,Hybrid
STU0874,Samarth Solanki,Class 12,State Board,JEE,English,2025-05-19,Hybrid
STU0875,Gabriel Chaudhary,Class 11,State Board,Foundation,Hindi,2026-03-04,Hybrid
STU0876,Abeer Andra,Class 11,ICSE,Foundation,English,2025-07-21,Offline
STU0877,Samar Deo,Class 9,ICSE,NEET,Hindi,2025-09-01,Offline
STU0878,Yachana Ravi,Class 11,ICSE,Foundation,Hindi,2024-10-26,Hybrid
STU0879,Balendra Balasubramanian,Class 11,CBSE,JEE,Hindi,2026-01-29,Online
STU0880,Nitara Peri,Class 9,State Board,NEET,Hindi,2026-04-23,Offline
STU0881,Arjun Johal,Class 10,State Board,JEE,Hindi,2025-12-18,Offline
STU0882,Anusha Edwin,Class 11,ICSE,NEET,Tamil,2026-07-17,Offline
STU0883,Anthony Chandra,Class 9,State Board,Foundation,Hindi,2025-02-16,Online
STU0884,Alexander Mitra,Class 11,State Board,Foundation,English,2025-10-19,Hybrid
STU0885,Faras Narang,Class 12,State Board,NEET,Hindi,2025-05-06,Offline
STU0886,Chatura Deshmukh,Class 10,State Board,Foundation,English,2026-01-07,Offline
STU0887,Harini Soman,Class 9,ICSE,JEE,Hindi,2025-02-08,Offline
STU0888,Shivani Yadav,Class 10,State Board,NEET,Hindi,2025-10-02,Online
STU0889,Patrick Kota,Class 10,ICSE,JEE,Hindi,2025-07-12,Offline
STU0890,Jalsa Warrior,Class 12,ICSE,NEET,Tamil,2026-02-17,Hybrid
STU0891,Isaac Varty,Class 11,ICSE,JEE,Tamil,2025-03-25,Online
STU0892,Aradhana Rajagopalan,Class 9,ICSE,JEE,Hindi,2024-10-16,Online
STU0893,Ekansh Sandhu,Class 12,State Board,NEET,Tamil,2026-02-07,Online
STU0894,Aadhya Dey,Class 10,CBSE,JEE,Tamil,2026-06-06,Offline
STU0895,Harish Menon,Class 12,CBSE,NEET,Hindi,2024-08-14,Online
STU0896,Vrishti Venkatesh,Class 9,ICSE,NEET,Hindi,2025-10-10,Online
STU0897,Chaman Dugar,Class 11,State Board,JEE,English,2025-04-10,Offline
STU0898,Pavani Dass,Class 11,CBSE,JEE,Hindi,2025-09-29,Online
STU0899,Yashodhara Nazareth,Class 12,CBSE,JEE,Hindi,2026-02-11,Offline
STU0900,Upkaar Lanka,Class 12,ICSE,NEET,Tamil,2026-06-16,Offline
STU0901,Charvi Sarma,Class 9,CBSE,Foundation,English,2025-12-19,Hybrid
STU0902,Darsh Bhagat,Class 11,CBSE,NEET,Hindi,2026-04-18,Online
STU0903,Saumya Mani,Class 9,State Board,JEE,Hindi,2024-09-01,Hybrid
STU0904,Wridesh Arora,Class 10,CBSE,Foundation,Tamil,2025-07-08,Offline
STU0905,Anthony Dhar,Class 10,CBSE,NEET,Hindi,2024-08-13,Hybrid
STU0906,Noah Apte,Class 11,CBSE,JEE,English,2024-07-24,Offline
STU0907,Anusha Munshi,Class 11,ICSE,Foundation,Hindi,2025-04-21,Hybrid
STU0908,Robert Gokhale,Class 11,ICSE,Foundation,English,2026-04-02,Offline
STU0909,Turvi Kuruvilla,Class 12,ICSE,JEE,English,2026-02-17,Offline
STU0910,Owen Krishna,Class 9,CBSE,JEE,Hindi,2026-06-22,Online
STU0911,Adweta Madan,Class 10,State Board,JEE,Hindi,2024-10-26,Hybrid
STU0912,Christopher Luthra,Class 10,CBSE,NEET,Hindi,2025-10-31,Hybrid
STU0913,Gaurav Prakash,Class 9,ICSE,Foundation,Tamil,2024-09-29,Hybrid
STU0914,Krisha Nori,Class 9,State Board,JEE,Hindi,2026-05-01,Online
STU0915,Lakshit Pillai,Class 9,CBSE,Foundation,English,2026-03-27,Offline
STU0916,Chakradev Deol,Class 12,ICSE,JEE,Hindi,2025-03-18,Offline
STU0917,Irya Mital,Class 12,State Board,JEE,English,2025-11-23,Hybrid
STU0918,Ishaan Handa,Class 9,ICSE,NEET,Hindi,2025-01-10,Online
STU0919,Yauvani Prabhakar,Class 11,State Board,Foundation,Hindi,2025-10-15,Online
STU0920,Gaurika Devi,Class 12,CBSE,Foundation,Hindi,2025-10-21,Hybrid
STU0921,Dakshesh Lad,Class 9,ICSE,JEE,English,2025-10-29,Offline
STU0922,Manbir Korpal,Class 10,State Board,JEE,Tamil,2024-11-14,Hybrid
STU0923,Nilima Badami,Class 10,ICSE,Foundation,Tamil,2024-12-15,Offline
STU0924,Pavani Sachdev,Class 10,CBSE,Foundation,Tamil,2024-08-15,Online
STU0925,Yatan Thakur,Class 12,ICSE,JEE,English,2025-08-21,Online
STU0926,Ekansh Vaidya,Class 9,CBSE,Foundation,Hindi,2024-12-29,Offline
STU0927,Lila Bhatnagar,Class 10,CBSE,Foundation,English,2025-02-27,Hybrid
STU0928,Madhavi Viswanathan,Class 9,ICSE,Foundation,English,2025-07-02,Offline
STU0929,Bakhshi Choudhry,Class 11,ICSE,NEET,English,2024-08-15,Online
STU0930,Upasna Kurian,Class 10,CBSE,NEET,Tamil,2025-12-14,Hybrid
STU0931,Yauvani Wali,Class 11,ICSE,Foundation,English,2025-07-08,Online
STU0932,Pahal Ramesh,Class 9,CBSE,JEE,Hindi,2026-06-19,Hybrid
STU0933,Charita Dara,Class 10,ICSE,NEET,Tamil,2025-09-17,Hybrid
STU0934,Bhanumati Trivedi,Class 11,State Board,JEE,Tamil,2025-11-08,Offline
STU0935,Bachittar Keer,Class 10,CBSE,NEET,Tamil,2026-04-17,Offline
STU0936,Kabir Sabharwal,Class 11,ICSE,Foundation,Tamil,2025-12-16,Offline
STU0937,Falan Chacko,Class 10,CBSE,JEE,Hindi,2025-03-15,Hybrid
STU0938,Vidhi Sampath,Class 9,CBSE,JEE,Tamil,2025-01-23,Hybrid
STU0939,Christopher Nath,Class 12,State Board,Foundation,Tamil,2024-07-27,Online
STU0940,Andrew Ben,Class 12,ICSE,Foundation,English,2025-02-11,Hybrid
STU0941,Ikshita Pandya,Class 10,ICSE,NEET,English,2025-05-11,Offline
STU0942,Fariq D’Alia,Class 12,CBSE,JEE,Tamil,2026-07-16,Hybrid
STU0943,Anay Nagy,Class 11,CBSE,Foundation,Hindi,2025-05-02,Hybrid
STU0944,Veer Shetty,Class 10,State Board,NEET,Hindi,2025-08-23,Hybrid
STU0945,Eiravati Dhillon,Class 9,ICSE,Foundation,Hindi,2024-12-02,Online
STU0946,Siya Chaudry,Class 12,ICSE,Foundation,Hindi,2025-05-09,Hybrid
STU0947,Bishakha Barad,Class 12,CBSE,Foundation,Hindi,2025-09-27,Online
STU0948,Chandani Ram,Class 9,State Board,JEE,Hindi,2025-01-19,Offline
STU0949,Yash Kapoor,Class 12,CBSE,JEE,Tamil,2025-11-15,Offline
STU0950,Kiaan Vig,Class 10,ICSE,NEET,English,2025-01-06,Hybrid
STU0951,Ayush Bansal,Class 10,State Board,Foundation,Tamil,2025-11-09,Offline
STU0952,Brinda Sheth,Class 10,CBSE,NEET,Tamil,2026-01-24,Hybrid
STU0953,Falguni Manne,Class 12,CBSE,NEET,Tamil,2025-04-24,Offline
STU0954,Hemani Sibal,Class 9,ICSE,Foundation,Hindi,2024-12-09,Online
STU0955,Nitesh Parmer,Class 9,ICSE,NEET,English,2025-10-29,Hybrid
STU0956,Gayathri Bumb,Class 9,CBSE,Foundation,Hindi,2025-07-26,Hybrid
STU0957,Max Aurora,Class 11,State Board,Foundation,English,2026-07-04,Hybrid
STU0958,Teerth Dash,Class 12,ICSE,NEET,English,2025-10-30,Online
STU0959,Mitesh Deol,Class 12,ICSE,Foundation,Hindi,2025-12-28,Hybrid
STU0960,Jatin Sridhar,Class 12,State Board,Foundation,Tamil,2025-07-02,Hybrid
STU0961,Yash Ray,Class 12,CBSE,JEE,Hindi,2025-09-03,Online
STU0962,Joshua Modi,Class 9,ICSE,NEET,Hindi,2025-01-13,Offline
STU0963,Gaurika Chaudhry,Class 11,State Board,JEE,English,2025-09-19,Online
STU0964,Amruta Chaudhuri,Class 12,CBSE,Foundation,Hindi,2025-03-13,Hybrid
STU0965,Urvashi Lalla,Class 12,CBSE,NEET,Hindi,2024-09-14,Online
STU0966,Pranav Solanki,Class 10,CBSE,NEET,English,2026-05-24,Offline
STU0967,Sarthak Sharma,Class 10,State Board,NEET,English,2025-09-28,Offline
STU0968,Yashica Sahni,Class 9,State Board,Foundation,Hindi,2026-01-07,Online
STU0969,Aarna Gade,Class 12,ICSE,Foundation,Hindi,2024-12-13,Hybrid
STU0970,Forum Luthra,Class 10,ICSE,JEE,Hindi,2026-04-27,Hybrid
STU0971,Anita Bains,Class 9,State Board,NEET,Hindi,2026-03-26,Offline
STU0972,Yahvi Garde,Class 10,State Board,Foundation,English,2024-09-11,Hybrid
STU0973,Mohini Yadav,Class 10,CBSE,NEET,Hindi,2025-08-06,Hybrid
STU0974,Lakshmi Sharaf,Class 11,State Board,NEET,Tamil,2026-05-25,Hybrid
STU0975,Eiravati Shenoy,Class 10,ICSE,NEET,Tamil,2025-05-29,Offline
STU0976,Ubika Ben,Class 12,CBSE,JEE,Tamil,2025-07-06,Hybrid
STU0977,Zinal Ranganathan,Class 11,State Board,Foundation,Tamil,2026-03-04,Hybrid
STU0978,Anamika Patil,Class 10,CBSE,JEE,Hindi,2024-12-25,Hybrid
STU0979,Samaksh Vasa,Class 11,State Board,NEET,Hindi,2026-04-08,Online
STU0980,Noah Dhingra,Class 10,State Board,Foundation,Hindi,2024-12-19,Hybrid
STU0981,Anya Goyal,Class 11,State Board,JEE,Tamil,2025-01-17,Hybrid
STU0982,Yutika Wadhwa,Class 12,State Board,Foundation,Hindi,2025-02-27,Hybrid
STU0983,Fiyaz Bedi,Class 12,State Board,Foundation,Hindi,2026-04-20,Offline
STU0984,Charvi Vora,Class 12,CBSE,Foundation,English,2026-01-20,Online
STU0985,Jyoti Nazareth,Class 12,CBSE,JEE,Hindi,2026-06-29,Online
STU0986,Suhani Patla,Class 10,ICSE,JEE,Tamil,2025-12-05,Hybrid
STU0987,Aadhya Khare,Class 11,CBSE,JEE,Hindi,2024-09-26,Offline
STU0988,Garima Dalal,Class 10,State Board,JEE,Tamil,2026-03-15,Offline
STU0989,Yatin Mutti,Class 9,State Board,Foundation,Hindi,2024-12-11,Hybrid
STU0990,Timothy Date,Class 10,State Board,Foundation,Hindi,2025-06-03,Offline
STU0991,Prisha Brahmbhatt,Class 10,State Board,Foundation,Tamil,2025-07-11,Hybrid
STU0992,Shaurya Panchal,Class 9,ICSE,NEET,Tamil,2026-01-15,Hybrid
STU0993,Jatin Chaudhari,Class 11,State Board,JEE,English,2025-02-25,Hybrid
STU0994,Niharika Chawla,Class 11,CBSE,Foundation,Tamil,2025-12-10,Online
STU0995,Manya Bail,Class 11,State Board,Foundation,Hindi,2025-07-14,Hybrid
STU0996,Alka Ganesan,Class 10,State Board,JEE,Tamil,2024-12-05,Offline
STU0997,Reyansh Lall,Class 10,State Board,JEE,English,2026-07-15,Online
STU0998,Bhavna Naidu,Class 9,ICSE,JEE,Tamil,2025-06-03,Offline
STU0999,Ekalinga Buch,Class 11,CBSE,JEE,Hindi,2025-06-11,Offline
STU1000,Watika Bala,Class 9,ICSE,NEET,Hindi,2026-05-09,Online
STU1001,Praneel Chauhan,Class 9,CBSE,NEET,Hindi,2025-04-13,Online
STU1002,Bachittar Shan,Class 11,ICSE,Foundation,Hindi,2024-07-26,Offline
STU1003,Raksha Kamdar,Class 9,State Board,NEET,Hindi,2025-05-23,Online
STU1004,Eesha Pandya,Class 10,State Board,JEE,Hindi,2025-05-15,Online
STU1005,Hredhaan Loyal,Class 12,State Board,Foundation,Tamil,2025-03-14,Online
STU1006,Lucky Narain,Class 11,CBSE,JEE,Hindi,2026-01-25,Offline
STU1007,Laban Bakshi,Class 11,ICSE,NEET,English,2025-11-13,Hybrid
STU1008,Arunima Om,Class 12,State Board,Foundation,English,2025-10-24,Online
STU1009,Bimala Bhatti,Class 11,ICSE,JEE,Hindi,2025-04-14,Hybrid
STU1010,Bhavya Bhat,Class 10,CBSE,Foundation,Tamil,2025-11-03,Offline
STU1011,Ojas Prakash,Class 9,ICSE,NEET,Hindi,2024-10-08,Hybrid
STU1012,Qadim Banerjee,Class 11,CBSE,Foundation,Tamil,2025-10-03,Hybrid
STU1013,Lila Mukhopadhyay,Class 12,ICSE,JEE,Tamil,2025-10-13,Hybrid
STU1014,Meghana Pandit,Class 10,ICSE,Foundation,English,2024-08-04,Online
STU1015,Idika Randhawa,Class 10,State Board,Foundation,English,2024-09-16,Hybrid
STU1016,Nisha Borde,Class 9,CBSE,Foundation,Hindi,2024-12-03,Online
STU1017,Mohammed Doctor,Class 12,CBSE,JEE,Hindi,2025-11-30,Hybrid
STU1018,Avi Babu,Class 12,State Board,JEE,Hindi,2025-09-21,Hybrid
STU1019,Jagat Bath,Class 10,CBSE,NEET,Hindi,2026-05-28,Offline
STU1020,Daksh Sachdeva,Class 9,CBSE,JEE,English,2025-06-26,Online
STU1021,Chaman Naidu,Class 11,State Board,JEE,Hindi,2024-08-08,Online
STU1022,Harish Mittal,Class 11,ICSE,NEET,Tamil,2025-12-29,Hybrid
STU1023,Matthew Dubey,Class 12,ICSE,NEET,English,2024-11-30,Offline
STU1024,Leena Bahl,Class 9,State Board,JEE,Hindi,2024-12-11,Hybrid
STU1025,Eta Patel,Class 9,State Board,Foundation,English,2026-05-19,Hybrid
STU1026,Sudiksha Dara,Class 9,ICSE,Foundation,English,2024-09-24,Offline
STU1027,Parth Master,Class 11,State Board,JEE,Tamil,2026-07-17,Offline
STU1028,Vidhi Parekh,Class 12,ICSE,Foundation,English,2025-06-19,Offline
STU1029,Oliver Bera,Class 10,State Board,JEE,English,2025-08-10,Hybrid
STU1030,Gautam Keer,Class 12,State Board,NEET,Hindi,2025-12-13,Online
STU1031,Zilmil Ben,Class 11,State Board,Foundation,Hindi,2025-05-30,Offline
STU1032,Indira Patla,Class 9,State Board,Foundation,English,2024-10-11,Online
STU1033,Nathan Walla,Class 9,CBSE,Foundation,Hindi,2026-07-13,Offline
STU1034,Qabil Goswami,Class 9,ICSE,JEE,Hindi,2025-07-04,Hybrid
STU1035,Jagdish Chopra,Class 11,CBSE,NEET,Hindi,2026-02-01,Hybrid
STU1036,Zashil Hayer,Class 10,CBSE,JEE,English,2026-07-11,Hybrid
STU1037,Triya Goyal,Class 11,CBSE,JEE,English,2025-03-02,Hybrid
STU1038,Maya Khatri,Class 9,State Board,NEET,Hindi,2026-03-26,Hybrid
STU1039,Oliver Bains,Class 9,ICSE,Foundation,English,2024-11-04,Offline
STU1040,Chakrika Kaur,Class 9,CBSE,Foundation,Hindi,2026-03-07,Offline
STU1041,Sudiksha Shankar,Class 11,ICSE,JEE,Hindi,2026-01-30,Hybrid
STU1042,Udarsh Dara,Class 10,CBSE,NEET,Hindi,2024-11-17,Online
STU1043,Rayaan Srinivasan,Class 10,ICSE,NEET,Tamil,2025-12-28,Offline
STU1044,Ronith Soni,Class 11,State Board,Foundation,English,2026-05-18,Hybrid
STU1045,Ayaan Parmar,Class 11,ICSE,NEET,English,2025-11-28,Online
STU1046,Abha Mane,Class 11,CBSE,JEE,Hindi,2025-02-15,Hybrid
STU1047,Zehaan Chadha,Class 12,ICSE,NEET,English,2025-05-12,Hybrid
STU1048,Wridesh Ray,Class 11,ICSE,NEET,Tamil,2026-01-18,Offline
STU1049,Qabil Deshmukh,Class 11,ICSE,Foundation,English,2024-08-28,Online
STU1050,Peter Upadhyay,Class 9,ICSE,JEE,Hindi,2024-07-29,Online
STU1051,Wridesh Gopal,Class 11,State Board,Foundation,English,2024-09-27,Hybrid
STU1052,Ranbir Swaminathan,Class 9,CBSE,Foundation,Hindi,2026-06-07,Online
STU1053,Abeer Ramanathan,Class 12,State Board,JEE,English,2024-12-05,Hybrid
STU1054,Rudra Char,Class 11,State Board,Foundation,Tamil,2025-07-26,Hybrid
STU1055,Kamya Ravel,Class 10,ICSE,NEET,English,2025-09-08,Hybrid
STU1056,Thomas Warrior,Class 11,CBSE,NEET,Hindi,2025-02-19,Hybrid
STU1057,Harita Acharya,Class 9,ICSE,NEET,Hindi,2025-03-05,Online
STU1058,Unni Singh,Class 10,State Board,Foundation,English,2024-11-07,Hybrid
STU1059,Thomas Singh,Class 10,ICSE,JEE,English,2026-01-08,Hybrid
STU1060,Urvashi Singhal,Class 10,State Board,Foundation,Tamil,2025-10-27,Offline
STU1061,Logan Zachariah,Class 9,CBSE,NEET,English,2026-05-19,Online
STU1062,Ayaan Vala,Class 11,ICSE,JEE,English,2025-03-20,Hybrid
STU1063,Onkar Bassi,Class 10,State Board,NEET,Tamil,2025-08-22,Offline
STU1064,Aayush Sathe,Class 12,CBSE,JEE,Hindi,2026-06-06,Offline
STU1065,Hemal Jani,Class 9,State Board,Foundation,Hindi,2026-02-10,Offline
STU1066,Christopher Mukherjee,Class 11,State Board,Foundation,Hindi,2024-08-08,Online
STU1067,Pranav Manda,Class 12,State Board,NEET,Tamil,2024-09-09,Hybrid
STU1068,Faris Jayaraman,Class 9,State Board,NEET,Tamil,2026-05-06,Online
STU1069,Onkar Thakur,Class 12,ICSE,NEET,Tamil,2026-02-28,Offline
STU1070,Jagrati Mammen,Class 9,State Board,JEE,Tamil,2024-10-25,Online
STU1071,Zashil Radhakrishnan,Class 10,CBSE,Foundation,Hindi,2025-05-10,Offline
STU1072,Teerth Narasimhan,Class 10,CBSE,JEE,English,2024-10-21,Offline
STU1073,Falguni Gole,Class 9,State Board,JEE,Tamil,2024-08-03,Offline
STU1074,Zayan Sarma,Class 9,ICSE,Foundation,Tamil,2025-09-05,Offline
STU1075,Bahadurjit Rattan,Class 10,State Board,JEE,Hindi,2025-01-21,Offline
STU1076,Frado Patil,Class 9,CBSE,JEE,English,2025-09-06,Hybrid
STU1077,Ishita Sidhu,Class 10,CBSE,Foundation,Hindi,2024-10-17,Online
STU1078,Jonathan Iyer,Class 10,CBSE,JEE,Tamil,2025-07-16,Online
STU1079,Jalsa Krish,Class 12,State Board,Foundation,Hindi,2025-07-18,Online
STU1080,Manya Malhotra,Class 11,CBSE,JEE,Tamil,2026-07-16,Hybrid
STU1081,Aadhya Loke,Class 12,ICSE,JEE,English,2025-04-04,Offline
STU1082,Charvi Swaminathan,Class 10,State Board,JEE,Hindi,2026-07-17,Hybrid
STU1083,Yoshita Pandit,Class 11,CBSE,Foundation,Hindi,2025-02-21,Offline
STU1084,Rajata Anand,Class 12,State Board,Foundation,English,2025-12-30,Online
STU1085,Falan Rajan,Class 12,ICSE,JEE,English,2025-05-26,Online
STU1086,Elijah Sehgal,Class 10,State Board,Foundation,Hindi,2025-02-05,Offline
STU1087,Harish Minhas,Class 10,State Board,JEE,English,2026-06-28,Offline
STU1088,Radhika Pillai,Class 9,State Board,Foundation,English,2025-12-02,Online
STU1089,Darsh Chanda,Class 12,State Board,JEE,Hindi,2025-09-29,Hybrid
STU1090,Indira Lanka,Class 9,State Board,Foundation,Tamil,2026-04-15,Hybrid
STU1091,Chakradhar Rao,Class 12,ICSE,JEE,Hindi,2025-09-18,Hybrid
STU1092,Meera Pillay,Class 12,CBSE,NEET,Tamil,2026-01-01,Offline
STU1093,Warda Verma,Class 9,ICSE,JEE,Tamil,2025-02-09,Offline
STU1094,Dalbir Nori,Class 10,CBSE,NEET,Hindi,2025-09-07,Hybrid
STU1095,Arunima Dyal,Class 12,ICSE,JEE,English,2024-12-04,Hybrid
STU1096,Utkarsh Tiwari,Class 9,State Board,Foundation,English,2026-03-12,Hybrid
STU1097,Alexander Verma,Class 9,ICSE,Foundation,English,2024-08-14,Hybrid
STU1098,Abhiram Wadhwa,Class 11,ICSE,NEET,English,2024-12-09,Online
STU1099,Azad Manda,Class 12,State Board,Foundation,Tamil,2024-11-11,Offline
STU1100,Jatin Dhawan,Class 12,State Board,NEET,Hindi,2025-05-04,Offline
STU1101,Tanveer Mitter,Class 12,CBSE,NEET,Hindi,2025-01-10,Hybrid
STU1102,Dalbir Gera,Class 12,CBSE,NEET,Hindi,2025-06-18,Hybrid
STU1103,Sneha Minhas,Class 12,ICSE,NEET,Hindi,2026-06-29,Offline
STU1104,Thomas Nagarajan,Class 12,State Board,JEE,Hindi,2024-11-15,Online
STU1105,Jhalak Viswanathan,Class 10,ICSE,Foundation,English,2025-02-22,Online
STU1106,Matthew Bal,Class 10,State Board,NEET,Tamil,2026-07-08,Hybrid
STU1107,Aachal Chada,Class 9,CBSE,NEET,Hindi,2025-02-27,Online
STU1108,Chandresh Ratta,Class 9,CBSE,NEET,Hindi,2026-06-09,Offline
STU1109,Jagdish Krish,Class 9,CBSE,NEET,English,2025-06-30,Offline
STU1110,Avni Saha,Class 9,State Board,JEE,Hindi,2025-08-11,Offline
STU1111,Neelima Doctor,Class 12,State Board,Foundation,Hindi,2025-12-17,Offline
STU1112,Max Talwar,Class 9,CBSE,Foundation,Tamil,2024-12-30,Offline
STU1113,Wazir Guha,Class 9,CBSE,Foundation,Hindi,2025-01-11,Offline
STU1114,Ansh Sami,Class 10,CBSE,Foundation,Hindi,2025-09-16,Hybrid
STU1115,Upadhriti Magar,Class 10,State Board,JEE,Hindi,2025-06-10,Online
STU1116,Jagdish Sarkar,Class 11,CBSE,Foundation,English,2025-04-26,Online
STU1117,Mahika Bhardwaj,Class 9,ICSE,NEET,Tamil,2025-05-21,Hybrid
STU1118,Yagnesh Basu,Class 12,ICSE,Foundation,English,2025-06-20,Hybrid
STU1119,Shaurya Varkey,Class 9,State Board,Foundation,English,2025-08-07,Online
STU1120,Qushi Kalla,Class 11,State Board,Foundation,Hindi,2024-09-02,Offline
STU1121,Ekaja Murthy,Class 11,ICSE,JEE,Hindi,2025-11-27,Online
STU1122,Anusha Sani,Class 12,ICSE,Foundation,English,2025-02-27,Offline
STU1123,Warda Ram,Class 10,ICSE,Foundation,English,2026-05-02,Hybrid
STU1124,Karan Goda,Class 9,State Board,NEET,Tamil,2026-06-04,Online
STU1125,Ekani Soni,Class 11,State Board,Foundation,Tamil,2024-09-20,Hybrid
STU1126,Madhavi Sahota,Class 12,ICSE,Foundation,Tamil,2025-10-23,Online
STU1127,Yashawini Konda,Class 11,ICSE,Foundation,Tamil,2026-05-23,Hybrid
STU1128,Girindra Gara,Class 9,ICSE,JEE,Tamil,2025-03-06,Online
STU1129,Sneha Karpe,Class 12,State Board,JEE,Hindi,2026-05-31,Hybrid
STU1130,Devika Dar,Class 10,ICSE,NEET,Tamil,2025-11-15,Hybrid
STU1131,Viraj Balakrishnan,Class 9,State Board,NEET,English,2025-06-05,Offline
STU1132,Vrinda Wagle,Class 9,ICSE,Foundation,Hindi,2025-02-06,Offline
STU1133,Jagdish Kalita,Class 9,State Board,JEE,Tamil,2024-09-02,Offline
STU1134,Yashoda Dani,Class 11,CBSE,Foundation,Tamil,2025-08-05,Online
STU1135,Niharika Natarajan,Class 10,ICSE,Foundation,English,2025-06-03,Online
STU1136,Krishna Guha,Class 10,ICSE,JEE,English,2025-11-13,Online
STU1137,Yatin Khanna,Class 10,State Board,NEET,English,2025-10-06,Online
STU1138,Rayaan Guha,Class 9,CBSE,Foundation,Hindi,2024-10-27,Offline
STU1139,Saumya Palan,Class 9,State Board,JEE,Tamil,2025-08-23,Offline
STU1140,Pushti Savant,Class 11,ICSE,Foundation,Tamil,2025-12-26,Offline
STU1141,Benjamin Krishna,Class 10,State Board,NEET,Tamil,2024-11-20,Online
STU1142,Yatin Chander,Class 10,CBSE,Foundation,Tamil,2025-10-13,Offline
STU1143,Samaksh Balasubramanian,Class 9,State Board,NEET,Tamil,2024-11-09,Hybrid
STU1144,Yochana Baria,Class 10,ICSE,JEE,Hindi,2025-12-19,Hybrid
STU1145,Saanvi Dora,Class 12,ICSE,Foundation,English,2026-06-16,Online
STU1146,Baljiwan Maharaj,Class 10,ICSE,Foundation,English,2025-03-31,Offline
STU1147,Anthony Thakur,Class 11,State Board,NEET,English,2025-10-21,Hybrid
STU1148,Urishilla Mistry,Class 11,CBSE,NEET,Tamil,2025-11-22,Hybrid
STU1149,Henry Vig,Class 11,ICSE,JEE,Tamil,2026-05-29,Offline
STU1150,Zinal Walia,Class 10,ICSE,Foundation,Tamil,2025-05-28,Offline
STU1151,Yachana Luthra,Class 12,ICSE,NEET,English,2026-05-12,Hybrid
STU1152,Wazir Jaggi,Class 10,State Board,Foundation,English,2026-01-10,Online
STU1153,Fiyaz Prasad,Class 11,CBSE,Foundation,Tamil,2025-02-26,Offline
STU1154,Abdul Parekh,Class 10,CBSE,Foundation,English,2026-04-14,Offline
STU1155,Sachi Balay,Class 9,CBSE,NEET,Tamil,2026-06-12,Online
STU1156,Brijesh Pingle,Class 11,ICSE,NEET,Tamil,2024-12-11,Hybrid
STU1157,Kabir Chhabra,Class 9,ICSE,JEE,Hindi,2025-09-20,Online
STU1158,Tanveer Deo,Class 9,CBSE,NEET,Tamil,2025-07-08,Hybrid
STU1159,Aahana Chana,Class 9,ICSE,Foundation,Tamil,2025-02-27,Offline
STU1160,Tanvi Hora,Class 11,ICSE,Foundation,Hindi,2025-02-13,Offline
STU1161,Yochana Lal,Class 11,CBSE,NEET,English,2024-11-29,Offline
STU1162,Gauri Mander,Class 10,State Board,Foundation,Hindi,2025-06-27,Hybrid
STU1163,Yadavi Sampath,Class 10,ICSE,NEET,Tamil,2026-06-03,Hybrid
STU1164,Libni Deep,Class 12,State Board,NEET,English,2025-10-29,Offline
STU1165,Eiravati Sarkar,Class 11,ICSE,Foundation,English,2026-05-16,Online
STU1166,Ati Nair,Class 11,ICSE,Foundation,Hindi,2025-04-14,Hybrid
STU1167,Kashvi Om,Class 12,CBSE,JEE,English,2026-05-12,Offline
STU1168,Chakradhar Agarwal,Class 10,ICSE,NEET,Hindi,2025-11-11,Offline
STU1169,Thomas Baral,Class 11,State Board,Foundation,Tamil,2024-12-15,Offline
STU1170,Januja Deshmukh,Class 12,ICSE,Foundation,Hindi,2024-08-30,Hybrid
STU1171,Lohit Sule,Class 12,ICSE,JEE,English,2025-08-03,Online
STU1172,Ishani Sridhar,Class 10,State Board,JEE,Hindi,2025-12-13,Offline
STU1173,Orinder Gour,Class 9,CBSE,JEE,Tamil,2024-11-27,Online
STU1174,Sanaya Sundaram,Class 9,CBSE,NEET,Hindi,2026-02-12,Online
STU1175,Brijesh Nayar,Class 9,ICSE,Foundation,English,2025-03-14,Online
STU1176,Aradhana Hegde,Class 11,State Board,JEE,English,2026-06-03,Hybrid
STU1177,Aashi Karnik,Class 12,ICSE,JEE,English,2025-02-13,Hybrid
STU1178,Naveen Barad,Class 11,ICSE,Foundation,English,2026-02-26,Online
STU1179,Inaya Mannan,Class 10,CBSE,JEE,Hindi,2024-08-01,Offline
STU1180,Bhavini Wali,Class 11,ICSE,NEET,Hindi,2025-05-04,Offline
STU1181,Ekaraj Mitter,Class 12,CBSE,Foundation,Hindi,2026-05-03,Online
STU1182,Oni Shah,Class 12,State Board,Foundation,Hindi,2024-10-21,Hybrid
STU1183,Kabir Ghosh,Class 12,State Board,Foundation,Hindi,2026-02-23,Hybrid
STU1184,Yashodhara Manne,Class 11,ICSE,NEET,Hindi,2025-12-18,Online
STU1185,Aryan Nazareth,Class 9,ICSE,NEET,Tamil,2024-11-13,Offline
STU1186,Chatresh Khare,Class 11,CBSE,NEET,English,2026-02-08,Online
STU1187,Ridhi Soman,Class 10,ICSE,NEET,Tamil,2025-09-24,Hybrid
STU1188,Anita Devi,Class 9,State Board,NEET,Tamil,2026-06-10,Offline
STU1189,Christopher Karpe,Class 9,ICSE,NEET,Hindi,2025-02-15,Online
STU1190,Vamakshi Thaker,Class 9,State Board,NEET,English,2025-12-01,Offline
STU1191,Samuel Sibal,Class 12,ICSE,JEE,English,2025-05-04,Hybrid
STU1192,Gaurav Chandran,Class 12,ICSE,JEE,Tamil,2025-05-25,Online
STU1193,Lohit Vala,Class 12,State Board,JEE,Hindi,2024-12-21,Hybrid
STU1194,Zilmil Anne,Class 11,ICSE,Foundation,Hindi,2025-07-29,Hybrid
STU1195,Watika Parmar,Class 11,ICSE,JEE,English,2026-04-05,Online
STU1196,Bishakha Sehgal,Class 10,ICSE,JEE,Hindi,2025-03-11,Offline
STU1197,Jackson Bhalla,Class 12,ICSE,Foundation,Hindi,2026-02-03,Offline
STU1198,Raksha Kuruvilla,Class 10,ICSE,JEE,English,2025-01-24,Online
STU1199,Harini Master,Class 9,CBSE,JEE,Tamil,2026-04-25,Offline
STU1200,Maanav Mitra,Class 10,State Board,NEET,Hindi,2024-08-18,Online
STU1201,Hemal Manne,Class 10,CBSE,JEE,English,2024-09-01,Offline
STU1202,Xalak Warrior,Class 10,ICSE,NEET,Tamil,2025-11-05,Offline
STU1203,Girish Rattan,Class 11,ICSE,Foundation,English,2025-03-31,Offline
STU1204,Nilima Narang,Class 9,CBSE,JEE,Tamil,2026-06-27,Offline
STU1205,Hredhaan Ratti,Class 9,State Board,NEET,English,2025-04-24,Online
STU1206,Aachal Loyal,Class 11,ICSE,JEE,English,2026-02-18,Hybrid
STU1207,Chandresh Baria,Class 10,ICSE,NEET,English,2026-06-26,Hybrid
STU1208,Saksham Kaur,Class 9,CBSE,NEET,Hindi,2026-03-06,Online
STU1209,Rajeshri Sarin,Class 10,ICSE,NEET,Hindi,2024-12-26,Offline
STU1210,Yoshita Bumb,Class 11,CBSE,Foundation,Hindi,2026-05-16,Online
STU1211,Bhanumati Mall,Class 9,ICSE,NEET,Hindi,2025-03-17,Offline
STU1212,Advay Reddy,Class 10,ICSE,JEE,Hindi,2025-09-17,Online
STU1213,Pranav Keer,Class 9,CBSE,Foundation,Tamil,2026-02-10,Offline
STU1214,Tara Dugar,Class 9,CBSE,NEET,Hindi,2025-12-27,Online
STU1215,Daksh Banik,Class 12,CBSE,JEE,English,2024-07-30,Hybrid
STU1216,Balvan Naik,Class 12,State Board,Foundation,English,2026-07-14,Offline
STU1217,Viraj Biswas,Class 9,CBSE,JEE,Tamil,2024-12-18,Online
STU1218,Ekalinga Jaggi,Class 11,State Board,JEE,English,2025-09-04,Offline
STU1219,Jeremiah Pingle,Class 10,State Board,Foundation,English,2025-02-24,Online
STU1220,Idika Dyal,Class 12,CBSE,NEET,Hindi,2025-01-16,Hybrid
STU1221,Elijah Issac,Class 11,ICSE,Foundation,English,2025-06-08,Online
STU1222,Ethan Pradhan,Class 12,ICSE,Foundation,English,2025-08-23,Offline
STU1223,Andrew Morar,Class 9,ICSE,Foundation,Tamil,2025-09-10,Hybrid
STU1224,Dev Raval,Class 11,State Board,Foundation,Tamil,2025-07-23,Online
STU1225,Niharika Kade,Class 10,State Board,NEET,Tamil,2025-03-18,Hybrid
STU1226,Jyoti Sharma,Class 12,ICSE,Foundation,Hindi,2026-06-29,Online
STU1227,Quincy Nath,Class 9,State Board,JEE,Tamil,2025-07-10,Offline
STU1228,Upadhriti Sastry,Class 11,State Board,NEET,Tamil,2025-03-28,Online
STU1229,Vasatika Narayan,Class 12,State Board,JEE,English,2024-11-03,Hybrid
STU1230,Qarin Tak,Class 11,State Board,JEE,Tamil,2024-11-15,Hybrid
STU1231,Aadhya Prakash,Class 9,State Board,Foundation,Tamil,2025-03-01,Online
STU1232,Simon Mangat,Class 12,State Board,JEE,Hindi,2026-04-05,Offline
STU1233,Anay Yogi,Class 11,ICSE,Foundation,Tamil,2024-12-05,Online
STU1234,Rehaan Som,Class 9,State Board,Foundation,English,2025-12-23,Online
STU1235,Chandran Anand,Class 10,CBSE,JEE,English,2025-12-05,Online
STU1236,Michael Basu,Class 12,CBSE,JEE,English,2025-11-11,Hybrid
STU1237,Mekhala Suresh,Class 12,State Board,NEET,Hindi,2025-03-03,Hybrid
STU1238,Wyatt More,Class 11,CBSE,NEET,English,2024-11-24,Hybrid
STU1239,Indira Mammen,Class 9,CBSE,JEE,Hindi,2025-07-04,Offline
STU1240,Kala Jain,Class 9,ICSE,Foundation,English,2026-03-21,Offline
STU1241,Yashasvi Bhattacharyya,Class 12,ICSE,Foundation,English,2025-10-28,Hybrid
STU1242,Anmol Dua,Class 11,State Board,JEE,Hindi,2026-01-11,Online
STU1243,Amaira Bhardwaj,Class 11,CBSE,JEE,Hindi,2026-06-24,Online
STU1244,Baghyawati Andra,Class 9,State Board,JEE,Hindi,2024-09-18,Offline
STU1245,Janaki Dar,Class 10,CBSE,Foundation,Hindi,2025-10-30,Online
STU1246,Hredhaan Garg,Class 10,State Board,Foundation,Hindi,2025-03-03,Offline
STU1247,Andrew Minhas,Class 9,State Board,Foundation,Tamil,2025-09-26,Hybrid
STU1248,Bhavani Munshi,Class 12,State Board,Foundation,Tamil,2025-07-27,Online
STU1249,Pavani Sandal,Class 10,CBSE,Foundation,Tamil,2025-10-16,Hybrid
STU1250,Sneha Ahluwalia,Class 11,State Board,JEE,Hindi,2026-02-09,Hybrid
STU1251,Raagini Ravel,Class 12,ICSE,NEET,Hindi,2026-04-16,Offline
STU1252,Madhav Tandon,Class 11,ICSE,Foundation,Tamil,2025-12-10,Hybrid
STU1253,Teerth Deo,Class 11,State Board,JEE,Hindi,2024-11-27,Hybrid
STU1254,Dev Parsa,Class 10,ICSE,Foundation,Hindi,2025-02-27,Offline
STU1255,Oscar Rajagopalan,Class 11,ICSE,NEET,Tamil,2026-05-15,Online
STU1256,Shivani Jani,Class 9,ICSE,Foundation,English,2025-05-16,Hybrid
STU1257,Anya Bir,Class 10,ICSE,JEE,Tamil,2025-12-06,Online
STU1258,Max Raj,Class 10,ICSE,JEE,Hindi,2025-07-06,Offline
STU1259,Vaishnavi Sankaran,Class 10,CBSE,JEE,Tamil,2025-07-26,Offline
STU1260,Samaksh Rege,Class 10,CBSE,NEET,Tamil,2025-11-16,Hybrid
STU1261,Dalbir Dani,Class 10,CBSE,NEET,Tamil,2026-03-03,Online
STU1262,Yashodhara Kunda,Class 12,State Board,JEE,Hindi,2025-12-11,Online
STU1263,Widisha Agate,Class 11,ICSE,JEE,Tamil,2026-04-06,Hybrid
STU1264,Maanas Patla,Class 9,State Board,Foundation,Tamil,2025-05-12,Online
STU1265,Warjas Ravel,Class 12,CBSE,JEE,Tamil,2026-06-26,Offline
STU1266,Hema Lala,Class 12,ICSE,JEE,English,2025-07-30,Hybrid
STU1267,Samarth Bava,Class 9,State Board,Foundation,Tamil,2026-07-12,Online
STU1268,Tanish Date,Class 11,State Board,JEE,Tamil,2025-04-07,Hybrid
STU1269,Adya Dada,Class 10,ICSE,Foundation,Hindi,2025-04-13,Online
STU1270,Varsha Narayan,Class 10,CBSE,Foundation,Hindi,2025-08-23,Offline
STU1271,Hemani Dave,Class 12,State Board,Foundation,Hindi,2024-12-17,Online
STU1272,Bhanumati Agarwal,Class 10,ICSE,NEET,Tamil,2024-12-02,Online
STU1273,Anya Samra,Class 10,ICSE,JEE,Tamil,2025-06-13,Hybrid
STU1274,Nirja Varkey,Class 9,State Board,NEET,Tamil,2026-01-18,Online
STU1275,Kevin Dugar,Class 12,State Board,NEET,Hindi,2025-04-25,Online
STU1276,Devika Kalita,Class 10,ICSE,Foundation,English,2026-02-01,Offline
STU1277,Advik Khalsa,Class 12,State Board,Foundation,English,2025-11-11,Hybrid
STU1278,Ekiya Vyas,Class 10,CBSE,JEE,Tamil,2026-04-17,Offline
STU1279,Frederick Ranganathan,Class 11,State Board,Foundation,English,2025-12-26,Online
STU1280,Nathaniel Buch,Class 12,ICSE,NEET,Tamil,2025-03-08,Online
STU1281,Ladli Pal,Class 11,ICSE,Foundation,Hindi,2025-05-13,Online
STU1282,Aadi Bhargava,Class 11,CBSE,NEET,Hindi,2024-11-02,Offline
STU1283,Ansh Nayar,Class 10,ICSE,JEE,English,2025-02-11,Online
STU1284,Maya Chand,Class 11,CBSE,Foundation,English,2026-05-27,Online
STU1285,Chaman Varughese,Class 9,CBSE,Foundation,English,2024-11-09,Offline
STU1286,Vinaya Deshpande,Class 9,ICSE,Foundation,English,2026-06-15,Offline
STU1287,Kai Lall,Class 12,ICSE,JEE,Tamil,2025-04-13,Online
STU1288,Amara Suresh,Class 10,CBSE,Foundation,Hindi,2024-10-30,Offline
STU1289,Ayushman Dhawan,Class 12,State Board,Foundation,English,2026-02-18,Hybrid
STU1290,Advik Saran,Class 9,ICSE,Foundation,Hindi,2026-03-13,Hybrid
STU1291,Charita Toor,Class 9,ICSE,JEE,English,2024-10-09,Offline
STU1292,Nidhi Krishnamurthy,Class 10,State Board,Foundation,Tamil,2026-05-23,Online
STU1293,Saksham Khanna,Class 12,State Board,JEE,English,2025-04-11,Offline
STU1294,Harini Bassi,Class 11,State Board,Foundation,Tamil,2025-02-18,Online
STU1295,Maanav Goel,Class 9,ICSE,Foundation,Tamil,2025-02-20,Online
STU1296,Yatin Bhavsar,Class 12,State Board,Foundation,English,2024-11-18,Offline
STU1297,Anita Chopra,Class 12,State Board,Foundation,English,2026-06-05,Online
STU1298,Raagini Nori,Class 10,State Board,NEET,Hindi,2026-05-14,Hybrid
STU1299,Laban Vala,Class 9,CBSE,JEE,Hindi,2025-07-25,Offline
STU1300,Radha Ravi,Class 11,ICSE,NEET,Hindi,2026-07-24,Online
STU1301,Ayushman Mishra,Class 9,ICSE,Foundation,Tamil,2026-03-08,Offline
STU1302,Ekiya Dayal,Class 11,CBSE,Foundation,Tamil,2026-01-14,Online
STU1303,Ganga Oza,Class 11,ICSE,JEE,Hindi,2025-11-11,Offline
STU1304,Yashodhara Ahluwalia,Class 10,CBSE,NEET,Tamil,2025-07-19,Hybrid
STU1305,Fariq Kala,Class 10,CBSE,Foundation,Tamil,2026-06-16,Hybrid
STU1306,Gopal Bawa,Class 10,ICSE,JEE,Hindi,2025-10-03,Online
STU1307,Anika Bir,Class 12,ICSE,Foundation,Tamil,2024-08-14,Offline
STU1308,Aadi Minhas,Class 10,CBSE,Foundation,English,2026-03-18,Hybrid
STU1309,Nakul Chanda,Class 10,CBSE,NEET,Hindi,2025-06-24,Hybrid
STU1310,Arunima Modi,Class 10,ICSE,JEE,Hindi,2025-02-21,Hybrid
STU1311,Dev Dhingra,Class 10,ICSE,JEE,Hindi,2025-08-11,Hybrid
STU1312,Libni Ranganathan,Class 9,CBSE,NEET,English,2025-12-17,Hybrid
STU1313,Vivaan Kale,Class 9,ICSE,NEET,Tamil,2025-04-05,Offline
STU1314,Yochana Johal,Class 12,State Board,Foundation,Hindi,2025-01-18,Offline
STU1315,Yoshita Kara,Class 10,CBSE,JEE,English,2024-12-11,Online
STU1316,Yahvi Bhardwaj,Class 9,State Board,Foundation,Tamil,2026-03-03,Hybrid
STU1317,Yauvani Bose,Class 10,State Board,JEE,English,2025-07-15,Hybrid
STU1318,Champak Rai,Class 9,ICSE,JEE,Hindi,2026-01-09,Offline
STU1319,Max Naik,Class 10,State Board,Foundation,Tamil,2026-06-09,Hybrid
STU1320,Pratyush Dave,Class 11,CBSE,NEET,Tamil,2025-02-25,Offline
STU1321,Gayathri Khatri,Class 10,CBSE,JEE,English,2024-08-03,Online
STU1322,Shivani Chowdhury,Class 12,CBSE,NEET,Tamil,2025-11-29,Online
STU1323,Geetika Kapur,Class 10,CBSE,JEE,English,2025-08-09,Offline
STU1324,Sanaya Kurian,Class 12,State Board,NEET,Tamil,2024-09-14,Online
STU1325,Lekha Shah,Class 12,ICSE,JEE,Hindi,2025-04-24,Hybrid
STU1326,Hema Saini,Class 12,State Board,NEET,Tamil,2024-10-07,Hybrid
STU1327,Megha Chander,Class 9,State Board,JEE,Tamil,2026-04-28,Offline
STU1328,Nimrat Sastry,Class 9,CBSE,Foundation,Hindi,2026-06-26,Offline
STU1329,Darpan Chad,Class 9,State Board,NEET,Hindi,2026-03-04,Hybrid
STU1330,Falan Bhasin,Class 9,CBSE,NEET,Tamil,2025-11-24,Offline
STU1331,Damini Kant,Class 11,ICSE,NEET,English,2025-12-26,Offline
STU1332,Daksha Pillai,Class 11,State Board,JEE,Hindi,2025-10-10,Hybrid
STU1333,Zashil Ganesan,Class 10,ICSE,Foundation,Tamil,2024-12-10,Online
STU1334,Jeevika Kulkarni,Class 9,CBSE,Foundation,Hindi,2026-02-11,Hybrid
STU1335,Daksha Dutta,Class 10,ICSE,NEET,Tamil,2025-05-10,Offline
STU1336,Gagan Taneja,Class 9,CBSE,NEET,Hindi,2025-07-10,Hybrid
STU1337,Triveni Ratta,Class 10,ICSE,JEE,Tamil,2025-11-24,Offline
STU1338,Avni Rau,Class 10,State Board,Foundation,English,2025-09-23,Online
STU1339,Brinda Vig,Class 9,State Board,NEET,Hindi,2025-02-19,Offline
STU1340,Watika Sahota,Class 9,State Board,Foundation,Tamil,2025-06-22,Hybrid
STU1341,Zaid Manne,Class 10,ICSE,Foundation,Tamil,2026-02-03,Online
STU1342,Laksh Thaman,Class 10,ICSE,Foundation,Hindi,2024-09-08,Online
STU1343,Darpan Sangha,Class 10,CBSE,JEE,Hindi,2025-06-21,Online
STU1344,Maanav Raval,Class 12,ICSE,NEET,Hindi,2025-08-18,Offline
STU1345,Varenya Chad,Class 11,State Board,JEE,English,2024-10-27,Online
STU1346,Samar Balan,Class 10,CBSE,Foundation,Tamil,2024-09-02,Online
STU1347,Frederick Pant,Class 12,ICSE,NEET,Hindi,2025-02-13,Online
STU1348,Finn Joshi,Class 12,CBSE,JEE,Hindi,2025-02-28,Hybrid
STU1349,Krish Contractor,Class 12,ICSE,NEET,Tamil,2026-01-30,Online
STU1350,Sarthak Narang,Class 9,CBSE,Foundation,Tamil,2024-12-08,Hybrid
STU1351,Gautam Sood,Class 10,CBSE,JEE,English,2024-10-09,Online
STU1352,Unnati Palan,Class 11,CBSE,JEE,English,2026-05-17,Hybrid
STU1353,Mahika Narula,Class 11,ICSE,JEE,English,2024-10-25,Online
STU1354,Lakshit Sami,Class 12,CBSE,JEE,Hindi,2026-04-11,Offline
STU1355,Ishanvi Tandon,Class 10,ICSE,Foundation,Hindi,2025-06-27,Offline
STU1356,Ishani Sandal,Class 9,CBSE,NEET,Tamil,2025-02-08,Offline
STU1357,Fitan Bir,Class 12,CBSE,NEET,Hindi,2024-12-04,Online
STU1358,Utkarsh Tandon,Class 11,ICSE,JEE,English,2024-11-26,Hybrid
STU1359,Chaman Kuruvilla,Class 11,ICSE,Foundation,Tamil,2024-09-01,Hybrid
STU1360,Matthew Acharya,Class 10,State Board,JEE,Hindi,2025-05-02,Online
STU1361,Aahana Bhagat,Class 9,State Board,Foundation,Hindi,2025-07-29,Hybrid
STU1362,Rehaan Varghese,Class 9,ICSE,Foundation,Hindi,2025-08-24,Hybrid
STU1363,Sanaya Pradhan,Class 11,ICSE,Foundation,Tamil,2025-07-25,Offline
STU1364,Shravya Agrawal,Class 11,CBSE,Foundation,Hindi,2025-12-31,Offline
STU1365,Chaaya Nagi,Class 12,ICSE,JEE,Hindi,2025-11-30,Online
STU1366,Gautam Kumer,Class 11,CBSE,JEE,English,2024-10-16,Online
STU1367,Oliver Randhawa,Class 12,State Board,JEE,Hindi,2025-04-22,Online
STU1368,Vincent Soman,Class 12,ICSE,JEE,Tamil,2025-08-02,Offline
STU1369,Bina Yadav,Class 10,CBSE,Foundation,English,2024-09-30,Hybrid
STU1370,Bhavani Kar,Class 11,ICSE,JEE,Tamil,2024-11-15,Offline
STU1371,Ansh Misra,Class 11,CBSE,JEE,Hindi,2026-05-22,Offline
STU1372,Ubika Chakrabarti,Class 11,ICSE,Foundation,Hindi,2025-12-16,Hybrid
STU1373,Gayathri Zacharia,Class 9,CBSE,JEE,Tamil,2024-10-16,Offline
STU1374,Ganga Gaba,Class 12,ICSE,JEE,Hindi,2025-09-21,Online
STU1375,Bahadurjit Soman,Class 12,CBSE,Foundation,Tamil,2024-12-31,Hybrid
STU1376,Azad Som,Class 11,ICSE,NEET,Hindi,2026-05-28,Online
STU1377,Imaran Warrior,Class 11,State Board,Foundation,Hindi,2025-09-12,Offline
STU1378,Charvi Dayal,Class 9,CBSE,Foundation,Hindi,2026-03-15,Offline
STU1379,Zehaan Saini,Class 11,CBSE,JEE,Tamil,2026-06-26,Online
STU1380,Chavvi Shanker,Class 11,ICSE,Foundation,Hindi,2025-05-31,Online
STU1381,Dhriti Krishnamurthy,Class 12,CBSE,Foundation,English,2026-05-23,Offline
STU1382,Praneel Nagy,Class 11,State Board,JEE,Tamil,2025-05-07,Offline
STU1383,Rajata Sharma,Class 9,ICSE,JEE,Tamil,2026-03-04,Offline
STU1384,Priya Das,Class 11,CBSE,Foundation,Tamil,2026-03-25,Online
STU1385,Anay Dixit,Class 9,ICSE,JEE,English,2026-04-19,Online
STU1386,Upma Oak,Class 12,State Board,JEE,Tamil,2024-08-03,Hybrid
STU1387,Akshay Chakraborty,Class 10,CBSE,NEET,Tamil,2024-10-18,Hybrid
STU1388,Falguni Sandhu,Class 11,ICSE,JEE,English,2025-03-05,Hybrid
STU1389,Samesh Lad,Class 10,CBSE,Foundation,English,2025-05-08,Offline
STU1390,Anamika Saraf,Class 12,State Board,Foundation,English,2025-03-13,Online
STU1391,Reyansh Agarwal,Class 11,CBSE,Foundation,Hindi,2025-02-25,Online
STU1392,Mitali Tella,Class 11,ICSE,JEE,English,2025-07-31,Hybrid
STU1393,Benjamin Halder,Class 11,CBSE,Foundation,Tamil,2026-05-20,Hybrid
STU1394,Owen Joshi,Class 10,ICSE,JEE,English,2024-10-09,Offline
STU1395,Hredhaan Menon,Class 11,State Board,NEET,Tamil,2024-08-02,Hybrid
STU1396,Ishita Randhawa,Class 9,ICSE,JEE,English,2024-12-24,Offline
STU1397,Daksha Khurana,Class 9,CBSE,Foundation,Hindi,2026-06-17,Hybrid
STU1398,Qarin Bala,Class 9,CBSE,Foundation,Tamil,2024-12-31,Hybrid
STU1399,Ishani Raman,Class 11,ICSE,JEE,Hindi,2024-12-29,Offline
STU1400,Zaitra Lala,Class 10,CBSE,JEE,Tamil,2025-01-08,Hybrid
STU1401,Hema Sahni,Class 11,State Board,NEET,English,2025-01-16,Online
STU1402,Sanaya Swamy,Class 9,ICSE,Foundation,English,2025-09-25,Online
STU1403,Megha Srivastava,Class 12,CBSE,JEE,Tamil,2025-11-24,Offline
STU1404,Janya Dalal,Class 10,State Board,Foundation,Hindi,2026-01-09,Hybrid
STU1405,Naksh Mutti,Class 12,State Board,NEET,Tamil,2026-03-31,Offline
STU1406,Bhavani Prabhakar,Class 10,State Board,Foundation,Hindi,2026-01-14,Online
STU1407,Neha Doshi,Class 12,State Board,JEE,English,2026-06-30,Hybrid
STU1408,Forum Walia,Class 12,CBSE,NEET,Tamil,2025-10-26,Hybrid
STU1409,Maanas Khare,Class 12,ICSE,JEE,English,2024-11-02,Online
STU1410,Praneel Sha,Class 11,ICSE,NEET,English,2026-03-21,Hybrid
STU1411,Hemangini Mall,Class 11,ICSE,NEET,Tamil,2025-04-24,Online
STU1412,Aarna Balakrishnan,Class 9,ICSE,JEE,Tamil,2024-12-02,Offline
STU1413,Rachit Sha,Class 12,CBSE,NEET,Tamil,2024-10-10,Hybrid
STU1414,Krishna Ramesh,Class 10,State Board,JEE,Tamil,2024-11-06,Hybrid
STU1415,Zayan Kaul,Class 9,ICSE,Foundation,Hindi,2026-01-23,Online
STU1416,Yuvraj Bora,Class 11,State Board,NEET,Tamil,2025-06-14,Hybrid
STU1417,Robert Nanda,Class 12,CBSE,Foundation,English,2026-03-20,Hybrid
STU1418,Gabriel Mutti,Class 10,ICSE,NEET,English,2026-05-07,Offline
STU1419,Ekansh Sankar,Class 10,State Board,Foundation,Tamil,2024-12-26,Offline
STU1420,Ishanvi Yogi,Class 11,State Board,Foundation,English,2024-08-07,Online
STU1421,Ojas Varty,Class 9,State Board,Foundation,Hindi,2025-07-09,Offline
STU1422,Dakshesh Toor,Class 9,State Board,Foundation,Tamil,2025-07-12,Offline
STU1423,Neelima Choudhury,Class 9,ICSE,JEE,Tamil,2025-12-06,Offline
STU1424,Janani Sodhi,Class 9,State Board,JEE,Hindi,2026-03-15,Hybrid
STU1425,Chameli Krishna,Class 12,ICSE,NEET,Hindi,2025-06-02,Hybrid
STU1426,Amol Suresh,Class 9,CBSE,JEE,English,2026-04-17,Hybrid
STU1427,Andrew Chaudhuri,Class 9,CBSE,Foundation,English,2025-05-02,Offline
STU1428,Meghana Koshy,Class 11,ICSE,Foundation,Hindi,2026-03-10,Offline
STU1429,Siddharth Dada,Class 10,CBSE,Foundation,Tamil,2026-01-15,Offline
STU1430,Utkarsh Tara,Class 11,ICSE,Foundation,Tamil,2024-10-13,Online
STU1431,Neel Vaidya,Class 9,State Board,Foundation,Tamil,2025-09-21,Online
STU1432,Amrita Basu,Class 11,CBSE,NEET,Hindi,2026-01-21,Online
STU1433,Tristan Tandon,Class 9,State Board,Foundation,Tamil,2025-10-13,Online
STU1434,Falak Apte,Class 11,CBSE,JEE,Tamil,2024-07-27,Hybrid
STU1435,Krishna Bhatt,Class 12,State Board,NEET,Hindi,2025-08-18,Offline
STU1436,Yashodhara Borra,Class 12,ICSE,NEET,Hindi,2025-11-01,Online
STU1437,Eiravati Balasubramanian,Class 10,ICSE,JEE,English,2024-11-17,Hybrid
STU1438,Theodore Amble,Class 12,ICSE,NEET,English,2025-08-13,Offline
STU1439,Nitara Sachar,Class 10,CBSE,JEE,English,2024-11-10,Hybrid
STU1440,Logan Jaggi,Class 9,CBSE,Foundation,Tamil,2024-12-09,Hybrid
STU1441,Gaurang Apte,Class 12,CBSE,JEE,English,2026-06-04,Hybrid
STU1442,Faris Vig,Class 12,ICSE,Foundation,Hindi,2025-04-21,Offline
STU1443,Sachi Samra,Class 10,ICSE,Foundation,Tamil,2026-03-15,Hybrid
STU1444,Samarth Chaudry,Class 12,ICSE,NEET,English,2025-07-08,Online
STU1445,Anita Kapur,Class 12,State Board,JEE,Hindi,2026-05-14,Offline
STU1446,Jasmit Chaudhary,Class 10,State Board,Foundation,Tamil,2025-03-14,Offline
STU1447,Rehaan Taneja,Class 11,CBSE,JEE,Hindi,2025-06-12,Offline
STU1448,Vinaya Palla,Class 11,CBSE,Foundation,Tamil,2024-08-05,Hybrid
STU1449,Ucchal Bala,Class 9,CBSE,Foundation,Hindi,2026-03-29,Hybrid
STU1450,Bachittar Ganesh,Class 11,ICSE,Foundation,English,2025-04-12,Hybrid
STU1451,Aarush Radhakrishnan,Class 9,CBSE,NEET,Hindi,2026-05-31,Hybrid
STU1452,Nidra Varughese,Class 9,State Board,Foundation,Hindi,2025-01-07,Hybrid
STU1453,Ekaraj Pillai,Class 11,State Board,JEE,Tamil,2024-08-03,Hybrid
STU1454,William Chhabra,Class 9,ICSE,NEET,Hindi,2025-05-30,Offline
STU1455,Charles Ben,Class 11,ICSE,NEET,Tamil,2026-04-17,Offline
STU1456,Ethan Morar,Class 10,CBSE,Foundation,Hindi,2026-03-03,Hybrid
STU1457,Omisha Devi,Class 11,State Board,Foundation,Tamil,2025-02-03,Online
STU1458,Jagvi Prasad,Class 12,State Board,JEE,Hindi,2026-06-04,Online
STU1459,Yash Chatterjee,Class 11,State Board,Foundation,English,2024-09-15,Offline
STU1460,Anirudh Majumdar,Class 12,CBSE,JEE,Hindi,2026-02-17,Online
STU1461,Bimala Nagarajan,Class 11,ICSE,JEE,Hindi,2025-11-08,Offline
STU1462,Ojas Mukherjee,Class 11,ICSE,JEE,Hindi,2026-07-06,Online
STU1463,Tamanna Bassi,Class 10,State Board,Foundation,English,2025-01-03,Hybrid
STU1464,Niharika Sama,Class 12,ICSE,JEE,Tamil,2026-04-21,Hybrid
STU1465,Hemal Subramanian,Class 10,ICSE,JEE,Hindi,2026-07-17,Online
STU1466,Faris Trivedi,Class 11,CBSE,JEE,Hindi,2024-08-08,Online
STU1467,Daksha Gill,Class 12,ICSE,NEET,English,2025-10-18,Hybrid
STU1468,Parth Kothari,Class 12,State Board,Foundation,English,2025-02-21,Online
STU1469,Wishi Vig,Class 11,CBSE,Foundation,Tamil,2026-01-31,Online
STU1470,Harini Purohit,Class 9,CBSE,NEET,Tamil,2026-05-17,Offline
STU1471,Azaan Grewal,Class 11,ICSE,Foundation,Hindi,2026-06-01,Online
STU1472,Sanya Chanda,Class 12,State Board,Foundation,Tamil,2025-11-25,Offline
STU1473,Caleb Narasimhan,Class 11,CBSE,Foundation,Tamil,2024-08-13,Online
STU1474,Abha Sharaf,Class 11,ICSE,NEET,Hindi,2026-02-08,Offline
STU1475,Jacob Kala,Class 9,CBSE,Foundation,Hindi,2026-01-28,Offline
STU1476,David Shan,Class 12,State Board,Foundation,Tamil,2026-01-29,Offline
STU1477,Onveer Ramachandran,Class 11,ICSE,JEE,Tamil,2026-06-29,Hybrid
STU1478,Rishi Bobal,Class 12,ICSE,Foundation,Hindi,2026-07-21,Online
STU1479,Banjeet Bava,Class 10,State Board,NEET,Hindi,2025-02-03,Hybrid
STU1480,Urishilla Bhardwaj,Class 10,ICSE,Foundation,English,2024-12-31,Hybrid
STU1481,Daksh Nayar,Class 9,CBSE,JEE,Tamil,2025-11-07,Online
STU1482,Kevin Chahal,Class 9,State Board,NEET,Tamil,2026-03-02,Online
STU1483,Samaksh Kata,Class 11,ICSE,JEE,English,2025-06-07,Online
STU1484,Aahana Kaul,Class 9,CBSE,Foundation,Hindi,2025-08-24,Online
STU1485,Oscar Rege,Class 9,State Board,JEE,English,2026-05-23,Hybrid
STU1486,Chatura Sethi,Class 10,ICSE,Foundation,Hindi,2026-02-04,Hybrid
STU1487,Garima Bhakta,Class 10,CBSE,Foundation,English,2025-02-28,Offline
STU1488,Adweta Iyengar,Class 11,ICSE,Foundation,English,2026-03-03,Hybrid
STU1489,Saumya Sule,Class 12,ICSE,NEET,Hindi,2025-06-24,Hybrid
STU1490,Bhavika Patel,Class 11,ICSE,JEE,English,2026-01-06,Offline
STU1491,Praneel Rastogi,Class 9,ICSE,NEET,Tamil,2026-03-31,Online
STU1492,Madhav Bala,Class 11,ICSE,JEE,Tamil,2026-02-12,Online
STU1493,Chakradhar Puri,Class 12,CBSE,Foundation,Tamil,2025-11-25,Online
STU1494,Ubika Balan,Class 12,CBSE,JEE,Hindi,2025-01-23,Offline
STU1495,Hritik Kalla,Class 10,State Board,Foundation,English,2025-12-16,Offline
STU1496,Fariq Samra,Class 11,CBSE,JEE,English,2025-03-17,Online
STU1497,Kamya Naik,Class 11,ICSE,JEE,Tamil,2025-05-22,Online
STU1498,Alexander Sandhu,Class 9,CBSE,Foundation,Tamil,2024-11-13,Offline
STU1499,Dominic Gill,Class 10,State Board,NEET,Tamil,2025-10-16,Hybrid
STU1500,Ayaan Vasa,Class 9,State Board,Foundation,Tamil,2025-04-12,Offline
STU1501,Indrajit Mander,Class 12,ICSE,Foundation,English,2024-09-12,Hybrid
STU1502,Reyansh Ben,Class 10,CBSE,NEET,Hindi,2024-08-01,Offline
STU1503,Dominic Subramanian,Class 9,State Board,Foundation,Tamil,2024-08-20,Offline
STU1504,Inaya Goda,Class 11,ICSE,JEE,Hindi,2024-07-27,Hybrid
STU1505,Rehaan Master,Class 9,ICSE,Foundation,Tamil,2025-08-26,Online
STU1506,Bhavini Oza,Class 12,ICSE,Foundation,English,2026-06-23,Online
STU1507,Unni Boase,Class 9,ICSE,Foundation,English,2026-06-14,Offline
STU1508,Vinaya Char,Class 12,CBSE,Foundation,Hindi,2024-12-03,Offline
STU1509,Chakrika Seth,Class 12,CBSE,Foundation,Tamil,2024-12-04,Hybrid
STU1510,Yamini Vig,Class 10,CBSE,JEE,English,2025-04-18,Online
STU1511,Samarth Pandit,Class 10,ICSE,NEET,English,2025-09-12,Hybrid
STU1512,Chatresh Patel,Class 11,ICSE,Foundation,Tamil,2026-01-18,Online
STU1513,Zashil Munshi,Class 9,ICSE,JEE,Tamil,2025-09-01,Hybrid
STU1514,Reva Saraf,Class 9,ICSE,JEE,English,2024-10-15,Hybrid
STU1515,Sarthak Nadkarni,Class 12,State Board,Foundation,English,2024-10-11,Hybrid
STU1516,Anya Gala,Class 10,CBSE,JEE,Hindi,2025-11-29,Online
STU1517,Dev Raj,Class 12,State Board,JEE,Tamil,2025-12-24,Hybrid
STU1518,Bahadurjit Ratti,Class 9,CBSE,Foundation,Hindi,2026-06-02,Online
STU1519,Zansi Bumb,Class 9,CBSE,Foundation,English,2025-02-26,Offline
STU1520,Lekha Dugar,Class 9,ICSE,Foundation,English,2025-06-29,Hybrid
STU1521,Tanveer Kulkarni,Class 9,CBSE,JEE,Tamil,2024-10-02,Hybrid
STU1522,Pratyush Saraf,Class 10,CBSE,JEE,Tamil,2025-07-03,Offline
STU1523,Pushti Sood,Class 12,ICSE,JEE,Hindi,2025-03-19,Hybrid
STU1524,Sathvik Wali,Class 10,ICSE,JEE,English,2024-10-07,Hybrid
STU1525,Oeshi Prakash,Class 10,ICSE,JEE,English,2026-07-06,Offline
STU1526,Pooja Singh,Class 10,ICSE,JEE,Hindi,2025-07-03,Offline
STU1527,Zilmil Tandon,Class 10,ICSE,JEE,Hindi,2025-12-28,Online
STU1528,Charan Koshy,Class 10,CBSE,Foundation,Hindi,2025-11-06,Offline
STU1529,Urishilla Sawhney,Class 10,CBSE,NEET,English,2025-02-10,Online
STU1530,Rajeshri Kapadia,Class 9,CBSE,JEE,Hindi,2026-06-11,Hybrid
STU1531,Odika Bhatia,Class 11,ICSE,Foundation,Tamil,2025-07-19,Hybrid
STU1532,Harsh Kaur,Class 10,CBSE,JEE,Hindi,2025-07-04,Offline
STU1533,Chaitanya Deol,Class 12,ICSE,JEE,English,2025-01-12,Hybrid
STU1534,Triveni Palan,Class 9,State Board,JEE,Hindi,2025-07-12,Offline
STU1535,Vivaan Loke,Class 9,State Board,NEET,Tamil,2025-08-12,Offline
STU1536,Varenya Koshy,Class 9,State Board,JEE,English,2025-05-17,Online
STU1537,Darsh Balay,Class 9,State Board,NEET,Hindi,2025-07-07,Hybrid
STU1538,Aarnav Grewal,Class 10,ICSE,Foundation,Hindi,2025-07-20,Online
STU1539,Tanay Walla,Class 11,CBSE,JEE,English,2024-08-29,Online
STU1540,Ayush Bandi,Class 12,ICSE,JEE,English,2025-03-10,Hybrid
STU1541,Bhavini Sharaf,Class 9,CBSE,Foundation,Tamil,2026-05-08,Offline
STU1542,Gavin Vig,Class 10,ICSE,NEET,Tamil,2025-02-04,Hybrid
STU1543,Zansi Lala,Class 12,CBSE,JEE,Hindi,2025-07-01,Online
STU1544,Shivani Chatterjee,Class 10,CBSE,JEE,Tamil,2025-11-24,Hybrid
STU1545,Aachal Dey,Class 9,CBSE,JEE,Hindi,2024-11-04,Offline
STU1546,Aarush Roy,Class 11,ICSE,JEE,Hindi,2025-02-08,Hybrid
STU1547,Kashvi Patla,Class 11,CBSE,JEE,Tamil,2025-10-24,Online
STU1548,Chatura Raman,Class 9,CBSE,Foundation,Tamil,2025-12-08,Online
STU1549,Abhiram Rout,Class 12,CBSE,JEE,Tamil,2025-05-14,Hybrid
STU1550,Anvi Lall,Class 12,CBSE,NEET,English,2026-02-16,Online
STU1551,Janani Panchal,Class 12,CBSE,NEET,Tamil,2026-06-06,Online
STU1552,Ekiya Sen,Class 12,State Board,JEE,Hindi,2025-01-29,Offline
STU1553,Rishi Magar,Class 11,CBSE,NEET,English,2024-09-07,Online
STU1554,Hardik Mitter,Class 9,ICSE,JEE,English,2026-02-27,Offline
STU1555,Balendra Butala,Class 12,ICSE,JEE,Tamil,2025-05-24,Online
STU1556,Omaja Goel,Class 11,State Board,JEE,Hindi,2024-12-21,Hybrid
STU1557,Mason Chada,Class 10,State Board,Foundation,English,2025-03-07,Online
STU1558,Inaya Chandra,Class 12,State Board,NEET,English,2026-03-16,Hybrid
STU1559,Bhanumati Venkatesh,Class 12,ICSE,NEET,English,2026-01-04,Hybrid
STU1560,Oni Kara,Class 12,State Board,JEE,English,2024-10-04,Offline
STU1561,Shaurya Dave,Class 12,State Board,JEE,Hindi,2025-12-07,Online
STU1562,Pallavi Bhatia,Class 9,ICSE,JEE,English,2025-03-15,Offline
STU1563,Shaurya Chopra,Class 9,ICSE,Foundation,Tamil,2025-02-02,Offline
STU1564,Aarini Soman,Class 9,ICSE,NEET,English,2025-04-08,Online
STU1565,Nidhi Gola,Class 9,State Board,Foundation,Tamil,2026-05-08,Online
STU1566,Shivansh Dugar,Class 10,ICSE,NEET,English,2025-09-15,Hybrid
STU1567,Yamini Roy,Class 9,CBSE,NEET,Hindi,2024-08-20,Offline
STU1568,Aishani Wadhwa,Class 10,State Board,NEET,Hindi,2025-12-06,Hybrid
STU1569,Champak Singh,Class 9,ICSE,NEET,English,2025-09-06,Hybrid
STU1570,Janani Tella,Class 12,CBSE,NEET,Hindi,2026-01-04,Offline
STU1571,Faraj Bhatnagar,Class 9,State Board,JEE,Tamil,2025-05-11,Hybrid
STU1572,Gopal Kapur,Class 11,State Board,JEE,Tamil,2024-08-28,Offline
STU1573,Abhimanyu Sur,Class 11,State Board,Foundation,Hindi,2025-05-02,Hybrid
STU1574,Barkha Rajagopal,Class 10,State Board,JEE,Hindi,2025-06-08,Offline
STU1575,Alexander Bhavsar,Class 9,State Board,Foundation,Tamil,2025-12-09,Online
STU1576,Hritik Naidu,Class 9,ICSE,NEET,Tamil,2026-07-20,Hybrid
STU1577,Sanya Bakshi,Class 9,ICSE,NEET,English,2024-09-04,Hybrid
STU1578,Anthony Babu,Class 9,State Board,Foundation,English,2024-10-12,Online
STU1579,Eiravati Prashad,Class 11,CBSE,Foundation,English,2025-09-22,Hybrid
STU1580,Tamanna Kapoor,Class 12,State Board,Foundation,Hindi,2026-04-16,Online
STU1581,Shivani Lal,Class 10,ICSE,NEET,Tamil,2024-12-03,Hybrid
STU1582,Alka Chhabra,Class 12,ICSE,JEE,English,2025-01-16,Offline
STU1583,Rachana Pai,Class 11,ICSE,NEET,Hindi,2024-09-28,Hybrid
STU1584,Chanakya Solanki,Class 9,ICSE,Foundation,Hindi,2024-09-15,Hybrid
STU1585,Rishi Dayal,Class 11,ICSE,Foundation,Tamil,2026-04-04,Hybrid
STU1586,Upma Pai,Class 9,CBSE,NEET,English,2026-01-06,Online
STU1587,Aryan Guha,Class 12,CBSE,NEET,English,2025-12-20,Online
STU1588,Samesh Parikh,Class 10,ICSE,JEE,Hindi,2025-06-13,Online
STU1589,Suhani Rajan,Class 12,CBSE,JEE,Hindi,2025-12-27,Hybrid
STU1590,Oliver Kohli,Class 9,ICSE,NEET,Hindi,2025-08-11,Hybrid
STU1591,Karan Vasa,Class 10,ICSE,NEET,Tamil,2024-12-15,Offline
STU1592,Divya Nagy,Class 9,ICSE,JEE,English,2026-05-12,Online
STU1593,Zashil De,Class 10,State Board,Foundation,Tamil,2026-05-16,Offline
STU1594,Ranbir Ram,Class 11,State Board,Foundation,Tamil,2024-11-28,Offline
STU1595,Janani Banerjee,Class 12,ICSE,NEET,Hindi,2024-11-20,Online
STU1596,Vritti Sodhi,Class 11,CBSE,NEET,English,2025-08-21,Offline
STU1597,Yauvani Kar,Class 11,ICSE,JEE,English,2026-02-04,Offline
STU1598,Rajeshri Bhatti,Class 11,ICSE,JEE,Hindi,2026-07-15,Online
STU1599,Triya Mitra,Class 11,CBSE,JEE,Hindi,2026-06-04,Hybrid
STU1600,Oviya Bakshi,Class 10,CBSE,JEE,English,2026-06-21,Online
STU1601,Bhanumati Mangal,Class 11,State Board,JEE,Tamil,2025-10-30,Offline
STU1602,Ekansh Kaul,Class 11,CBSE,JEE,Hindi,2024-12-22,Hybrid
STU1603,Unni Pai,Class 9,State Board,NEET,Tamil,2026-04-15,Online
STU1604,Chaman Bath,Class 11,ICSE,Foundation,English,2025-04-01,Hybrid
STU1605,Sachi Kakar,Class 11,CBSE,JEE,Tamil,2025-07-26,Offline
STU1606,Neel Singh,Class 10,ICSE,NEET,English,2025-04-08,Online
STU1607,Ladli Morar,Class 11,State Board,Foundation,Tamil,2025-07-14,Offline
STU1608,Zaitra Bera,Class 11,State Board,Foundation,English,2026-05-28,Hybrid
STU1609,Umang Hegde,Class 12,ICSE,Foundation,English,2025-08-16,Hybrid
STU1610,Dominic Chada,Class 12,CBSE,JEE,Hindi,2025-12-29,Hybrid
STU1611,Vedant Mohan,Class 9,ICSE,JEE,Tamil,2025-10-21,Hybrid
STU1612,Aishani Shere,Class 10,ICSE,NEET,English,2025-08-23,Offline
STU1613,Warda Kuruvilla,Class 9,State Board,Foundation,English,2026-03-19,Hybrid
STU1614,Baghyawati Lad,Class 10,ICSE,JEE,English,2025-07-12,Online
STU1615,Urvi Mistry,Class 12,State Board,Foundation,English,2025-04-05,Hybrid
STU1616,Samar Karpe,Class 12,CBSE,NEET,Tamil,2026-06-10,Hybrid
STU1617,Gavin Iyer,Class 9,State Board,NEET,Tamil,2025-10-11,Online
STU1618,Reyansh Dayal,Class 12,ICSE,NEET,Tamil,2026-04-07,Online
STU1619,Wakeeta Bandi,Class 11,ICSE,NEET,Tamil,2024-08-05,Offline
STU1620,Abhimanyu Bali,Class 9,CBSE,Foundation,Tamil,2024-09-18,Hybrid
STU1621,Chaman Goswami,Class 12,ICSE,NEET,English,2025-02-09,Hybrid
STU1622,Reyansh Mallick,Class 12,State Board,NEET,English,2025-04-09,Hybrid
STU1623,Anya Bera,Class 9,CBSE,JEE,Tamil,2026-06-15,Offline
STU1624,Dalbir Nagar,Class 11,CBSE,Foundation,Tamil,2024-11-28,Online
STU1625,Vanya Rajan,Class 9,ICSE,Foundation,Tamil,2026-06-14,Offline
STU1626,Harsh Peri,Class 10,State Board,NEET,Hindi,2026-06-10,Hybrid
STU1627,Harrison Kanda,Class 10,CBSE,JEE,Tamil,2025-11-14,Offline
STU1628,Jasmit Sarin,Class 12,CBSE,NEET,Hindi,2026-01-01,Offline
STU1629,Harinakshi Pandey,Class 12,State Board,Foundation,Tamil,2024-12-28,Online
STU1630,Vincent Karan,Class 9,CBSE,JEE,Tamil,2025-02-01,Offline
STU1631,Gautam Venkatesh,Class 12,CBSE,Foundation,Hindi,2026-03-26,Offline
STU1632,Utkarsh Sami,Class 12,CBSE,NEET,Hindi,2024-12-31,Hybrid
STU1633,Zashil Oommen,Class 10,CBSE,JEE,Tamil,2025-11-11,Offline
STU1634,Abha Wali,Class 9,State Board,Foundation,Tamil,2025-04-15,Hybrid
STU1635,Aryan Krish,Class 12,State Board,NEET,Tamil,2026-01-20,Hybrid
STU1636,Wahab Gade,Class 12,State Board,JEE,Tamil,2026-06-06,Hybrid
STU1637,Yash Jani,Class 9,ICSE,JEE,Hindi,2026-07-24,Online
STU1638,Daksha Nori,Class 10,ICSE,NEET,Hindi,2025-11-18,Online
STU1639,Yashodhara Sastry,Class 11,CBSE,JEE,Tamil,2024-12-18,Offline
STU1640,Qushi Grover,Class 12,State Board,NEET,English,2024-12-01,Offline
STU1641,Veer Agrawal,Class 11,State Board,Foundation,English,2024-07-28,Hybrid
STU1642,Chakradhar Chakrabarti,Class 10,State Board,JEE,English,2026-06-05,Hybrid
STU1643,Manthan Chaudhry,Class 10,State Board,NEET,Tamil,2024-07-31,Hybrid
STU1644,Warhi Thakur,Class 11,ICSE,Foundation,Hindi,2025-12-02,Hybrid
STU1645,Omisha Kuruvilla,Class 11,CBSE,Foundation,Hindi,2026-02-03,Offline
STU1646,Kritika Gola,Class 10,CBSE,JEE,Hindi,2025-09-21,Offline
STU1647,Oliver Balakrishnan,Class 11,ICSE,NEET,Tamil,2024-12-26,Online
STU1648,Qushi Jani,Class 9,CBSE,JEE,Hindi,2026-05-22,Online
STU1649,Maanav Mallick,Class 10,State Board,Foundation,Hindi,2026-02-27,Hybrid
STU1650,Hemani Virk,Class 9,ICSE,NEET,English,2025-12-26,Online
STU1651,Varenya Vala,Class 10,CBSE,NEET,Tamil,2025-07-18,Offline
STU1652,Chavvi Raghavan,Class 11,CBSE,NEET,Hindi,2026-01-21,Hybrid
STU1653,Wakeeta Babu,Class 11,CBSE,Foundation,Tamil,2025-04-30,Online
STU1654,Dakshesh Palan,Class 9,CBSE,JEE,Hindi,2024-09-12,Online
STU1655,Nimrat Bobal,Class 10,ICSE,JEE,English,2025-05-18,Online
STU1656,Alexander Seth,Class 9,ICSE,Foundation,English,2025-12-12,Online
STU1657,Baghyawati Viswanathan,Class 9,ICSE,NEET,English,2025-10-25,Online
STU1658,Baghyawati Upadhyay,Class 9,CBSE,Foundation,Hindi,2026-03-23,Hybrid
STU1659,Bakhshi Zachariah,Class 9,ICSE,JEE,Tamil,2025-05-12,Online
STU1660,Zaitra Viswanathan,Class 9,ICSE,Foundation,English,2026-02-07,Online
STU1661,Sai Sem,Class 9,State Board,JEE,Hindi,2026-06-01,Online
STU1662,Abha Dara,Class 10,State Board,NEET,English,2024-08-25,Online
STU1663,Nachiket Sandal,Class 10,State Board,NEET,Hindi,2025-06-21,Offline
STU1664,Raghav Srinivas,Class 11,CBSE,Foundation,Hindi,2026-01-19,Hybrid
STU1665,Niharika Rau,Class 10,State Board,Foundation,English,2026-01-08,Online
STU1666,Hemani Tata,Class 9,State Board,JEE,Hindi,2024-10-03,Online
STU1667,Tarak Kulkarni,Class 11,CBSE,Foundation,English,2025-07-22,Hybrid
STU1668,Victor Padmanabhan,Class 9,CBSE,Foundation,Hindi,2026-01-23,Offline
STU1669,Naveen Lal,Class 11,State Board,Foundation,English,2026-01-02,Offline
STU1670,Jeevika Guha,Class 9,CBSE,NEET,Tamil,2026-03-24,Offline
STU1671,Daniel Sawhney,Class 10,State Board,JEE,Tamil,2025-05-10,Online
STU1672,Abha Soman,Class 11,CBSE,NEET,English,2025-04-22,Hybrid
STU1673,Harita Sami,Class 10,ICSE,NEET,Hindi,2024-11-16,Offline
STU1674,Andrew Kapadia,Class 9,CBSE,NEET,Tamil,2025-03-29,Online
STU1675,Tara Agate,Class 12,ICSE,NEET,Hindi,2025-02-11,Hybrid
STU1676,Chakradev Sandal,Class 11,State Board,NEET,English,2026-04-05,Hybrid
STU1677,Rachana Sastry,Class 12,ICSE,NEET,English,2025-09-26,Online
STU1678,Neelima Dugal,Class 12,State Board,NEET,English,2025-04-28,Online
STU1679,Lakshit Arora,Class 12,State Board,JEE,Tamil,2025-02-12,Offline
STU1680,Rayaan Mangal,Class 9,CBSE,JEE,Tamil,2025-07-11,Offline
STU1681,Arin Gupta,Class 9,State Board,JEE,English,2025-12-03,Offline
STU1682,Benjamin Chahal,Class 10,ICSE,JEE,Hindi,2026-03-20,Offline
STU1683,Devansh Taneja,Class 9,CBSE,NEET,Hindi,2025-06-27,Offline
STU1684,Lila Nori,Class 11,State Board,Foundation,Hindi,2026-01-06,Offline
STU1685,Ikshita Chowdhury,Class 12,ICSE,NEET,Hindi,2025-09-17,Hybrid
STU1686,Kavya Purohit,Class 12,ICSE,Foundation,Tamil,2024-07-31,Online
STU1687,Zarna Lall,Class 12,CBSE,JEE,Tamil,2025-10-28,Offline
STU1688,Daniel Kota,Class 12,CBSE,Foundation,English,2025-08-15,Online
STU1689,Hemal Kakar,Class 9,State Board,JEE,English,2025-09-15,Offline
STU1690,Jagdish Brar,Class 9,CBSE,NEET,Hindi,2026-04-09,Hybrid
STU1691,Ojasvi D’Alia,Class 11,CBSE,NEET,Hindi,2025-06-11,Hybrid
STU1692,Mekhala Sidhu,Class 9,CBSE,Foundation,Hindi,2024-10-19,Offline
STU1693,Jagrati Sami,Class 12,CBSE,NEET,Hindi,2026-05-27,Offline
STU1694,Pratyush Patla,Class 12,State Board,NEET,Hindi,2026-05-11,Offline
STU1695,Farhan Sami,Class 9,CBSE,NEET,English,2026-07-01,Offline
STU1696,Sai Sawhney,Class 12,ICSE,NEET,Tamil,2025-06-07,Offline
STU1697,Mitesh Deshmukh,Class 9,CBSE,JEE,Hindi,2024-08-04,Hybrid
STU1698,Waida Sule,Class 11,State Board,JEE,Tamil,2025-03-15,Offline
STU1699,Advay Balan,Class 10,ICSE,Foundation,Tamil,2024-12-18,Offline
STU1700,Xiti Gala,Class 9,State Board,Foundation,Tamil,2025-10-24,Hybrid
STU1701,Rehaan Wadhwa,Class 12,ICSE,Foundation,English,2026-02-22,Hybrid
STU1702,Madhavi Raja,Class 9,ICSE,NEET,Tamil,2024-10-25,Hybrid
STU1703,Jagrati Nagy,Class 12,State Board,Foundation,Tamil,2026-07-22,Offline
STU1704,Chanchal Choudhry,Class 11,CBSE,JEE,Hindi,2025-09-29,Online
STU1705,Divya Sant,Class 10,ICSE,NEET,Hindi,2026-03-23,Hybrid
STU1706,Wyatt Dyal,Class 9,State Board,NEET,Tamil,2025-07-09,Online
STU1707,Alka Walla,Class 12,ICSE,NEET,Tamil,2024-12-20,Offline
STU1708,Warjas Oommen,Class 9,State Board,JEE,English,2025-06-27,Online
STU1709,Lipika Sodhi,Class 11,State Board,JEE,Hindi,2025-10-27,Online
STU1710,Keya Bal,Class 11,CBSE,NEET,English,2025-08-08,Online
STU1711,Yasti Deep,Class 11,CBSE,NEET,Hindi,2025-02-24,Offline
STU1712,Wriddhish Hari,Class 12,ICSE,JEE,Hindi,2026-05-16,Offline
STU1713,Wyatt Cherian,Class 9,ICSE,NEET,Hindi,2026-02-05,Offline
STU1714,Gavin Bhagat,Class 11,State Board,JEE,Tamil,2024-12-03,Online
STU1715,Azad Goel,Class 10,ICSE,NEET,Hindi,2025-07-08,Hybrid
STU1716,Mugdha Balakrishnan,Class 11,CBSE,Foundation,Tamil,2026-04-07,Offline
STU1717,Advaith Ahuja,Class 12,CBSE,NEET,Hindi,2025-09-14,Online
STU1718,Vrishti Chauhan,Class 10,ICSE,NEET,English,2025-08-13,Offline
STU1719,Qabil Saraf,Class 12,CBSE,Foundation,Hindi,2024-09-28,Online
STU1720,Waida Kanda,Class 9,State Board,NEET,Tamil,2025-07-28,Online
STU1721,Isaiah Nagy,Class 12,ICSE,JEE,Tamil,2025-08-23,Online
STU1722,Nandini Kapadia,Class 11,State Board,NEET,Tamil,2025-12-01,Hybrid
STU1723,David Char,Class 11,CBSE,NEET,Tamil,2025-02-21,Offline
STU1724,Samar Kadakia,Class 12,State Board,Foundation,English,2026-06-04,Online
STU1725,Yamini Iyengar,Class 10,State Board,NEET,English,2026-02-04,Hybrid
STU1726,Ati Mital,Class 12,ICSE,Foundation,Hindi,2026-05-30,Hybrid
STU1727,Tristan Kant,Class 12,State Board,Foundation,Hindi,2026-03-15,Online
STU1728,Yashodhara Chakraborty,Class 10,ICSE,NEET,English,2025-08-26,Online
STU1729,Tanay Mangat,Class 10,State Board,Foundation,Tamil,2026-04-14,Offline
STU1730,Teerth Bhakta,Class 12,ICSE,JEE,Hindi,2025-11-30,Online
STU1731,Azad Chawla,Class 12,ICSE,NEET,Hindi,2025-07-28,Online
STU1732,Bhavani Ratta,Class 11,State Board,Foundation,English,2025-04-22,Offline
STU1733,Amrita More,Class 10,CBSE,JEE,English,2025-06-21,Online
STU1734,Vedant Tella,Class 10,ICSE,NEET,Tamil,2026-01-04,Hybrid
STU1735,Ganga Toor,Class 12,ICSE,Foundation,English,2025-04-22,Online
STU1736,Devika Mander,Class 10,ICSE,JEE,English,2025-11-14,Offline
STU1737,Ansh Rau,Class 11,State Board,Foundation,English,2026-04-10,Hybrid
STU1738,Dakshesh Munshi,Class 9,State Board,NEET,English,2025-02-01,Online
STU1739,Chakradev Sethi,Class 9,ICSE,Foundation,Tamil,2026-07-02,Online
STU1740,Urvashi Ravi,Class 12,ICSE,Foundation,Hindi,2025-04-29,Online
STU1741,Lakshit Ravel,Class 12,State Board,JEE,English,2026-04-11,Online
STU1742,Udarsh Nair,Class 9,State Board,Foundation,Hindi,2025-01-29,Hybrid
STU1743,Indali Arora,Class 11,ICSE,JEE,English,2026-01-22,Hybrid
STU1744,Anusha Andra,Class 9,ICSE,NEET,Hindi,2025-10-16,Hybrid
STU1745,Samaksh Warrior,Class 12,State Board,Foundation,English,2024-10-30,Offline
STU1746,Lila Deol,Class 10,CBSE,JEE,English,2025-12-14,Online
STU1747,Yagnesh Khatri,Class 11,ICSE,NEET,Tamil,2025-04-10,Hybrid
STU1748,Tripti Hayer,Class 9,ICSE,Foundation,Tamil,2026-01-22,Hybrid
STU1749,Harrison Choudhury,Class 9,ICSE,Foundation,Tamil,2025-07-18,Offline
STU1750,Amol Hari,Class 10,ICSE,JEE,Tamil,2024-08-25,Offline
STU1751,Pushti Pau,Class 11,ICSE,JEE,Hindi,2026-05-11,Hybrid
STU1752,Azad Pathak,Class 9,State Board,Foundation,English,2025-10-06,Hybrid
STU1753,Chandani Chadha,Class 10,ICSE,Foundation,Tamil,2026-05-19,Offline
STU1754,Ishwar Saini,Class 11,State Board,JEE,Hindi,2024-10-14,Online
STU1755,Nathan Bava,Class 12,ICSE,JEE,Tamil,2025-07-28,Offline
STU1756,Dalbir Arya,Class 11,CBSE,JEE,Tamil,2026-03-02,Online
STU1757,Vasatika Randhawa,Class 10,ICSE,Foundation,Tamil,2024-09-29,Hybrid
STU1758,Hemang Bajaj,Class 12,CBSE,NEET,English,2025-11-05,Offline
STU1759,Advaith Bera,Class 12,State Board,NEET,Tamil,2025-01-29,Hybrid
STU1760,Oni Raja,Class 12,CBSE,JEE,Hindi,2024-10-23,Offline
STU1761,Bachittar Sur,Class 9,ICSE,NEET,Hindi,2025-07-29,Hybrid
STU1762,Jairaj Gour,Class 11,ICSE,Foundation,English,2024-11-22,Online
STU1763,Ira Mahajan,Class 10,State Board,NEET,Hindi,2024-11-08,Online
STU1764,Quincy Narayan,Class 9,ICSE,JEE,Hindi,2024-12-06,Offline
STU1765,Warinder Kapur,Class 11,State Board,JEE,English,2024-09-01,Online
STU1766,Ubika Kala,Class 10,State Board,Foundation,Hindi,2024-11-10,Online
STU1767,Udyati Dhillon,Class 12,ICSE,NEET,Tamil,2025-08-12,Hybrid
STU1768,Rudra Lalla,Class 10,ICSE,JEE,Hindi,2025-06-13,Hybrid
STU1769,Yoshita Dar,Class 11,ICSE,JEE,English,2024-09-16,Offline
STU1770,Sai Dubey,Class 11,CBSE,NEET,Tamil,2026-06-02,Hybrid
STU1771,Amaira Gandhi,Class 10,CBSE,JEE,Hindi,2024-12-04,Hybrid
STU1772,Chandresh Sama,Class 10,CBSE,NEET,English,2026-03-14,Offline
STU1773,Eta Mannan,Class 10,CBSE,NEET,Hindi,2024-12-21,Offline
STU1774,Chakradev Mangat,Class 11,CBSE,JEE,Tamil,2025-05-01,Online
STU1775,Tara Bawa,Class 9,CBSE,Foundation,Hindi,2025-06-09,Offline
STU1776,Lakshit Sarkar,Class 12,State Board,NEET,English,2025-03-05,Online
STU1777,Rajata Agrawal,Class 10,CBSE,NEET,Tamil,2025-06-04,Hybrid
STU1778,Zayan Ratti,Class 12,ICSE,JEE,Tamil,2025-07-25,Online
STU1779,Harish Hari,Class 10,ICSE,Foundation,Hindi,2026-02-07,Online
STU1780,Balendra Kari,Class 12,CBSE,NEET,English,2026-01-19,Online
STU1781,Jonathan Palla,Class 11,ICSE,JEE,Hindi,2024-11-09,Offline
STU1782,Yauvani Doshi,Class 10,ICSE,Foundation,Hindi,2026-07-05,Hybrid
STU1783,Damini Mangat,Class 12,CBSE,JEE,Tamil,2026-05-22,Online
STU1784,Ronith Ravel,Class 11,State Board,NEET,Hindi,2024-10-02,Online
STU1785,Falak Uppal,Class 12,State Board,NEET,Hindi,2025-04-10,Hybrid
STU1786,Vincent Panchal,Class 11,CBSE,JEE,Hindi,2026-03-21,Online
STU1787,Zayyan Jaggi,Class 9,ICSE,JEE,Tamil,2025-03-05,Offline
STU1788,Ranbir Gandhi,Class 9,CBSE,NEET,Hindi,2026-02-22,Hybrid
STU1789,Jack Chauhan,Class 12,ICSE,NEET,Hindi,2025-07-27,Offline
STU1790,Urishilla Thaman,Class 10,State Board,JEE,Hindi,2024-08-24,Online
STU1791,Arjun Sharma,Class 11,CBSE,Foundation,Tamil,2024-10-19,Offline
STU1792,Hema Jani,Class 12,CBSE,JEE,Tamil,2024-09-13,Hybrid
STU1793,Widisha Lalla,Class 12,CBSE,NEET,English,2025-06-09,Offline
STU1794,Hritik Kale,Class 9,CBSE,NEET,Tamil,2025-09-10,Hybrid
STU1795,Adya Bhatti,Class 11,ICSE,NEET,Tamil,2024-12-18,Hybrid
STU1796,Anusha Dara,Class 11,State Board,NEET,Tamil,2024-11-19,Online
STU1797,Sudiksha Varty,Class 11,State Board,NEET,English,2026-02-26,Hybrid
STU1798,Karan Sengupta,Class 12,CBSE,JEE,English,2026-07-02,Online
STU1799,Vrinda Gupta,Class 10,CBSE,JEE,Tamil,2025-11-18,Offline
STU1800,Utkarsh Bir,Class 10,State Board,NEET,Tamil,2026-05-22,Online
STU1801,Manbir Bali,Class 12,CBSE,NEET,Tamil,2025-05-05,Hybrid
STU1802,Tanish Ranganathan,Class 12,ICSE,NEET,English,2024-09-26,Hybrid
STU1803,Anvi Kaur,Class 10,CBSE,NEET,English,2025-05-14,Online
STU1804,Madhavi Shukla,Class 11,CBSE,JEE,Hindi,2024-12-16,Hybrid
STU1805,Zinal Chakraborty,Class 11,State Board,Foundation,Hindi,2024-10-17,Online
STU1806,Alka Dube,Class 9,State Board,Foundation,English,2025-12-17,Offline
STU1807,Harinakshi Patel,Class 9,CBSE,NEET,Hindi,2025-06-23,Online
STU1808,Maanav Bajwa,Class 11,CBSE,NEET,Hindi,2026-02-12,Hybrid
STU1809,Logan Ganguly,Class 9,ICSE,NEET,Hindi,2026-06-22,Online
STU1810,Frado Batta,Class 11,CBSE,JEE,English,2025-04-07,Offline
STU1811,Darika Acharya,Class 12,ICSE,Foundation,Tamil,2025-08-01,Hybrid
STU1812,Maya Sule,Class 9,ICSE,JEE,Hindi,2024-12-17,Hybrid
STU1813,Meera Sant,Class 12,ICSE,Foundation,Hindi,2026-06-22,Hybrid
STU1814,Pushti Radhakrishnan,Class 10,CBSE,JEE,Hindi,2025-08-26,Offline
STU1815,Indali Kar,Class 11,CBSE,Foundation,English,2025-11-21,Hybrid
STU1816,Zayyan Thakkar,Class 12,CBSE,NEET,Tamil,2025-02-28,Online
STU1817,Deepa Dora,Class 10,ICSE,JEE,English,2025-01-07,Online
STU1818,Aryan Sibal,Class 10,ICSE,NEET,Tamil,2026-03-15,Hybrid
STU1819,Bachittar Saxena,Class 10,CBSE,NEET,Tamil,2025-08-16,Offline
STU1820,Bakhshi Hayre,Class 11,State Board,Foundation,English,2025-11-23,Offline
STU1821,Meera Lall,Class 9,ICSE,Foundation,English,2026-02-28,Offline
STU1822,Widisha Sood,Class 12,ICSE,NEET,Tamil,2024-11-18,Hybrid
STU1823,Ishani Bera,Class 12,CBSE,NEET,Tamil,2025-11-07,Hybrid
STU1824,Lopa Chacko,Class 10,ICSE,Foundation,Tamil,2025-07-03,Online
STU1825,Vamakshi Merchant,Class 9,State Board,NEET,Tamil,2026-06-11,Hybrid
STU1826,Amrita Sastry,Class 10,State Board,Foundation,Hindi,2025-08-14,Online
STU1827,Dipta Sidhu,Class 12,State Board,Foundation,Hindi,2025-07-22,Hybrid
STU1828,Dhriti Ravi,Class 9,ICSE,NEET,Tamil,2025-09-24,Online
STU1829,Ronith Cheema,Class 12,ICSE,JEE,English,2024-12-11,Hybrid
STU1830,Chatura Dyal,Class 11,CBSE,Foundation,Tamil,2026-06-21,Offline
STU1831,Yadavi Sane,Class 9,State Board,JEE,English,2025-04-09,Hybrid
STU1832,Thomas Vora,Class 9,State Board,NEET,Tamil,2026-01-01,Online
STU1833,Finn Mukhopadhyay,Class 12,State Board,Foundation,Hindi,2025-04-30,Offline
STU1834,Ridhi Lad,Class 11,ICSE,Foundation,English,2025-11-24,Hybrid
STU1835,Udyati Sant,Class 9,CBSE,Foundation,Hindi,2026-04-05,Offline
STU1836,Ryan Vig,Class 10,CBSE,NEET,English,2025-09-30,Online
STU1837,Ayaan Khanna,Class 12,State Board,NEET,Tamil,2026-01-15,Hybrid
STU1838,Chandresh Chaudry,Class 12,State Board,NEET,Hindi,2025-05-30,Offline
STU1839,Victor Rajan,Class 11,CBSE,JEE,English,2025-05-14,Online
STU1840,Parth Bhatt,Class 11,State Board,JEE,Tamil,2025-06-02,Hybrid
STU1841,Samesh Sidhu,Class 9,CBSE,NEET,English,2026-01-05,Online
STU1842,Manan Bhagat,Class 10,State Board,NEET,Tamil,2026-06-11,Hybrid
STU1843,Charles Savant,Class 12,State Board,Foundation,Hindi,2025-04-27,Hybrid
STU1844,Atharv Ganesan,Class 12,ICSE,Foundation,Hindi,2025-05-12,Offline
STU1845,Balendra Batta,Class 12,ICSE,JEE,English,2026-03-29,Online
STU1846,Jacob Tripathi,Class 9,CBSE,JEE,English,2025-11-06,Hybrid
STU1847,Ria Dua,Class 10,CBSE,JEE,Tamil,2025-04-30,Hybrid
STU1848,Mason Kara,Class 10,State Board,JEE,Tamil,2025-08-25,Hybrid
STU1849,Bachittar Issac,Class 10,CBSE,NEET,Tamil,2025-03-02,Online
STU1850,Faraj Kashyap,Class 12,ICSE,JEE,English,2025-12-08,Online
STU1851,Arjun Dora,Class 10,State Board,Foundation,Tamil,2025-12-30,Offline
STU1852,Ansh Behl,Class 12,CBSE,NEET,Hindi,2025-11-26,Online
STU1853,Rachit Bala,Class 10,ICSE,Foundation,Tamil,2025-02-24,Online
STU1854,Anirudh Pandey,Class 11,CBSE,JEE,Hindi,2026-03-02,Hybrid
STU1855,Lakshit Mistry,Class 12,ICSE,NEET,Hindi,2026-07-07,Hybrid
STU1856,Geetika Seth,Class 11,CBSE,NEET,Tamil,2025-12-11,Offline
STU1857,Hiral Jhaveri,Class 12,CBSE,Foundation,English,2025-04-15,Hybrid
STU1858,Atharv Nayak,Class 9,ICSE,Foundation,Tamil,2025-05-26,Hybrid
STU1859,Rohan Kunda,Class 9,ICSE,Foundation,Tamil,2026-04-20,Offline
STU1860,Liam Andra,Class 9,ICSE,Foundation,Hindi,2024-10-18,Offline
STU1861,Luke Ray,Class 12,State Board,NEET,English,2026-05-10,Online
STU1862,Lopa Sibal,Class 11,State Board,JEE,Tamil,2026-02-05,Offline
STU1863,Watika Sekhon,Class 12,CBSE,Foundation,English,2025-04-02,Hybrid
STU1864,Rehaan Patel,Class 11,State Board,Foundation,Hindi,2026-06-24,Offline
STU1865,Indali Kunda,Class 10,ICSE,Foundation,Hindi,2026-03-11,Offline
STU1866,Yutika Nagar,Class 12,State Board,Foundation,Hindi,2025-09-23,Offline
STU1867,Udarsh Rana,Class 12,CBSE,Foundation,English,2026-06-24,Offline
STU1868,Kevin Brahmbhatt,Class 9,State Board,NEET,English,2024-12-15,Online
STU1869,Ati Gandhi,Class 10,CBSE,Foundation,Tamil,2025-08-26,Online
STU1870,Darpan Swamy,Class 12,ICSE,NEET,English,2025-06-17,Online
STU1871,Nandini Tiwari,Class 9,CBSE,NEET,Tamil,2026-04-28,Offline
STU1872,Nilima Balasubramanian,Class 10,CBSE,Foundation,English,2024-12-08,Online
STU1873,Widisha Pandya,Class 11,ICSE,JEE,Hindi,2026-07-24,Online
STU1874,Devika Dave,Class 9,State Board,JEE,Tamil,2026-02-02,Offline
STU1875,Ikshita Mannan,Class 11,ICSE,JEE,Hindi,2025-02-03,Offline
STU1876,Yashasvi Loyal,Class 10,State Board,Foundation,Hindi,2025-01-26,Hybrid
STU1877,Indrajit Suri,Class 9,State Board,JEE,Tamil,2026-01-18,Offline
STU1878,Aadhya Bail,Class 9,CBSE,Foundation,Hindi,2025-04-13,Online
STU1879,Charvi Pandit,Class 9,State Board,JEE,English,2025-10-14,Hybrid
STU1880,Harrison Choudhary,Class 9,CBSE,NEET,English,2025-09-01,Hybrid
STU1881,Naksh Subramanian,Class 11,State Board,NEET,Hindi,2025-01-07,Offline
STU1882,Leena Mahal,Class 9,CBSE,Foundation,Tamil,2025-05-03,Offline
STU1883,Aashi Dua,Class 10,CBSE,JEE,Tamil,2026-03-05,Offline
STU1884,Ekapad Sur,Class 9,CBSE,NEET,Tamil,2025-06-30,Offline
STU1885,Aishani Wable,Class 10,CBSE,NEET,Tamil,2024-10-30,Hybrid
STU1886,Harshil Keer,Class 12,ICSE,Foundation,Hindi,2025-10-22,Online
STU1887,Akshay Anne,Class 10,State Board,NEET,English,2026-03-22,Online
STU1888,Bishakha Ramaswamy,Class 12,ICSE,NEET,Tamil,2024-11-30,Hybrid
STU1889,Samarth Loyal,Class 11,CBSE,NEET,English,2024-11-12,Online
STU1890,Yuvraj D’Alia,Class 9,CBSE,NEET,Tamil,2024-12-31,Offline
STU1891,Falan Pai,Class 10,ICSE,JEE,Tamil,2025-08-20,Online
STU1892,Yauvani Mallick,Class 10,State Board,JEE,Hindi,2026-01-08,Hybrid
STU1893,Bimala Mandal,Class 11,ICSE,NEET,Hindi,2025-03-29,Hybrid
STU1894,Ronith Trivedi,Class 11,State Board,Foundation,Tamil,2026-07-23,Offline
STU1895,Adweta Varkey,Class 9,ICSE,Foundation,Hindi,2024-12-18,Online
STU1896,Nicholas Kaul,Class 12,ICSE,Foundation,English,2024-10-10,Hybrid
STU1897,Faris Parmer,Class 12,State Board,NEET,Hindi,2025-11-28,Offline
STU1898,Warjas Walla,Class 10,ICSE,JEE,English,2025-06-06,Hybrid
STU1899,Aarav Kota,Class 11,ICSE,Foundation,Hindi,2025-04-02,Hybrid
STU1900,Nandini Sarin,Class 10,State Board,Foundation,Tamil,2025-06-03,Online
STU1901,Tanveer Kala,Class 9,State Board,Foundation,Tamil,2025-05-10,Hybrid
STU1902,Harinakshi Hayre,Class 11,State Board,JEE,English,2025-12-26,Online
STU1903,Oscar Nazareth,Class 11,CBSE,NEET,Hindi,2026-05-23,Offline
STU1904,Sai Soman,Class 9,State Board,JEE,Tamil,2026-03-06,Offline
STU1905,Jonathan Kapur,Class 11,CBSE,JEE,Hindi,2025-05-14,Online
STU1906,Chameli Merchant,Class 12,ICSE,Foundation,Hindi,2025-05-29,Online
STU1907,William Koshy,Class 12,ICSE,JEE,Hindi,2025-07-26,Hybrid
STU1908,Jagvi Setty,Class 10,ICSE,NEET,Tamil,2025-09-21,Hybrid
STU1909,Divya Sinha,Class 10,State Board,NEET,Hindi,2024-07-31,Hybrid
STU1910,Nikita Bala,Class 10,CBSE,NEET,Hindi,2025-07-03,Hybrid
STU1911,Ekansh Manne,Class 10,ICSE,NEET,English,2025-11-11,Online
STU1912,Jason Chander,Class 12,ICSE,JEE,English,2025-01-19,Online
STU1913,Gautami Tandon,Class 12,CBSE,NEET,English,2026-04-25,Offline
STU1914,Vrinda Nayar,Class 9,ICSE,Foundation,Hindi,2025-04-11,Offline
STU1915,Brinda Hegde,Class 12,ICSE,Foundation,Tamil,2026-05-24,Hybrid
STU1916,Damini Rajagopalan,Class 12,ICSE,Foundation,Tamil,2025-05-27,Hybrid
STU1917,Harinakshi Halder,Class 12,CBSE,JEE,Hindi,2026-06-02,Online
STU1918,Ubika Sidhu,Class 12,State Board,NEET,English,2025-06-02,Hybrid
STU1919,Tejas Chaudhari,Class 9,State Board,JEE,Tamil,2024-07-29,Offline
STU1920,Bakhshi Gola,Class 9,State Board,JEE,Hindi,2024-08-14,Offline
STU1921,Caleb Dhillon,Class 9,State Board,NEET,English,2025-07-04,Online
STU1922,Dev Bajaj,Class 11,State Board,NEET,English,2025-10-19,Hybrid
STU1923,Ria Ahuja,Class 10,CBSE,NEET,Tamil,2025-09-21,Offline
STU1924,Omkaar Batta,Class 11,ICSE,NEET,English,2025-04-28,Online
STU1925,Mugdha Cherian,Class 10,State Board,NEET,English,2025-03-18,Offline
STU1926,Brijesh Halder,Class 11,CBSE,JEE,Hindi,2025-04-13,Offline
STU1927,Bhavani Parsa,Class 9,CBSE,Foundation,Tamil,2025-12-19,Online
STU1928,Aarna Master,Class 9,ICSE,NEET,Hindi,2026-04-20,Offline
STU1929,Harshil Bava,Class 12,ICSE,NEET,Tamil,2024-11-16,Hybrid
STU1930,Mahika Sahni,Class 10,CBSE,Foundation,Hindi,2024-11-18,Offline
STU1931,Samuel Manne,Class 12,State Board,NEET,English,2024-10-30,Hybrid
STU1932,Urishilla Rattan,Class 11,CBSE,Foundation,Hindi,2024-09-08,Hybrid
STU1933,Darika Kara,Class 12,ICSE,JEE,Tamil,2024-11-02,Offline
STU1934,Wriddhish Sengupta,Class 9,State Board,NEET,Hindi,2026-05-16,Offline
STU1935,Nihal Pai,Class 9,CBSE,Foundation,English,2025-11-15,Hybrid
STU1936,Aishani Radhakrishnan,Class 11,State Board,Foundation,English,2024-11-22,Hybrid
STU1937,Upkaar Kar,Class 9,CBSE,Foundation,Hindi,2024-09-04,Hybrid
STU1938,Hemal Talwar,Class 9,State Board,Foundation,English,2024-09-24,Offline
STU1939,Anamika Mani,Class 9,CBSE,Foundation,Hindi,2025-04-03,Online
STU1940,Vincent Walla,Class 9,ICSE,JEE,English,2026-04-21,Hybrid
STU1941,Varsha Wable,Class 12,CBSE,Foundation,Hindi,2025-05-16,Offline
STU1942,Upma Grover,Class 12,State Board,JEE,Tamil,2024-12-28,Online
STU1943,Frederick Natt,Class 11,ICSE,JEE,Tamil,2026-01-26,Online
STU1944,Elijah Balasubramanian,Class 11,ICSE,NEET,English,2025-05-31,Online
STU1945,Dalaja Sant,Class 9,State Board,JEE,Tamil,2025-10-02,Online
STU1946,Ladli Morar,Class 10,ICSE,JEE,English,2024-10-09,Offline
STU1947,Vedant Ranganathan,Class 12,State Board,JEE,English,2026-03-23,Hybrid
STU1948,Wriddhish Raval,Class 11,CBSE,JEE,Hindi,2025-02-13,Online
STU1949,Kashvi Manne,Class 11,ICSE,JEE,Tamil,2025-03-15,Online
STU1950,Upadhriti Krish,Class 12,ICSE,NEET,Tamil,2025-11-07,Online
STU1951,Rajeshri Mukhopadhyay,Class 9,CBSE,JEE,Hindi,2024-11-01,Hybrid
STU1952,Aarav Nori,Class 10,ICSE,Foundation,Hindi,2025-12-26,Offline
STU1953,Chanakya Mall,Class 9,ICSE,JEE,Tamil,2025-08-27,Offline
STU1954,Netra Mani,Class 12,CBSE,NEET,English,2026-01-28,Offline
STU1955,Qabil Bumb,Class 10,CBSE,NEET,Hindi,2025-04-22,Hybrid
STU1956,Chaitanya Raju,Class 9,CBSE,Foundation,Hindi,2025-03-05,Online
STU1957,Netra Prabhakar,Class 11,State Board,NEET,Tamil,2024-10-06,Online
STU1958,Lopa Gill,Class 10,CBSE,NEET,Hindi,2025-06-03,Online
STU1959,Nikita Mitra,Class 10,State Board,NEET,Hindi,2026-03-01,Offline
STU1960,Harish Pau,Class 9,CBSE,NEET,Hindi,2026-07-02,Offline
STU1961,Yauvani Singhal,Class 10,CBSE,JEE,Tamil,2026-04-22,Offline
STU1962,Rajata Zachariah,Class 11,State Board,NEET,Tamil,2026-03-27,Hybrid
STU1963,Zinal Ravi,Class 10,State Board,Foundation,Tamil,2025-08-02,Online
STU1964,Chakrika D’Alia,Class 10,State Board,Foundation,Hindi,2024-10-11,Online
STU1965,Qabil Mitra,Class 11,CBSE,NEET,Hindi,2025-09-23,Online
STU1966,Arya Natarajan,Class 10,State Board,Foundation,Tamil,2025-10-01,Offline
STU1967,Arunima Acharya,Class 10,State Board,Foundation,Tamil,2025-03-31,Hybrid
STU1968,Aarav Nayar,Class 11,State Board,NEET,Hindi,2024-10-07,Offline
STU1969,Meera Basak,Class 11,CBSE,Foundation,Tamil,2026-07-10,Offline
STU1970,Harinakshi Dubey,Class 10,ICSE,Foundation,Tamil,2024-09-12,Online
STU1971,Edhitha Panchal,Class 10,State Board,JEE,Hindi,2025-11-03,Offline
STU1972,Rachit Ram,Class 9,CBSE,Foundation,English,2025-02-15,Offline
STU1973,Ryan Yogi,Class 12,ICSE,Foundation,English,2026-04-24,Hybrid
STU1974,Omya Anne,Class 9,State Board,JEE,Hindi,2025-08-19,Offline
STU1975,Unnati Deol,Class 9,ICSE,NEET,Hindi,2025-01-30,Offline
STU1976,Manan Halder,Class 12,CBSE,Foundation,English,2026-05-11,Online
STU1977,Rachana Dhingra,Class 12,ICSE,JEE,Tamil,2026-05-04,Online
STU1978,Yadavi Rajagopal,Class 10,State Board,JEE,Tamil,2025-03-15,Hybrid
STU1979,Finn Sura,Class 11,CBSE,JEE,Hindi,2025-03-03,Hybrid
STU1980,Bimala Naidu,Class 11,State Board,JEE,English,2024-08-22,Offline
STU1981,Falguni Shroff,Class 11,CBSE,NEET,Tamil,2025-06-07,Hybrid
STU1982,Urvashi Kaul,Class 10,CBSE,JEE,Hindi,2026-05-02,Offline
STU1983,Upkaar Chakraborty,Class 9,ICSE,Foundation,Hindi,2025-10-24,Offline
STU1984,Yashasvi Bahl,Class 10,State Board,JEE,Hindi,2025-08-17,Hybrid
STU1985,Bina Shetty,Class 10,CBSE,Foundation,English,2025-06-28,Hybrid
STU1986,Alexander Ramanathan,Class 9,CBSE,NEET,Hindi,2026-04-29,Online
STU1987,Arya Sachdeva,Class 11,CBSE,Foundation,English,2024-10-06,Hybrid
STU1988,Meera Ramaswamy,Class 11,State Board,Foundation,Tamil,2025-10-31,Online
STU1989,Madhav Bhatia,Class 12,State Board,Foundation,Hindi,2026-05-10,Online
STU1990,Vinaya Rege,Class 11,ICSE,NEET,Tamil,2025-03-05,Online
STU1991,Kavya Boase,Class 12,ICSE,NEET,Hindi,2025-03-08,Online
STU1992,Niharika Mitra,Class 10,CBSE,NEET,Tamil,2024-10-04,Hybrid
STU1993,Azaan Lala,Class 12,ICSE,JEE,Tamil,2026-06-18,Online
STU1994,Chameli Upadhyay,Class 11,CBSE,Foundation,English,2025-10-20,Hybrid
STU1995,Urvi Butala,Class 10,State Board,NEET,English,2025-12-15,Online
STU1996,Urvi Modi,Class 10,CBSE,NEET,Tamil,2026-02-06,Online
STU1997,Gaurang Tandon,Class 9,CBSE,NEET,Tamil,2024-10-31,Online
STU1998,Hiral Raghavan,Class 11,ICSE,JEE,English,2026-06-30,Offline
STU1999,Urvashi Gandhi,Class 10,ICSE,JEE,Tamil,2025-12-18,Hybrid
STU2000,Qarin Bhardwaj,Class 10,CBSE,Foundation,Hindi,2026-02-12,Offline
