Attendance_Percentage,Quiz_Average,Marks,Assignment_Average,Weekly_Study_Hours,Average_Session_Duration,Engagement_Score,Sessions_Per_Week,Performance
80.8,37.736666666666665,69.33333333333333,65.0,16.3,35,84.9,4,Average
67.4,61.53333333333333,83.0,40.8,23.5,52,98.5,9,High Performer
71.1,67.31333333333333,71.0,48.8,9.7,69,61.1,4,Average
66.7,82.23166666666667,60.66666666666666,33.4,19.8,169,85.4,2,Average
81.7,64.335,38.66666666666666,41.8,14.3,144,82.9,4,At Risk
79.0,44.775,69.33333333333333,34.0,11.9,92,83.7,12,Average
69.0,54.08166666666667,55.333333333333336,24.2,21.8,33,75.4,7,Average
83.0,47.51333333333333,61.66666666666666,45.2,33.6,71,100.0,13,Average
72.8,66.26666666666667,79.33333333333333,31.6,6.3,157,66.9,9,Average
73.6,56.51166666666666,54.0,50.0,17.3,141,99.9,5,Average
74.3,58.68833333333333,66.0,59.0,9.6,54,46.8,5,Average
75.5,71.37166666666667,66.0,33.0,11.0,158,57.0,2,Average
83.8,65.46666666666667,62.333333333333336,73.8,25.6,160,100.0,9,Average
70.1,68.92833333333333,45.333333333333336,49.2,16.3,46,92.9,5,At Risk
76.4,73.38833333333334,96.66666666666669,26.2,15.1,156,63.3,5,High Performer
76.5,64.66833333333334,69.33333333333333,38.6,11.6,54,50.8,2,Average
76.5,60.64666666666667,70.33333333333333,44.0,28.3,138,100.0,13,Average
72.4,52.656666666666666,58.0,45.0,18.5,166,99.5,12,Average
78.7,63.95333333333334,54.66666666666666,47.0,33.1,143,100.0,4,Average
73.8,55.48500000000001,68.0,51.6,18.6,59,100.0,5,Average
66.6,74.43833333333333,48.0,29.2,12.6,165,93.8,14,At Risk
69.1,49.498333333333335,59.0,41.2,30.7,61,100.0,13,Average
80.0,66.20666666666666,58.333333333333336,28.2,9.7,118,51.1,4,Average
79.7,62.64333333333334,62.333333333333336,52.2,12.3,149,64.9,2,Average
75.5,54.87166666666667,74.66666666666667,62.6,33.9,168,100.0,13,Average
81.0,47.071666666666665,47.333333333333336,17.2,33.0,102,100.0,7,At Risk
74.1,57.52,63.333333333333336,62.2,8.4,120,79.2,7,Average
81.2,48.825,42.66666666666666,59.8,32.0,32,100.0,6,At Risk
70.2,61.625,52.0,37.8,7.3,98,35.9,9,Average
68.8,50.03666666666667,72.0,50.2,32.9,139,100.0,14,Average
76.1,42.31666666666667,53.66666666666666,35.8,34.9,65,100.0,8,Average
78.3,62.56666666666666,67.0,36.2,13.9,116,83.7,5,Average
83.8,65.02833333333334,38.333333333333336,42.2,27.0,26,100.0,2,At Risk
74.7,70.02499999999999,42.0,60.2,21.8,99,100.0,5,At Risk
77.1,59.50666666666667,55.333333333333336,71.6,21.1,97,100.0,2,Average
81.6,64.83166666666666,72.33333333333333,30.8,25.9,54,100.0,7,Average
71.1,65.435,68.33333333333333,65.6,27.9,82,100.0,4,Average
73.8,73.98166666666667,65.33333333333333,60.0,7.7,161,47.1,8,Average
78.6,50.775,61.333333333333336,23.6,10.1,59,82.3,8,Average
75.7,46.605,57.66666666666666,32.8,15.0,33,89.0,10,Average
84.5,52.781666666666666,73.66666666666667,35.0,28.3,128,100.0,5,Average
71.2,63.99666666666667,66.66666666666667,51.2,22.4,163,91.2,4,Average
78.0,41.516666666666666,72.66666666666667,51.2,14.3,129,84.9,3,Average
65.2,62.01,74.0,38.6,24.2,51,82.6,6,Average
77.7,61.57500000000001,62.0,18.8,18.0,155,100.0,2,Average
73.2,51.818333333333335,43.333333333333336,49.6,34.3,69,100.0,14,At Risk
81.8,56.31166666666667,78.0,69.8,15.2,36,81.6,3,Average
69.7,49.0,76.66666666666667,47.4,34.9,33,100.0,10,Average
76.1,73.50666666666667,55.0,32.0,15.0,142,91.0,9,Average
77.8,56.93333333333333,65.33333333333333,65.8,22.0,27,100.0,5,Average
77.4,57.903333333333336,56.333333333333336,63.2,23.3,110,100.0,12,Average
76.1,54.35,39.0,33.4,9.8,94,87.4,9,At Risk
67.9,60.365,82.33333333333333,44.2,25.1,129,89.30000000000001,8,High Performer
78.9,72.86,74.33333333333333,59.8,33.5,34,100.0,12,Average
78.3,60.11666666666667,57.0,15.4,6.8,90,36.4,7,Average
79.2,41.626666666666665,56.0,30.6,24.5,44,100.0,12,Average
80.1,50.59333333333333,63.333333333333336,24.4,16.5,157,67.5,2,Average
75.0,78.70333333333333,41.66666666666666,39.0,27.2,61,93.6,5,At Risk
74.0,51.445,41.66666666666666,47.4,14.4,103,93.2,9,At Risk
72.8,79.95,65.0,31.4,17.2,95,85.6,5,Average
76.1,59.54166666666666,50.333333333333336,48.6,22.4,150,100.0,10,Average
66.0,42.73833333333334,55.66666666666666,47.0,24.6,129,100.0,7,Average
73.3,85.69666666666666,59.66666666666666,58.6,5.5,122,70.5,8,Average
66.0,72.89,55.0,49.4,30.1,76,100.0,8,Average
66.1,63.821666666666665,69.0,23.8,14.2,129,78.6,3,Average
72.0,64.06166666666667,55.0,35.2,7.7,76,65.1,9,Average
68.7,58.73833333333334,40.66666666666666,55.2,24.6,72,100.0,13,At Risk
77.4,63.34166666666667,51.0,51.8,24.6,55,100.0,3,Average
75.0,69.97,67.66666666666667,38.4,10.4,100,79.2,12,Average
77.5,66.60166666666667,61.333333333333336,26.6,15.9,90,91.7,6,Average
73.9,46.845,28.666666666666668,24.2,12.7,155,68.1,3,At Risk
77.3,65.19,74.66666666666667,28.6,12.4,171,95.2,2,Average
77.9,54.86833333333333,71.66666666666667,30.6,27.5,139,92.5,13,Average
72.7,81.69,86.33333333333333,63.0,13.7,64,77.1,10,High Performer
79.7,57.11333333333334,53.0,57.0,34.6,111,100.0,5,Average
85.8,51.87166666666667,58.333333333333336,54.0,26.2,31,100.0,11,Average
73.9,61.43666666666667,68.66666666666667,31.0,13.5,127,70.5,5,Average
75.7,56.075,48.66666666666666,63.4,32.3,158,100.0,6,At Risk
74.7,71.44166666666666,58.333333333333336,48.6,27.2,27,100.0,6,Average
73.3,57.56833333333333,69.66666666666667,48.8,18.6,66,85.80000000000001,11,Average
69.2,57.73666666666667,57.333333333333336,52.4,23.5,118,100.0,7,Average
72.3,67.59333333333333,28.33333333333333,15.2,6.3,101,66.9,2,At Risk
65.9,75.82333333333334,71.33333333333333,50.6,20.5,30,100.0,2,Average
68.7,56.185,59.66666666666666,44.0,32.0,83,100.0,5,Average
79.8,62.99,81.33333333333333,26.8,23.8,60,100.0,13,High Performer
70.0,73.34833333333334,54.66666666666666,29.6,26.9,110,100.0,12,Average
77.9,69.71,71.33333333333333,26.2,29.2,53,100.0,4,Average
67.9,54.85333333333333,63.333333333333336,59.2,10.7,127,76.1,6,Average
83.9,66.88833333333334,59.0,37.8,21.9,161,100.0,5,Average
71.3,62.645,50.0,48.2,14.5,118,71.5,11,Average
73.7,54.20166666666666,48.66666666666666,51.4,16.1,76,74.30000000000001,4,At Risk
71.6,74.02333333333333,86.33333333333333,24.8,25.8,146,100.0,4,High Performer
79.4,61.51333333333334,84.66666666666667,49.2,17.1,140,100.0,12,High Performer
72.2,68.82666666666667,81.0,57.6,26.4,180,100.0,14,High Performer
65.0,73.50833333333334,68.33333333333333,54.0,12.9,112,56.7,10,Average
87.0,61.15,49.66666666666666,55.6,21.0,87,100.0,8,At Risk
78.7,61.85333333333333,66.0,65.0,24.3,121,82.9,14,Average
85.2,63.02,49.333333333333336,21.2,31.8,156,100.0,2,At Risk
74.6,58.465,52.333333333333336,69.4,14.9,34,80.7,5,Average
72.9,70.99333333333334,68.0,58.8,35.0,115,100.0,11,Average
72.3,59.0,47.66666666666666,24.6,17.8,30,71.4,5,At Risk
75.9,48.225,60.66666666666666,50.4,13.5,40,98.5,9,Average
76.4,67.15333333333334,58.0,44.8,34.8,87,100.0,5,Average
69.3,57.73666666666667,61.333333333333336,36.8,34.9,73,100.0,6,Average
74.8,71.445,54.333333333333336,69.8,14.8,77,100.0,10,Average
82.0,45.95333333333334,60.66666666666666,30.8,21.8,180,99.4,11,Average
70.4,50.74,53.0,52.0,9.5,48,68.5,9,Average
80.2,59.43666666666667,73.0,23.4,20.3,89,92.9,9,Average
67.7,49.36833333333334,61.333333333333336,48.0,10.8,118,46.400000000000006,6,Average
75.6,56.47666666666667,52.333333333333336,56.2,13.1,152,93.3,6,Average
83.2,76.27833333333334,48.0,69.6,8.9,60,72.7,6,At Risk
75.5,76.49166666666666,43.0,29.2,9.1,88,65.3,12,At Risk
83.0,77.27166666666666,79.33333333333333,50.4,28.2,41,100.0,2,Average
76.8,53.74166666666667,69.0,33.8,11.6,38,54.8,4,Average
75.5,67.54333333333334,67.66666666666667,45.4,12.9,128,54.7,10,Average
80.7,65.67166666666667,57.66666666666666,37.4,15.1,86,79.3,2,Average
76.1,67.17999999999999,82.66666666666667,60.6,29.0,105,100.0,7,High Performer
84.4,69.96666666666667,57.333333333333336,36.2,31.4,52,100.0,9,Average
83.2,67.745,63.333333333333336,51.2,22.2,22,88.6,7,Average
74.0,55.33166666666667,36.66666666666666,51.0,5.6,150,68.8,6,At Risk
82.7,71.47,72.66666666666667,26.2,11.3,160,43.900000000000006,2,Average
77.4,48.70333333333334,51.333333333333336,36.6,18.0,82,64.0,13,Average
75.6,60.60333333333333,77.0,35.6,7.6,43,44.8,7,Average
78.5,58.39166666666667,55.333333333333336,55.0,28.7,146,100.0,4,Average
75.1,60.035,56.333333333333336,62.8,12.2,41,60.6,4,Average
76.0,64.60833333333333,53.0,39.4,31.0,137,100.0,3,Average
78.9,62.71666666666667,48.66666666666666,67.8,23.3,156,97.9,7,At Risk
84.0,62.781666666666666,80.66666666666667,54.2,11.6,31,54.8,12,High Performer
70.5,69.93833333333333,30.0,30.6,16.3,85,100.0,10,At Risk
66.3,48.30166666666667,90.66666666666669,45.0,26.4,115,95.2,10,High Performer
75.5,48.79166666666666,61.333333333333336,45.4,25.5,114,100.0,9,Average
76.9,61.21333333333333,34.666666666666664,24.8,16.6,133,77.80000000000001,5,At Risk
79.4,75.02499999999999,71.0,26.8,16.3,166,84.9,5,Average
83.0,48.580000000000005,65.33333333333333,45.0,16.7,27,100.0,6,Average
67.1,43.56666666666666,67.0,52.4,8.2,75,44.6,10,Average
70.9,43.935,73.0,37.0,27.2,72,100.0,14,Average
75.6,59.58166666666667,72.33333333333333,41.8,10.8,78,52.400000000000006,7,Average
77.2,60.406666666666666,52.66666666666666,56.8,22.3,81,100.0,9,Average
73.8,53.10333333333333,50.333333333333336,44.2,30.1,70,100.0,7,Average
72.2,79.05333333333333,74.0,70.2,31.6,103,100.0,5,Average
74.2,65.855,40.66666666666666,50.8,6.6,147,39.8,4,At Risk
76.5,61.54333333333333,74.66666666666667,28.6,20.0,140,78.0,13,Average
80.5,52.255,67.66666666666667,42.4,15.7,84,91.1,6,Average
74.3,55.30833333333334,79.0,50.8,27.5,25,100.0,3,Average
68.8,78.60166666666667,79.0,56.8,29.5,115,100.0,10,Average
73.5,60.21666666666667,68.33333333333333,42.8,12.9,151,92.7,13,Average
78.0,65.07166666666667,57.333333333333336,49.8,28.0,131,100.0,13,Average
68.8,65.14166666666667,41.0,72.8,11.9,157,51.7,3,At Risk
80.4,60.55166666666667,66.0,49.0,34.3,180,100.0,5,Average
77.3,76.755,76.33333333333333,26.0,25.8,64,100.0,5,Average
74.6,64.81166666666667,52.66666666666666,28.4,18.9,112,72.69999999999999,14,Average
77.6,81.52666666666666,77.66666666666667,32.6,23.6,109,100.0,2,Average
78.4,57.796666666666674,66.33333333333333,45.2,27.6,126,100.0,2,Average
85.0,40.82,62.333333333333336,44.8,23.7,145,89.1,9,Average
71.4,69.985,86.33333333333333,59.6,8.3,31,76.9,13,High Performer
80.6,57.17,68.66666666666667,28.6,30.4,121,100.0,2,Average
67.2,55.16833333333333,61.333333333333336,37.2,10.3,120,76.9,11,Average
68.9,46.925,51.333333333333336,25.8,26.5,23,100.0,3,Average
78.5,32.15833333333333,48.333333333333336,72.8,6.8,30,64.4,10,At Risk
67.0,73.40833333333333,45.0,34.6,15.9,154,59.7,4,At Risk
76.9,54.895,46.0,45.6,9.8,175,69.4,13,At Risk
73.0,60.903333333333336,50.333333333333336,37.0,14.5,116,79.5,9,Average
75.9,50.196666666666665,36.0,44.8,22.2,93,100.0,7,At Risk
81.7,60.53333333333333,59.66666666666666,37.6,25.8,151,100.0,8,Average
75.4,54.055,79.66666666666667,47.4,21.2,151,100.0,12,Average
66.9,47.41166666666667,60.0,48.6,12.7,160,54.1,13,Average
66.9,59.2,74.0,45.4,14.5,177,67.5,5,Average
84.2,57.65166666666666,73.33333333333333,44.6,34.7,52,100.0,2,Average
79.4,59.26833333333334,60.333333333333336,43.8,15.9,73,65.7,9,Average
79.8,60.16333333333333,59.66666666666666,63.8,30.6,71,100.0,13,Average
72.8,70.33833333333332,52.0,29.8,26.5,147,100.0,12,Average
80.5,56.14333333333334,62.333333333333336,52.4,22.1,94,100.0,7,Average
79.1,49.16166666666667,50.0,70.0,9.5,145,76.5,10,Average
80.4,48.97833333333333,59.333333333333336,33.8,13.3,139,75.9,5,Average
71.0,60.02666666666666,61.0,48.0,18.1,166,100.0,7,Average
82.0,51.01833333333334,43.333333333333336,33.0,17.9,25,69.69999999999999,14,At Risk
79.4,73.26166666666667,69.33333333333333,55.0,17.9,105,85.69999999999999,3,Average
75.6,57.66666666666666,50.0,52.4,21.3,56,100.0,2,Average
74.3,65.37833333333333,60.333333333333336,21.6,7.4,55,54.2,11,Average
77.9,53.09333333333333,63.333333333333336,37.0,10.9,23,60.7,12,Average
76.0,72.73166666666667,65.0,48.4,34.7,116,100.0,12,Average
88.2,42.428333333333335,70.33333333333333,60.2,26.5,68,100.0,4,Average
71.3,69.455,70.66666666666667,52.4,23.2,118,100.0,2,Average
76.3,71.81666666666666,44.66666666666666,49.8,34.0,172,100.0,14,At Risk
78.0,57.20166666666668,73.33333333333333,42.0,32.3,129,100.0,14,Average
74.9,60.208333333333336,48.0,58.2,30.1,35,100.0,12,At Risk
76.5,48.10166666666667,60.66666666666666,48.4,34.2,172,100.0,3,Average
75.1,57.82333333333333,42.333333333333336,49.2,16.3,90,100.0,9,At Risk
72.2,69.67666666666666,37.333333333333336,45.2,27.6,27,92.8,14,At Risk
78.4,57.07833333333334,65.0,45.8,32.8,72,100.0,8,Average
68.6,73.35666666666667,46.0,33.0,28.2,114,100.0,9,At Risk
68.4,66.64666666666666,34.333333333333336,56.2,32.5,170,100.0,7,At Risk
70.0,56.98333333333333,65.33333333333333,72.8,25.3,36,91.9,6,Average
75.3,75.47833333333334,65.66666666666667,49.0,32.7,32,100.0,14,Average
74.3,51.37166666666667,50.0,24.8,25.6,131,100.0,11,Average
72.2,49.48833333333334,83.0,22.6,29.9,147,100.0,4,High Performer
69.8,49.16,72.66666666666667,34.6,24.6,46,100.0,3,Average
81.1,59.83833333333333,65.66666666666667,51.0,18.0,72,66.0,14,Average
72.4,68.21833333333333,48.333333333333336,35.0,10.1,90,60.3,6,At Risk
76.0,68.94333333333333,56.66666666666666,42.0,7.3,27,67.9,7,Average
80.5,52.425,62.66666666666666,41.2,11.4,169,86.2,11,Average
69.9,72.88166666666667,53.333333333333336,46.6,8.7,56,42.1,10,Average
73.7,50.54,68.33333333333333,22.8,24.2,162,100.0,12,Average
71.5,62.565,66.0,60.4,30.2,135,100.0,10,Average
71.9,65.585,44.0,32.4,22.1,145,88.30000000000001,3,At Risk
77.1,57.961666666666666,38.66666666666666,40.8,31.7,33,100.0,4,At Risk
78.8,58.93,53.66666666666666,50.2,20.3,69,80.9,3,Average
77.8,61.708333333333336,59.66666666666666,35.4,10.5,81,53.5,9,Average
77.0,73.19666666666667,50.66666666666666,49.0,27.3,67,99.9,5,Average
76.8,60.12833333333333,47.66666666666666,39.0,32.5,109,100.0,2,At Risk
70.9,59.805,47.333333333333336,27.0,12.9,25,60.7,6,At Risk
80.8,59.403333333333336,59.66666666666666,81.6,10.1,39,48.3,13,Average
72.7,62.406666666666666,72.0,49.8,9.4,156,72.2,7,Average
77.6,60.14333333333334,34.666666666666664,47.4,6.0,24,68.0,14,At Risk
71.9,52.63666666666666,30.666666666666668,49.8,5.6,38,68.8,6,At Risk
72.4,68.76,72.33333333333333,57.4,34.7,106,100.0,14,Average
76.2,71.595,73.0,66.2,6.0,27,54.0,7,Average
79.9,63.26333333333333,71.66666666666667,46.4,24.3,88,100.0,7,Average
76.3,59.06833333333333,48.0,31.2,34.0,112,100.0,14,At Risk
71.0,68.51166666666667,56.333333333333336,43.0,25.1,179,100.0,8,Average
80.5,61.30833333333334,70.66666666666667,47.0,14.5,114,61.5,13,Average
78.9,62.01499999999999,56.66666666666666,25.2,25.8,82,100.0,8,Average
77.3,68.53666666666666,64.66666666666667,50.2,12.4,59,51.2,12,Average
78.5,51.22166666666666,68.66666666666667,45.4,8.3,134,66.9,7,Average
79.8,75.11666666666666,53.66666666666666,19.8,23.5,147,96.5,9,Average
79.7,47.55833333333334,46.66666666666666,35.2,29.6,67,100.0,8,At Risk
78.5,62.91666666666666,70.33333333333333,44.8,20.8,135,92.4,5,Average
75.2,70.71,37.0,52.4,32.7,156,100.0,2,At Risk
70.9,77.61666666666666,74.66666666666667,36.0,5.0,23,27.0,9,Average
64.1,59.44166666666666,57.66666666666666,57.6,13.8,172,97.4,10,Average
72.3,73.37333333333333,68.66666666666667,49.8,21.0,148,73.0,8,Average
73.0,60.415,67.0,56.6,29.1,62,100.0,12,Average
77.7,63.583333333333336,54.0,68.6,17.4,67,76.19999999999999,5,Average
78.9,62.73833333333334,67.33333333333333,48.8,29.3,115,100.0,2,Average
80.2,76.22166666666668,56.66666666666666,64.4,22.9,85,100.0,7,Average
71.1,61.931666666666665,58.0,61.2,6.4,135,31.200000000000003,9,Average
70.5,59.876666666666665,74.66666666666667,49.4,16.6,105,75.80000000000001,9,Average
75.0,65.595,65.33333333333333,62.6,5.1,114,45.3,3,Average
70.2,56.98,79.0,31.2,32.5,141,100.0,3,Average
72.9,57.93,77.0,45.8,22.5,79,100.0,2,Average
71.7,58.086666666666666,59.333333333333336,43.8,9.2,82,55.6,7,Average
75.2,58.975,59.0,59.4,14.9,66,70.7,13,Average
76.3,37.81166666666667,59.0,58.0,32.0,93,100.0,6,Average
74.0,53.70666666666667,71.33333333333333,36.4,14.4,130,65.2,6,Average
75.0,58.403333333333336,70.66666666666667,42.6,26.8,156,100.0,9,Average
72.6,63.405,30.0,38.0,23.6,22,100.0,10,At Risk
67.2,49.57,75.66666666666667,53.0,18.7,158,100.0,8,Average
72.6,60.126666666666665,60.333333333333336,57.4,26.6,62,100.0,9,Average
76.7,51.98499999999999,33.666666666666664,50.2,18.4,67,87.19999999999999,4,At Risk
69.9,55.68666666666667,72.66666666666667,49.2,5.5,90,54.5,7,Average
76.9,80.38666666666667,42.0,42.2,27.1,21,100.0,3,At Risk
73.1,68.29166666666667,82.0,38.0,23.4,144,100.0,14,High Performer
71.2,60.88,50.0,49.4,5.3,31,67.9,3,Average
67.3,48.85833333333333,67.0,55.8,28.7,25,100.0,9,Average
77.6,62.56333333333333,81.33333333333333,41.4,24.3,155,92.9,2,High Performer
71.5,63.82,57.0,29.2,30.6,38,100.0,11,Average
72.4,60.376666666666665,28.666666666666668,29.4,34.2,94,100.0,11,At Risk
75.9,52.071666666666665,60.0,43.8,28.1,122,100.0,4,Average
83.9,61.06666666666666,83.33333333333333,36.0,27.6,167,94.8,4,High Performer
72.5,66.94333333333333,72.0,44.8,18.3,129,100.0,9,Average
74.2,65.46166666666666,84.0,26.4,24.3,86,100.0,3,High Performer
74.6,65.33333333333333,56.0,52.4,5.5,29,56.5,7,Average
72.4,59.71833333333333,47.66666666666666,58.6,16.6,89,100.0,8,At Risk
74.8,54.303333333333335,78.33333333333333,21.4,32.3,106,100.0,5,Average
70.6,61.446666666666665,42.66666666666666,43.0,23.7,52,100.0,14,At Risk
69.2,49.65833333333333,66.0,20.2,30.5,72,100.0,7,Average
69.3,61.615,65.0,54.6,18.7,63,100.0,12,Average
73.4,55.431666666666665,54.66666666666666,59.2,23.6,85,82.80000000000001,8,Average
66.7,61.60833333333333,49.0,31.6,14.0,162,52.0,7,At Risk
74.2,58.145,73.33333333333333,48.8,14.4,48,81.2,3,Average
81.6,49.33166666666667,61.66666666666666,35.0,7.0,77,31.0,4,Average
63.8,57.23,62.66666666666666,42.4,22.1,128,100.0,14,Average
73.9,36.65,52.333333333333336,47.6,29.2,69,100.0,14,Average
78.9,64.005,38.0,60.2,5.8,51,57.4,7,At Risk
70.5,66.88333333333334,68.33333333333333,24.8,6.0,88,76.0,3,Average
79.6,69.69833333333334,45.66666666666666,40.4,14.6,54,87.8,12,At Risk
71.2,71.67,51.333333333333336,44.0,17.9,144,100.0,3,Average
74.3,72.94,69.0,44.6,15.7,71,95.1,9,Average
80.1,77.67666666666666,49.66666666666666,37.2,13.6,138,86.8,5,At Risk
75.5,63.84333333333333,54.0,50.2,20.0,117,78.0,3,Average
71.9,66.94833333333334,52.333333333333336,65.0,31.7,104,100.0,13,Average
66.4,56.635,52.0,34.8,15.8,120,59.400000000000006,4,Average
76.5,60.83166666666667,45.0,71.4,15.2,179,67.6,13,At Risk
73.2,48.88833333333333,54.333333333333336,54.6,17.6,119,96.8,12,Average
75.7,46.85666666666666,72.33333333333333,67.2,24.4,118,100.0,6,Average
73.0,60.08833333333333,59.0,33.0,26.1,142,100.0,10,Average
80.3,50.79,59.0,26.0,11.2,135,55.6,5,Average
74.7,68.84666666666666,64.66666666666667,60.2,11.6,80,82.8,5,Average
85.2,62.76499999999999,54.0,43.4,29.2,118,99.6,10,Average
78.7,61.18166666666667,68.66666666666667,63.2,17.5,83,96.5,7,Average
73.1,55.60833333333333,75.33333333333333,19.2,34.6,178,100.0,2,Average
72.5,57.935,74.66666666666667,33.4,27.2,89,100.0,12,Average
76.3,75.69500000000001,51.333333333333336,33.8,21.9,172,100.0,12,Average
82.1,45.22666666666667,49.66666666666666,24.4,23.2,70,100.0,5,At Risk
71.1,56.95666666666667,61.333333333333336,34.0,6.4,141,43.2,12,Average
69.1,71.83166666666666,53.0,33.2,30.0,76,100.0,4,Average
73.9,40.93333333333333,64.33333333333333,50.8,32.3,54,100.0,13,Average
74.7,62.20666666666667,75.33333333333333,51.0,19.4,124,84.19999999999999,4,Average
69.4,61.678333333333335,76.66666666666667,37.8,12.2,25,68.6,12,Average
78.3,53.56666666666666,81.66666666666667,30.6,27.6,148,98.8,5,High Performer
72.5,49.745000000000005,45.0,49.4,22.4,90,100.0,2,At Risk
78.7,67.70666666666666,47.333333333333336,39.0,26.9,175,100.0,6,At Risk
68.4,71.21,75.33333333333333,49.2,16.1,36,62.3,7,Average
79.2,73.49,40.0,30.2,17.4,38,100.0,8,At Risk
71.0,58.35999999999999,71.66666666666667,63.2,15.2,65,93.6,4,Average
72.4,62.23500000000001,57.0,67.6,19.9,34,95.7,12,Average
76.9,76.13333333333334,53.333333333333336,31.8,5.1,136,31.3,5,Average
72.8,82.01166666666667,62.66666666666666,40.4,9.0,33,49.0,2,Average
75.2,64.90833333333333,76.66666666666667,39.8,24.1,86,100.0,11,Average
66.6,61.885,73.33333333333333,19.4,24.1,127,100.0,5,Average
77.0,61.56166666666667,61.66666666666666,43.6,14.8,57,86.4,5,Average
74.8,57.45166666666666,58.0,59.6,5.6,162,68.8,14,Average
68.4,59.656666666666666,74.66666666666667,67.0,23.4,82,100.0,6,Average
83.3,56.82,31.666666666666668,65.0,15.2,146,87.6,4,At Risk
80.2,73.21166666666666,65.66666666666667,51.0,25.5,57,100.0,4,Average
73.8,62.38666666666666,81.66666666666667,28.6,22.5,104,100.0,6,High Performer
72.9,66.73333333333333,63.0,58.4,10.6,114,45.8,4,Average
79.4,55.71,64.66666666666667,65.6,29.2,99,100.0,3,Average
73.3,69.92,34.0,39.8,19.6,27,100.0,11,At Risk
85.4,58.053333333333335,63.0,44.6,33.3,148,100.0,12,Average
71.6,73.0,61.66666666666666,67.2,9.0,136,69.0,10,Average
70.4,79.20666666666666,63.0,42.0,24.9,106,84.69999999999999,7,Average
74.4,78.405,47.66666666666666,52.6,17.3,21,100.0,14,At Risk
78.6,74.05833333333334,65.33333333333333,54.8,18.2,126,100.0,9,Average
85.2,65.07666666666667,60.0,43.2,18.6,70,85.80000000000001,6,Average
81.5,57.00333333333333,42.66666666666666,55.0,34.1,48,100.0,12,At Risk
79.5,58.52333333333333,58.0,37.2,17.1,59,67.30000000000001,2,Average
75.9,65.015,73.0,27.6,7.1,32,35.3,7,Average
66.8,45.873333333333335,60.0,61.8,28.7,132,96.1,9,Average
78.8,68.35166666666667,58.333333333333336,48.0,12.4,20,71.2,3,Average
73.4,53.35166666666667,41.66666666666666,43.8,14.0,162,86.0,13,At Risk
70.3,64.665,58.0,56.8,24.7,58,100.0,2,Average
74.0,52.053333333333335,41.333333333333336,34.6,5.9,44,61.7,3,At Risk
76.0,55.583333333333336,53.66666666666666,27.8,29.5,93,100.0,6,Average
75.2,65.18333333333334,62.66666666666666,71.8,7.1,110,31.3,11,Average
74.8,63.34333333333333,60.333333333333336,57.4,22.8,131,100.0,4,Average
73.7,65.86666666666666,60.0,50.4,9.7,105,87.1,13,Average
76.0,41.295,56.66666666666666,35.2,33.2,47,100.0,12,Average
66.5,61.98166666666666,41.333333333333336,44.2,13.7,77,95.1,2,At Risk
72.4,49.40166666666667,65.33333333333333,42.4,20.5,148,79.5,5,Average
71.9,40.335,47.333333333333336,48.6,34.7,54,100.0,7,At Risk
70.7,57.25833333333333,46.66666666666666,66.2,29.3,105,100.0,2,At Risk
78.4,62.70333333333334,63.0,46.8,12.2,145,48.6,13,Average
74.8,63.17,74.66666666666667,54.4,12.5,82,81.5,12,Average
76.1,63.66333333333333,65.0,20.4,18.3,102,100.0,6,Average
75.4,43.00833333333333,59.0,49.4,14.1,124,60.3,9,Average
73.1,63.031666666666666,46.0,36.4,33.8,77,100.0,13,At Risk
72.6,54.935,52.333333333333336,52.4,11.6,148,66.8,5,Average
72.8,66.22333333333334,59.0,79.4,21.6,42,74.80000000000001,6,Average
73.4,67.16166666666668,56.0,32.4,24.0,129,100.0,14,Average
72.4,62.095,48.66666666666666,44.8,15.8,53,100.0,11,At Risk
80.0,50.51833333333334,71.0,53.6,18.3,93,90.9,9,Average
75.9,81.59166666666667,71.33333333333333,20.8,7.8,94,81.4,9,Average
70.7,54.23833333333332,64.0,42.6,5.5,152,28.5,3,Average
78.9,62.49,64.0,39.0,29.4,166,100.0,6,Average
64.6,72.51,47.0,40.2,24.5,47,89.5,8,At Risk
72.8,59.086666666666666,51.333333333333336,34.6,21.2,102,100.0,12,Average
76.7,62.873333333333335,46.333333333333336,35.4,22.8,146,100.0,11,At Risk
68.8,52.24166666666667,51.66666666666666,51.6,20.6,116,81.80000000000001,10,Average
78.5,47.545,56.0,32.0,19.6,85,96.8,14,Average
70.5,50.23499999999999,42.66666666666666,49.0,29.7,64,100.0,2,At Risk
74.5,47.77,46.333333333333336,36.0,12.9,88,88.7,13,At Risk
83.2,56.41166666666667,63.333333333333336,53.0,14.8,171,70.4,2,Average
79.9,68.07833333333333,80.33333333333333,51.4,11.5,79,56.5,2,High Performer
73.4,47.26333333333333,78.66666666666667,42.2,26.2,82,88.6,3,Average
73.6,50.76333333333334,37.333333333333336,41.4,7.5,64,34.5,10,At Risk
75.4,51.60166666666667,56.0,41.0,28.2,41,100.0,3,Average
69.1,51.925,76.33333333333333,58.2,34.3,37,100.0,13,Average
70.7,66.105,73.0,62.8,26.5,118,100.0,6,Average
70.8,63.23333333333333,78.66666666666667,63.8,6.7,55,68.1,6,Average
80.8,59.35166666666667,78.66666666666667,71.4,12.5,119,59.5,9,Average
76.7,81.32000000000001,76.66666666666667,39.0,31.8,145,100.0,5,Average
78.4,64.11833333333333,35.333333333333336,46.2,10.5,32,53.5,14,At Risk
76.4,79.54666666666667,61.0,55.8,17.7,39,63.1,8,Average
80.3,74.89833333333333,90.66666666666669,48.8,20.5,42,91.5,10,High Performer
67.6,76.03666666666668,60.66666666666666,43.8,16.2,132,82.6,7,Average
81.9,63.26333333333333,75.66666666666667,52.6,32.3,80,100.0,12,Average
72.2,67.205,63.0,48.4,30.2,123,100.0,11,Average
65.6,59.76,38.333333333333336,39.0,23.1,21,97.3,8,At Risk
78.9,54.58833333333333,25.666666666666668,51.4,28.2,28,100.0,6,At Risk
76.5,59.84166666666667,69.66666666666667,59.8,15.7,54,69.1,3,Average
76.7,58.778333333333336,54.333333333333336,54.0,29.6,47,100.0,8,Average
75.9,48.85333333333333,57.66666666666666,42.6,9.5,165,62.5,2,Average
76.1,51.34666666666666,45.0,46.6,31.8,136,100.0,3,At Risk
84.1,58.66,54.66666666666666,51.0,26.2,47,100.0,12,Average
72.0,84.83666666666666,64.0,60.0,17.9,110,65.69999999999999,11,Average
79.0,59.90166666666666,50.333333333333336,35.6,5.2,139,51.6,6,Average
75.1,70.17166666666667,84.0,47.4,17.7,43,67.1,4,High Performer
71.4,68.05166666666666,56.333333333333336,45.8,13.6,86,76.8,11,Average
75.5,60.34166666666667,48.0,44.0,19.4,44,90.2,9,At Risk
83.7,69.63833333333334,66.66666666666667,38.2,10.5,104,43.5,6,Average
68.1,70.44833333333334,38.0,65.4,25.8,172,100.0,12,At Risk
79.6,63.653333333333336,64.66666666666667,63.2,30.2,30,100.0,10,Average
63.3,60.41333333333333,76.0,36.2,32.8,27,100.0,2,Average
67.9,50.12166666666667,71.0,40.2,21.9,180,100.0,14,Average
72.1,60.58166666666667,74.0,36.8,16.3,179,100.0,3,Average
76.6,54.805,63.333333333333336,47.6,22.6,70,89.80000000000001,13,Average
78.2,42.806666666666665,86.33333333333333,41.0,15.9,111,57.7,10,High Performer
69.3,69.03500000000001,48.333333333333336,34.6,14.3,168,84.9,4,At Risk
77.3,61.84666666666667,43.333333333333336,53.6,30.0,119,100.0,10,At Risk
63.0,46.97833333333333,82.0,59.0,14.4,119,57.2,6,High Performer
76.3,83.61333333333333,83.33333333333333,52.4,6.0,166,68.0,4,High Performer
77.3,72.00166666666667,55.0,26.8,11.0,163,73.0,8,Average
74.4,65.83166666666666,60.333333333333336,46.4,24.9,70,100.0,11,Average
73.4,62.075,62.66666666666666,34.0,30.3,67,100.0,12,Average
77.1,54.85,62.66666666666666,43.4,17.7,33,89.1,10,Average
70.7,68.57000000000001,52.333333333333336,42.6,19.4,180,100.0,3,Average
68.6,53.67,58.0,51.8,30.4,152,100.0,6,Average
75.2,67.58833333333332,60.0,33.0,13.6,80,62.8,7,Average
65.1,60.97,58.66666666666666,39.8,9.0,65,43.0,3,Average
70.1,47.90833333333333,74.0,44.4,23.2,158,89.6,5,Average
77.2,62.50833333333333,52.0,25.2,23.0,107,95.0,7,Average
72.8,43.42333333333334,42.66666666666666,45.6,16.1,30,96.3,3,At Risk
69.4,75.45833333333333,55.66666666666666,51.2,9.2,170,85.6,8,Average
75.2,49.01833333333334,69.66666666666667,43.2,23.1,107,89.30000000000001,7,Average
76.9,57.373333333333335,52.66666666666666,40.4,27.1,20,100.0,5,Average
81.9,60.97666666666667,35.333333333333336,46.2,28.4,156,100.0,6,At Risk
66.2,61.275,53.333333333333336,33.8,30.2,51,100.0,5,Average
87.7,47.97166666666666,59.0,28.0,26.1,179,100.0,12,Average
69.0,57.34333333333333,89.66666666666667,39.6,9.6,81,50.8,12,High Performer
77.3,72.86,45.0,35.0,13.0,155,81.0,3,At Risk
75.2,66.07000000000001,52.0,59.4,23.6,173,100.0,3,Average
70.4,62.97166666666667,60.333333333333336,34.4,15.2,49,71.6,5,Average
73.2,92.21,64.66666666666667,46.6,12.0,80,84.0,14,Average
72.1,49.1,52.0,43.2,15.9,102,65.7,6,Average
66.7,48.76166666666666,77.0,45.8,16.3,162,64.9,13,Average
77.7,59.67166666666666,72.66666666666667,51.4,29.5,50,100.0,2,Average
82.9,70.96499999999999,68.0,51.4,34.3,97,100.0,8,Average
76.3,56.97333333333333,40.66666666666666,39.8,20.8,97,84.4,5,At Risk
79.2,60.93833333333333,51.333333333333336,19.0,12.6,155,59.8,11,Average
80.2,62.94,52.333333333333336,67.4,17.4,168,70.19999999999999,6,Average
73.8,56.67666666666667,76.66666666666667,35.0,21.7,41,89.1,10,Average
74.1,43.085,62.333333333333336,50.2,9.5,118,80.5,3,Average
79.9,71.85000000000001,55.0,61.4,5.1,74,51.3,11,Average
80.0,49.03333333333333,56.66666666666666,37.0,30.5,72,100.0,12,Average
80.1,70.30833333333334,46.333333333333336,61.2,28.2,39,100.0,4,At Risk
68.2,50.02333333333333,72.66666666666667,26.2,12.7,158,52.1,9,Average
72.9,56.36666666666667,67.0,36.6,20.7,46,84.1,5,Average
67.1,69.5,71.66666666666667,56.0,20.0,170,90.0,6,Average
77.7,60.57,72.0,54.4,12.3,74,56.900000000000006,11,Average
81.5,47.44,49.333333333333336,35.6,10.1,142,68.3,4,At Risk
80.4,60.74333333333333,72.33333333333333,49.4,19.5,96,100.0,13,Average
76.7,65.26666666666667,58.0,47.4,23.0,141,100.0,6,Average
76.3,50.98166666666666,62.333333333333336,29.8,29.5,139,100.0,5,Average
70.8,48.22,58.0,38.4,11.5,33,80.5,12,Average
78.2,58.335,44.0,29.4,28.8,89,100.0,10,At Risk
73.2,83.28833333333334,71.66666666666667,45.2,25.6,26,100.0,8,Average
67.9,73.44833333333334,65.33333333333333,45.8,12.4,66,63.2,12,Average
71.7,70.69833333333334,49.66666666666666,32.2,26.5,79,100.0,14,At Risk
69.9,51.965,63.333333333333336,52.6,32.0,48,100.0,6,Average
71.4,52.41833333333333,63.333333333333336,67.6,11.0,131,71.0,2,Average
76.9,69.36666666666666,35.0,55.2,8.0,36,66.0,11,At Risk
77.1,53.80166666666667,53.333333333333336,29.0,13.2,114,93.6,3,Average
74.7,58.60166666666667,43.333333333333336,59.4,12.3,101,64.9,5,At Risk
72.7,82.20833333333333,70.66666666666667,43.0,25.9,95,93.7,11,Average
78.7,47.42,52.333333333333336,82.6,8.4,87,75.2,3,Average
71.4,57.40333333333333,60.66666666666666,36.4,8.8,29,38.400000000000006,3,Average
71.1,65.00166666666667,31.33333333333333,52.2,22.7,72,100.0,2,At Risk
66.7,71.01666666666667,67.33333333333333,48.0,27.0,61,100.0,14,Average
78.8,38.41666666666666,41.66666666666666,53.4,31.3,109,100.0,12,At Risk
77.0,53.998333333333335,49.0,36.6,31.9,73,100.0,2,At Risk
85.2,57.91833333333333,69.33333333333333,46.6,26.2,67,100.0,14,Average
65.8,60.555,74.66666666666667,47.8,12.9,80,56.7,5,Average
72.7,50.31166666666667,74.33333333333333,34.0,10.7,172,82.1,11,Average
75.2,47.711666666666666,38.0,51.0,16.1,179,100.0,4,At Risk
78.1,47.205000000000005,63.66666666666666,44.4,33.5,92,100.0,8,Average
72.8,52.63166666666666,56.66666666666666,38.6,33.1,81,100.0,10,Average
79.7,57.25333333333333,45.0,32.4,18.7,165,84.1,8,At Risk
78.7,59.44833333333333,36.66666666666666,66.8,10.4,38,79.2,11,At Risk
70.5,72.885,78.33333333333333,28.8,17.0,48,61.0,10,Average
83.0,60.57,34.666666666666664,44.6,32.8,123,100.0,13,At Risk
78.9,46.48833333333334,58.333333333333336,55.0,8.5,87,77.5,9,Average
72.2,68.69,82.33333333333333,51.4,23.4,79,100.0,8,High Performer
81.7,58.086666666666666,50.66666666666666,61.6,23.3,129,100.0,14,Average
76.0,58.00833333333333,54.333333333333336,35.0,31.2,129,100.0,10,Average
68.3,66.15666666666667,69.0,26.0,9.0,138,47.0,3,Average
69.7,56.156666666666666,70.66666666666667,44.4,32.7,72,100.0,12,Average
70.2,74.11666666666666,42.333333333333336,33.4,15.3,78,59.900000000000006,2,At Risk
66.9,63.96,42.333333333333336,35.2,30.8,92,100.0,8,At Risk
84.6,72.37833333333333,59.0,69.6,5.4,66,34.2,9,Average
75.3,50.44,75.66666666666667,58.0,8.6,82,61.8,3,Average
77.7,73.32000000000001,56.66666666666666,45.8,9.5,178,86.5,4,Average
72.5,80.07666666666667,43.66666666666666,66.2,22.7,106,78.1,3,At Risk
77.8,62.44166666666666,49.333333333333336,42.4,26.9,86,100.0,8,At Risk
74.5,52.13333333333333,75.0,48.2,18.5,94,97.5,5,Average
76.6,51.61833333333334,64.33333333333333,61.8,25.0,113,100.0,3,Average
74.4,65.10333333333334,40.66666666666666,38.4,34.1,136,100.0,3,At Risk
75.8,60.12,71.33333333333333,24.0,18.6,122,100.0,11,Average
69.9,60.17666666666667,72.66666666666667,18.8,21.1,178,81.30000000000001,4,Average
71.3,70.61,64.0,23.2,21.4,47,100.0,8,Average
77.0,50.751666666666665,50.333333333333336,54.2,9.9,61,75.7,2,Average
73.1,61.06,64.0,40.0,10.1,50,44.3,11,Average
79.9,67.40833333333333,41.66666666666666,40.8,17.4,100,100.0,5,At Risk
74.4,53.52333333333333,62.0,45.4,34.5,29,100.0,8,Average
78.7,63.30166666666667,69.66666666666667,37.8,33.8,68,100.0,7,Average
74.1,75.42833333333333,55.0,68.6,29.0,23,100.0,6,Average
83.5,40.53833333333333,42.66666666666666,25.4,30.8,107,100.0,8,At Risk
74.2,69.83833333333332,80.0,45.6,22.2,76,100.0,13,High Performer
77.8,39.931666666666665,65.66666666666667,49.0,9.5,114,60.5,3,Average
70.9,68.2,66.66666666666667,29.6,29.0,122,100.0,5,Average
76.3,74.43833333333333,45.0,27.4,11.2,147,49.6,8,At Risk
75.2,51.79333333333333,48.0,41.2,34.2,94,100.0,5,At Risk
71.3,43.35,51.333333333333336,55.8,23.9,103,100.0,3,Average
75.6,49.27,86.66666666666667,35.0,14.2,142,92.6,2,High Performer
78.6,54.74333333333334,76.33333333333333,26.2,31.0,77,100.0,6,Average
80.1,62.1,66.0,32.8,22.9,46,88.69999999999999,14,Average
70.3,74.545,53.66666666666666,33.6,21.3,177,75.9,7,Average
70.4,58.903333333333336,59.66666666666666,32.4,11.0,171,77.0,7,Average
77.7,72.50333333333333,57.66666666666666,42.2,30.0,163,100.0,6,Average
81.0,70.32833333333333,62.66666666666666,46.8,21.9,68,100.0,6,Average
73.7,70.61833333333333,51.0,21.6,31.9,93,100.0,2,Average
76.2,53.465,75.66666666666667,64.2,14.4,86,63.2,7,Average
73.6,59.37166666666667,57.333333333333336,35.2,21.7,109,83.1,10,Average
82.0,59.81333333333333,58.333333333333336,35.0,6.0,149,48.0,9,Average
83.0,63.431666666666665,43.66666666666666,32.2,10.5,121,47.5,9,At Risk
75.1,65.05833333333334,69.33333333333333,42.4,23.3,101,100.0,8,Average
74.8,73.40166666666666,51.66666666666666,45.6,16.3,110,86.9,2,Average
72.0,58.946666666666665,58.0,65.2,20.9,122,100.0,8,Average
66.7,57.53666666666667,61.333333333333336,42.0,8.1,116,56.3,14,Average
79.7,66.96833333333333,62.333333333333336,54.8,13.6,30,52.8,2,Average
70.2,60.24166666666667,36.0,30.0,32.9,162,100.0,5,At Risk
73.6,68.2,29.666666666666668,37.0,15.7,31,83.1,2,At Risk
71.7,41.89833333333333,78.66666666666667,38.2,6.7,92,80.1,5,Average
71.5,58.93333333333334,59.0,38.2,18.7,44,80.1,6,Average
70.0,68.545,66.33333333333333,70.8,26.4,85,95.2,8,Average
80.1,73.32833333333333,56.0,25.8,33.9,61,100.0,3,Average
77.0,53.44333333333333,60.333333333333336,19.0,33.1,152,100.0,10,Average
74.1,62.281666666666666,50.333333333333336,55.8,6.8,62,36.4,11,Average
75.6,59.79166666666666,56.66666666666666,64.2,25.0,148,100.0,4,Average
78.3,55.580000000000005,63.66666666666666,53.2,13.0,70,73.0,4,Average
75.4,69.72166666666666,80.0,54.4,26.7,31,92.1,9,High Performer
81.6,52.85,69.66666666666667,52.6,22.1,175,80.30000000000001,8,Average
77.6,70.495,64.0,30.6,34.8,178,100.0,9,Average
72.3,62.406666666666666,79.0,28.8,21.7,56,75.1,13,Average
75.5,73.365,71.66666666666667,48.2,5.0,120,49.0,13,Average
80.4,56.715,46.66666666666666,47.4,17.9,159,83.69999999999999,12,At Risk
71.3,78.61833333333333,73.66666666666667,28.2,5.9,150,27.700000000000003,12,Average
75.9,60.04833333333334,91.66666666666669,34.2,19.4,106,100.0,4,High Performer
70.8,64.42166666666667,74.0,46.4,11.1,22,65.3,7,Average
73.6,60.156666666666666,47.0,46.8,29.8,92,100.0,14,At Risk
80.9,68.55333333333333,72.0,49.4,10.6,139,57.8,4,Average
84.9,79.02,39.66666666666666,38.6,32.1,57,100.0,11,At Risk
77.9,64.72833333333334,73.33333333333333,74.8,28.9,75,100.0,13,Average
75.2,49.18333333333334,70.33333333333333,34.4,20.6,96,100.0,9,Average
63.6,51.48166666666666,61.0,45.0,19.1,50,69.30000000000001,5,Average
70.3,61.56666666666666,45.0,58.6,31.2,23,100.0,5,At Risk
79.1,47.23666666666666,66.0,39.8,14.4,161,81.2,3,Average
79.6,72.94,45.0,50.2,22.2,81,88.6,14,At Risk
73.2,51.63,81.0,46.2,13.7,137,69.1,12,High Performer
75.5,54.955000000000005,82.0,26.6,18.5,60,89.5,8,High Performer
75.5,57.58833333333333,77.66666666666667,49.2,7.0,123,31.0,11,Average
75.3,65.11666666666666,55.333333333333336,67.8,30.5,113,100.0,6,Average
84.2,50.028333333333336,62.0,46.4,21.5,105,74.5,4,Average
76.2,42.96666666666667,78.33333333333333,31.2,10.7,25,68.1,12,Average
72.6,39.95166666666666,58.333333333333336,36.2,7.3,101,37.9,14,Average
70.4,57.068333333333335,67.0,52.0,28.4,163,100.0,14,Average
76.4,51.55,44.333333333333336,60.6,19.8,147,73.4,2,At Risk
69.9,66.12666666666667,32.666666666666664,41.2,9.6,51,88.8,8,At Risk
83.0,61.585,72.33333333333333,17.4,23.6,33,86.80000000000001,5,Average
79.3,68.40666666666667,46.0,38.0,16.5,57,99.5,11,At Risk
74.9,47.34666666666666,88.0,25.4,15.0,51,97.0,4,High Performer
77.9,54.69833333333333,44.333333333333336,45.0,15.3,61,79.9,2,At Risk
68.7,63.38833333333333,67.66666666666667,69.8,12.2,127,60.6,12,Average
76.7,61.806666666666665,56.333333333333336,25.6,14.8,60,92.4,9,Average
74.5,46.083333333333336,62.0,43.2,32.6,75,100.0,13,Average
69.7,66.08,53.66666666666666,55.4,28.2,150,100.0,2,Average
65.1,47.63666666666666,42.0,30.2,10.0,30,82.0,7,At Risk
74.3,61.155,65.66666666666667,62.8,26.8,166,100.0,14,Average
71.9,61.99333333333334,65.66666666666667,48.2,33.9,74,100.0,4,Average
74.7,84.93666666666667,71.66666666666667,62.4,5.7,130,43.1,5,Average
73.8,46.16333333333333,53.0,40.4,8.8,26,74.4,14,Average
71.1,58.5,46.333333333333336,38.6,23.7,33,87.1,7,At Risk
78.9,65.06833333333334,73.66666666666667,52.6,32.0,175,100.0,10,Average
70.7,58.325,77.0,53.0,24.6,131,91.8,6,Average
70.5,56.12833333333333,79.33333333333333,34.8,19.7,144,99.1,2,Average
69.8,67.005,70.33333333333333,30.4,29.5,88,100.0,13,Average
74.4,75.75666666666666,49.66666666666666,58.6,19.8,149,100.0,12,At Risk
78.0,69.42,52.0,34.2,10.5,173,75.5,11,Average
73.8,59.88666666666666,46.333333333333336,76.6,25.9,63,87.69999999999999,7,At Risk
75.0,68.20166666666667,63.66666666666666,40.2,30.0,29,100.0,11,Average
74.3,59.57333333333333,48.66666666666666,40.2,28.6,117,100.0,2,At Risk
70.9,60.82333333333333,63.333333333333336,31.4,9.6,72,82.8,12,Average
77.2,65.26166666666667,70.33333333333333,41.0,23.7,61,95.1,4,Average
82.2,51.370000000000005,39.0,52.4,11.5,171,56.5,14,At Risk
78.9,55.72,83.33333333333333,52.2,19.7,85,100.0,8,High Performer
75.7,62.115,49.0,38.4,13.1,98,77.3,2,At Risk
78.8,66.80166666666666,69.0,59.2,22.2,70,86.6,2,Average
72.5,73.595,63.66666666666666,47.2,30.5,120,100.0,4,Average
81.7,65.70833333333333,61.0,28.4,9.5,137,46.5,8,Average
79.7,42.02666666666666,34.666666666666664,56.0,19.3,128,75.9,3,At Risk
68.6,64.08333333333333,54.333333333333336,31.4,34.9,94,100.0,4,Average
73.3,73.69333333333334,62.333333333333336,51.0,34.9,134,100.0,2,Average
73.7,59.00333333333333,75.0,33.4,30.9,169,100.0,11,Average
68.3,60.586666666666666,83.33333333333333,55.8,16.1,162,84.30000000000001,9,High Performer
65.5,61.36166666666667,85.66666666666667,64.4,6.2,54,74.6,11,High Performer
80.2,66.49,57.0,46.8,17.5,27,64.5,10,Average
70.9,63.38166666666666,91.33333333333331,41.2,31.3,82,100.0,11,High Performer
78.2,72.03500000000001,59.333333333333336,48.2,24.1,54,94.3,8,Average
86.6,70.87666666666667,81.0,44.2,28.1,67,100.0,3,High Performer
74.8,61.295,82.66666666666667,43.6,30.0,51,100.0,10,High Performer
73.8,62.76500000000001,80.0,30.4,11.3,66,67.9,3,High Performer
71.7,75.66166666666668,58.333333333333336,22.8,23.5,133,100.0,2,Average
76.1,72.3,78.0,35.0,25.8,170,95.4,14,Average
73.5,60.76166666666666,41.333333333333336,54.8,30.1,53,100.0,5,At Risk
72.1,54.54333333333333,92.66666666666669,43.0,6.4,113,77.2,10,High Performer
77.8,59.42333333333334,71.0,40.2,24.3,68,100.0,2,Average
76.2,65.14166666666667,74.0,51.0,17.2,96,75.6,3,Average
72.2,57.23500000000001,45.66666666666666,60.4,10.5,23,55.5,12,At Risk
72.3,50.315,52.0,70.6,6.5,45,33.5,3,Average
81.0,42.55166666666667,67.0,30.6,32.0,138,100.0,10,Average
70.1,64.64,52.333333333333336,40.6,16.2,173,100.0,6,Average
76.1,77.55666666666667,74.33333333333333,29.4,28.2,67,100.0,14,Average
79.4,69.36666666666666,59.66666666666666,30.4,26.9,63,100.0,14,Average
72.6,58.855,33.666666666666664,47.4,29.9,42,100.0,13,At Risk
77.5,55.79333333333333,53.333333333333336,45.2,13.3,133,87.9,13,Average
69.9,59.50666666666666,58.333333333333336,20.8,9.9,103,39.7,10,Average
71.1,59.87833333333333,39.66666666666666,56.0,5.1,180,31.3,9,At Risk
74.5,58.21,67.0,31.8,30.5,30,100.0,8,Average
76.7,49.595,46.66666666666666,43.6,15.6,166,68.8,2,At Risk
69.4,52.35,41.66666666666666,48.0,25.6,124,100.0,11,At Risk
79.3,74.32833333333333,62.333333333333336,48.0,8.3,45,36.900000000000006,5,Average
73.6,39.248333333333335,56.66666666666666,64.6,14.6,61,81.8,8,Average
79.7,70.11,57.333333333333336,49.4,30.7,129,100.0,8,Average
75.2,58.321666666666665,51.0,30.8,33.4,60,100.0,7,Average
73.4,65.79666666666667,67.0,44.6,18.9,110,100.0,11,Average
76.7,59.58166666666667,67.33333333333333,63.0,17.2,74,100.0,4,Average
75.0,68.74333333333333,89.0,66.8,20.2,88,74.6,10,High Performer
74.4,44.17666666666667,78.33333333333333,34.0,10.4,131,81.2,11,Average
67.9,68.62833333333333,88.33333333333333,37.4,29.1,108,100.0,7,High Performer
66.9,43.72,50.0,36.6,15.3,143,79.9,11,Average
84.3,62.178333333333335,44.66666666666666,43.4,20.4,76,85.19999999999999,10,At Risk
76.9,38.91,68.66666666666667,34.0,21.8,135,100.0,5,Average
73.1,63.83166666666667,55.333333333333336,27.0,9.7,113,63.1,11,Average
80.6,52.09,69.0,42.8,26.6,97,100.0,3,Average
71.6,56.24333333333334,48.0,53.4,31.9,139,100.0,8,At Risk
77.9,75.75166666666667,65.66666666666667,39.6,9.7,170,77.1,8,Average
72.0,60.72,70.0,40.2,9.8,64,39.400000000000006,2,Average
72.2,60.81666666666666,92.33333333333331,14.2,9.8,23,39.400000000000006,3,High Performer
77.9,70.745,82.33333333333333,50.8,10.1,101,86.3,3,High Performer
72.9,47.92333333333334,53.333333333333336,25.0,14.4,147,93.2,8,Average
73.3,44.61000000000001,66.33333333333333,56.6,30.2,42,100.0,6,Average
75.3,51.97333333333333,63.0,54.8,18.9,173,74.69999999999999,7,Average
72.9,69.44500000000001,39.333333333333336,35.0,10.0,96,66.0,12,At Risk
74.6,49.0,52.333333333333336,41.8,16.6,122,73.80000000000001,2,Average
77.2,51.29333333333333,41.333333333333336,26.2,5.4,107,40.2,7,At Risk
73.7,51.09833333333333,67.0,39.8,27.9,28,100.0,2,Average
75.2,77.92833333333333,71.0,54.8,25.5,177,100.0,14,Average
78.7,58.74,85.33333333333333,35.2,20.3,172,100.0,7,High Performer
76.7,80.97833333333334,67.33333333333333,43.8,18.9,142,92.7,7,Average
73.2,51.708333333333336,68.66666666666667,47.8,33.3,90,100.0,4,Average
73.8,48.76166666666666,68.66666666666667,36.6,33.0,31,100.0,4,Average
79.3,59.06,55.66666666666666,74.4,28.9,20,100.0,9,Average
76.3,69.52,62.66666666666666,33.0,6.9,159,48.7,6,Average
71.3,61.048333333333325,30.0,40.6,31.7,91,100.0,4,At Risk
73.0,69.60833333333333,76.33333333333333,46.4,29.0,141,99.0,6,Average
68.7,63.25,75.0,47.2,17.0,88,63.0,2,Average
78.9,72.12833333333333,40.66666666666666,40.4,15.8,45,63.400000000000006,6,At Risk
67.4,57.93666666666667,65.0,62.0,31.2,113,100.0,4,Average
80.7,52.89666666666667,77.0,58.2,31.1,125,100.0,4,Average
80.2,64.80499999999999,54.0,40.0,19.5,177,74.5,3,Average
72.6,58.32833333333334,70.33333333333333,61.6,14.6,113,81.8,8,Average
76.1,59.06166666666667,68.0,54.4,6.7,29,32.1,3,Average
77.8,68.08666666666666,74.0,41.6,28.7,166,100.0,14,Average
75.8,66.99833333333333,50.333333333333336,47.8,8.4,107,51.2,6,Average
80.7,59.02666666666666,64.0,43.2,15.6,42,98.8,9,Average
79.6,64.10000000000001,51.0,29.8,23.0,42,85.0,6,Average
71.3,79.76833333333333,50.333333333333336,41.4,28.5,41,100.0,3,Average
72.2,49.24666666666667,60.0,49.2,25.9,130,100.0,5,Average
83.6,56.35666666666666,45.333333333333336,54.2,24.8,22,86.4,12,At Risk
71.6,54.365,47.0,30.4,6.9,136,52.7,12,At Risk
76.4,59.38166666666667,38.0,47.0,11.9,42,59.7,3,At Risk
75.2,74.67333333333333,52.66666666666666,75.0,13.3,145,51.900000000000006,9,Average
80.9,62.083333333333336,68.66666666666667,41.2,28.9,60,100.0,2,Average
69.8,50.22166666666666,43.66666666666666,64.0,6.5,122,67.5,7,At Risk
78.3,58.03666666666667,63.66666666666666,31.0,29.8,150,100.0,2,Average
76.2,68.7,60.0,35.4,8.4,56,75.2,2,Average
74.7,54.715,62.0,59.2,30.3,81,100.0,3,Average
83.8,70.575,83.0,59.6,5.4,127,42.2,14,High Performer
76.0,47.48499999999999,85.0,25.8,11.9,42,93.7,12,High Performer
71.5,57.38333333333333,48.66666666666666,42.4,14.9,120,88.7,4,At Risk
68.7,76.115,33.666666666666664,51.2,19.3,81,75.9,12,At Risk
70.1,53.37,53.66666666666666,45.6,16.5,150,97.5,6,Average
72.3,48.99,59.66666666666666,46.4,23.2,128,100.0,14,Average
75.2,52.30666666666667,45.66666666666666,25.4,22.0,88,100.0,12,At Risk
73.9,52.28333333333333,89.33333333333333,39.6,28.6,22,100.0,5,High Performer
78.9,55.83833333333333,62.0,48.6,25.3,121,100.0,11,Average
79.4,56.83166666666667,50.66666666666666,54.0,14.7,151,92.1,12,Average
78.4,68.12666666666667,67.66666666666667,54.0,33.6,117,100.0,10,Average
80.4,51.09,55.333333333333336,57.0,32.9,180,100.0,5,Average
77.8,84.19166666666666,65.0,63.4,29.6,155,100.0,8,Average
76.5,79.12833333333333,63.333333333333336,40.6,13.1,125,61.3,11,Average
66.0,50.755,63.0,66.2,8.8,43,80.4,5,Average
71.0,55.93333333333334,35.0,38.2,32.0,59,100.0,6,At Risk
80.3,64.97833333333334,42.66666666666666,27.4,20.9,88,100.0,10,At Risk
79.6,47.975,77.33333333333333,53.2,26.0,148,94.0,11,Average
74.5,55.95,52.66666666666666,54.8,22.3,34,100.0,14,Average
73.1,43.11166666666667,63.66666666666666,37.0,23.3,60,100.0,5,Average
75.9,57.61333333333334,70.66666666666667,74.4,34.4,123,100.0,5,Average
71.5,68.15833333333333,75.33333333333333,71.0,14.6,100,65.8,11,Average
67.9,67.09666666666666,58.333333333333336,23.2,18.3,70,78.9,11,Average
69.3,73.85166666666667,71.66666666666667,51.2,28.7,159,100.0,12,Average
74.3,65.45,49.66666666666666,76.8,34.1,143,100.0,9,At Risk
72.5,59.46,65.0,25.0,33.4,21,100.0,10,Average
84.1,54.458333333333336,68.0,35.6,20.7,36,74.1,11,Average
71.0,57.68333333333334,53.0,29.4,18.7,73,100.0,8,Average
77.5,60.10333333333333,50.0,62.4,12.3,161,66.9,7,Average
72.0,61.01166666666666,48.66666666666666,39.4,21.3,130,100.0,6,At Risk
79.3,56.31,64.33333333333333,49.0,15.9,56,89.7,6,Average
80.9,66.40333333333334,61.66666666666666,33.2,32.6,60,100.0,2,Average
79.6,53.120000000000005,47.66666666666666,41.2,10.6,68,63.8,12,At Risk
74.8,58.555,53.333333333333336,46.4,34.8,51,100.0,14,Average
70.3,62.34666666666666,52.66666666666666,30.4,14.0,138,86.0,8,Average
78.1,62.355,70.66666666666667,54.0,17.3,120,100.0,2,Average
74.7,67.68833333333333,42.333333333333336,40.4,5.5,102,62.5,5,At Risk
81.2,63.405,65.66666666666667,41.0,32.4,20,100.0,3,Average
72.6,72.89833333333333,60.0,39.0,20.8,97,94.4,10,Average
60.8,68.30833333333334,68.0,47.0,21.1,57,100.0,9,Average
72.1,81.01333333333334,67.66666666666667,26.2,7.0,93,41.0,7,Average
75.8,66.11333333333333,44.66666666666666,61.6,18.7,139,100.0,10,At Risk
69.8,50.24,46.333333333333336,44.4,30.9,164,100.0,10,At Risk
84.1,79.61666666666666,67.0,44.8,33.7,159,100.0,6,Average
74.0,50.035,68.33333333333333,57.0,21.9,59,99.7,5,Average
72.1,67.88333333333334,60.0,38.4,30.8,51,100.0,5,Average
79.2,63.84166666666667,55.0,36.0,27.5,75,92.5,12,Average
71.9,60.47,72.0,25.6,11.0,40,69.0,8,Average
71.2,61.25333333333333,67.0,33.6,8.2,146,72.6,11,Average
74.6,66.57833333333333,51.66666666666666,41.6,9.5,170,48.5,3,Average
75.8,61.696666666666665,24.0,22.8,15.8,44,100.0,7,At Risk
78.6,72.89833333333333,52.66666666666666,40.6,23.6,146,100.0,3,Average
77.5,68.79333333333334,64.33333333333333,30.8,25.1,78,100.0,3,Average
69.1,65.67333333333333,68.0,53.2,6.9,172,76.7,2,Average
76.7,81.19666666666667,69.0,64.4,5.3,71,27.9,3,Average
80.5,67.3,64.33333333333333,60.0,9.5,153,80.5,13,Average
73.1,68.75333333333333,60.333333333333336,32.0,19.7,132,97.1,13,Average
74.3,50.08833333333333,57.0,55.2,15.0,49,65.0,11,Average
78.4,67.345,75.0,51.0,25.0,136,100.0,13,Average
76.0,66.41333333333334,35.333333333333336,62.4,13.1,112,69.3,11,At Risk
81.4,51.365,51.0,27.8,10.0,32,66.0,13,Average
79.6,62.63166666666666,50.333333333333336,58.4,24.5,180,85.5,9,Average
73.1,65.83166666666666,41.0,20.2,14.4,26,63.2,10,At Risk
78.0,50.17666666666667,47.66666666666666,60.0,16.2,21,84.6,9,At Risk
77.0,48.79333333333333,62.333333333333336,48.4,6.2,70,78.6,7,Average
77.0,64.92,65.33333333333333,54.6,32.2,118,100.0,11,Average
74.9,57.48500000000001,56.333333333333336,59.4,18.4,67,100.0,6,Average
66.9,54.58166666666667,49.66666666666666,45.4,27.6,151,100.0,4,At Risk
76.5,57.32833333333334,45.333333333333336,44.2,6.6,56,39.8,12,At Risk
75.7,60.156666666666666,58.0,34.6,22.2,172,82.6,3,Average
70.8,46.98833333333334,32.0,62.6,27.2,129,99.6,4,At Risk
74.4,62.373333333333335,34.333333333333336,50.8,18.0,120,100.0,7,At Risk
72.2,55.26166666666666,47.66666666666666,40.0,17.4,81,72.19999999999999,5,At Risk
84.8,64.01333333333334,61.0,37.0,19.9,41,99.7,11,Average
82.5,50.40833333333333,80.0,44.0,24.4,107,100.0,11,High Performer
69.9,48.376666666666665,73.33333333333333,65.8,20.1,45,76.30000000000001,2,Average
74.5,72.355,61.0,23.4,28.6,138,100.0,11,Average
77.8,61.330000000000005,62.333333333333336,35.4,11.4,43,60.2,9,Average
72.6,65.78833333333334,79.66666666666667,50.6,24.4,65,100.0,5,Average
75.2,58.47166666666666,60.333333333333336,35.4,29.0,159,100.0,2,Average
71.9,55.24,51.66666666666666,53.6,24.1,94,100.0,7,Average
73.2,73.35333333333334,31.0,34.2,27.2,156,100.0,11,At Risk
73.9,46.645,70.0,49.8,7.8,161,69.4,5,Average
70.9,66.09,74.33333333333333,68.0,24.4,52,83.19999999999999,13,Average
76.1,66.65166666666666,62.66666666666666,51.6,5.7,144,77.1,5,Average
78.0,59.80166666666667,49.333333333333336,37.8,9.9,54,85.7,9,At Risk
73.8,80.445,60.0,26.6,28.4,55,100.0,6,Average
72.7,55.89833333333333,58.66666666666666,51.8,21.1,110,79.30000000000001,13,Average
83.9,66.415,82.0,61.2,17.6,35,82.80000000000001,9,High Performer
78.8,53.72833333333333,67.33333333333333,32.2,23.5,67,90.5,13,Average
71.0,76.48,42.66666666666666,32.8,20.3,46,88.9,9,At Risk
74.7,60.125,55.66666666666666,46.4,10.0,36,52.0,8,Average
73.7,63.91166666666667,59.0,37.8,31.8,149,100.0,13,Average
67.4,61.098333333333336,58.333333333333336,36.6,29.2,177,100.0,9,Average
75.2,66.315,46.333333333333336,30.8,5.6,112,52.8,6,At Risk
73.8,72.79833333333333,58.333333333333336,50.4,25.4,34,100.0,3,Average
71.6,54.24,57.333333333333336,65.8,26.8,179,100.0,7,Average
75.1,75.82666666666667,23.666666666666668,51.2,28.0,47,100.0,7,At Risk
76.3,71.22666666666667,80.33333333333333,38.2,33.0,87,100.0,3,High Performer
69.2,69.89,66.66666666666667,50.8,16.2,38,82.6,14,Average
81.0,57.11666666666667,58.333333333333336,37.8,34.8,30,100.0,2,Average
80.7,61.098333333333336,64.0,41.2,26.1,145,100.0,7,Average
70.4,56.72666666666667,48.333333333333336,35.2,7.1,158,41.3,8,At Risk
76.7,65.69166666666666,50.0,47.0,19.6,93,94.8,11,Average
74.2,58.79,51.66666666666666,41.8,14.0,84,60.0,9,Average
78.4,51.845,44.66666666666666,49.6,19.8,150,100.0,5,At Risk
69.9,73.16000000000001,51.66666666666666,39.4,21.8,130,100.0,7,Average
77.1,61.923333333333325,67.66666666666667,54.6,20.1,141,74.30000000000001,3,Average
76.5,58.58833333333333,75.0,23.2,11.5,126,92.5,4,Average
72.1,54.68333333333334,42.0,86.2,5.8,157,47.4,11,At Risk
81.9,64.5,41.0,43.0,20.5,20,100.0,7,At Risk
76.8,77.29,70.66666666666667,64.0,31.5,27,100.0,12,Average
81.3,56.805,46.66666666666666,59.6,34.7,165,100.0,9,At Risk
68.0,54.66833333333333,53.333333333333336,52.4,33.7,135,100.0,14,Average
66.3,63.20166666666666,55.66666666666666,23.6,33.5,73,100.0,14,Average
79.9,75.69666666666667,61.66666666666666,37.0,7.8,109,81.4,12,Average
77.6,71.32166666666667,80.0,43.8,20.1,110,84.30000000000001,12,High Performer
73.4,50.053333333333335,42.333333333333336,37.4,30.9,42,100.0,12,At Risk
74.9,62.705000000000005,66.0,50.8,30.4,70,100.0,7,Average
77.9,60.923333333333325,74.66666666666667,52.6,33.3,105,100.0,8,Average
75.0,59.085,49.0,34.0,19.8,21,100.0,6,At Risk
68.2,63.12833333333333,64.33333333333333,44.4,31.2,107,100.0,12,Average
80.2,85.90166666666666,51.0,52.8,24.9,52,100.0,10,Average
75.5,60.85,77.33333333333333,31.0,30.3,132,100.0,3,Average
78.1,51.84,77.66666666666667,44.8,29.1,70,100.0,2,Average
87.2,47.02166666666667,46.66666666666666,54.8,12.6,178,97.8,5,At Risk
76.7,58.345,63.0,39.2,29.3,52,100.0,5,Average
76.8,65.95,75.0,46.8,15.2,53,61.6,12,Average
72.9,55.23499999999999,87.0,66.2,5.2,32,25.6,6,High Performer
75.9,66.68833333333333,46.0,52.6,8.4,170,59.2,10,At Risk
70.6,58.725,68.33333333333333,32.4,19.1,28,97.3,13,Average
72.6,72.14999999999999,54.0,45.8,23.3,21,79.9,12,Average
72.9,51.43833333333333,60.333333333333336,52.8,18.9,141,98.7,3,Average
69.7,73.64833333333333,75.66666666666667,72.2,32.8,161,100.0,11,Average
73.9,51.44333333333333,42.66666666666666,53.4,32.3,88,100.0,13,At Risk
81.6,72.75,50.66666666666666,45.6,9.2,166,67.6,9,Average
84.1,40.708333333333336,37.66666666666666,45.4,12.1,49,74.3,3,At Risk
82.7,45.52166666666667,79.0,29.2,27.0,143,100.0,4,Average
79.2,57.34166666666667,57.66666666666666,60.6,30.0,131,100.0,14,Average
72.9,59.330000000000005,66.0,58.8,18.6,22,97.8,12,Average
68.6,66.84166666666667,69.0,65.4,26.0,80,100.0,10,Average
70.4,69.98666666666666,66.66666666666667,26.0,12.6,180,59.8,6,Average
72.8,64.98,68.0,53.4,21.0,126,100.0,4,Average
72.6,63.98,75.33333333333333,54.0,10.0,180,70.0,4,Average
72.1,72.59333333333333,47.66666666666666,45.8,17.2,69,99.6,6,At Risk
80.5,77.97666666666667,47.0,41.6,19.2,138,71.6,13,At Risk
68.4,59.53333333333333,56.0,57.2,24.6,78,100.0,14,Average
70.0,61.333333333333336,55.0,47.2,28.4,154,100.0,5,Average
73.6,90.88,53.0,65.2,24.7,138,100.0,3,Average
76.8,63.833333333333336,83.66666666666667,37.2,5.5,39,50.5,5,High Performer
82.9,58.02166666666667,54.0,45.4,7.2,33,43.6,7,Average
86.8,66.60166666666667,74.0,40.0,9.4,76,62.2,12,Average
77.0,67.00166666666667,59.333333333333336,51.8,17.6,37,72.80000000000001,7,Average
62.2,54.04333333333333,87.33333333333333,39.6,24.3,137,100.0,12,High Performer
79.7,58.553333333333335,84.0,53.2,17.5,171,98.5,6,High Performer
62.9,72.36666666666666,67.0,43.8,22.9,113,94.7,2,Average
79.8,54.78666666666667,82.33333333333333,43.0,34.9,99,100.0,14,High Performer
69.0,68.62,52.333333333333336,22.6,24.3,55,88.9,14,Average
75.9,53.126666666666665,55.66666666666666,43.4,17.3,35,87.9,14,Average
73.0,71.78,81.66666666666667,66.8,26.7,98,94.1,6,High Performer
73.5,72.165,59.333333333333336,39.6,25.9,171,100.0,12,Average
83.5,61.98499999999999,73.66666666666667,51.6,28.3,94,100.0,11,Average
74.0,54.54833333333334,70.0,39.2,30.8,27,100.0,4,Average
69.8,61.73,84.0,53.6,22.8,180,100.0,10,High Performer
79.8,79.60000000000001,56.0,38.4,20.9,99,100.0,2,Average
76.0,53.12833333333333,73.33333333333333,51.6,12.6,154,59.8,11,Average
78.8,70.67666666666666,44.66666666666666,51.2,16.0,135,98.0,5,At Risk
71.8,62.68166666666667,55.66666666666666,48.2,19.1,87,100.0,3,Average
74.5,68.365,89.0,62.4,25.6,107,100.0,8,High Performer
76.6,75.76666666666667,64.0,39.4,14.0,164,100.0,9,Average
83.9,73.33333333333333,39.333333333333336,33.0,6.6,62,67.8,10,At Risk
73.9,61.02166666666667,66.33333333333333,28.0,13.8,104,69.4,5,Average
77.8,55.830000000000005,53.333333333333336,22.8,30.3,124,100.0,3,Average
81.2,64.03666666666668,64.0,50.2,14.0,66,52.0,9,Average
75.9,50.46333333333334,62.66666666666666,41.2,20.5,161,97.5,8,Average
70.4,73.98333333333333,55.0,39.0,21.8,39,100.0,10,Average
78.5,67.44333333333333,65.66666666666667,28.4,8.2,57,66.6,11,Average
73.2,73.61666666666666,64.66666666666667,67.4,20.1,78,100.0,7,Average
82.4,61.91333333333333,69.33333333333333,69.0,6.2,135,78.6,9,Average
76.8,67.60333333333334,52.0,50.0,31.6,119,100.0,11,Average
78.4,77.24166666666666,72.0,35.0,5.6,164,52.8,11,Average
68.1,68.545,68.66666666666667,69.6,22.2,141,100.0,6,Average
72.3,65.55333333333333,56.66666666666666,57.8,24.6,48,100.0,14,Average
74.8,37.21666666666667,72.66666666666667,36.8,7.6,56,44.8,11,Average
68.9,69.15666666666667,78.0,49.2,12.3,150,54.900000000000006,4,Average
83.0,66.67833333333333,52.333333333333336,74.0,32.6,82,100.0,8,Average
82.4,48.93333333333334,57.66666666666666,21.8,26.7,55,98.1,13,Average
80.6,60.78333333333333,77.0,27.4,30.1,133,100.0,5,Average
75.2,59.0,41.333333333333336,37.8,31.7,93,100.0,6,At Risk
75.4,55.665,49.0,75.6,18.1,29,80.30000000000001,14,At Risk
68.7,52.34,65.0,51.2,29.1,53,100.0,8,Average
76.1,54.46833333333333,81.0,46.4,5.4,148,68.2,5,High Performer
73.3,61.38833333333333,31.33333333333333,44.2,27.8,132,100.0,8,At Risk
75.2,81.19,65.33333333333333,46.6,30.4,99,100.0,2,Average
75.3,64.08833333333332,50.0,58.4,14.9,32,94.7,3,Average
68.4,63.88333333333333,50.333333333333336,47.4,23.4,69,100.0,8,Average
64.2,69.77,74.33333333333333,36.2,10.7,21,70.1,7,Average
78.5,67.59666666666666,70.33333333333333,41.4,23.2,61,100.0,12,Average
75.8,47.03666666666667,75.66666666666667,45.0,6.4,163,71.2,13,Average
64.0,75.33333333333333,60.333333333333336,37.2,30.3,25,100.0,12,Average
71.4,57.60999999999999,68.66666666666667,61.8,8.4,150,41.2,7,Average
76.3,52.94166666666666,70.0,53.6,12.6,174,91.8,3,Average
75.5,43.975,57.66666666666666,32.0,26.4,178,100.0,3,Average
74.9,55.91,33.0,43.6,19.7,178,81.1,3,At Risk
74.4,84.13333333333334,45.0,49.4,15.5,87,88.5,8,At Risk
81.6,66.63333333333334,41.66666666666666,45.6,31.0,124,100.0,8,At Risk
67.5,54.43,54.0,43.4,31.1,29,100.0,7,Average
82.1,57.535,63.0,42.8,26.9,147,100.0,13,Average
74.0,47.29833333333334,84.33333333333333,35.0,23.7,118,99.1,6,High Performer
74.6,60.64166666666667,25.666666666666668,28.4,31.2,107,100.0,8,At Risk
71.0,66.54,61.0,61.0,30.7,162,100.0,6,Average
69.5,64.895,43.0,28.8,22.8,57,78.4,7,At Risk
79.4,55.43,64.66666666666667,48.8,16.7,21,100.0,10,Average
83.0,63.620000000000005,73.0,39.0,18.2,103,86.6,2,Average
74.3,50.26666666666667,72.0,53.6,6.4,33,63.2,7,Average
77.8,57.32833333333334,49.0,63.0,18.0,121,100.0,10,At Risk
74.3,48.821666666666665,47.333333333333336,40.0,32.8,30,100.0,8,At Risk
76.4,49.495,75.0,44.6,5.5,174,56.5,7,Average
72.2,48.99,73.33333333333333,52.2,33.4,47,100.0,4,Average
73.0,76.68166666666666,65.33333333333333,45.4,17.8,72,67.4,3,Average
68.6,62.61333333333334,40.66666666666666,30.6,15.9,114,77.7,12,At Risk
73.2,61.90166666666667,69.66666666666667,41.8,18.7,137,78.1,3,Average
77.7,45.48333333333333,56.333333333333336,67.0,17.4,36,78.19999999999999,8,Average
73.3,58.20499999999999,51.333333333333336,59.8,33.5,138,100.0,11,Average
76.6,54.38,36.333333333333336,37.8,31.6,93,100.0,7,At Risk
69.0,62.428333333333335,50.0,25.4,29.8,36,100.0,12,Average
74.7,64.69,40.66666666666666,69.4,17.9,95,100.0,3,At Risk
71.9,71.51666666666667,44.66666666666666,71.8,15.5,34,82.5,7,At Risk
75.1,71.45,51.333333333333336,23.8,16.6,143,91.8,2,Average
90.4,85.44666666666667,63.333333333333336,85.8,27.4,40,100.0,11,Average
73.1,82.22500000000001,61.66666666666666,20.2,23.6,31,100.0,2,Average
79.1,61.51166666666666,60.333333333333336,43.6,11.7,78,57.1,9,Average
79.0,49.81,53.66666666666666,46.8,10.9,27,82.7,4,Average
75.2,61.06666666666666,53.333333333333336,44.4,30.0,21,100.0,10,Average
80.5,54.12,76.0,40.4,10.0,85,70.0,7,Average
75.3,59.42166666666666,59.66666666666666,35.2,26.7,33,100.0,3,Average
74.0,75.32833333333333,78.0,58.0,5.1,175,57.3,11,Average
76.9,71.51,46.66666666666666,52.4,27.9,140,100.0,8,At Risk
79.1,76.84166666666667,30.0,33.4,29.6,143,100.0,4,At Risk
80.4,63.10166666666667,74.66666666666667,62.8,6.8,142,54.4,5,Average
73.6,67.89333333333333,87.33333333333333,46.6,27.1,123,100.0,4,High Performer
76.1,65.47333333333334,49.333333333333336,46.4,6.9,93,60.7,6,At Risk
71.6,43.585,64.66666666666667,54.6,18.5,41,89.5,14,Average
74.5,51.998333333333335,89.33333333333333,58.0,7.7,140,57.1,8,High Performer
68.7,59.97166666666666,68.66666666666667,82.6,29.6,70,100.0,2,Average
74.2,54.495000000000005,66.66666666666667,48.2,17.4,96,86.19999999999999,2,Average
76.1,56.098333333333336,55.333333333333336,55.2,14.8,80,100.0,10,Average
70.5,60.52333333333333,65.0,41.6,28.8,79,100.0,12,Average
75.6,75.18,78.33333333333333,63.8,24.3,160,88.9,7,Average
76.5,73.66166666666668,74.66666666666667,48.2,26.3,147,88.9,6,Average
74.1,46.52,48.66666666666666,28.4,9.0,106,73.0,12,At Risk
79.9,60.781666666666666,52.333333333333336,49.0,25.2,176,100.0,9,Average
79.1,65.165,61.66666666666666,37.8,6.7,160,48.1,14,Average
69.8,74.57166666666667,79.0,34.6,26.2,46,100.0,13,Average
72.8,78.56166666666667,82.0,23.0,33.7,78,100.0,13,High Performer
82.1,58.25,72.33333333333333,19.8,24.8,124,100.0,6,Average
73.6,54.42,59.66666666666666,37.6,31.5,40,100.0,3,Average
78.4,52.13,69.66666666666667,44.6,6.5,88,57.5,12,Average
71.5,71.89999999999999,89.33333333333333,52.8,23.2,77,87.6,5,High Performer
67.9,56.72833333333333,63.66666666666666,71.8,26.1,97,100.0,5,Average
74.1,40.903333333333336,69.0,36.4,28.7,147,100.0,11,Average
84.9,47.24166666666667,59.66666666666666,49.6,23.9,84,89.69999999999999,5,Average
75.4,60.39000000000001,63.0,76.6,15.6,74,96.8,10,Average
67.2,66.715,72.0,45.2,24.2,77,90.6,10,Average
64.8,72.385,45.66666666666666,65.0,26.4,137,100.0,11,At Risk
81.4,62.20666666666667,67.33333333333333,36.6,26.3,127,94.9,2,Average
80.6,69.885,64.0,46.4,23.5,49,94.5,2,Average
81.3,46.10166666666667,57.0,57.2,26.8,166,100.0,14,Average
75.1,58.461666666666666,30.666666666666668,58.6,11.1,35,51.3,6,At Risk
79.1,44.905,40.333333333333336,59.8,32.7,52,100.0,2,At Risk
77.2,60.458333333333336,57.0,45.2,34.8,138,100.0,11,Average
78.9,63.34333333333333,44.0,47.6,24.5,140,87.5,13,At Risk
80.1,48.28333333333333,52.66666666666666,56.0,24.3,171,96.9,13,Average
78.3,63.28333333333333,55.0,54.0,33.5,41,100.0,10,Average
70.6,82.04166666666667,78.0,46.4,13.8,83,67.4,7,Average
61.7,52.2,64.66666666666667,42.0,14.3,128,74.9,11,Average
68.9,72.91166666666666,56.66666666666666,51.6,22.2,119,100.0,12,Average
72.4,59.70666666666667,50.0,30.6,21.2,42,100.0,3,Average
72.6,72.25833333333334,37.333333333333336,46.6,12.4,73,87.2,7,At Risk
77.0,71.29833333333333,54.66666666666666,62.8,7.1,45,45.3,12,Average
79.6,62.10833333333333,90.0,77.4,20.8,174,100.0,7,High Performer
78.0,64.22166666666666,33.0,38.4,13.5,31,74.5,11,At Risk
71.0,48.40166666666667,62.0,42.6,14.0,69,72.0,4,Average
76.6,48.28833333333333,54.66666666666666,35.6,31.6,178,100.0,8,Average
80.2,69.15666666666667,45.333333333333336,29.2,8.7,143,74.1,14,At Risk
76.6,50.06666666666666,65.33333333333333,48.4,29.9,41,100.0,12,Average
72.1,61.778333333333336,56.333333333333336,46.8,6.1,51,64.3,10,Average
77.9,62.275,33.666666666666664,56.8,35.0,149,100.0,7,At Risk
66.8,74.635,49.0,40.8,24.2,177,100.0,11,At Risk
74.2,68.25666666666667,79.0,42.8,27.9,110,100.0,5,Average
73.0,57.425,60.0,45.8,27.0,147,97.0,10,Average
76.5,43.76833333333334,46.66666666666666,63.4,12.1,114,84.3,9,At Risk
66.4,49.208333333333336,53.333333333333336,42.6,7.7,109,83.1,4,Average
73.6,64.28833333333334,66.33333333333333,36.0,7.2,90,41.6,12,Average
71.3,48.98333333333333,79.33333333333333,62.4,32.6,58,100.0,7,Average
75.9,43.22,62.66666666666666,44.6,11.1,64,91.3,3,Average
80.6,74.91,68.0,38.8,7.2,95,73.6,13,Average
75.6,48.086666666666666,34.333333333333336,26.4,27.9,81,100.0,4,At Risk
67.1,62.63833333333333,82.0,34.8,30.6,140,100.0,11,High Performer
71.4,52.91666666666666,41.66666666666666,40.2,10.0,157,90.0,2,At Risk
76.2,69.73333333333333,67.33333333333333,32.0,13.9,109,83.7,13,Average
69.1,60.298333333333325,40.333333333333336,49.0,11.7,167,69.1,6,At Risk
75.9,43.205000000000005,79.0,62.6,19.8,25,79.4,11,Average
76.7,67.35166666666667,37.333333333333336,66.0,25.5,65,100.0,6,At Risk
75.7,48.61666666666667,66.33333333333333,58.6,28.5,174,100.0,3,Average
72.3,56.63166666666667,27.666666666666668,54.2,31.4,78,100.0,4,At Risk
70.7,63.06666666666666,84.66666666666667,36.6,10.1,107,64.3,7,High Performer
76.2,66.13333333333334,84.0,18.6,11.6,56,84.8,10,High Performer
71.5,77.53833333333334,49.66666666666666,47.2,28.8,111,100.0,6,At Risk
72.4,42.46,68.0,69.8,6.5,81,75.5,10,Average
67.4,71.00666666666667,51.0,35.4,10.7,41,46.1,11,Average
79.4,38.47166666666667,50.0,30.2,34.4,46,100.0,14,Average
76.2,59.781666666666666,52.66666666666666,38.6,8.9,139,74.7,14,Average
84.3,60.78666666666666,42.333333333333336,72.4,28.3,152,100.0,9,At Risk
69.3,61.74,39.333333333333336,56.2,31.0,95,100.0,9,At Risk
75.2,65.585,56.0,70.2,18.5,136,75.5,4,Average
80.7,67.34666666666666,43.333333333333336,68.8,9.6,70,60.8,8,At Risk
68.4,55.11000000000001,31.0,38.6,7.3,57,39.9,5,At Risk
78.6,45.325,33.666666666666664,54.0,26.3,143,96.9,5,At Risk
69.7,64.75333333333333,65.0,23.4,5.2,103,71.6,8,Average
75.7,50.583333333333336,42.66666666666666,46.2,16.6,147,100.0,5,At Risk
76.7,64.345,52.66666666666666,39.4,29.8,140,100.0,7,Average
74.0,72.45,63.66666666666666,15.4,34.7,117,100.0,4,Average
73.8,68.46166666666666,48.333333333333336,42.8,11.2,131,45.6,7,At Risk
71.0,80.12166666666667,80.0,31.2,30.9,55,100.0,4,High Performer
73.6,79.27,47.66666666666666,40.8,25.9,75,93.7,7,At Risk
86.1,58.555,51.66666666666666,66.2,17.5,30,98.5,9,Average
77.9,65.57666666666667,41.0,42.4,32.9,148,100.0,14,At Risk
73.2,52.165,70.66666666666667,45.4,24.5,112,95.5,11,Average
76.9,73.73,71.66666666666667,27.4,5.3,127,75.9,8,Average
72.6,57.405,67.0,60.0,7.5,157,78.5,6,Average
74.3,57.620000000000005,40.333333333333336,48.8,27.2,179,100.0,6,At Risk
72.0,70.73333333333333,93.33333333333331,17.0,12.6,47,83.8,7,High Performer
72.9,69.40333333333334,61.333333333333336,43.8,27.4,119,100.0,10,Average
77.8,70.105,88.0,47.8,6.5,141,49.5,14,High Performer
66.7,56.79333333333333,55.333333333333336,44.8,8.2,33,38.6,13,Average
69.8,56.403333333333336,61.66666666666666,27.4,12.7,134,92.1,7,Average
69.8,55.91,66.66666666666667,34.6,31.0,48,100.0,12,Average
82.9,64.80166666666666,57.66666666666666,37.2,9.5,46,42.5,10,Average
82.7,64.04333333333334,50.66666666666666,56.6,8.0,168,72.0,4,Average
73.0,48.685,55.0,45.4,33.2,149,100.0,6,Average
74.6,71.84166666666667,54.66666666666666,29.4,26.5,75,100.0,7,Average
71.1,66.79166666666667,54.0,33.8,10.3,179,70.9,3,Average
81.9,69.41666666666667,83.33333333333333,66.6,28.5,22,100.0,11,High Performer
76.7,56.73833333333334,64.33333333333333,31.6,25.6,109,100.0,8,Average
73.8,63.55833333333334,69.66666666666667,23.6,13.1,112,53.3,2,Average
78.2,44.55833333333334,55.333333333333336,40.8,29.1,63,100.0,2,Average
77.2,42.703333333333326,46.333333333333336,63.0,14.3,120,84.9,6,At Risk
76.0,72.64,64.66666666666667,48.2,34.0,150,100.0,4,Average
76.5,58.120000000000005,79.66666666666667,34.8,6.6,75,65.8,13,Average
66.0,73.06333333333333,61.0,37.4,10.3,129,54.900000000000006,7,Average
68.4,73.35166666666667,47.0,18.4,14.3,161,54.900000000000006,10,At Risk
67.4,52.580000000000005,56.66666666666666,41.8,11.5,129,72.5,4,Average
71.8,66.66833333333334,60.0,49.6,6.8,105,50.4,5,Average
69.8,60.63666666666666,49.0,53.0,16.8,149,78.4,9,At Risk
72.3,67.93833333333333,63.66666666666666,43.4,16.9,104,86.69999999999999,10,Average
76.8,78.26166666666667,72.0,24.0,22.1,71,100.0,8,Average
74.6,79.17166666666667,44.0,53.0,27.7,97,100.0,4,At Risk
72.7,59.03333333333333,85.66666666666667,52.2,18.8,138,82.4,11,High Performer
77.5,65.64166666666667,78.66666666666667,44.4,30.2,40,100.0,10,Average
68.0,60.49,55.0,66.8,22.8,42,80.4,5,Average
76.2,77.165,58.0,48.4,7.3,112,33.9,5,Average
69.5,57.18166666666667,42.66666666666666,41.0,27.2,80,100.0,2,At Risk
73.9,58.97166666666667,47.66666666666666,30.2,22.8,52,100.0,10,At Risk
73.4,54.38,92.33333333333331,36.6,28.4,127,100.0,3,High Performer
70.8,68.29166666666667,39.0,33.4,22.6,135,85.80000000000001,5,At Risk
72.3,61.45,57.333333333333336,33.4,22.5,152,81.5,14,Average
71.8,56.00333333333333,84.0,39.2,24.7,72,98.1,2,High Performer
82.0,51.318333333333335,60.0,45.2,13.0,21,97.0,9,Average
71.1,68.19500000000001,64.33333333333333,56.2,34.2,86,100.0,13,Average
72.3,54.53,63.66666666666666,46.4,24.1,63,100.0,9,Average
71.3,54.62166666666667,37.333333333333336,41.8,25.9,167,87.69999999999999,6,At Risk
69.0,64.09333333333333,67.0,35.0,6.5,176,73.5,11,Average
70.1,66.15666666666667,71.0,42.2,30.9,47,100.0,6,Average
72.5,67.155,49.66666666666666,35.0,10.0,53,78.0,10,At Risk
71.2,52.03666666666667,66.0,39.6,19.2,90,100.0,3,Average
75.4,67.83,46.0,25.6,24.3,117,92.9,11,At Risk
75.4,70.60833333333333,80.33333333333333,48.2,23.3,151,91.9,2,High Performer
69.7,56.906666666666666,51.0,37.6,33.8,116,100.0,3,Average
73.7,68.37833333333333,38.333333333333336,37.8,9.7,27,43.1,9,At Risk
69.8,65.785,70.0,50.6,16.8,49,76.4,3,Average
74.2,54.330000000000005,79.0,27.6,20.2,95,100.0,9,Average
79.2,57.43833333333333,55.0,40.8,29.8,177,100.0,9,Average
76.1,52.63833333333333,55.66666666666666,49.6,21.7,81,87.1,6,Average
77.5,59.17166666666666,44.66666666666666,26.6,13.5,130,82.5,2,At Risk
79.9,59.53,78.0,40.2,17.7,33,91.1,2,Average
70.5,60.546666666666674,74.66666666666667,52.4,33.6,23,100.0,3,Average
79.2,68.315,49.66666666666666,30.6,7.4,178,32.2,2,At Risk
77.0,59.39666666666667,64.33333333333333,23.4,24.8,115,86.4,12,Average
75.3,67.99833333333333,68.0,49.0,26.8,112,94.4,3,Average
81.0,65.89666666666666,68.66666666666667,65.2,6.3,39,44.9,3,Average
72.4,71.925,61.0,60.2,34.3,95,100.0,7,Average
78.7,79.35166666666667,63.0,29.8,26.9,44,100.0,7,Average
76.2,61.095,68.0,55.0,27.7,72,100.0,12,Average
74.1,80.48833333333333,77.66666666666667,44.0,22.6,144,100.0,6,Average
73.4,55.126666666666665,60.333333333333336,38.6,32.9,68,100.0,2,Average
69.8,71.455,69.33333333333333,41.8,15.1,113,79.3,3,Average
79.2,59.04166666666666,57.0,54.4,13.1,45,49.3,10,Average
75.6,57.88833333333333,69.33333333333333,37.8,14.5,158,79.5,13,Average
68.4,46.55666666666667,44.0,67.4,7.1,103,77.3,6,At Risk
80.1,74.56666666666666,68.33333333333333,67.8,33.9,96,100.0,3,Average
75.6,59.995000000000005,54.66666666666666,48.6,21.6,139,100.0,6,Average
82.3,52.19,62.0,21.2,12.2,116,82.6,13,Average
81.8,52.781666666666666,70.33333333333333,47.4,24.6,24,100.0,11,Average
77.5,65.16,65.33333333333333,31.6,31.2,28,100.0,2,Average
71.2,55.41166666666667,89.0,34.4,32.7,122,100.0,13,High Performer
72.5,71.88666666666667,46.333333333333336,50.8,29.0,172,100.0,11,At Risk
76.4,59.49,52.333333333333336,39.0,9.0,139,73.0,5,Average
71.9,75.37333333333333,41.333333333333336,48.4,6.5,109,59.5,10,At Risk
71.3,62.678333333333335,66.33333333333333,28.8,18.0,63,82.0,5,Average
71.5,50.295,90.0,50.4,29.4,58,100.0,3,High Performer
74.8,65.38166666666667,76.33333333333333,22.0,27.8,146,100.0,14,Average
68.5,85.60000000000001,33.0,42.2,29.8,156,100.0,2,At Risk
70.2,65.54166666666667,68.66666666666667,49.8,22.6,164,77.80000000000001,12,Average
80.4,84.85333333333334,71.33333333333333,45.2,12.3,77,48.900000000000006,3,Average
79.4,60.155,56.66666666666666,38.8,11.3,125,77.9,3,Average
68.3,57.005,45.333333333333336,60.0,24.0,170,82.0,13,At Risk
79.7,65.19500000000001,49.0,50.8,6.4,43,57.2,10,At Risk
81.5,60.91833333333333,60.333333333333336,29.8,32.1,145,100.0,14,Average
68.7,46.54833333333334,47.0,54.4,23.4,68,100.0,6,At Risk
66.7,72.49,48.0,30.4,26.3,45,100.0,12,At Risk
70.5,75.815,75.0,46.0,7.3,35,63.9,14,Average
73.5,81.81,49.333333333333336,68.8,11.1,165,89.3,7,At Risk
81.2,75.82333333333334,79.66666666666667,38.6,20.5,98,87.5,8,Average
70.0,59.84,64.0,31.8,13.3,123,83.9,5,Average
76.2,55.4,51.66666666666666,68.2,25.3,170,100.0,8,Average
70.8,36.13166666666667,81.33333333333333,37.4,22.1,66,82.30000000000001,3,High Performer
71.2,56.80833333333333,58.0,40.4,6.9,103,50.7,6,Average
74.6,54.17,63.333333333333336,55.2,20.4,97,95.2,9,Average
81.3,50.365,54.66666666666666,30.2,30.0,179,100.0,11,Average
71.4,70.765,64.66666666666667,22.8,29.9,131,100.0,6,Average
73.5,70.28666666666668,43.333333333333336,32.4,25.6,82,100.0,10,At Risk
80.0,49.6,38.333333333333336,75.2,26.1,100,100.0,10,At Risk
74.9,58.95,52.333333333333336,36.8,32.2,158,100.0,8,Average
75.8,68.68333333333334,50.333333333333336,36.8,24.8,164,100.0,6,Average
71.9,79.28166666666667,50.66666666666666,43.6,27.3,20,100.0,6,Average
74.2,49.16166666666667,64.66666666666667,54.8,18.7,111,82.1,14,Average
70.0,60.123333333333335,67.0,50.6,29.6,174,100.0,3,Average
69.5,69.08166666666666,43.0,43.4,12.9,98,54.7,14,At Risk
78.4,47.67166666666666,46.0,40.0,23.1,67,91.3,14,At Risk
73.7,54.531666666666666,62.66666666666666,40.0,17.5,43,78.5,4,Average
65.8,63.748333333333335,70.66666666666667,37.0,26.1,56,100.0,9,Average
79.3,63.12833333333333,56.66666666666666,30.4,17.9,168,83.69999999999999,12,Average
73.5,57.80166666666667,68.0,45.8,9.7,148,63.1,11,Average
83.1,63.45,31.666666666666668,55.8,29.0,171,100.0,6,At Risk
81.2,58.77833333333333,54.66666666666666,49.0,20.7,88,90.1,13,Average
72.7,56.44,57.66666666666666,49.2,30.7,24,100.0,14,Average
80.0,89.83166666666666,49.0,74.4,9.3,130,57.900000000000006,9,At Risk
71.6,43.04333333333333,66.0,38.2,16.5,103,67.5,3,Average
74.2,65.75,58.66666666666666,34.0,23.4,78,100.0,10,Average
83.1,56.875,61.66666666666666,50.2,31.9,120,100.0,5,Average
77.6,83.68666666666667,52.66666666666666,17.4,34.9,163,100.0,6,Average
75.3,69.43166666666666,59.333333333333336,43.4,31.9,120,100.0,2,Average
77.4,52.32,44.0,61.0,30.3,42,100.0,4,At Risk
87.0,53.41,62.0,38.8,31.5,146,100.0,10,Average
75.3,44.93666666666667,50.66666666666666,39.2,8.4,91,57.2,12,Average
73.1,61.69,86.66666666666667,44.6,24.6,51,100.0,13,High Performer
69.2,62.035,68.0,60.2,12.9,144,66.7,13,Average
72.4,55.865,49.66666666666666,49.8,17.5,111,76.5,4,At Risk
77.4,58.28333333333333,60.66666666666666,27.0,8.1,171,82.3,7,Average
79.8,57.461666666666666,35.666666666666664,45.4,20.5,109,87.5,13,At Risk
72.2,58.99333333333334,54.66666666666666,51.4,20.8,138,96.4,14,Average
76.2,71.71666666666667,56.333333333333336,57.6,29.9,74,100.0,6,Average
60.5,61.74166666666667,50.333333333333336,48.0,6.8,158,72.4,2,Average
71.2,53.35,71.33333333333333,37.8,26.5,37,100.0,6,Average
79.2,79.01166666666667,70.0,53.8,33.9,92,100.0,12,Average
69.3,67.87,39.0,40.0,14.6,39,87.8,14,At Risk
71.0,49.08166666666667,51.66666666666666,69.8,31.2,103,100.0,3,Average
75.0,79.50333333333333,78.33333333333333,78.0,6.3,129,56.9,8,Average
72.5,83.765,43.333333333333336,29.4,18.2,170,100.0,5,At Risk
76.7,63.93833333333333,69.33333333333333,31.4,9.0,175,75.0,6,Average
79.6,62.86166666666667,48.333333333333336,34.0,6.6,53,79.8,5,At Risk
73.7,52.87833333333333,53.333333333333336,42.8,23.8,55,100.0,4,Average
72.7,52.98500000000001,54.0,45.0,15.1,139,59.3,11,Average
77.0,51.55166666666667,44.66666666666666,64.0,33.0,67,100.0,12,At Risk
64.7,46.99,67.0,48.2,6.8,135,62.4,3,Average
70.2,65.55666666666666,77.66666666666667,47.0,12.1,86,56.3,4,Average
75.9,71.99833333333333,58.66666666666666,25.0,28.2,174,100.0,2,Average
80.6,53.48333333333333,63.66666666666666,41.0,12.4,100,69.2,8,Average
73.0,71.445,60.66666666666666,60.2,10.9,169,66.7,9,Average
76.4,52.66833333333333,63.66666666666666,38.4,20.0,95,100.0,14,Average
82.3,76.07833333333333,53.0,34.8,6.6,112,43.8,13,Average
76.8,51.65833333333333,89.66666666666667,50.4,9.8,64,89.4,2,High Performer
78.8,47.333333333333336,73.33333333333333,38.6,31.5,146,100.0,4,Average
74.6,50.99333333333333,55.0,33.8,18.7,26,86.1,10,Average
77.7,66.825,64.33333333333333,63.4,17.8,29,77.4,6,Average
70.8,58.14666666666667,87.33333333333333,23.6,15.7,73,81.1,11,High Performer
70.8,63.715,58.0,48.6,16.5,135,100.0,6,Average
83.3,55.50333333333333,60.66666666666666,67.8,22.1,155,100.0,11,Average
74.8,55.48666666666666,64.0,59.2,20.2,54,94.6,6,Average
74.4,57.43833333333333,60.0,26.4,15.2,166,59.6,4,Average
72.7,59.97,43.66666666666666,33.2,5.9,89,51.7,13,At Risk
76.8,56.71333333333333,51.333333333333336,54.4,18.4,58,85.19999999999999,6,Average
82.4,53.455000000000005,52.333333333333336,58.4,10.3,43,72.9,3,Average
72.6,56.678333333333335,73.0,37.6,30.6,136,100.0,10,Average
66.7,66.43333333333334,62.333333333333336,66.2,7.8,33,69.4,13,Average
73.5,72.66166666666668,60.66666666666666,52.4,17.8,109,67.4,3,Average
70.5,60.775,58.66666666666666,33.4,6.4,111,45.2,12,Average
73.0,67.80333333333333,62.333333333333336,26.4,32.8,172,100.0,11,Average
76.7,61.89333333333334,56.333333333333336,28.8,5.2,180,41.6,14,Average
69.9,64.78333333333333,77.66666666666667,51.4,24.9,22,100.0,10,Average
77.7,47.89000000000001,48.66666666666666,27.0,21.7,121,93.1,13,At Risk
67.1,60.915,56.66666666666666,37.8,17.0,151,69.0,5,Average
75.3,49.91833333333333,67.0,67.2,17.9,145,97.7,13,Average
79.5,56.41,54.0,35.0,31.4,145,100.0,9,Average
79.6,66.625,72.33333333333333,75.0,11.1,66,61.3,2,Average
72.3,67.51166666666667,65.0,34.2,25.1,141,100.0,12,Average
70.4,54.29166666666666,52.66666666666666,59.2,10.1,92,56.3,14,Average
78.3,58.93666666666667,64.33333333333333,32.6,11.4,175,84.2,6,Average
73.1,86.72666666666667,90.33333333333331,38.0,24.4,57,93.2,9,High Performer
72.5,63.251666666666665,62.66666666666666,24.4,31.0,136,100.0,9,Average
70.0,76.39,72.33333333333333,43.4,32.1,108,100.0,14,Average
73.6,56.635,75.66666666666667,26.8,11.6,111,94.8,11,Average
72.2,70.435,42.333333333333336,54.8,5.1,123,25.3,12,At Risk
68.0,78.98333333333333,46.66666666666666,50.4,18.4,82,91.2,6,At Risk
76.4,55.52166666666667,55.66666666666666,42.2,20.9,50,94.7,6,Average
77.6,75.49,63.66666666666666,52.6,27.9,75,95.7,10,Average
78.7,71.78,70.0,23.4,15.1,99,83.3,4,Average
77.2,63.098333333333336,77.66666666666667,52.2,7.9,156,41.7,10,Average
74.9,58.10333333333333,70.33333333333333,42.6,24.6,109,95.8,5,Average
72.5,56.11166666666667,44.66666666666666,44.2,13.9,119,51.7,13,At Risk
77.0,66.75666666666667,58.66666666666666,26.2,24.6,45,100.0,3,Average
73.3,46.27833333333333,44.66666666666666,34.2,32.7,171,100.0,8,At Risk
76.2,73.89166666666667,32.333333333333336,18.4,15.6,65,100.0,8,At Risk
75.8,75.39999999999999,53.0,66.6,23.5,108,92.5,13,Average
68.9,63.828333333333326,63.0,35.4,33.9,72,100.0,5,Average
78.6,60.91833333333333,62.333333333333336,41.2,31.0,25,100.0,7,Average
65.0,56.88,75.33333333333333,26.8,24.3,91,90.9,9,Average
68.5,63.85833333333333,41.66666666666666,62.4,21.3,120,81.9,9,At Risk
76.8,74.53166666666667,65.66666666666667,35.0,30.0,171,100.0,10,Average
72.3,55.675,45.0,38.6,21.2,47,91.6,10,At Risk
70.5,87.47833333333334,46.66666666666666,27.0,28.1,131,100.0,9,At Risk
75.2,59.71333333333333,60.0,40.0,30.5,139,100.0,7,Average
69.4,56.376666666666665,58.333333333333336,54.0,28.8,74,100.0,14,Average
75.0,45.345,66.0,62.6,20.5,129,71.5,6,Average
80.5,62.00333333333333,53.333333333333336,41.6,5.1,155,55.3,8,Average
74.8,67.98833333333333,61.333333333333336,55.0,10.9,51,92.7,9,Average
77.4,58.38333333333333,53.0,32.6,21.3,54,77.9,9,Average
70.7,77.35833333333333,40.0,54.4,26.0,80,100.0,10,At Risk
76.8,43.88833333333333,67.33333333333333,53.8,7.0,126,69.0,10,Average
66.6,65.61833333333333,33.333333333333336,41.2,8.2,145,52.6,11,At Risk
76.6,41.84666666666666,61.333333333333336,57.6,18.9,75,100.0,9,Average
73.5,54.52333333333333,58.0,25.2,25.9,64,93.7,11,Average
79.0,37.975,73.66666666666667,18.8,32.5,156,100.0,5,Average
70.3,53.803333333333335,34.333333333333336,65.2,13.1,106,99.3,10,At Risk
77.0,50.045,47.0,49.8,18.5,162,97.5,8,At Risk
78.1,61.13833333333333,72.0,55.6,22.3,133,100.0,8,Average
75.1,66.395,68.33333333333333,44.0,5.4,178,56.2,11,Average
79.3,77.01333333333334,84.33333333333333,28.0,20.1,159,72.30000000000001,5,High Performer
75.9,48.03,41.66666666666666,59.2,8.6,36,81.8,6,At Risk
71.4,62.223333333333336,57.0,37.6,22.4,39,100.0,9,Average
72.8,69.97166666666666,35.333333333333336,48.2,33.1,51,100.0,7,At Risk
79.3,76.215,45.0,44.6,33.3,107,100.0,8,At Risk
72.8,65.98833333333333,70.66666666666667,45.6,10.6,89,51.8,11,Average
72.9,69.72833333333334,53.0,44.0,5.4,30,26.200000000000003,14,Average
82.4,48.215,74.33333333333333,41.8,16.9,175,82.69999999999999,5,Average
74.4,67.14999999999999,45.0,24.2,20.0,69,100.0,13,At Risk
68.7,44.64666666666667,51.66666666666666,45.8,22.0,71,78.0,7,Average
65.6,75.18333333333334,78.0,46.8,5.5,44,36.5,7,Average
76.7,68.795,53.333333333333336,48.0,7.5,32,64.5,11,Average
70.7,47.56833333333333,62.333333333333336,34.2,5.2,35,35.6,7,Average
80.1,57.96,80.0,67.8,25.2,49,100.0,4,High Performer
67.2,65.38166666666666,53.66666666666666,59.2,28.9,106,100.0,5,Average
77.1,72.425,34.333333333333336,63.6,32.6,27,100.0,4,At Risk
80.0,65.21,60.0,54.2,21.0,57,87.0,4,Average
73.0,60.06,59.333333333333336,52.2,34.5,128,100.0,6,Average
81.9,60.31333333333333,61.333333333333336,52.6,11.3,37,49.900000000000006,6,Average
73.2,58.665,88.33333333333333,41.8,31.3,74,100.0,14,High Performer
78.0,66.54666666666667,78.0,25.8,19.7,40,91.1,9,Average
77.9,62.51666666666667,28.666666666666668,38.6,33.2,155,100.0,9,At Risk
75.3,61.225,73.0,21.6,17.5,111,96.5,14,Average
66.8,56.19166666666666,69.33333333333333,34.0,26.3,115,100.0,8,Average
75.2,65.43166666666667,73.0,62.2,21.1,117,81.30000000000001,9,Average
79.5,37.48833333333334,71.0,65.6,31.2,65,100.0,13,Average
64.8,66.115,57.0,61.4,26.5,110,100.0,8,Average
76.9,52.21,61.333333333333336,78.0,6.4,176,29.200000000000003,14,Average
69.5,63.586666666666666,55.0,50.8,30.2,110,100.0,7,Average
78.2,82.77499999999999,40.333333333333336,65.4,21.3,49,87.9,9,At Risk
75.0,62.74,52.66666666666666,59.4,18.0,147,78.0,2,Average
74.3,60.175,65.0,63.6,31.0,58,100.0,10,Average
76.2,53.9,43.0,44.8,24.0,147,100.0,12,At Risk
69.1,73.27666666666666,41.333333333333336,45.2,7.4,123,80.2,11,At Risk
69.0,54.33833333333333,66.0,66.6,31.8,172,100.0,3,Average
73.6,88.63666666666666,55.66666666666666,43.6,15.2,57,67.6,12,Average
71.3,61.626666666666665,67.0,55.8,10.0,119,40.0,10,Average
77.7,45.48166666666666,57.333333333333336,25.8,28.4,155,100.0,7,Average
69.5,54.69166666666666,76.0,39.6,23.8,158,100.0,8,Average
76.1,53.23333333333333,42.333333333333336,44.6,30.5,124,100.0,11,At Risk
72.3,78.935,54.66666666666666,42.0,17.9,139,81.69999999999999,4,Average
77.9,55.06833333333333,31.33333333333333,46.4,8.8,61,56.400000000000006,12,At Risk
79.7,65.17,55.333333333333336,43.8,11.1,158,69.3,13,Average
75.3,51.78,61.0,43.4,6.3,80,70.9,11,Average
76.7,43.61166666666667,40.66666666666666,43.4,23.5,95,88.5,6,At Risk
77.2,73.20166666666667,44.333333333333336,60.0,33.0,144,100.0,12,At Risk
76.7,61.065,69.33333333333333,40.6,17.1,164,63.3,9,Average
64.8,74.92,83.33333333333333,36.4,16.5,113,77.5,8,High Performer
71.2,71.07833333333333,60.333333333333336,46.8,11.7,59,77.1,2,Average
73.8,70.44166666666666,61.333333333333336,60.0,13.7,47,79.1,3,Average
75.4,61.385,54.0,54.2,29.8,72,100.0,8,Average
74.5,58.281666666666666,58.66666666666666,49.8,29.7,88,99.1,6,Average
82.3,74.58833333333332,49.0,55.0,26.0,149,100.0,13,At Risk
67.7,46.08166666666667,47.333333333333336,61.2,31.1,44,100.0,2,At Risk
77.9,61.81666666666666,24.666666666666668,54.8,11.6,95,88.8,10,At Risk
70.1,55.02666666666667,83.0,43.6,34.9,71,100.0,7,High Performer
83.4,64.35333333333334,57.0,42.0,18.2,23,92.6,4,Average
73.1,65.585,64.66666666666667,63.2,27.8,126,100.0,12,Average
70.3,62.39000000000001,50.333333333333336,37.0,7.5,114,68.5,10,Average
79.6,73.01666666666667,58.0,57.6,6.3,101,76.9,14,Average
72.0,55.855,73.66666666666667,41.0,18.0,160,88.0,2,Average
72.9,75.00333333333333,64.33333333333333,48.8,21.7,86,100.0,7,Average
78.6,64.12666666666667,86.0,48.6,30.2,132,100.0,2,High Performer
72.6,59.461666666666666,56.333333333333336,41.6,7.0,138,67.0,2,Average
70.2,55.14666666666667,44.66666666666666,29.0,6.7,58,48.1,6,At Risk
72.9,62.82833333333334,60.66666666666666,55.0,32.1,51,100.0,6,Average
75.0,76.62333333333333,74.33333333333333,32.8,28.1,158,100.0,2,Average
79.6,65.08166666666666,30.666666666666668,40.8,33.2,56,100.0,8,At Risk
68.0,58.67166666666666,76.66666666666667,10.6,22.2,34,100.0,5,Average
66.8,50.22833333333333,77.66666666666667,19.6,26.7,92,96.1,5,Average
69.2,58.22166666666666,57.333333333333336,51.0,23.7,21,81.1,5,Average
72.3,60.11666666666667,75.66666666666667,41.6,25.2,22,89.6,9,Average
68.3,62.23666666666666,69.0,34.2,21.1,29,79.30000000000001,4,Average
73.4,60.21666666666667,53.66666666666666,39.8,23.3,73,93.9,12,Average
71.4,71.465,56.333333333333336,32.0,35.0,134,100.0,11,Average
75.8,44.531666666666666,55.0,42.6,24.8,70,88.4,3,Average
82.7,83.90666666666667,54.333333333333336,31.4,23.0,73,100.0,8,Average
81.1,45.06833333333333,63.66666666666666,29.6,17.7,89,71.1,3,Average
71.3,44.445,55.66666666666666,50.0,27.4,78,100.0,9,Average
78.7,61.26833333333334,46.0,46.0,14.9,40,62.7,9,At Risk
72.5,58.35166666666667,42.0,37.4,30.0,28,100.0,4,At Risk
67.3,46.51166666666666,73.0,51.6,24.5,151,99.5,14,Average
75.4,51.03666666666667,33.333333333333336,55.8,19.2,164,100.0,14,At Risk
92.0,70.855,42.66666666666666,47.4,28.6,23,100.0,5,At Risk
82.9,62.565,73.0,30.4,15.6,88,74.8,2,Average
74.3,68.47,57.66666666666666,32.4,24.2,156,100.0,3,Average
74.5,53.885,77.0,65.0,7.5,142,60.5,4,Average
79.0,39.08833333333333,55.333333333333336,35.8,14.7,145,94.1,4,Average
81.1,43.77333333333333,40.333333333333336,42.8,34.3,64,100.0,10,At Risk
82.9,58.33833333333333,65.0,40.4,8.0,117,72.0,2,Average
75.7,71.76833333333333,63.0,26.0,28.5,62,100.0,12,Average
65.5,70.69,73.66666666666667,58.8,34.0,127,100.0,6,Average
71.1,69.15666666666667,67.0,59.0,9.2,170,61.6,13,Average
82.5,49.51333333333333,72.0,76.0,14.5,154,87.5,13,Average
78.9,60.80833333333334,64.33333333333333,60.2,19.6,151,100.0,7,Average
74.2,43.79166666666666,76.33333333333333,25.4,11.7,169,69.1,4,Average
79.4,60.09,55.66666666666666,46.0,10.3,131,74.9,11,Average
79.9,56.85833333333333,46.333333333333336,51.2,17.7,54,100.0,6,At Risk
77.0,62.42,47.0,42.4,16.2,50,78.6,6,At Risk
71.1,57.23166666666666,70.66666666666667,43.0,10.1,110,86.3,11,Average
79.9,59.59333333333333,50.0,60.0,14.4,88,99.2,9,Average
75.1,57.086666666666666,67.33333333333333,30.2,18.2,62,80.6,12,Average
80.5,63.49166666666667,65.66666666666667,41.4,20.1,143,100.0,5,Average
64.0,63.15333333333333,59.0,16.6,15.8,73,93.4,3,Average
72.8,65.11666666666666,84.33333333333333,37.6,34.3,80,100.0,7,High Performer
75.7,64.465,60.66666666666666,53.6,9.4,135,64.2,7,Average
79.2,69.95166666666667,70.0,59.2,17.9,74,99.7,12,Average
77.9,55.73166666666666,38.0,58.6,27.8,160,93.4,12,At Risk
65.4,63.84,45.66666666666666,52.8,23.9,101,100.0,3,At Risk
78.7,74.87333333333333,69.33333333333333,55.4,20.1,109,80.30000000000001,8,Average
83.6,62.65333333333333,83.0,37.6,7.7,129,43.1,3,High Performer
78.1,73.18333333333334,72.33333333333333,43.0,10.0,83,78.0,7,Average
81.2,71.47166666666666,74.33333333333333,59.2,7.5,163,60.5,9,Average
72.7,46.125,48.0,64.4,14.1,72,72.3,8,At Risk
69.2,68.395,72.33333333333333,47.8,17.7,22,100.0,4,Average
76.7,60.86000000000001,52.333333333333336,47.4,14.6,139,97.8,5,Average
77.8,67.98166666666667,65.66666666666667,41.6,20.3,50,86.9,7,Average
76.0,47.75333333333333,73.66666666666667,37.2,16.7,34,88.1,3,Average
72.3,57.575,47.0,65.0,32.2,42,100.0,11,At Risk
70.4,59.77,66.0,33.4,13.4,115,64.2,3,Average
74.4,50.51500000000001,63.0,58.4,22.7,98,100.0,9,Average
76.1,54.5,78.33333333333333,42.4,29.5,31,100.0,10,Average
77.7,52.61666666666667,61.333333333333336,44.2,16.8,110,96.4,7,Average
72.1,65.64,75.0,20.0,11.6,160,72.8,5,Average
79.6,56.9,42.66666666666666,50.4,7.2,81,79.6,14,At Risk
71.6,68.3,53.0,34.4,7.0,127,71.0,4,Average
78.3,41.778333333333336,69.0,30.8,9.6,82,66.8,5,Average
78.8,64.54666666666667,59.333333333333336,66.2,14.4,116,91.2,11,Average
76.4,63.37833333333333,77.0,60.0,33.8,111,100.0,14,Average
76.3,83.93166666666667,65.33333333333333,27.6,31.8,94,100.0,2,Average
76.3,85.28166666666667,78.33333333333333,40.6,30.2,62,100.0,8,Average
67.2,59.48499999999999,53.66666666666666,56.0,31.2,71,100.0,14,Average
70.9,60.77333333333333,69.0,76.4,23.9,60,85.69999999999999,2,Average
73.4,70.21,67.66666666666667,37.0,14.5,105,93.5,11,Average
69.3,64.16,56.0,58.8,33.5,140,100.0,7,Average
72.8,57.656666666666666,70.66666666666667,31.6,18.3,38,72.9,11,Average
82.5,45.24666666666667,58.66666666666666,20.8,26.9,128,100.0,4,Average
80.4,60.29166666666666,59.66666666666666,25.8,20.5,115,91.5,11,Average
61.7,45.26,60.0,65.6,15.1,41,63.3,2,Average
77.2,55.81166666666667,73.0,39.0,30.0,177,100.0,6,Average
80.0,57.23833333333334,61.0,51.4,34.5,119,100.0,12,Average
77.1,49.70666666666667,60.333333333333336,46.2,30.1,126,100.0,12,Average
85.8,51.185,82.66666666666667,50.2,21.1,131,77.30000000000001,6,High Performer
73.7,46.21833333333333,64.0,72.2,26.4,107,100.0,14,Average
78.1,63.0,79.66666666666667,68.4,31.4,174,100.0,14,Average
74.2,52.806666666666665,49.0,33.4,7.9,80,59.7,3,At Risk
77.1,51.60166666666667,41.333333333333336,31.4,14.3,67,68.9,12,At Risk
77.5,43.48666666666667,76.33333333333333,58.0,24.6,30,100.0,3,Average
71.8,50.455000000000005,34.0,27.0,12.6,50,59.8,4,At Risk
82.7,69.085,47.333333333333336,27.6,5.9,160,59.7,3,At Risk
64.8,58.61833333333334,47.0,56.6,15.1,155,77.3,3,At Risk
68.3,56.48166666666666,80.66666666666667,49.4,22.4,129,83.19999999999999,2,High Performer
76.8,75.58166666666666,75.0,30.6,31.5,138,100.0,8,Average
73.2,72.57,32.333333333333336,36.6,27.5,115,100.0,7,At Risk
79.5,71.36666666666667,80.33333333333333,51.0,19.9,94,97.7,12,High Performer
77.8,56.76,64.0,55.2,21.9,121,100.0,11,Average
83.5,53.583333333333336,59.66666666666666,33.8,32.1,109,100.0,11,Average
72.8,67.51,63.333333333333336,54.6,27.8,25,100.0,11,Average
80.6,56.01833333333334,60.333333333333336,26.4,22.2,57,100.0,7,Average
71.4,62.38833333333334,45.333333333333336,50.0,25.7,174,100.0,10,At Risk
73.3,68.01166666666667,64.0,41.0,8.1,116,60.3,4,Average
65.0,81.56,71.33333333333333,41.8,18.6,100,95.8,6,Average
76.4,61.48500000000001,26.33333333333333,70.2,19.5,45,100.0,2,At Risk
74.8,59.845,59.0,56.6,14.4,149,83.2,10,Average
79.5,57.56,69.33333333333333,66.4,12.8,34,94.4,6,Average
75.1,52.54333333333333,67.33333333333333,52.0,24.4,40,100.0,6,Average
76.8,69.09166666666667,48.333333333333336,33.4,34.6,20,100.0,10,At Risk
67.7,71.05,57.66666666666666,30.4,20.4,106,100.0,4,Average
74.2,64.84666666666666,62.66666666666666,38.8,34.6,33,100.0,3,Average
72.9,75.30833333333334,55.0,50.4,23.1,145,100.0,12,Average
78.5,61.335,65.0,71.6,28.6,150,100.0,11,Average
76.6,71.91833333333334,42.333333333333336,43.6,6.0,104,72.0,3,At Risk
75.3,59.715,80.66666666666667,35.4,6.1,168,68.3,9,High Performer
71.0,69.37166666666667,63.66666666666666,51.0,17.2,69,100.0,6,Average
80.3,63.90833333333333,37.0,42.6,33.7,157,100.0,10,At Risk
74.1,68.64833333333333,49.333333333333336,38.0,28.8,146,100.0,14,At Risk
66.7,60.153333333333336,50.333333333333336,64.0,34.4,76,100.0,2,Average
65.0,47.56,56.66666666666666,26.0,25.6,26,90.8,14,Average
76.0,55.35833333333333,73.0,71.0,9.0,83,83.0,7,Average
75.5,53.086666666666666,81.33333333333333,50.2,15.7,129,63.1,14,High Performer
72.0,75.37,58.333333333333336,43.2,28.4,71,100.0,14,Average
74.6,72.455,26.0,42.8,21.6,48,100.0,2,At Risk
70.6,49.41333333333333,70.33333333333333,46.2,6.6,30,57.8,9,Average
76.4,49.79333333333333,55.0,26.8,28.9,178,100.0,3,Average
74.7,47.785,67.66666666666667,34.8,8.4,55,63.2,14,Average
72.0,52.51333333333333,53.333333333333336,35.0,15.8,165,100.0,8,Average
70.8,60.295,58.0,45.2,19.0,90,83.0,7,Average
74.5,60.26166666666666,65.33333333333333,56.0,28.3,24,100.0,14,Average
82.3,68.26666666666667,56.66666666666666,38.4,23.2,99,100.0,14,Average
72.2,51.00333333333333,65.33333333333333,41.6,28.4,21,100.0,14,Average
64.6,54.78,70.33333333333333,46.2,33.0,86,100.0,5,Average
73.1,68.27833333333334,38.66666666666666,55.8,19.8,22,100.0,8,At Risk
74.0,55.925,51.0,41.8,19.1,80,67.30000000000001,6,Average
77.4,60.48,62.333333333333336,60.2,33.4,129,100.0,11,Average
75.4,68.71833333333333,68.0,23.6,30.3,49,100.0,2,Average
77.3,55.958333333333336,87.33333333333333,32.6,28.2,70,100.0,12,High Performer
81.9,56.083333333333336,72.66666666666667,51.6,11.2,24,87.6,10,Average
74.3,76.835,81.0,54.2,25.1,24,100.0,10,High Performer
74.0,57.071666666666665,56.66666666666666,39.0,9.3,143,77.9,3,Average
77.9,53.57333333333333,66.33333333333333,43.6,9.1,22,55.3,3,Average
66.1,49.465,60.333333333333336,36.0,21.5,44,76.5,6,Average
75.8,48.9,59.66666666666666,37.0,33.6,62,100.0,5,Average
70.5,61.25,56.66666666666666,35.6,26.1,149,100.0,6,Average
76.6,63.90833333333333,47.0,34.4,9.4,57,54.2,6,At Risk
68.4,68.97833333333334,66.33333333333333,49.4,14.8,144,100.0,5,Average
74.4,45.01333333333333,28.0,34.6,21.6,111,100.0,12,At Risk
82.3,73.82666666666667,58.0,31.0,27.2,43,99.6,5,Average
69.5,57.84833333333333,46.0,38.4,33.3,161,100.0,2,At Risk
70.1,60.81333333333333,73.33333333333333,47.2,26.6,32,100.0,14,Average
71.4,71.45,73.33333333333333,35.4,21.2,22,93.6,4,Average
76.0,64.98333333333333,71.33333333333333,36.2,11.9,47,87.7,14,Average
76.9,66.385,60.0,47.0,23.4,167,82.19999999999999,7,Average
77.2,74.41666666666667,86.0,43.8,19.4,149,100.0,9,High Performer
76.3,61.88833333333333,51.333333333333336,62.8,23.9,118,100.0,14,Average
75.7,69.55,51.0,51.6,18.5,80,87.5,10,Average
75.5,67.57000000000001,56.333333333333336,60.6,17.4,31,68.19999999999999,10,Average
73.7,61.126666666666665,62.333333333333336,46.6,7.4,144,80.2,11,Average
70.0,62.045,73.0,44.0,22.1,96,100.0,2,Average
71.8,65.95166666666667,70.33333333333333,60.4,25.2,174,100.0,2,Average
77.4,58.95166666666668,58.0,68.8,28.2,100,100.0,4,Average
72.3,57.03833333333333,40.66666666666666,27.6,30.1,112,100.0,11,At Risk
83.2,64.87166666666667,80.33333333333333,57.8,10.2,162,88.6,14,High Performer
68.0,53.20666666666667,74.0,40.8,20.8,64,72.4,11,Average
78.2,77.62166666666667,48.0,45.6,28.9,55,100.0,2,At Risk
79.5,62.833333333333336,53.66666666666666,58.0,11.3,40,45.900000000000006,13,Average
67.9,63.46,69.0,56.2,24.0,35,96.0,9,Average
71.2,60.145,86.66666666666667,37.4,28.6,129,100.0,11,High Performer
84.6,62.903333333333336,67.33333333333333,40.8,11.4,107,64.2,3,Average
74.0,59.57333333333333,66.66666666666667,43.8,32.6,167,100.0,6,Average
69.0,57.725,61.0,49.0,23.6,128,100.0,3,Average
79.1,59.815,65.0,44.2,24.6,167,87.80000000000001,12,Average
78.9,61.76,65.66666666666667,41.8,16.3,141,58.900000000000006,3,Average
76.8,56.975,56.0,10.4,28.5,31,100.0,2,Average
73.7,54.81666666666666,80.0,31.2,18.6,78,95.8,7,High Performer
70.5,65.25666666666667,57.66666666666666,19.6,19.7,134,97.1,11,Average
71.3,46.48166666666666,64.33333333333333,48.8,12.3,44,70.9,7,Average
70.8,62.028333333333336,65.66666666666667,49.2,19.0,62,85.0,9,Average
75.9,74.31,61.66666666666666,46.2,23.4,161,92.2,6,Average
71.3,56.81333333333333,60.66666666666666,30.0,20.3,174,100.0,14,Average
83.5,55.59666666666666,89.66666666666667,57.8,26.9,79,100.0,9,High Performer
77.6,57.945,66.66666666666667,50.2,24.1,141,100.0,6,Average
82.1,44.44833333333333,36.66666666666666,49.8,25.0,174,100.0,5,At Risk
80.2,57.18000000000001,65.0,51.8,34.8,47,100.0,8,Average
68.7,83.05,75.0,32.8,31.7,123,100.0,4,Average
76.7,59.85666666666666,61.66666666666666,31.6,17.8,139,73.4,14,Average
72.2,43.99666666666667,63.0,19.2,21.1,176,89.30000000000001,13,Average
75.0,60.48,73.0,60.6,16.4,103,100.0,6,Average
67.5,53.49333333333334,61.66666666666666,50.0,18.5,95,89.5,2,Average
72.6,63.37833333333333,53.66666666666666,47.8,13.4,156,52.2,7,Average
74.4,65.53833333333334,78.66666666666667,31.8,19.7,173,100.0,3,Average
80.2,63.14333333333334,29.666666666666668,27.6,8.1,126,60.3,13,At Risk
60.7,51.205000000000005,59.66666666666666,43.4,33.6,88,100.0,6,Average
74.6,69.25166666666667,56.66666666666666,42.0,30.4,39,100.0,10,Average
63.0,60.74666666666667,56.66666666666666,48.4,11.5,44,62.5,9,Average
63.3,43.955000000000005,76.33333333333333,56.4,16.8,64,100.0,8,Average
71.5,70.815,79.33333333333333,29.0,14.4,167,89.2,3,Average
69.6,59.53666666666666,70.33333333333333,38.6,28.2,67,100.0,5,Average
76.0,74.35166666666667,64.66666666666667,53.6,5.9,167,47.7,7,Average
73.8,65.075,90.66666666666669,30.6,23.0,118,85.0,14,High Performer
85.9,59.88833333333333,77.33333333333333,24.2,31.4,169,100.0,8,Average
79.4,68.07666666666667,66.33333333333333,24.8,34.2,174,100.0,9,Average
77.9,54.555,41.66666666666666,41.6,10.6,166,61.8,10,At Risk
78.0,60.83166666666667,62.333333333333336,68.8,20.4,81,87.19999999999999,7,Average
73.6,74.88333333333334,71.0,55.2,12.1,168,94.3,14,Average
87.0,53.685,65.33333333333333,29.4,25.6,134,100.0,4,Average
78.8,55.64833333333333,81.33333333333333,31.6,9.2,61,87.6,8,High Performer
71.4,52.795,65.33333333333333,54.0,31.7,152,100.0,2,Average
71.1,52.281666666666666,56.333333333333336,50.8,15.9,176,93.7,14,Average
72.3,50.60833333333333,49.0,51.8,13.9,155,81.7,10,At Risk
76.7,64.19500000000001,50.333333333333336,68.6,32.2,145,100.0,9,Average
82.7,60.635,51.333333333333336,46.8,33.6,46,100.0,13,Average
69.0,60.39000000000001,46.0,57.2,29.1,138,100.0,12,At Risk
81.5,53.531666666666666,52.0,31.8,23.8,109,97.4,13,Average
77.4,63.89666666666667,43.333333333333336,56.0,27.7,87,100.0,6,At Risk
77.5,45.385,54.66666666666666,34.6,7.3,20,37.9,9,Average
75.7,60.68666666666667,58.0,45.4,14.8,164,76.4,2,Average
78.2,72.38333333333334,35.666666666666664,60.6,8.4,172,43.2,12,At Risk
78.1,48.580000000000005,54.333333333333336,54.6,24.0,144,94.0,8,Average
77.7,67.95666666666666,77.33333333333333,42.0,5.1,125,51.3,5,Average
79.3,55.4,59.0,65.4,22.4,81,100.0,6,Average
70.8,74.46,61.66666666666666,34.0,22.2,58,88.6,7,Average
65.4,57.38666666666666,48.0,32.8,19.1,68,100.0,5,At Risk
78.7,50.73666666666667,45.0,34.8,10.8,166,72.4,9,At Risk
68.6,61.31333333333333,81.0,54.8,18.3,34,98.9,13,High Performer
71.7,55.475,58.333333333333336,40.6,21.1,143,73.30000000000001,3,Average
79.2,50.46333333333333,52.333333333333336,58.0,10.1,37,44.3,14,Average
75.5,50.45666666666667,47.66666666666666,24.8,13.5,45,78.5,3,At Risk
74.2,61.305,57.333333333333336,13.6,14.6,171,61.8,6,Average
69.5,50.43333333333334,69.33333333333333,43.6,23.0,98,100.0,13,Average
78.5,74.74333333333334,43.66666666666666,63.2,30.6,85,100.0,6,At Risk
81.7,71.70333333333333,62.333333333333336,56.0,11.6,51,82.8,8,Average
62.0,59.10666666666666,76.33333333333333,42.6,12.1,168,88.3,13,Average
78.9,60.63,57.0,27.6,29.9,143,100.0,9,Average
74.9,61.88666666666666,35.666666666666664,41.2,29.8,25,100.0,10,At Risk
76.8,53.70666666666667,66.33333333333333,66.0,17.2,155,100.0,3,Average
76.7,52.23833333333334,40.66666666666666,47.6,20.7,75,90.1,11,At Risk
79.2,46.60666666666666,49.0,39.2,22.7,82,80.1,6,At Risk
72.3,44.86000000000001,39.66666666666666,50.6,8.8,145,42.400000000000006,11,At Risk
76.2,52.94,59.66666666666666,51.2,15.7,109,100.0,12,Average
72.1,66.62666666666667,65.0,33.0,23.3,96,100.0,11,Average
80.6,65.90166666666666,71.0,64.6,20.3,57,72.9,10,Average
80.5,50.36166666666667,65.0,21.4,6.5,139,39.5,3,Average
69.6,49.41666666666666,65.66666666666667,38.4,33.3,123,100.0,7,Average
73.0,73.135,52.333333333333336,47.4,17.2,171,100.0,8,Average
71.8,74.56166666666667,52.66666666666666,25.0,22.1,152,96.3,6,Average
76.9,63.803333333333335,38.66666666666666,43.8,6.6,158,41.8,10,At Risk
69.9,72.39999999999999,37.333333333333336,46.2,23.3,37,100.0,14,At Risk
73.6,52.71,72.66666666666667,42.2,14.5,56,91.5,2,Average
78.2,51.61666666666667,54.333333333333336,57.0,21.8,142,100.0,12,Average
74.5,81.90166666666666,57.333333333333336,42.0,34.4,80,100.0,12,Average
81.0,60.93666666666667,35.666666666666664,63.8,31.5,28,100.0,12,At Risk
75.8,54.36166666666666,78.66666666666667,28.2,34.4,141,100.0,13,Average
68.7,62.44333333333333,70.0,59.8,21.4,126,96.2,14,Average
77.4,51.821666666666665,80.0,38.6,15.4,155,78.2,10,High Performer
73.0,51.49666666666667,52.66666666666666,45.2,18.5,96,85.5,10,Average
85.2,67.325,62.0,32.4,12.2,144,76.6,12,Average
77.2,49.69166666666666,35.333333333333336,68.0,26.1,127,100.0,13,At Risk
76.5,53.95,60.333333333333336,42.4,23.9,161,100.0,8,Average
78.2,80.64,62.66666666666666,42.2,5.2,146,37.6,10,Average
68.3,51.098333333333336,31.0,48.8,23.1,26,83.30000000000001,6,At Risk
77.7,51.24166666666667,42.0,56.2,24.7,93,100.0,5,At Risk
75.5,72.36333333333333,72.0,44.8,7.9,51,37.7,2,Average
78.0,46.165,57.0,34.6,30.2,99,100.0,11,Average
79.8,50.19,84.33333333333333,49.0,15.3,78,75.9,13,High Performer
75.7,65.25333333333333,66.33333333333333,40.2,31.0,154,100.0,14,Average
75.5,53.30166666666667,45.66666666666666,28.8,32.3,167,100.0,10,At Risk
79.2,46.79,63.0,66.6,19.8,166,79.4,14,Average
75.3,51.095,64.33333333333333,52.2,33.3,138,100.0,13,Average
72.6,57.875,59.0,44.2,27.8,107,100.0,13,Average
74.8,73.00833333333334,47.66666666666666,46.2,16.3,180,58.900000000000006,4,At Risk
71.4,57.723333333333336,46.0,44.6,14.7,61,74.1,8,At Risk
71.9,51.55,59.66666666666666,37.4,13.1,131,67.3,11,Average
71.6,53.778333333333336,67.66666666666667,31.2,24.6,165,100.0,2,Average
73.3,59.48333333333333,65.66666666666667,28.6,20.1,103,100.0,3,Average
78.0,65.42666666666666,73.0,62.2,16.1,56,72.30000000000001,3,Average
74.1,70.64166666666667,55.0,35.6,27.1,112,100.0,9,Average
74.5,45.27,41.66666666666666,52.8,18.9,141,90.7,8,At Risk
68.1,81.16833333333334,34.0,36.4,16.2,106,76.6,5,At Risk
75.6,70.935,49.333333333333336,46.8,32.4,56,100.0,12,At Risk
74.0,56.25,56.66666666666666,44.4,20.1,84,100.0,5,Average
70.3,39.29,69.0,45.8,31.6,28,100.0,11,Average
75.9,70.05833333333334,55.66666666666666,27.0,34.7,81,100.0,12,Average
65.7,72.91333333333334,74.66666666666667,54.8,25.9,58,100.0,5,Average
68.7,64.28666666666668,90.0,44.4,11.8,178,53.400000000000006,3,High Performer
68.6,65.85166666666667,79.33333333333333,27.2,29.8,47,100.0,12,Average
75.0,58.95666666666667,63.66666666666666,34.6,24.8,76,100.0,2,Average
70.4,51.673333333333325,80.33333333333333,53.8,11.6,166,78.8,3,High Performer
58.7,74.725,42.333333333333336,31.6,11.9,90,83.7,10,At Risk
76.0,45.48333333333333,29.666666666666668,66.8,27.5,141,100.0,6,At Risk
83.5,60.23500000000001,72.33333333333333,65.2,12.9,87,56.7,9,Average
78.2,59.403333333333336,74.33333333333333,37.8,18.5,70,100.0,14,Average
71.3,56.935,72.0,54.2,18.4,83,95.2,6,Average
73.7,45.965,65.66666666666667,23.8,34.7,54,100.0,2,Average
80.3,68.02833333333334,70.66666666666667,45.6,14.6,120,59.8,14,Average
74.7,55.958333333333336,70.0,52.2,26.7,172,100.0,3,Average
71.4,55.57833333333334,61.0,12.0,15.9,120,89.7,6,Average
71.0,68.685,77.33333333333333,57.4,18.3,49,72.9,14,Average
79.4,61.79166666666666,59.333333333333336,47.8,15.1,149,89.3,3,Average
71.2,55.45666666666667,66.33333333333333,50.8,19.7,64,95.1,12,Average
69.4,63.01333333333334,73.0,41.4,31.7,94,100.0,7,Average
77.9,45.35333333333333,74.66666666666667,61.2,8.7,109,66.1,4,Average
69.6,66.09666666666668,61.66666666666666,56.4,12.5,162,73.5,7,Average
70.7,74.165,79.33333333333333,43.4,24.6,26,100.0,3,Average
78.5,76.86333333333333,59.66666666666666,43.2,27.6,34,96.8,13,Average
80.8,70.85833333333333,52.333333333333336,27.4,33.0,25,100.0,9,Average
73.2,72.21,58.333333333333336,41.4,16.2,76,94.6,3,Average
80.0,48.715,69.66666666666667,61.4,25.5,146,100.0,6,Average
78.8,55.74333333333333,56.333333333333336,51.2,26.0,117,100.0,8,Average
78.7,60.02666666666666,60.66666666666666,37.0,17.9,111,100.0,10,Average
70.0,62.46666666666667,62.66666666666666,31.0,17.0,156,63.0,5,Average
73.2,66.79833333333333,62.0,58.6,26.5,132,100.0,7,Average
70.0,68.54166666666667,67.33333333333333,55.8,32.3,30,100.0,11,Average
73.6,56.86333333333334,61.333333333333336,50.0,33.1,55,100.0,5,Average
76.0,66.21333333333332,78.33333333333333,19.4,21.4,33,100.0,9,Average
67.8,54.70166666666666,64.33333333333333,50.8,14.5,116,75.5,3,Average
72.9,75.19666666666667,54.0,31.6,11.6,31,64.8,11,Average
75.1,75.63666666666667,71.66666666666667,28.2,25.9,88,100.0,13,Average
73.0,55.935,76.66666666666667,44.2,17.1,117,100.0,2,Average
67.9,39.59166666666667,49.333333333333336,30.4,31.1,33,100.0,12,At Risk
66.6,70.60333333333334,34.666666666666664,31.0,26.4,41,100.0,13,At Risk
80.1,77.32666666666667,67.33333333333333,23.2,28.7,65,100.0,14,Average
70.9,62.30166666666667,62.66666666666666,71.8,34.6,172,100.0,9,Average
67.6,72.69333333333334,43.0,43.8,34.6,78,100.0,7,At Risk
75.7,51.376666666666665,41.333333333333336,62.8,20.8,23,100.0,2,At Risk
76.9,58.43666666666667,71.33333333333333,51.0,29.2,123,100.0,9,Average
68.2,55.56166666666667,78.33333333333333,60.8,17.9,37,99.7,5,Average
79.0,54.085,73.66666666666667,29.8,32.8,121,100.0,8,Average
64.9,47.39333333333334,71.33333333333333,29.8,7.5,171,82.5,11,Average
78.2,66.84333333333333,72.0,45.2,5.6,89,64.8,12,Average
74.8,54.55166666666667,58.333333333333336,67.0,30.5,157,100.0,10,Average
72.4,46.27,69.66666666666667,50.2,13.3,163,53.900000000000006,6,Average
76.4,48.29666666666666,66.66666666666667,41.8,8.4,104,83.2,4,Average
83.8,52.865,53.66666666666666,44.8,20.1,104,100.0,2,Average
73.5,69.86666666666666,67.0,51.6,33.5,36,100.0,9,Average
79.2,75.22833333333334,36.66666666666666,52.0,12.8,131,90.4,12,At Risk
72.4,51.10666666666666,35.666666666666664,50.2,26.8,152,100.0,14,At Risk
79.0,51.075,35.333333333333336,41.6,8.5,40,59.5,11,At Risk
77.5,61.178333333333335,86.66666666666667,33.4,19.4,50,74.19999999999999,11,High Performer
74.6,62.57,38.0,62.0,9.4,73,82.2,6,At Risk
68.9,55.23499999999999,78.66666666666667,43.0,20.8,97,100.0,5,Average
76.4,74.74666666666667,52.66666666666666,55.4,24.0,128,100.0,2,Average
83.8,51.77,29.666666666666668,46.8,10.1,162,54.3,3,At Risk
71.4,54.961666666666666,57.66666666666666,71.0,33.5,60,100.0,11,Average
78.2,72.32333333333334,39.66666666666666,40.8,11.3,101,91.9,8,At Risk
76.8,57.21666666666667,84.66666666666667,51.8,31.6,86,100.0,14,High Performer
74.9,54.595,56.333333333333336,37.0,5.7,170,27.1,14,Average
74.7,52.998333333333335,54.0,69.0,27.1,30,100.0,8,Average
67.3,48.61666666666667,62.66666666666666,44.2,18.1,102,100.0,11,Average
77.7,69.03333333333333,64.66666666666667,56.0,34.4,108,100.0,10,Average
81.9,67.01666666666667,60.66666666666666,45.0,22.3,109,100.0,2,Average
73.9,55.30166666666667,49.333333333333336,38.8,27.5,60,92.5,8,At Risk
78.4,60.74333333333333,54.333333333333336,45.6,19.1,173,69.30000000000001,4,Average
72.3,51.52666666666666,84.0,48.2,17.5,97,82.5,4,High Performer
71.5,63.94833333333333,67.33333333333333,51.0,25.7,164,100.0,5,Average
70.5,57.16666666666666,63.0,44.0,5.7,54,63.1,6,Average
72.6,62.41166666666667,32.0,36.0,16.6,75,95.8,5,At Risk
73.3,70.21166666666666,48.66666666666666,43.4,8.9,43,36.7,6,At Risk
69.9,74.255,57.333333333333336,54.0,25.4,118,94.2,13,Average
68.2,65.69833333333334,58.333333333333336,50.2,25.5,171,100.0,6,Average
76.6,66.63333333333334,73.66666666666667,46.6,12.7,174,98.1,8,Average
69.7,72.40666666666667,89.33333333333333,38.4,15.0,40,100.0,9,High Performer
68.8,60.34833333333333,67.0,47.4,34.4,155,100.0,14,Average
84.1,63.895,57.0,36.8,26.5,80,89.5,12,Average
83.0,64.65333333333334,61.333333333333336,31.4,5.2,171,73.6,13,Average
80.0,57.38166666666667,79.33333333333333,51.0,14.8,133,90.4,9,Average
85.2,50.98500000000001,64.66666666666667,45.4,12.3,113,80.9,10,Average
73.5,78.74166666666667,46.0,68.0,16.1,173,72.30000000000001,9,At Risk
78.6,63.11666666666667,65.0,41.4,13.1,69,51.3,12,Average
78.3,73.28666666666668,53.333333333333336,29.0,7.9,138,83.7,14,Average
69.9,74.155,66.0,62.8,23.1,34,100.0,4,Average
88.2,65.745,53.333333333333336,46.0,7.6,89,50.8,10,Average
72.5,53.47833333333333,71.0,44.6,10.4,80,85.2,2,Average
70.8,51.705000000000005,50.66666666666666,27.6,7.3,111,37.9,11,Average
70.3,59.76666666666667,68.0,62.8,27.8,64,100.0,6,Average
75.5,79.69666666666667,58.333333333333336,53.0,31.9,35,100.0,11,Average
77.3,62.975,56.0,37.4,28.4,138,100.0,14,Average
73.1,52.01333333333333,76.0,63.2,11.3,168,57.900000000000006,3,Average
74.1,66.08999999999999,89.0,42.4,9.6,147,72.8,8,High Performer
72.7,70.99333333333334,79.0,53.0,14.2,115,80.6,5,Average
72.3,53.445,71.66666666666667,11.6,25.7,53,91.1,7,Average
72.5,46.43666666666667,48.66666666666666,47.4,20.2,85,100.0,7,At Risk
72.5,70.28666666666666,38.0,45.0,10.6,112,69.8,6,At Risk
77.1,42.49333333333333,72.66666666666667,46.6,20.8,175,74.4,13,Average
89.6,55.965,52.333333333333336,34.0,15.5,117,88.5,4,Average
73.3,63.13666666666666,68.66666666666667,35.2,13.0,166,93.0,14,Average
73.4,62.52166666666667,66.66666666666667,41.2,11.2,119,87.6,2,Average
70.7,54.04999999999999,67.0,62.2,11.7,85,81.1,10,Average
79.7,72.79666666666667,44.66666666666666,53.8,23.6,104,96.8,13,At Risk
78.2,60.32833333333334,46.333333333333336,75.8,31.1,145,100.0,13,At Risk
71.4,67.51333333333334,42.0,21.8,29.6,167,100.0,2,At Risk
75.1,70.14,62.0,38.4,34.8,153,100.0,7,Average
71.2,68.325,53.333333333333336,36.6,19.8,58,71.4,13,Average
75.2,79.615,48.66666666666666,29.4,12.1,131,60.3,4,At Risk
69.1,49.825,62.66666666666666,34.6,16.2,119,68.6,8,Average
81.0,44.89333333333334,74.66666666666667,26.8,7.4,84,62.2,7,Average
73.2,57.68333333333334,41.0,39.6,12.4,143,53.2,12,At Risk
70.1,66.72833333333334,72.33333333333333,42.4,25.5,167,92.5,4,Average
76.2,66.32666666666667,69.0,18.0,20.3,74,100.0,4,Average
70.6,56.315,65.0,38.0,30.1,115,100.0,14,Average
75.6,70.49,58.333333333333336,46.8,24.5,89,100.0,2,Average
84.4,51.00333333333333,69.33333333333333,53.8,24.2,51,100.0,14,Average
76.6,77.37833333333333,68.33333333333333,33.4,13.4,117,86.2,14,Average
64.9,37.068333333333335,66.0,54.8,15.0,75,69.0,9,Average
71.5,54.803333333333335,58.333333333333336,54.2,7.8,92,49.4,9,Average
72.0,51.848333333333336,86.33333333333333,65.6,5.2,68,59.6,13,High Performer
73.1,53.555,53.66666666666666,45.4,32.0,82,100.0,5,Average
73.3,48.836666666666666,70.0,29.6,29.4,55,100.0,9,Average
70.2,49.09333333333333,52.66666666666666,21.0,15.3,70,95.9,5,Average
88.3,59.99166666666667,43.66666666666666,39.6,6.6,116,73.8,14,At Risk
72.8,52.90833333333333,65.66666666666667,49.2,11.4,88,82.2,2,Average
76.1,81.405,83.33333333333333,60.8,5.2,142,25.6,11,High Performer
77.5,67.78166666666667,56.333333333333336,48.8,9.9,100,43.7,5,Average
75.5,47.48166666666666,74.33333333333333,29.2,29.4,163,100.0,7,Average
74.8,66.3,51.0,36.4,33.6,151,100.0,5,Average
77.6,61.73166666666666,86.0,35.8,8.9,155,70.7,4,High Performer
73.0,62.01166666666666,78.66666666666667,35.6,13.5,138,82.5,9,Average
76.9,73.48166666666667,55.0,42.4,10.0,97,64.0,3,Average
76.2,52.55166666666667,62.333333333333336,46.8,34.0,70,100.0,2,Average
73.2,63.333333333333336,56.333333333333336,29.0,24.7,171,98.1,7,Average
77.3,46.41166666666666,76.0,34.4,10.7,21,54.1,2,Average
77.3,74.77499999999999,54.333333333333336,37.4,28.4,96,100.0,14,Average
77.6,67.32666666666667,51.66666666666666,62.6,9.1,81,77.3,6,Average
73.5,59.505,72.33333333333333,37.2,30.0,69,100.0,8,Average
71.5,54.00666666666667,59.0,56.6,17.9,160,85.69999999999999,9,Average
78.2,49.51499999999999,68.0,50.6,24.8,110,100.0,2,Average
72.3,62.906666666666666,60.333333333333336,52.8,8.9,160,68.7,6,Average
74.0,56.92333333333334,67.33333333333333,53.4,34.5,127,100.0,2,Average
73.9,67.72,55.0,32.8,24.6,101,100.0,9,Average
78.6,58.215,73.66666666666667,65.4,19.4,93,82.19999999999999,6,Average
83.5,63.26,58.66666666666666,41.4,29.6,145,100.0,9,Average
70.5,53.545,52.333333333333336,37.2,30.2,110,100.0,3,Average
75.1,78.44833333333334,64.33333333333333,52.4,27.5,139,100.0,5,Average
77.0,61.455000000000005,57.0,62.2,24.8,140,100.0,12,Average
75.8,54.99666666666667,68.0,53.2,8.0,30,48.0,11,Average
74.4,71.46,85.33333333333333,60.2,29.1,64,100.0,6,High Performer
85.7,62.09333333333333,53.0,67.4,13.9,84,81.7,13,Average
75.9,69.89166666666667,74.66666666666667,44.4,13.3,104,77.9,6,Average
80.9,40.873333333333335,48.333333333333336,48.0,21.2,108,100.0,11,At Risk
75.8,51.22166666666667,77.0,52.4,32.8,111,100.0,12,Average
77.6,57.653333333333336,59.66666666666666,72.6,20.8,29,92.4,3,Average
76.2,60.803333333333335,53.0,29.6,32.5,52,100.0,9,Average
73.0,46.5,43.333333333333336,76.2,15.2,167,55.6,10,At Risk
70.7,79.55833333333334,60.66666666666666,35.2,25.7,99,100.0,13,Average
78.7,56.63999999999999,74.66666666666667,34.8,14.0,97,72.0,5,Average
75.1,60.156666666666666,57.66666666666666,44.0,30.1,71,100.0,2,Average
73.1,61.49,60.0,12.6,15.0,164,83.0,10,Average
73.1,54.64833333333333,74.33333333333333,24.6,18.4,180,93.2,2,Average
75.8,71.89166666666667,61.333333333333336,18.6,24.2,117,100.0,6,Average
71.1,54.923333333333325,88.0,50.0,16.5,139,73.5,5,High Performer
69.7,74.115,79.0,70.0,5.4,30,26.200000000000003,14,Average
75.7,72.75,40.0,44.0,16.6,162,87.80000000000001,10,At Risk
74.2,82.02,61.66666666666666,50.0,7.4,37,52.2,4,Average
72.1,76.75166666666667,61.66666666666666,33.2,33.3,117,100.0,11,Average
76.3,62.60333333333333,65.66666666666667,63.4,31.9,81,100.0,12,Average
74.6,51.620000000000005,57.66666666666666,48.0,15.9,36,89.7,2,Average
78.6,66.40166666666667,54.0,54.0,27.5,87,100.0,14,Average
69.2,56.705000000000005,66.0,44.4,8.4,56,57.2,7,Average
68.0,62.248333333333335,31.33333333333333,28.8,19.3,121,100.0,11,At Risk
84.8,58.81333333333333,40.333333333333336,45.6,23.3,96,91.9,14,At Risk
83.2,54.82333333333333,64.0,35.0,15.0,28,77.0,2,Average
74.4,48.74,92.33333333333331,50.2,16.1,123,96.3,5,High Performer
69.4,65.26833333333333,32.333333333333336,25.4,5.3,88,59.9,12,At Risk
85.3,63.02,50.66666666666666,56.2,17.9,158,79.69999999999999,10,Average
77.5,66.37666666666667,77.0,48.8,31.9,28,100.0,11,Average
78.5,53.53,54.333333333333336,26.4,10.7,109,68.1,7,Average
83.4,51.196666666666665,53.333333333333336,45.0,15.2,77,100.0,5,Average
69.8,49.475,73.0,33.0,9.1,53,45.3,5,Average
73.3,59.23833333333334,54.333333333333336,54.4,27.4,33,100.0,6,Average
76.9,67.54833333333333,79.33333333333333,68.0,27.6,150,100.0,14,Average
76.4,63.93333333333334,54.0,44.4,12.3,81,66.9,9,Average
73.4,61.415,54.66666666666666,16.4,16.8,125,96.4,6,Average
75.4,64.32666666666667,68.66666666666667,19.8,22.8,31,100.0,13,Average
72.4,59.51833333333334,55.66666666666666,51.0,6.5,131,69.5,7,Average
76.8,45.77833333333333,52.0,71.2,11.4,30,90.2,9,Average
75.1,61.60333333333333,33.0,53.2,26.4,121,100.0,10,At Risk
78.4,66.21,57.333333333333336,40.2,14.2,29,76.6,10,Average
73.2,60.655,76.66666666666667,31.8,5.1,146,27.3,14,Average
77.1,80.99,40.0,40.4,10.9,92,90.7,3,At Risk
71.3,67.935,60.333333333333336,56.2,22.7,37,100.0,8,Average
75.4,76.64666666666666,48.66666666666666,27.4,17.6,50,64.80000000000001,2,At Risk
71.3,58.63166666666667,46.0,52.4,18.1,156,98.3,14,At Risk
74.6,61.82333333333333,63.0,29.4,29.2,157,100.0,9,Average
72.3,54.49,73.0,53.0,5.9,41,47.7,3,Average
82.6,52.83833333333333,78.33333333333333,58.0,15.4,91,86.2,7,Average
75.6,65.01666666666667,49.0,57.8,20.3,153,70.9,5,At Risk
78.7,69.37333333333333,32.0,44.8,30.7,84,100.0,10,At Risk
75.4,65.485,77.0,51.4,26.6,81,100.0,13,Average
74.3,58.50333333333333,40.333333333333336,43.8,7.5,176,60.5,7,At Risk
67.7,67.43666666666667,77.66666666666667,32.2,21.7,49,100.0,3,Average
68.6,51.870000000000005,66.66666666666667,54.0,15.6,162,100.0,13,Average
67.2,59.53333333333333,53.0,54.6,23.9,20,100.0,12,Average
70.8,54.23166666666666,50.333333333333336,17.0,21.4,108,84.19999999999999,4,Average
73.4,54.47166666666666,57.333333333333336,39.6,24.1,20,100.0,11,Average
70.9,54.14833333333333,52.66666666666666,56.4,10.9,130,64.7,8,Average
75.2,45.053333333333335,79.0,31.6,30.0,159,100.0,13,Average
71.6,66.02333333333333,60.0,42.8,30.5,66,100.0,4,Average
76.0,70.25833333333333,58.66666666666666,28.6,34.2,132,100.0,12,Average
66.3,52.20166666666668,68.66666666666667,47.2,5.8,101,27.4,12,Average
76.0,64.22166666666666,79.33333333333333,49.2,10.6,45,41.8,9,Average
74.3,46.778333333333336,72.0,62.0,19.2,146,97.6,7,Average
76.4,53.87166666666667,75.66666666666667,26.8,12.2,167,62.6,2,Average
79.4,56.778333333333336,64.0,45.8,11.8,101,91.4,7,Average
76.0,56.678333333333335,60.0,39.4,10.2,171,44.6,6,Average
80.3,70.86166666666666,62.66666666666666,30.0,19.0,56,97.0,6,Average
71.7,66.52499999999999,73.66666666666667,33.6,8.1,93,62.3,11,Average
73.6,88.34666666666668,39.66666666666666,45.4,34.5,142,100.0,11,At Risk
68.1,59.44333333333333,62.66666666666666,47.2,27.6,146,100.0,12,Average
72.3,52.583333333333336,89.66666666666667,33.4,6.3,64,48.9,7,High Performer
78.7,69.80333333333333,74.33333333333333,55.4,32.6,71,100.0,8,Average
70.4,57.26333333333333,76.0,43.2,27.6,65,96.8,3,Average
71.7,72.61833333333333,37.333333333333336,23.4,6.7,56,40.1,9,At Risk
68.7,49.153333333333336,83.0,62.6,29.5,83,100.0,8,High Performer
72.8,70.44666666666667,56.0,20.0,24.5,46,100.0,8,Average
73.7,45.85166666666667,86.33333333333333,42.0,6.5,106,47.5,4,High Performer
77.7,75.735,53.0,48.4,12.8,127,58.400000000000006,14,Average
71.2,54.09333333333333,50.66666666666666,60.4,16.4,61,81.19999999999999,5,Average
79.9,79.635,70.66666666666667,32.0,18.6,87,87.80000000000001,2,Average
78.4,58.955000000000005,46.333333333333336,54.6,11.2,125,67.6,3,At Risk
75.8,53.18666666666667,54.0,23.0,24.1,21,100.0,7,Average
82.2,67.11,54.333333333333336,34.4,33.5,152,100.0,9,Average
71.6,69.94833333333334,45.333333333333336,38.6,25.8,85,95.4,4,At Risk
69.9,65.89166666666667,44.66666666666666,60.0,21.7,104,79.1,7,At Risk
70.1,72.13166666666667,50.333333333333336,56.0,15.9,128,89.7,9,Average
68.6,53.321666666666665,49.0,52.4,17.6,136,66.80000000000001,9,At Risk
68.2,79.5,73.66666666666667,33.2,20.1,150,88.30000000000001,13,Average
77.2,69.02333333333333,62.0,44.6,29.3,83,99.9,7,Average
77.5,46.89666666666667,89.66666666666667,52.8,33.6,51,100.0,2,High Performer
74.2,61.48333333333333,73.33333333333333,37.0,5.3,46,53.9,4,Average
76.6,60.370000000000005,63.333333333333336,37.4,30.2,36,100.0,7,Average
85.9,61.38666666666666,42.333333333333336,57.0,14.7,97,96.1,13,At Risk
74.7,74.36666666666666,66.0,39.4,13.5,49,100.0,4,Average
74.6,56.855,83.66666666666667,26.0,10.7,159,76.1,11,High Performer
79.4,66.49166666666666,69.33333333333333,39.8,26.6,131,100.0,13,Average
72.9,64.02666666666666,59.0,37.8,26.0,59,100.0,7,Average
64.5,74.42,53.66666666666666,28.0,15.8,108,95.4,6,Average
80.7,72.44333333333333,58.66666666666666,24.0,30.6,136,100.0,4,Average
74.3,69.30833333333334,55.333333333333336,66.8,23.6,119,100.0,11,Average
72.4,63.51833333333334,54.333333333333336,63.0,14.1,116,68.3,14,Average
75.7,58.1,43.0,54.4,24.4,154,100.0,6,At Risk
70.2,40.90833333333333,55.333333333333336,38.2,22.3,144,82.9,5,Average
72.4,39.30166666666667,81.66666666666667,35.8,11.1,48,69.3,14,High Performer
68.3,65.07166666666667,61.333333333333336,27.6,31.9,26,100.0,3,Average
75.2,56.09333333333333,67.33333333333333,47.0,10.9,42,54.7,8,Average
76.2,74.09333333333333,68.66666666666667,36.6,29.3,134,100.0,12,Average
71.5,83.79,73.66666666666667,44.6,9.9,147,83.7,13,Average
73.6,58.88666666666666,86.66666666666667,36.0,14.5,113,57.5,14,High Performer
71.9,57.97166666666667,72.66666666666667,27.8,13.9,156,87.7,10,Average
69.7,65.47666666666667,48.0,7.8,14.4,79,73.2,12,At Risk
77.9,58.81,60.66666666666666,44.0,26.3,155,100.0,9,Average
74.0,65.92833333333333,84.33333333333333,31.8,6.2,89,46.6,11,High Performer
78.0,64.03,51.333333333333336,29.6,24.3,80,96.9,12,Average
73.0,60.36166666666667,67.66666666666667,50.0,13.9,87,53.7,7,Average
73.0,49.075,41.0,37.2,6.7,83,76.1,7,At Risk
80.5,57.225,46.333333333333336,44.8,33.9,135,100.0,7,At Risk
76.7,54.55666666666667,52.0,31.2,20.0,137,100.0,12,Average
73.2,46.93333333333334,72.66666666666667,56.2,33.2,144,100.0,6,Average
75.1,56.031666666666666,42.0,56.0,7.0,94,71.0,3,At Risk
69.3,58.59666666666667,66.66666666666667,46.8,6.5,132,37.5,2,Average
75.9,70.255,47.66666666666666,37.6,22.9,138,78.69999999999999,5,At Risk
76.6,44.705000000000005,77.0,70.2,22.2,106,100.0,7,Average
79.5,62.71,64.0,61.6,10.1,98,46.3,5,Average
70.2,62.928333333333335,69.0,30.0,31.0,146,100.0,11,Average
79.7,70.86166666666666,40.66666666666666,33.4,29.4,140,100.0,14,At Risk
76.3,74.67833333333333,37.333333333333336,72.6,28.1,50,100.0,6,At Risk
63.2,68.63833333333334,72.0,44.8,26.1,99,100.0,4,Average
73.6,62.33833333333333,27.33333333333333,24.8,11.1,122,59.3,13,At Risk
81.7,52.77166666666667,43.333333333333336,43.0,11.1,25,69.3,4,At Risk
76.2,54.43833333333333,59.66666666666666,36.8,25.7,129,100.0,11,Average
71.1,71.00833333333334,53.333333333333336,45.6,13.4,73,66.2,2,Average
74.2,55.906666666666666,67.33333333333333,37.6,9.3,115,81.9,10,Average
76.7,66.46333333333332,44.66666666666666,35.4,25.7,164,99.1,13,At Risk
65.2,61.03,56.333333333333336,27.4,9.8,161,77.4,7,Average
76.5,54.49,72.0,65.2,16.6,180,75.80000000000001,3,Average
77.3,60.07333333333333,69.0,49.6,16.9,107,68.69999999999999,3,Average
75.3,44.445,80.66666666666667,49.0,5.9,48,35.7,11,High Performer
77.5,64.505,56.333333333333336,45.0,7.0,144,63.0,12,Average
81.6,69.36,77.33333333333333,44.2,13.3,64,69.9,11,Average
71.7,56.23166666666666,70.33333333333333,38.6,31.0,92,100.0,7,Average
80.0,45.35,78.66666666666667,58.0,16.0,104,100.0,12,Average
76.8,51.711666666666666,48.333333333333336,27.4,14.8,49,80.4,8,At Risk
77.0,64.905,76.0,49.2,31.8,41,100.0,10,Average
72.3,63.63666666666666,65.0,43.4,17.6,121,100.0,3,Average
68.7,65.655,66.66666666666667,30.4,14.5,146,75.5,13,Average
73.6,57.56,68.33333333333333,48.2,21.9,142,99.7,5,Average
77.2,57.30833333333334,67.33333333333333,42.8,11.4,63,68.2,8,Average
77.5,55.51666666666667,66.0,30.0,6.0,154,68.0,13,Average
70.9,62.35833333333333,58.0,65.0,8.0,138,56.0,11,Average
84.7,57.50333333333333,59.0,40.0,7.0,21,31.0,5,Average
76.0,42.031666666666666,36.333333333333336,49.2,29.4,58,100.0,4,At Risk
83.7,57.23499999999999,48.66666666666666,49.0,14.7,26,84.1,2,At Risk
76.7,61.345,67.66666666666667,41.0,5.9,76,31.700000000000003,6,Average
74.5,71.495,68.33333333333333,58.8,27.2,160,100.0,3,Average
75.3,55.255,74.0,30.6,8.9,96,68.7,8,Average
70.0,66.75333333333333,56.0,40.4,26.1,150,100.0,14,Average
78.6,64.84166666666667,64.0,23.6,29.2,162,100.0,14,Average
71.9,68.50666666666666,65.33333333333333,75.6,22.9,157,88.69999999999999,10,Average
71.2,63.10999999999999,66.66666666666667,76.8,14.0,63,66.0,5,Average
78.6,61.97166666666666,67.66666666666667,71.4,6.8,106,36.4,5,Average
80.9,63.27666666666667,76.66666666666667,43.8,9.1,70,83.3,10,Average
78.8,73.50666666666667,47.66666666666666,31.4,9.5,46,52.5,13,At Risk
82.1,55.03833333333333,59.333333333333336,47.0,5.8,123,63.4,9,Average
76.5,79.81,65.66666666666667,57.6,24.8,140,100.0,11,Average
77.1,77.79166666666667,33.666666666666664,52.8,9.8,139,77.4,10,At Risk
74.7,45.26666666666667,63.66666666666666,36.6,6.1,125,76.3,5,Average
72.3,74.735,35.333333333333336,14.0,14.2,117,88.6,6,At Risk
76.4,47.208333333333336,37.333333333333336,59.4,8.8,79,52.400000000000006,7,At Risk
76.1,53.94166666666666,68.33333333333333,51.2,12.0,73,62.0,8,Average
69.8,58.065,36.0,48.8,26.6,22,100.0,5,At Risk
81.7,64.57666666666667,60.66666666666666,60.0,23.3,126,99.9,12,Average
68.0,74.82666666666667,80.33333333333333,60.8,21.3,174,81.9,12,High Performer
71.9,81.875,60.66666666666666,38.8,23.1,178,100.0,11,Average
69.3,65.77833333333334,67.0,56.2,24.2,111,100.0,8,Average
78.1,54.696666666666665,50.333333333333336,38.8,10.6,128,53.8,7,Average
79.2,68.22166666666666,63.333333333333336,58.4,16.1,43,100.0,7,Average
74.6,67.62166666666667,52.0,49.0,11.3,97,65.9,14,Average
71.7,68.25666666666667,67.66666666666667,61.0,10.4,89,71.2,11,Average
62.7,72.25166666666667,73.66666666666667,54.8,8.1,154,52.3,2,Average
73.2,34.25666666666667,67.0,19.6,26.5,79,100.0,11,Average
73.2,75.88666666666667,37.333333333333336,52.0,17.7,42,100.0,10,At Risk
73.9,82.605,85.66666666666667,62.8,8.5,174,75.5,13,High Performer
82.0,49.56666666666666,68.0,58.8,11.2,151,75.6,3,Average
79.0,52.53,35.666666666666664,55.4,26.4,36,91.2,2,At Risk
68.7,73.26,93.0,72.6,28.8,43,100.0,10,High Performer
74.7,72.50666666666667,73.0,45.4,17.0,180,100.0,5,Average
76.1,65.81166666666667,56.66666666666666,17.2,28.6,98,100.0,5,Average
78.2,56.75333333333333,36.333333333333336,36.2,30.6,39,100.0,4,At Risk
69.3,74.47666666666667,64.0,23.8,25.6,29,100.0,13,Average
74.8,62.00666666666667,27.0,51.6,27.1,156,100.0,14,At Risk
79.7,56.77666666666666,60.333333333333336,55.0,28.3,143,100.0,3,Average
77.7,56.345,74.33333333333333,59.4,14.1,96,74.3,10,Average
74.3,49.025000000000006,43.66666666666666,31.6,7.2,114,77.6,7,At Risk
71.3,64.84666666666666,44.0,34.4,24.2,88,100.0,5,At Risk
70.3,62.465,60.333333333333336,40.0,12.2,52,60.6,2,Average
66.8,57.62166666666667,48.66666666666666,63.8,26.6,178,91.8,14,At Risk
70.2,52.73,64.66666666666667,22.4,8.3,89,38.900000000000006,13,Average
71.0,61.98499999999999,43.0,30.0,23.8,20,87.4,6,At Risk
76.5,60.153333333333336,68.0,34.6,12.1,168,86.3,10,Average
82.0,64.49499999999999,49.333333333333336,53.6,34.8,130,100.0,4,At Risk
73.5,54.60999999999999,34.0,35.6,24.8,159,100.0,12,At Risk
81.3,55.56333333333333,54.0,35.6,27.0,72,100.0,8,Average
74.0,50.56666666666666,70.66666666666667,52.4,17.6,146,76.80000000000001,4,Average
74.8,58.08166666666667,67.66666666666667,52.2,9.9,78,61.7,3,Average
68.9,67.265,68.33333333333333,53.8,32.0,72,100.0,7,Average
67.0,78.30166666666666,62.333333333333336,28.2,6.8,166,40.4,7,Average
74.5,59.435,88.33333333333333,23.2,24.2,96,100.0,2,High Performer
70.7,66.405,59.333333333333336,56.8,11.8,147,77.4,13,Average
72.3,66.83166666666666,74.66666666666667,45.2,16.4,127,61.2,8,Average
78.6,68.55166666666666,57.333333333333336,49.6,18.0,113,100.0,11,Average
74.3,62.86166666666666,74.66666666666667,50.0,13.0,121,85.0,14,Average
74.6,67.53833333333334,83.0,72.4,29.0,69,100.0,2,High Performer
75.0,58.56833333333333,46.0,55.4,15.2,148,61.6,3,At Risk
82.4,78.18333333333334,66.0,31.0,33.9,40,100.0,3,Average
76.0,44.26166666666666,36.0,44.8,14.0,96,86.0,6,At Risk
67.4,60.61833333333333,65.66666666666667,45.2,23.7,118,100.0,8,Average
73.5,51.89333333333334,46.0,54.4,14.9,76,98.7,13,At Risk
71.4,50.748333333333335,50.66666666666666,25.0,11.6,68,80.8,13,Average
70.2,67.12833333333333,45.0,38.4,27.0,139,100.0,10,At Risk
80.2,61.13666666666666,70.0,45.4,19.1,28,71.30000000000001,8,Average
74.3,73.08999999999999,83.0,61.4,9.4,52,84.2,14,High Performer
71.8,49.958333333333336,50.66666666666666,32.6,18.4,73,83.19999999999999,3,Average
81.7,56.93333333333334,54.333333333333336,63.0,32.0,63,100.0,12,Average
66.6,59.703333333333326,51.333333333333336,57.4,8.8,37,74.4,2,Average
74.5,47.60666666666666,40.66666666666666,34.0,18.4,110,75.19999999999999,14,At Risk
70.8,86.22333333333334,38.66666666666666,43.0,10.9,60,90.7,7,At Risk
64.1,46.68,55.333333333333336,54.2,25.0,95,89.0,11,Average
85.5,57.35999999999999,80.0,46.2,13.4,107,64.2,6,High Performer
73.8,64.96166666666666,54.0,35.6,28.3,139,100.0,9,Average
71.8,61.946666666666665,82.33333333333333,38.4,22.8,115,100.0,10,High Performer
75.8,71.88,68.0,43.8,33.2,51,100.0,14,Average
73.3,60.66,64.33333333333333,48.4,10.7,45,76.1,7,Average
72.4,61.705000000000005,60.0,35.8,16.5,119,100.0,8,Average
77.7,71.395,83.33333333333333,59.4,10.6,96,59.8,3,High Performer
71.2,56.16333333333333,79.0,54.0,10.0,63,58.0,14,Average
75.1,54.60333333333333,32.666666666666664,55.2,26.2,36,100.0,13,At Risk
80.4,46.97666666666667,59.0,35.0,15.2,105,100.0,8,Average
73.8,68.10166666666667,42.0,49.2,5.9,130,31.700000000000003,4,At Risk
71.1,66.75166666666667,44.66666666666666,39.2,14.9,64,78.7,5,At Risk
82.7,54.175,49.333333333333336,37.8,7.7,88,55.1,9,At Risk
69.1,59.805,35.666666666666664,70.6,13.1,59,83.3,12,At Risk
73.0,48.086666666666666,54.0,41.0,33.8,87,100.0,2,Average
75.9,55.555,80.66666666666667,39.0,16.2,29,72.6,8,High Performer
69.2,50.87833333333333,64.0,38.4,20.8,171,100.0,13,Average
68.4,49.68833333333333,60.333333333333336,69.8,7.2,176,35.6,13,Average
77.1,41.13166666666667,43.66666666666666,39.4,21.0,116,93.0,8,At Risk
67.2,59.93,67.0,30.2,14.1,180,100.0,13,Average
81.7,62.455000000000005,54.0,42.0,7.9,114,83.7,8,Average
71.0,75.64666666666666,64.33333333333333,41.0,31.4,20,100.0,6,Average
74.4,45.775,59.66666666666666,49.6,7.2,164,63.6,3,Average
78.4,79.47166666666666,50.0,57.0,18.1,153,100.0,14,Average
74.3,64.505,72.0,16.0,16.8,32,68.4,9,Average
77.9,46.72833333333333,41.333333333333336,36.4,18.0,127,100.0,4,At Risk
76.9,67.73666666666666,47.333333333333336,36.2,10.0,130,52.0,13,At Risk
79.1,52.99333333333333,59.0,44.8,31.0,31,100.0,4,Average
81.0,63.94499999999999,74.66666666666667,50.6,18.2,123,66.6,7,Average
78.7,50.51333333333333,53.333333333333336,46.8,8.0,131,40.0,11,Average
73.4,50.95333333333334,51.333333333333336,50.4,34.8,85,100.0,11,Average
74.1,54.185,64.66666666666667,48.6,7.4,136,38.2,6,Average
75.2,77.82166666666667,73.33333333333333,34.0,25.4,114,100.0,5,Average
74.9,64.91333333333334,54.333333333333336,44.0,30.9,66,100.0,7,Average
76.7,77.19500000000001,56.0,55.8,21.8,170,100.0,11,Average
77.5,70.70833333333333,68.0,62.8,7.7,129,51.1,9,Average
79.4,65.83833333333332,44.0,35.8,15.3,60,71.9,9,At Risk
76.3,70.32833333333333,40.0,26.2,13.5,172,50.5,5,At Risk
81.6,58.958333333333336,34.666666666666664,35.6,28.0,161,100.0,4,At Risk
79.7,54.498333333333335,47.333333333333336,41.6,16.4,111,61.2,14,At Risk
79.3,81.105,83.66666666666667,49.2,16.1,129,100.0,7,High Performer
76.2,51.06666666666666,70.0,52.6,22.6,37,77.80000000000001,10,Average
72.1,58.97166666666666,57.66666666666666,59.0,32.8,128,100.0,10,Average
73.9,62.18,58.333333333333336,30.8,7.0,25,37.0,2,Average
70.8,56.585,60.0,51.8,11.5,66,48.5,11,Average
66.0,61.68333333333334,49.66666666666666,51.8,34.8,62,100.0,9,At Risk
75.6,51.303333333333335,81.33333333333333,39.2,13.3,151,57.900000000000006,7,High Performer
71.6,67.40166666666666,78.66666666666667,45.4,34.7,22,100.0,11,Average
70.2,63.11333333333334,36.333333333333336,78.6,34.1,74,100.0,14,At Risk
81.6,72.88666666666667,69.0,38.6,15.4,118,82.2,7,Average
